solid OpenSCAD_Model
  facet normal -1 0 0
    outer loop
      vertex -37.4 -35.7 0
      vertex -37.4 35.7 37.4
      vertex -37.4 35.7 0
    endloop
  endfacet
  facet normal -1 -0 0
    outer loop
      vertex -37.4 35.7 37.4
      vertex -37.4 -35.7 0
      vertex -37.4 -35.7 37.4
    endloop
  endfacet
  facet normal 0 0 1
    outer loop
      vertex 29.8976 28.7108 37.4
      vertex 27.4723 27.4144 37.4
      vertex 27.6741 27.0777 37.4
    endloop
  endfacet
  facet normal 0 0 1
    outer loop
      vertex 27 29.3 37.4
      vertex 29.774 29.5439 37.4
      vertex 27.0193 29.6921 37.4
    endloop
  endfacet
  facet normal 0 0 1
    outer loop
      vertex 29.774 29.5439 37.4
      vertex 27.3045 27.7693 37.4
      vertex 27.4723 27.4144 37.4
    endloop
  endfacet
  facet normal 0 0 1
    outer loop
      vertex 29.774 29.5439 37.4
      vertex 27.1722 28.1389 37.4
      vertex 27.3045 27.7693 37.4
    endloop
  endfacet
  facet normal 0 0 1
    outer loop
      vertex 29.774 29.5439 37.4
      vertex 27.0769 28.5196 37.4
      vertex 27.1722 28.1389 37.4
    endloop
  endfacet
  facet normal 0 0 1
    outer loop
      vertex 29.774 29.5439 37.4
      vertex 27.0193 28.9079 37.4
      vertex 27.0769 28.5196 37.4
    endloop
  endfacet
  facet normal 0 0 1
    outer loop
      vertex 29.774 29.5439 37.4
      vertex 27 29.3 37.4
      vertex 27.0193 28.9079 37.4
    endloop
  endfacet
  facet normal 0 0 1
    outer loop
      vertex -29.75 29.3 37.4
      vertex -27 29.3 37.4
      vertex -27.0193 29.6921 37.4
    endloop
  endfacet
  facet normal 0 0 1
    outer loop
      vertex -27 29.3 37.4
      vertex -29.75 29.3 37.4
      vertex -27.0193 28.9079 37.4
    endloop
  endfacet
  facet normal 0 0 1
    outer loop
      vertex -27.0193 28.9079 37.4
      vertex -29.756 29.1775 37.4
      vertex -27.0769 28.5196 37.4
    endloop
  endfacet
  facet normal -0 0 1
    outer loop
      vertex -29.774 29.0561 37.4
      vertex -27.0769 28.5196 37.4
      vertex -29.756 29.1775 37.4
    endloop
  endfacet
  facet normal -0 0 1
    outer loop
      vertex -29.8038 28.9371 37.4
      vertex -27.1722 28.1389 37.4
      vertex -29.774 29.0561 37.4
    endloop
  endfacet
  facet normal -0 0 1
    outer loop
      vertex -30.0337 30.093 37.4
      vertex -27.0193 29.6921 37.4
      vertex -27.5 33.3 37.4
    endloop
  endfacet
  facet normal 0 -0 1
    outer loop
      vertex -29.756 29.4225 37.4
      vertex -27.0193 29.6921 37.4
      vertex -29.774 29.5439 37.4
    endloop
  endfacet
  facet normal 0 0 1
    outer loop
      vertex -27.6741 27.0777 37.4
      vertex -29.9607 28.6055 37.4
      vertex -27.908 26.7624 37.4
    endloop
  endfacet
  facet normal -0 0 1
    outer loop
      vertex -30.0337 28.507 37.4
      vertex -27.908 26.7624 37.4
      vertex -29.9607 28.6055 37.4
    endloop
  endfacet
  facet normal 0 0 1
    outer loop
      vertex -27.908 26.7624 37.4
      vertex -30.0337 28.507 37.4
      vertex -28.1716 26.4716 37.4
    endloop
  endfacet
  facet normal -0 0 1
    outer loop
      vertex -30.1161 28.4161 37.4
      vertex -28.1716 26.4716 37.4
      vertex -30.0337 28.507 37.4
    endloop
  endfacet
  facet normal 0 0 1
    outer loop
      vertex -28.1716 26.4716 37.4
      vertex -30.1161 28.4161 37.4
      vertex -28.4624 26.208 37.4
    endloop
  endfacet
  facet normal -0 0 1
    outer loop
      vertex -30.207 28.3337 37.4
      vertex -28.4624 26.208 37.4
      vertex -30.1161 28.4161 37.4
    endloop
  endfacet
  facet normal 0 0 1
    outer loop
      vertex -28.4624 26.208 37.4
      vertex -30.207 28.3337 37.4
      vertex -28.7777 25.9741 37.4
    endloop
  endfacet
  facet normal -0 0 1
    outer loop
      vertex -30.3055 28.2607 37.4
      vertex -28.7777 25.9741 37.4
      vertex -30.207 28.3337 37.4
    endloop
  endfacet
  facet normal 0 0 1
    outer loop
      vertex -28.7777 25.9741 37.4
      vertex -30.3055 28.2607 37.4
      vertex -29.1144 25.7723 37.4
    endloop
  endfacet
  facet normal -0 0 1
    outer loop
      vertex -30.4108 28.1976 37.4
      vertex -29.1144 25.7723 37.4
      vertex -30.3055 28.2607 37.4
    endloop
  endfacet
  facet normal 0 0 1
    outer loop
      vertex -29.1144 25.7723 37.4
      vertex -30.4108 28.1976 37.4
      vertex -29.4693 25.6045 37.4
    endloop
  endfacet
  facet normal -0 0 1
    outer loop
      vertex -30.5216 28.1451 37.4
      vertex -29.4693 25.6045 37.4
      vertex -30.4108 28.1976 37.4
    endloop
  endfacet
  facet normal 0 0 1
    outer loop
      vertex -29.4693 25.6045 37.4
      vertex -30.5216 28.1451 37.4
      vertex -29.8389 25.4722 37.4
    endloop
  endfacet
  facet normal -0 0 1
    outer loop
      vertex -30.6371 28.1038 37.4
      vertex -29.8389 25.4722 37.4
      vertex -30.5216 28.1451 37.4
    endloop
  endfacet
  facet normal 0 0 1
    outer loop
      vertex -29.8389 25.4722 37.4
      vertex -30.6371 28.1038 37.4
      vertex -30.2196 25.3769 37.4
    endloop
  endfacet
  facet normal -0 0 1
    outer loop
      vertex -30.7561 28.074 37.4
      vertex -30.2196 25.3769 37.4
      vertex -30.6371 28.1038 37.4
    endloop
  endfacet
  facet normal 0 0 1
    outer loop
      vertex -30.2196 25.3769 37.4
      vertex -30.7561 28.074 37.4
      vertex -30.6079 25.3193 37.4
    endloop
  endfacet
  facet normal -0 0 1
    outer loop
      vertex -30.8775 28.056 37.4
      vertex -30.6079 25.3193 37.4
      vertex -30.7561 28.074 37.4
    endloop
  endfacet
  facet normal -0 0 1
    outer loop
      vertex -31 28.05 37.4
      vertex -30.6079 25.3193 37.4
      vertex -30.8775 28.056 37.4
    endloop
  endfacet
  facet normal 0 0 1
    outer loop
      vertex -31 28.05 37.4
      vertex -31 25.3 37.4
      vertex -30.6079 25.3193 37.4
    endloop
  endfacet
  facet normal 0 0 1
    outer loop
      vertex -31.1225 28.056 37.4
      vertex -31 25.3 37.4
      vertex -31 28.05 37.4
    endloop
  endfacet
  facet normal 0 0 1
    outer loop
      vertex -31.3921 25.3193 37.4
      vertex -31.1225 28.056 37.4
      vertex -31.2439 28.074 37.4
    endloop
  endfacet
  facet normal 0 0 1
    outer loop
      vertex -31.3921 25.3193 37.4
      vertex -31.2439 28.074 37.4
      vertex -31.3629 28.1038 37.4
    endloop
  endfacet
  facet normal 0 0 1
    outer loop
      vertex -31.1225 28.056 37.4
      vertex -31.3921 25.3193 37.4
      vertex -31 25.3 37.4
    endloop
  endfacet
  facet normal 0 0 1
    outer loop
      vertex -31.4784 28.1451 37.4
      vertex -31.3921 25.3193 37.4
      vertex -31.3629 28.1038 37.4
    endloop
  endfacet
  facet normal 0 0 1
    outer loop
      vertex -31.5892 28.1976 37.4
      vertex -31.3921 25.3193 37.4
      vertex -31.4784 28.1451 37.4
    endloop
  endfacet
  facet normal 0 0 1
    outer loop
      vertex -31.6945 28.2607 37.4
      vertex -31.3921 25.3193 37.4
      vertex -31.5892 28.1976 37.4
    endloop
  endfacet
  facet normal 0 0 1
    outer loop
      vertex -31.793 28.3337 37.4
      vertex -31.3921 25.3193 37.4
      vertex -31.6945 28.2607 37.4
    endloop
  endfacet
  facet normal 0 0 1
    outer loop
      vertex -35 25.8 37.4
      vertex -31.793 28.3337 37.4
      vertex -31.8839 28.4161 37.4
    endloop
  endfacet
  facet normal 0 0 1
    outer loop
      vertex -35 25.8 37.4
      vertex -31.8839 28.4161 37.4
      vertex -31.9663 28.507 37.4
    endloop
  endfacet
  facet normal 0 0 1
    outer loop
      vertex -35 25.8 37.4
      vertex -31.9663 28.507 37.4
      vertex -32.0393 28.6055 37.4
    endloop
  endfacet
  facet normal 0 0 1
    outer loop
      vertex -35 25.8 37.4
      vertex -32.0393 28.6055 37.4
      vertex -32.1024 28.7108 37.4
    endloop
  endfacet
  facet normal 0 0 1
    outer loop
      vertex -35 25.8 37.4
      vertex -32.1024 28.7108 37.4
      vertex -32.1549 28.8216 37.4
    endloop
  endfacet
  facet normal 0 0 1
    outer loop
      vertex -35 25.8 37.4
      vertex -32.1549 28.8216 37.4
      vertex -32.1962 28.9371 37.4
    endloop
  endfacet
  facet normal 0 0 1
    outer loop
      vertex -35 25.8 37.4
      vertex -32.1962 28.9371 37.4
      vertex -32.226 29.0561 37.4
    endloop
  endfacet
  facet normal 0 0 1
    outer loop
      vertex -32.244 29.4225 37.4
      vertex -35 32.8 37.4
      vertex -32.25 29.3 37.4
    endloop
  endfacet
  facet normal 0 0 1
    outer loop
      vertex -35 25.8 37.4
      vertex -32.25 29.3 37.4
      vertex -35 32.8 37.4
    endloop
  endfacet
  facet normal 0 0 1
    outer loop
      vertex -32.25 29.3 37.4
      vertex -35 25.8 37.4
      vertex -32.244 29.1775 37.4
    endloop
  endfacet
  facet normal 0 0 1
    outer loop
      vertex -32.244 29.1775 37.4
      vertex -35 25.8 37.4
      vertex -32.226 29.0561 37.4
    endloop
  endfacet
  facet normal 0 0 1
    outer loop
      vertex -31.793 28.3337 37.4
      vertex -35 25.8 37.4
      vertex -31.3921 25.3193 37.4
    endloop
  endfacet
  facet normal 0 0 1
    outer loop
      vertex -29.75 -22.2 37.4
      vertex -27 -22.2 37.4
      vertex -27.0193 -21.8079 37.4
    endloop
  endfacet
  facet normal 0 0 1
    outer loop
      vertex -29.756 -22.0775 37.4
      vertex -27.0193 -21.8079 37.4
      vertex -27.0769 -21.4196 37.4
    endloop
  endfacet
  facet normal 0 0 1
    outer loop
      vertex -27 -22.2 37.4
      vertex -29.75 -22.2 37.4
      vertex -27.0193 -22.5921 37.4
    endloop
  endfacet
  facet normal 0 0 1
    outer loop
      vertex -29.774 -21.9561 37.4
      vertex -27.0769 -21.4196 37.4
      vertex -27.1722 -21.0389 37.4
    endloop
  endfacet
  facet normal -0 0 1
    outer loop
      vertex -29.756 -22.3225 37.4
      vertex -27.0193 -22.5921 37.4
      vertex -29.75 -22.2 37.4
    endloop
  endfacet
  facet normal 0 0 1
    outer loop
      vertex -29.8038 -21.8371 37.4
      vertex -27.1722 -21.0389 37.4
      vertex -27.3045 -20.6693 37.4
    endloop
  endfacet
  facet normal 0 0 1
    outer loop
      vertex -27.0193 -22.5921 37.4
      vertex -29.756 -22.3225 37.4
      vertex -27.0769 -22.9804 37.4
    endloop
  endfacet
  facet normal 0 0 1
    outer loop
      vertex -29.8451 -21.7216 37.4
      vertex -27.3045 -20.6693 37.4
      vertex -27.4723 -20.3144 37.4
    endloop
  endfacet
  facet normal -0 0 1
    outer loop
      vertex -29.774 -22.4439 37.4
      vertex -27.0769 -22.9804 37.4
      vertex -29.756 -22.3225 37.4
    endloop
  endfacet
  facet normal 0 0 1
    outer loop
      vertex -29.8976 -21.6108 37.4
      vertex -27.4723 -20.3144 37.4
      vertex -27.6741 -19.9777 37.4
    endloop
  endfacet
  facet normal 0 0 1
    outer loop
      vertex -27.0769 -22.9804 37.4
      vertex -29.774 -22.4439 37.4
      vertex -27.1722 -23.3611 37.4
    endloop
  endfacet
  facet normal 0 0 1
    outer loop
      vertex -29.9607 -21.5055 37.4
      vertex -27.6741 -19.9777 37.4
      vertex -27.908 -19.6624 37.4
    endloop
  endfacet
  facet normal -0 0 1
    outer loop
      vertex -29.8038 -22.5629 37.4
      vertex -27.1722 -23.3611 37.4
      vertex -29.774 -22.4439 37.4
    endloop
  endfacet
  facet normal 0 0 1
    outer loop
      vertex -30.0337 -21.407 37.4
      vertex -27.908 -19.6624 37.4
      vertex -28.1716 -19.3716 37.4
    endloop
  endfacet
  facet normal 0 0 1
    outer loop
      vertex -27.1722 -23.3611 37.4
      vertex -29.8038 -22.5629 37.4
      vertex -27.3045 -23.7307 37.4
    endloop
  endfacet
  facet normal 0 0 1
    outer loop
      vertex -30.1161 -21.3161 37.4
      vertex -28.1716 -19.3716 37.4
      vertex -28.4624 -19.108 37.4
    endloop
  endfacet
  facet normal -0 0 1
    outer loop
      vertex -29.8451 -22.6784 37.4
      vertex -27.3045 -23.7307 37.4
      vertex -29.8038 -22.5629 37.4
    endloop
  endfacet
  facet normal 0 0 1
    outer loop
      vertex -30.207 -21.2337 37.4
      vertex -28.4624 -19.108 37.4
      vertex -28.7777 -18.8741 37.4
    endloop
  endfacet
  facet normal 0 0 1
    outer loop
      vertex -27.3045 -23.7307 37.4
      vertex -29.8451 -22.6784 37.4
      vertex -27.4723 -24.0856 37.4
    endloop
  endfacet
  facet normal 0 0 1
    outer loop
      vertex -30.3055 -21.1607 37.4
      vertex -28.7777 -18.8741 37.4
      vertex -29.1144 -18.6723 37.4
    endloop
  endfacet
  facet normal -0 0 1
    outer loop
      vertex -29.8976 -22.7892 37.4
      vertex -27.4723 -24.0856 37.4
      vertex -29.8451 -22.6784 37.4
    endloop
  endfacet
  facet normal 0 0 1
    outer loop
      vertex -30.4108 -21.0976 37.4
      vertex -29.1144 -18.6723 37.4
      vertex -29.4693 -18.5045 37.4
    endloop
  endfacet
  facet normal 0 0 1
    outer loop
      vertex -27.4723 -24.0856 37.4
      vertex -29.8976 -22.7892 37.4
      vertex -27.6741 -24.4223 37.4
    endloop
  endfacet
  facet normal -0 0 1
    outer loop
      vertex -29.9607 -22.8945 37.4
      vertex -27.6741 -24.4223 37.4
      vertex -29.8976 -22.7892 37.4
    endloop
  endfacet
  facet normal 0 0 1
    outer loop
      vertex -27.0193 -21.8079 37.4
      vertex -29.756 -22.0775 37.4
      vertex -29.75 -22.2 37.4
    endloop
  endfacet
  facet normal 0 0 1
    outer loop
      vertex -27.0769 -21.4196 37.4
      vertex -29.774 -21.9561 37.4
      vertex -29.756 -22.0775 37.4
    endloop
  endfacet
  facet normal 0 0 1
    outer loop
      vertex -27.1722 -21.0389 37.4
      vertex -29.8038 -21.8371 37.4
      vertex -29.774 -21.9561 37.4
    endloop
  endfacet
  facet normal 0 0 1
    outer loop
      vertex -30.5216 -21.0452 37.4
      vertex -29.4693 -18.5045 37.4
      vertex -29.8389 -18.3722 37.4
    endloop
  endfacet
  facet normal 0 0 1
    outer loop
      vertex -27.3045 -20.6693 37.4
      vertex -29.8451 -21.7216 37.4
      vertex -29.8038 -21.8371 37.4
    endloop
  endfacet
  facet normal 0 0 1
    outer loop
      vertex -27.4723 -20.3144 37.4
      vertex -29.8976 -21.6108 37.4
      vertex -29.8451 -21.7216 37.4
    endloop
  endfacet
  facet normal 0 0 1
    outer loop
      vertex -27.6741 -19.9777 37.4
      vertex -29.9607 -21.5055 37.4
      vertex -29.8976 -21.6108 37.4
    endloop
  endfacet
  facet normal 0 0 1
    outer loop
      vertex -27.908 -19.6624 37.4
      vertex -30.0337 -21.407 37.4
      vertex -29.9607 -21.5055 37.4
    endloop
  endfacet
  facet normal 0 0 1
    outer loop
      vertex -28.1716 -19.3716 37.4
      vertex -30.1161 -21.3161 37.4
      vertex -30.0337 -21.407 37.4
    endloop
  endfacet
  facet normal 0 0 1
    outer loop
      vertex -28.4624 -19.108 37.4
      vertex -30.207 -21.2337 37.4
      vertex -30.1161 -21.3161 37.4
    endloop
  endfacet
  facet normal 0 0 1
    outer loop
      vertex -30.6371 -21.0038 37.4
      vertex -29.8389 -18.3722 37.4
      vertex -30.2196 -18.2769 37.4
    endloop
  endfacet
  facet normal 0 0 1
    outer loop
      vertex -28.7777 -18.8741 37.4
      vertex -30.3055 -21.1607 37.4
      vertex -30.207 -21.2337 37.4
    endloop
  endfacet
  facet normal 0 0 1
    outer loop
      vertex -29.1144 -18.6723 37.4
      vertex -30.4108 -21.0976 37.4
      vertex -30.3055 -21.1607 37.4
    endloop
  endfacet
  facet normal 0 0 1
    outer loop
      vertex -29.4693 -18.5045 37.4
      vertex -30.5216 -21.0452 37.4
      vertex -30.4108 -21.0976 37.4
    endloop
  endfacet
  facet normal 0 0 1
    outer loop
      vertex -30.7561 -20.974 37.4
      vertex -30.2196 -18.2769 37.4
      vertex -30.6079 -18.2193 37.4
    endloop
  endfacet
  facet normal 0 0 1
    outer loop
      vertex -29.8389 -18.3722 37.4
      vertex -30.6371 -21.0038 37.4
      vertex -30.5216 -21.0452 37.4
    endloop
  endfacet
  facet normal 0 0 1
    outer loop
      vertex -30.2196 -18.2769 37.4
      vertex -30.7561 -20.974 37.4
      vertex -30.6371 -21.0038 37.4
    endloop
  endfacet
  facet normal 0 0 1
    outer loop
      vertex -30.6079 -18.2193 37.4
      vertex -30.8775 -20.956 37.4
      vertex -30.7561 -20.974 37.4
    endloop
  endfacet
  facet normal 0 0 1
    outer loop
      vertex -31 -18.2 37.4
      vertex -30.8775 -20.956 37.4
      vertex -30.6079 -18.2193 37.4
    endloop
  endfacet
  facet normal 0 0 1
    outer loop
      vertex -31 -18.2 37.4
      vertex -31 -20.95 37.4
      vertex -30.8775 -20.956 37.4
    endloop
  endfacet
  facet normal 0 0 1
    outer loop
      vertex -31 -18.2 37.4
      vertex -31.1225 -20.956 37.4
      vertex -31 -20.95 37.4
    endloop
  endfacet
  facet normal -0 0 1
    outer loop
      vertex -31.3921 -18.2193 37.4
      vertex -31.1225 -20.956 37.4
      vertex -31 -18.2 37.4
    endloop
  endfacet
  facet normal 0 0 1
    outer loop
      vertex -31.1225 -20.956 37.4
      vertex -31.3921 -18.2193 37.4
      vertex -31.2439 -20.974 37.4
    endloop
  endfacet
  facet normal 0 0 1
    outer loop
      vertex -31.2439 -20.974 37.4
      vertex -31.3921 -18.2193 37.4
      vertex -31.3629 -21.0038 37.4
    endloop
  endfacet
  facet normal 0 0 1
    outer loop
      vertex -31.3921 -18.2193 37.4
      vertex -31.4784 -21.0452 37.4
      vertex -31.3629 -21.0038 37.4
    endloop
  endfacet
  facet normal 0 0 1
    outer loop
      vertex -31.3921 -18.2193 37.4
      vertex -31.5892 -21.0976 37.4
      vertex -31.4784 -21.0452 37.4
    endloop
  endfacet
  facet normal 0 0 1
    outer loop
      vertex -31.3921 -18.2193 37.4
      vertex -31.6945 -21.1607 37.4
      vertex -31.5892 -21.0976 37.4
    endloop
  endfacet
  facet normal 0 0 1
    outer loop
      vertex -31.3921 -18.2193 37.4
      vertex -31.793 -21.2337 37.4
      vertex -31.6945 -21.1607 37.4
    endloop
  endfacet
  facet normal -0 0 1
    outer loop
      vertex -35 -18.7 37.4
      vertex -31.793 -21.2337 37.4
      vertex -31.3921 -18.2193 37.4
    endloop
  endfacet
  facet normal 0 0 1
    outer loop
      vertex -31.793 -21.2337 37.4
      vertex -35 -18.7 37.4
      vertex -31.8839 -21.3161 37.4
    endloop
  endfacet
  facet normal 0 0 1
    outer loop
      vertex -31.8839 -21.3161 37.4
      vertex -35 -18.7 37.4
      vertex -31.9663 -21.407 37.4
    endloop
  endfacet
  facet normal 0 0 1
    outer loop
      vertex -31.9663 -21.407 37.4
      vertex -35 -18.7 37.4
      vertex -32.0393 -21.5055 37.4
    endloop
  endfacet
  facet normal 0 0 1
    outer loop
      vertex -32.0393 -21.5055 37.4
      vertex -35 -18.7 37.4
      vertex -32.1024 -21.6108 37.4
    endloop
  endfacet
  facet normal 0 0 1
    outer loop
      vertex -32.1024 -21.6108 37.4
      vertex -35 -18.7 37.4
      vertex -32.1549 -21.7216 37.4
    endloop
  endfacet
  facet normal 0 0 1
    outer loop
      vertex -32.1549 -21.7216 37.4
      vertex -35 -18.7 37.4
      vertex -32.1962 -21.8371 37.4
    endloop
  endfacet
  facet normal 0 0 1
    outer loop
      vertex -32.244 -22.0775 37.4
      vertex -35 -18.7 37.4
      vertex -32.25 -22.2 37.4
    endloop
  endfacet
  facet normal 0 0 1
    outer loop
      vertex -32.226 -21.9561 37.4
      vertex -35 -18.7 37.4
      vertex -32.244 -22.0775 37.4
    endloop
  endfacet
  facet normal 0 0 1
    outer loop
      vertex -32.1962 -21.8371 37.4
      vertex -35 -18.7 37.4
      vertex -32.226 -21.9561 37.4
    endloop
  endfacet
  facet normal 0 0 1
    outer loop
      vertex -27.6741 -24.4223 37.4
      vertex -29.9607 -22.8945 37.4
      vertex -27.908 -24.7376 37.4
    endloop
  endfacet
  facet normal -0 0 1
    outer loop
      vertex -30.0337 -22.993 37.4
      vertex -27.908 -24.7376 37.4
      vertex -29.9607 -22.8945 37.4
    endloop
  endfacet
  facet normal 0 0 1
    outer loop
      vertex -27.908 -24.7376 37.4
      vertex -30.0337 -22.993 37.4
      vertex -28.1716 -25.0284 37.4
    endloop
  endfacet
  facet normal -0 0 1
    outer loop
      vertex -30.1161 -23.0839 37.4
      vertex -28.1716 -25.0284 37.4
      vertex -30.0337 -22.993 37.4
    endloop
  endfacet
  facet normal 0 0 1
    outer loop
      vertex -28.1716 -25.0284 37.4
      vertex -30.1161 -23.0839 37.4
      vertex -28.4624 -25.292 37.4
    endloop
  endfacet
  facet normal -0 0 1
    outer loop
      vertex -30.207 -23.1663 37.4
      vertex -28.4624 -25.292 37.4
      vertex -30.1161 -23.0839 37.4
    endloop
  endfacet
  facet normal 0 0 1
    outer loop
      vertex -28.4624 -25.292 37.4
      vertex -30.207 -23.1663 37.4
      vertex -28.7777 -25.5259 37.4
    endloop
  endfacet
  facet normal -0 0 1
    outer loop
      vertex -30.3055 -23.2393 37.4
      vertex -28.7777 -25.5259 37.4
      vertex -30.207 -23.1663 37.4
    endloop
  endfacet
  facet normal 0 0 1
    outer loop
      vertex -28.7777 -25.5259 37.4
      vertex -30.3055 -23.2393 37.4
      vertex -29.1144 -25.7277 37.4
    endloop
  endfacet
  facet normal -0 0 1
    outer loop
      vertex -30.4108 -23.3024 37.4
      vertex -29.1144 -25.7277 37.4
      vertex -30.3055 -23.2393 37.4
    endloop
  endfacet
  facet normal 0 0 1
    outer loop
      vertex -29.1144 -25.7277 37.4
      vertex -30.4108 -23.3024 37.4
      vertex -29.4693 -25.8955 37.4
    endloop
  endfacet
  facet normal -0 0 1
    outer loop
      vertex -30.5216 -23.3548 37.4
      vertex -29.4693 -25.8955 37.4
      vertex -30.4108 -23.3024 37.4
    endloop
  endfacet
  facet normal 0 0 1
    outer loop
      vertex -29.4693 -25.8955 37.4
      vertex -30.5216 -23.3548 37.4
      vertex -29.8389 -26.0278 37.4
    endloop
  endfacet
  facet normal -0 0 1
    outer loop
      vertex -30.6371 -23.3962 37.4
      vertex -29.8389 -26.0278 37.4
      vertex -30.5216 -23.3548 37.4
    endloop
  endfacet
  facet normal 0 0 1
    outer loop
      vertex -29.8389 -26.0278 37.4
      vertex -30.6371 -23.3962 37.4
      vertex -30.2196 -26.1231 37.4
    endloop
  endfacet
  facet normal -0 0 1
    outer loop
      vertex -30.7561 -23.426 37.4
      vertex -30.2196 -26.1231 37.4
      vertex -30.6371 -23.3962 37.4
    endloop
  endfacet
  facet normal 0 0 1
    outer loop
      vertex -30.2196 -26.1231 37.4
      vertex -30.7561 -23.426 37.4
      vertex -30.6079 -26.1807 37.4
    endloop
  endfacet
  facet normal -0 0 1
    outer loop
      vertex -30.8775 -23.444 37.4
      vertex -30.6079 -26.1807 37.4
      vertex -30.7561 -23.426 37.4
    endloop
  endfacet
  facet normal -0 0 1
    outer loop
      vertex -31 -23.45 37.4
      vertex -30.6079 -26.1807 37.4
      vertex -30.8775 -23.444 37.4
    endloop
  endfacet
  facet normal 0 0 1
    outer loop
      vertex -31 -23.45 37.4
      vertex -31 -26.2 37.4
      vertex -30.6079 -26.1807 37.4
    endloop
  endfacet
  facet normal 0 0 1
    outer loop
      vertex -31.1225 -23.444 37.4
      vertex -31 -26.2 37.4
      vertex -31 -23.45 37.4
    endloop
  endfacet
  facet normal 0 0 1
    outer loop
      vertex -31.3921 -26.1807 37.4
      vertex -31.1225 -23.444 37.4
      vertex -31.2439 -23.426 37.4
    endloop
  endfacet
  facet normal 0 0 1
    outer loop
      vertex -31.3921 -26.1807 37.4
      vertex -31.2439 -23.426 37.4
      vertex -31.3629 -23.3962 37.4
    endloop
  endfacet
  facet normal 0 0 1
    outer loop
      vertex -31.1225 -23.444 37.4
      vertex -31.3921 -26.1807 37.4
      vertex -31 -26.2 37.4
    endloop
  endfacet
  facet normal 0 0 1
    outer loop
      vertex -31.4784 -23.3548 37.4
      vertex -31.3921 -26.1807 37.4
      vertex -31.3629 -23.3962 37.4
    endloop
  endfacet
  facet normal 0 0 1
    outer loop
      vertex -31.5892 -23.3024 37.4
      vertex -31.3921 -26.1807 37.4
      vertex -31.4784 -23.3548 37.4
    endloop
  endfacet
  facet normal 0 0 1
    outer loop
      vertex -31.6945 -23.2393 37.4
      vertex -31.3921 -26.1807 37.4
      vertex -31.5892 -23.3024 37.4
    endloop
  endfacet
  facet normal 0 0 1
    outer loop
      vertex -31.793 -23.1663 37.4
      vertex -31.3921 -26.1807 37.4
      vertex -31.6945 -23.2393 37.4
    endloop
  endfacet
  facet normal 0 0 1
    outer loop
      vertex -35 -25.7 37.4
      vertex -31.793 -23.1663 37.4
      vertex -31.8839 -23.0839 37.4
    endloop
  endfacet
  facet normal 0 0 1
    outer loop
      vertex -35 -25.7 37.4
      vertex -31.8839 -23.0839 37.4
      vertex -31.9663 -22.993 37.4
    endloop
  endfacet
  facet normal 0 0 1
    outer loop
      vertex -35 -25.7 37.4
      vertex -31.9663 -22.993 37.4
      vertex -32.0393 -22.8945 37.4
    endloop
  endfacet
  facet normal 0 0 1
    outer loop
      vertex -35 -25.7 37.4
      vertex -32.0393 -22.8945 37.4
      vertex -32.1024 -22.7892 37.4
    endloop
  endfacet
  facet normal 0 0 1
    outer loop
      vertex -35 -25.7 37.4
      vertex -32.1024 -22.7892 37.4
      vertex -32.1549 -22.6784 37.4
    endloop
  endfacet
  facet normal 0 0 1
    outer loop
      vertex -35 -25.7 37.4
      vertex -32.1549 -22.6784 37.4
      vertex -32.1962 -22.5629 37.4
    endloop
  endfacet
  facet normal 0 0 1
    outer loop
      vertex -35 -25.7 37.4
      vertex -32.1962 -22.5629 37.4
      vertex -32.226 -22.4439 37.4
    endloop
  endfacet
  facet normal 0 0 1
    outer loop
      vertex -35 -25.7 37.4
      vertex -32.25 -22.2 37.4
      vertex -35 -18.7 37.4
    endloop
  endfacet
  facet normal 0 0 1
    outer loop
      vertex -32.25 -22.2 37.4
      vertex -35 -25.7 37.4
      vertex -32.244 -22.3225 37.4
    endloop
  endfacet
  facet normal 0 0 1
    outer loop
      vertex -32.244 -22.3225 37.4
      vertex -35 -25.7 37.4
      vertex -32.226 -22.4439 37.4
    endloop
  endfacet
  facet normal 0 0 1
    outer loop
      vertex -31.793 -23.1663 37.4
      vertex -35 -25.7 37.4
      vertex -31.3921 -26.1807 37.4
    endloop
  endfacet
  facet normal 0 0 1
    outer loop
      vertex 35 -18.7 37.4
      vertex 32.25 -22.2 37.4
      vertex 35 -25.7 37.4
    endloop
  endfacet
  facet normal 0 0 1
    outer loop
      vertex 35 -18.7 37.4
      vertex 32.244 -22.0775 37.4
      vertex 32.25 -22.2 37.4
    endloop
  endfacet
  facet normal 0 0 1
    outer loop
      vertex 35 -18.7 37.4
      vertex 32.226 -21.9561 37.4
      vertex 32.244 -22.0775 37.4
    endloop
  endfacet
  facet normal 0 0 1
    outer loop
      vertex 35 -18.7 37.4
      vertex 32.1962 -21.8371 37.4
      vertex 32.226 -21.9561 37.4
    endloop
  endfacet
  facet normal 0 0 1
    outer loop
      vertex 35 -18.7 37.4
      vertex 32.1549 -21.7216 37.4
      vertex 32.1962 -21.8371 37.4
    endloop
  endfacet
  facet normal 0 0 1
    outer loop
      vertex 35 -18.7 37.4
      vertex 32.1024 -21.6108 37.4
      vertex 32.1549 -21.7216 37.4
    endloop
  endfacet
  facet normal 0 0 1
    outer loop
      vertex 35 -18.7 37.4
      vertex 32.0393 -21.5055 37.4
      vertex 32.1024 -21.6108 37.4
    endloop
  endfacet
  facet normal 0 0 1
    outer loop
      vertex 35 -18.7 37.4
      vertex 31.9663 -21.407 37.4
      vertex 32.0393 -21.5055 37.4
    endloop
  endfacet
  facet normal 0 0 1
    outer loop
      vertex 35 -18.7 37.4
      vertex 31.8839 -21.3161 37.4
      vertex 31.9663 -21.407 37.4
    endloop
  endfacet
  facet normal 0 0 1
    outer loop
      vertex 35 -18.7 37.4
      vertex 31.793 -21.2337 37.4
      vertex 31.8839 -21.3161 37.4
    endloop
  endfacet
  facet normal 0 0 1
    outer loop
      vertex 31.3921 -18.2193 37.4
      vertex 31.793 -21.2337 37.4
      vertex 35 -18.7 37.4
    endloop
  endfacet
  facet normal 0 0 1
    outer loop
      vertex 31.793 -21.2337 37.4
      vertex 31.3921 -18.2193 37.4
      vertex 31.6945 -21.1607 37.4
    endloop
  endfacet
  facet normal 0 0 1
    outer loop
      vertex 31.6945 -21.1607 37.4
      vertex 31.3921 -18.2193 37.4
      vertex 31.5892 -21.0976 37.4
    endloop
  endfacet
  facet normal 0 0 1
    outer loop
      vertex 31.5892 -21.0976 37.4
      vertex 31.3921 -18.2193 37.4
      vertex 31.4784 -21.0452 37.4
    endloop
  endfacet
  facet normal 0 0 1
    outer loop
      vertex 31.3921 -18.2193 37.4
      vertex 31.3629 -21.0038 37.4
      vertex 31.4784 -21.0452 37.4
    endloop
  endfacet
  facet normal 0 0 1
    outer loop
      vertex 31.3921 -18.2193 37.4
      vertex 31.2439 -20.974 37.4
      vertex 31.3629 -21.0038 37.4
    endloop
  endfacet
  facet normal 0 0 1
    outer loop
      vertex 31.3921 -18.2193 37.4
      vertex 31.1225 -20.956 37.4
      vertex 31.2439 -20.974 37.4
    endloop
  endfacet
  facet normal 0 0 1
    outer loop
      vertex 31 -18.2 37.4
      vertex 31.1225 -20.956 37.4
      vertex 31.3921 -18.2193 37.4
    endloop
  endfacet
  facet normal 0 0 1
    outer loop
      vertex 31 -18.2 37.4
      vertex 31 -20.95 37.4
      vertex 31.1225 -20.956 37.4
    endloop
  endfacet
  facet normal 0 0 1
    outer loop
      vertex 31 -18.2 37.4
      vertex 30.8775 -20.956 37.4
      vertex 31 -20.95 37.4
    endloop
  endfacet
  facet normal -0 0 1
    outer loop
      vertex 30.6079 -18.2193 37.4
      vertex 30.8775 -20.956 37.4
      vertex 31 -18.2 37.4
    endloop
  endfacet
  facet normal 0 0 1
    outer loop
      vertex 30.8775 -20.956 37.4
      vertex 30.6079 -18.2193 37.4
      vertex 30.7561 -20.974 37.4
    endloop
  endfacet
  facet normal -0 0 1
    outer loop
      vertex 30.2196 -18.2769 37.4
      vertex 30.7561 -20.974 37.4
      vertex 30.6079 -18.2193 37.4
    endloop
  endfacet
  facet normal 0 0 1
    outer loop
      vertex 30.7561 -20.974 37.4
      vertex 30.2196 -18.2769 37.4
      vertex 30.6371 -21.0038 37.4
    endloop
  endfacet
  facet normal -0 0 1
    outer loop
      vertex 29.8389 -18.3722 37.4
      vertex 30.6371 -21.0038 37.4
      vertex 30.2196 -18.2769 37.4
    endloop
  endfacet
  facet normal 0 0 1
    outer loop
      vertex 30.6371 -21.0038 37.4
      vertex 29.8389 -18.3722 37.4
      vertex 30.5216 -21.0452 37.4
    endloop
  endfacet
  facet normal -0 0 1
    outer loop
      vertex 29.4693 -18.5045 37.4
      vertex 30.5216 -21.0452 37.4
      vertex 29.8389 -18.3722 37.4
    endloop
  endfacet
  facet normal 0 0 1
    outer loop
      vertex 30.5216 -21.0452 37.4
      vertex 29.4693 -18.5045 37.4
      vertex 30.4108 -21.0976 37.4
    endloop
  endfacet
  facet normal -0 0 1
    outer loop
      vertex 29.1144 -18.6723 37.4
      vertex 30.4108 -21.0976 37.4
      vertex 29.4693 -18.5045 37.4
    endloop
  endfacet
  facet normal 0 0 1
    outer loop
      vertex 30.4108 -21.0976 37.4
      vertex 29.1144 -18.6723 37.4
      vertex 30.3055 -21.1607 37.4
    endloop
  endfacet
  facet normal -0 0 1
    outer loop
      vertex 28.7777 -18.8741 37.4
      vertex 30.3055 -21.1607 37.4
      vertex 29.1144 -18.6723 37.4
    endloop
  endfacet
  facet normal 0 0 1
    outer loop
      vertex 30.3055 -21.1607 37.4
      vertex 28.7777 -18.8741 37.4
      vertex 30.207 -21.2337 37.4
    endloop
  endfacet
  facet normal -0 0 1
    outer loop
      vertex 28.4624 -19.108 37.4
      vertex 30.207 -21.2337 37.4
      vertex 28.7777 -18.8741 37.4
    endloop
  endfacet
  facet normal 0 0 1
    outer loop
      vertex 30.207 -21.2337 37.4
      vertex 28.4624 -19.108 37.4
      vertex 30.1161 -21.3161 37.4
    endloop
  endfacet
  facet normal -0 0 1
    outer loop
      vertex 28.1716 -19.3716 37.4
      vertex 30.1161 -21.3161 37.4
      vertex 28.4624 -19.108 37.4
    endloop
  endfacet
  facet normal 0 0 1
    outer loop
      vertex 30.1161 -21.3161 37.4
      vertex 28.1716 -19.3716 37.4
      vertex 30.0337 -21.407 37.4
    endloop
  endfacet
  facet normal -0 0 1
    outer loop
      vertex 27.908 -19.6624 37.4
      vertex 30.0337 -21.407 37.4
      vertex 28.1716 -19.3716 37.4
    endloop
  endfacet
  facet normal 0 0 1
    outer loop
      vertex 30.0337 -21.407 37.4
      vertex 27.908 -19.6624 37.4
      vertex 29.9607 -21.5055 37.4
    endloop
  endfacet
  facet normal -0 0 1
    outer loop
      vertex 27.6741 -19.9777 37.4
      vertex 29.9607 -21.5055 37.4
      vertex 27.908 -19.6624 37.4
    endloop
  endfacet
  facet normal 0 0 1
    outer loop
      vertex 31.8839 30.1839 37.4
      vertex 35 32.8 37.4
      vertex 34.5 33.3 37.4
    endloop
  endfacet
  facet normal 0 -0 1
    outer loop
      vertex 32.25 29.3 37.4
      vertex 35 32.8 37.4
      vertex 32.244 29.4225 37.4
    endloop
  endfacet
  facet normal -0 0 1
    outer loop
      vertex 32.244 29.1775 37.4
      vertex 35 25.8 37.4
      vertex 32.25 29.3 37.4
    endloop
  endfacet
  facet normal -0 0 1
    outer loop
      vertex 32.226 29.0561 37.4
      vertex 35 25.8 37.4
      vertex 32.244 29.1775 37.4
    endloop
  endfacet
  facet normal -0 0 1
    outer loop
      vertex 32.1962 28.9371 37.4
      vertex 35 25.8 37.4
      vertex 32.226 29.0561 37.4
    endloop
  endfacet
  facet normal -0 0 1
    outer loop
      vertex 32.1549 28.8216 37.4
      vertex 35 25.8 37.4
      vertex 32.1962 28.9371 37.4
    endloop
  endfacet
  facet normal -0 0 1
    outer loop
      vertex 32.1024 28.7108 37.4
      vertex 35 25.8 37.4
      vertex 32.1549 28.8216 37.4
    endloop
  endfacet
  facet normal -0 0 1
    outer loop
      vertex 32.0393 28.6055 37.4
      vertex 35 25.8 37.4
      vertex 32.1024 28.7108 37.4
    endloop
  endfacet
  facet normal -0 0 1
    outer loop
      vertex 31.9663 28.507 37.4
      vertex 35 25.8 37.4
      vertex 32.0393 28.6055 37.4
    endloop
  endfacet
  facet normal -0 0 1
    outer loop
      vertex 31.8839 28.4161 37.4
      vertex 35 25.8 37.4
      vertex 31.9663 28.507 37.4
    endloop
  endfacet
  facet normal -0 0 1
    outer loop
      vertex 31.793 28.3337 37.4
      vertex 35 25.8 37.4
      vertex 31.8839 28.4161 37.4
    endloop
  endfacet
  facet normal 0 0 1
    outer loop
      vertex 31.3921 25.3193 37.4
      vertex 31.793 28.3337 37.4
      vertex 31.6945 28.2607 37.4
    endloop
  endfacet
  facet normal 0 0 1
    outer loop
      vertex 31.3921 25.3193 37.4
      vertex 31.6945 28.2607 37.4
      vertex 31.5892 28.1976 37.4
    endloop
  endfacet
  facet normal 0 0 1
    outer loop
      vertex 31.3921 25.3193 37.4
      vertex 31.5892 28.1976 37.4
      vertex 31.4784 28.1451 37.4
    endloop
  endfacet
  facet normal 0 0 1
    outer loop
      vertex 31.793 28.3337 37.4
      vertex 31.3921 25.3193 37.4
      vertex 35 25.8 37.4
    endloop
  endfacet
  facet normal -0 0 1
    outer loop
      vertex 31.3629 28.1038 37.4
      vertex 31.3921 25.3193 37.4
      vertex 31.4784 28.1451 37.4
    endloop
  endfacet
  facet normal -0 0 1
    outer loop
      vertex 31.2439 28.074 37.4
      vertex 31.3921 25.3193 37.4
      vertex 31.3629 28.1038 37.4
    endloop
  endfacet
  facet normal -0 0 1
    outer loop
      vertex 31.1225 28.056 37.4
      vertex 31.3921 25.3193 37.4
      vertex 31.2439 28.074 37.4
    endloop
  endfacet
  facet normal -0 0 1
    outer loop
      vertex 31 28.05 37.4
      vertex 31.3921 25.3193 37.4
      vertex 31.1225 28.056 37.4
    endloop
  endfacet
  facet normal 0 0 1
    outer loop
      vertex 31 28.05 37.4
      vertex 31 25.3 37.4
      vertex 31.3921 25.3193 37.4
    endloop
  endfacet
  facet normal 0 0 1
    outer loop
      vertex 30.8775 28.056 37.4
      vertex 31 25.3 37.4
      vertex 31 28.05 37.4
    endloop
  endfacet
  facet normal 0 0 1
    outer loop
      vertex 30.6079 25.3193 37.4
      vertex 30.8775 28.056 37.4
      vertex 30.7561 28.074 37.4
    endloop
  endfacet
  facet normal 0 0 1
    outer loop
      vertex 30.2196 25.3769 37.4
      vertex 30.7561 28.074 37.4
      vertex 30.6371 28.1038 37.4
    endloop
  endfacet
  facet normal 0 0 1
    outer loop
      vertex 30.8775 28.056 37.4
      vertex 30.6079 25.3193 37.4
      vertex 31 25.3 37.4
    endloop
  endfacet
  facet normal 0 0 1
    outer loop
      vertex 29.8389 25.4722 37.4
      vertex 30.6371 28.1038 37.4
      vertex 30.5216 28.1451 37.4
    endloop
  endfacet
  facet normal 0 0 1
    outer loop
      vertex 29.4693 25.6045 37.4
      vertex 30.5216 28.1451 37.4
      vertex 30.4108 28.1976 37.4
    endloop
  endfacet
  facet normal 0 0 1
    outer loop
      vertex 29.1144 25.7723 37.4
      vertex 30.4108 28.1976 37.4
      vertex 30.3055 28.2607 37.4
    endloop
  endfacet
  facet normal 0 0 1
    outer loop
      vertex 30.7561 28.074 37.4
      vertex 30.2196 25.3769 37.4
      vertex 30.6079 25.3193 37.4
    endloop
  endfacet
  facet normal 0 0 1
    outer loop
      vertex 28.7777 25.9741 37.4
      vertex 30.3055 28.2607 37.4
      vertex 30.207 28.3337 37.4
    endloop
  endfacet
  facet normal 0 0 1
    outer loop
      vertex 28.4624 26.208 37.4
      vertex 30.207 28.3337 37.4
      vertex 30.1161 28.4161 37.4
    endloop
  endfacet
  facet normal 0 0 1
    outer loop
      vertex 28.1716 26.4716 37.4
      vertex 30.1161 28.4161 37.4
      vertex 30.0337 28.507 37.4
    endloop
  endfacet
  facet normal 0 0 1
    outer loop
      vertex 27.908 26.7624 37.4
      vertex 30.0337 28.507 37.4
      vertex 29.9607 28.6055 37.4
    endloop
  endfacet
  facet normal 0 0 1
    outer loop
      vertex 27.6741 27.0777 37.4
      vertex 29.9607 28.6055 37.4
      vertex 29.8976 28.7108 37.4
    endloop
  endfacet
  facet normal 0 0 1
    outer loop
      vertex 27.4723 27.4144 37.4
      vertex 29.8976 28.7108 37.4
      vertex 29.8451 28.8216 37.4
    endloop
  endfacet
  facet normal 0 0 1
    outer loop
      vertex 30.6371 28.1038 37.4
      vertex 29.8389 25.4722 37.4
      vertex 30.2196 25.3769 37.4
    endloop
  endfacet
  facet normal 0 0 1
    outer loop
      vertex 27.4723 27.4144 37.4
      vertex 29.8451 28.8216 37.4
      vertex 29.8038 28.9371 37.4
    endloop
  endfacet
  facet normal 0 0 1
    outer loop
      vertex 27.4723 27.4144 37.4
      vertex 29.8038 28.9371 37.4
      vertex 29.774 29.0561 37.4
    endloop
  endfacet
  facet normal 0 0 1
    outer loop
      vertex 27.4723 27.4144 37.4
      vertex 29.774 29.0561 37.4
      vertex 29.756 29.1775 37.4
    endloop
  endfacet
  facet normal 0 0 1
    outer loop
      vertex 27.4723 27.4144 37.4
      vertex 29.756 29.1775 37.4
      vertex 29.75 29.3 37.4
    endloop
  endfacet
  facet normal 0 0 1
    outer loop
      vertex 30.5216 28.1451 37.4
      vertex 29.4693 25.6045 37.4
      vertex 29.8389 25.4722 37.4
    endloop
  endfacet
  facet normal 0 0 1
    outer loop
      vertex 35 32.8 37.4
      vertex 37.4 35.7 37.4
      vertex 35 33.3 37.4
    endloop
  endfacet
  facet normal 0 0 1
    outer loop
      vertex 37.4 35.7 37.4
      vertex 34.5 33.3 37.4
      vertex 35 33.3 37.4
    endloop
  endfacet
  facet normal 0 0 1
    outer loop
      vertex 35 32.8 37.4
      vertex 32.25 29.3 37.4
      vertex 35 25.8 37.4
    endloop
  endfacet
  facet normal 0 0 1
    outer loop
      vertex 35 32.8 37.4
      vertex 32.226 29.5439 37.4
      vertex 32.244 29.4225 37.4
    endloop
  endfacet
  facet normal 0 0 1
    outer loop
      vertex 35 32.8 37.4
      vertex 32.1962 29.6629 37.4
      vertex 32.226 29.5439 37.4
    endloop
  endfacet
  facet normal 0 0 1
    outer loop
      vertex 35 32.8 37.4
      vertex 32.1549 29.7784 37.4
      vertex 32.1962 29.6629 37.4
    endloop
  endfacet
  facet normal 0 0 1
    outer loop
      vertex 35 32.8 37.4
      vertex 32.1024 29.8892 37.4
      vertex 32.1549 29.7784 37.4
    endloop
  endfacet
  facet normal 0 0 1
    outer loop
      vertex 35 32.8 37.4
      vertex 32.0393 29.9945 37.4
      vertex 32.1024 29.8892 37.4
    endloop
  endfacet
  facet normal 0 0 1
    outer loop
      vertex 35 32.8 37.4
      vertex 31.9663 30.093 37.4
      vertex 32.0393 29.9945 37.4
    endloop
  endfacet
  facet normal 0 0 1
    outer loop
      vertex 35 32.8 37.4
      vertex 31.8839 30.1839 37.4
      vertex 31.9663 30.093 37.4
    endloop
  endfacet
  facet normal 0 0 1
    outer loop
      vertex 34.5 33.3 37.4
      vertex 31.793 30.2663 37.4
      vertex 31.8839 30.1839 37.4
    endloop
  endfacet
  facet normal 0 0 1
    outer loop
      vertex 34.5 33.3 37.4
      vertex 31.6945 30.3393 37.4
      vertex 31.793 30.2663 37.4
    endloop
  endfacet
  facet normal 0 0 1
    outer loop
      vertex 34.5 33.3 37.4
      vertex 31.5892 30.4024 37.4
      vertex 31.6945 30.3393 37.4
    endloop
  endfacet
  facet normal 0 0 1
    outer loop
      vertex 34.5 33.3 37.4
      vertex 31.4784 30.4548 37.4
      vertex 31.5892 30.4024 37.4
    endloop
  endfacet
  facet normal 0 0 1
    outer loop
      vertex 34.5 33.3 37.4
      vertex 31.3629 30.4962 37.4
      vertex 31.4784 30.4548 37.4
    endloop
  endfacet
  facet normal 0 0 1
    outer loop
      vertex 34.5 33.3 37.4
      vertex 31.2439 30.526 37.4
      vertex 31.3629 30.4962 37.4
    endloop
  endfacet
  facet normal 0 0 1
    outer loop
      vertex 34.5 33.3 37.4
      vertex 31.1225 30.544 37.4
      vertex 31.2439 30.526 37.4
    endloop
  endfacet
  facet normal 0 0 1
    outer loop
      vertex 27.5 33.3 37.4
      vertex 34.5 33.3 37.4
      vertex 37.4 35.7 37.4
    endloop
  endfacet
  facet normal 0 -0 1
    outer loop
      vertex 31 30.55 37.4
      vertex 34.5 33.3 37.4
      vertex 27.5 33.3 37.4
    endloop
  endfacet
  facet normal 0 0 1
    outer loop
      vertex 34.5 33.3 37.4
      vertex 31 30.55 37.4
      vertex 31.1225 30.544 37.4
    endloop
  endfacet
  facet normal 0 0 1
    outer loop
      vertex 31 30.55 37.4
      vertex 27.5 33.3 37.4
      vertex 30.8775 30.544 37.4
    endloop
  endfacet
  facet normal 0 0 1
    outer loop
      vertex 30.8775 30.544 37.4
      vertex 27.5 33.3 37.4
      vertex 30.7561 30.526 37.4
    endloop
  endfacet
  facet normal 0 0 1
    outer loop
      vertex 30.7561 30.526 37.4
      vertex 27.5 33.3 37.4
      vertex 30.6371 30.4962 37.4
    endloop
  endfacet
  facet normal 0 0 1
    outer loop
      vertex 30.6371 30.4962 37.4
      vertex 27.5 33.3 37.4
      vertex 30.5216 30.4548 37.4
    endloop
  endfacet
  facet normal 0 0 1
    outer loop
      vertex 30.5216 30.4548 37.4
      vertex 27.5 33.3 37.4
      vertex 30.4108 30.4024 37.4
    endloop
  endfacet
  facet normal 0 0 1
    outer loop
      vertex 30.4108 30.4024 37.4
      vertex 27.5 33.3 37.4
      vertex 30.3055 30.3393 37.4
    endloop
  endfacet
  facet normal 0 0 1
    outer loop
      vertex 27.4723 27.4144 37.4
      vertex 29.75 29.3 37.4
      vertex 29.756 29.4225 37.4
    endloop
  endfacet
  facet normal 0 0 1
    outer loop
      vertex 30.4108 28.1976 37.4
      vertex 29.1144 25.7723 37.4
      vertex 29.4693 25.6045 37.4
    endloop
  endfacet
  facet normal 0 0 1
    outer loop
      vertex 27.4723 27.4144 37.4
      vertex 29.756 29.4225 37.4
      vertex 29.774 29.5439 37.4
    endloop
  endfacet
  facet normal 0 0 1
    outer loop
      vertex 30.3055 28.2607 37.4
      vertex 28.7777 25.9741 37.4
      vertex 29.1144 25.7723 37.4
    endloop
  endfacet
  facet normal 0 0 1
    outer loop
      vertex 29.8451 29.7784 37.4
      vertex 27.0193 29.6921 37.4
      vertex 29.8038 29.6629 37.4
    endloop
  endfacet
  facet normal 0 0 1
    outer loop
      vertex 30.207 28.3337 37.4
      vertex 28.4624 26.208 37.4
      vertex 28.7777 25.9741 37.4
    endloop
  endfacet
  facet normal 0 0 1
    outer loop
      vertex 29.8976 29.8892 37.4
      vertex 27.0193 29.6921 37.4
      vertex 29.8451 29.7784 37.4
    endloop
  endfacet
  facet normal 0 0 1
    outer loop
      vertex 30.1161 28.4161 37.4
      vertex 28.1716 26.4716 37.4
      vertex 28.4624 26.208 37.4
    endloop
  endfacet
  facet normal 0 0 1
    outer loop
      vertex 29.9607 29.9945 37.4
      vertex 27.0193 29.6921 37.4
      vertex 29.8976 29.8892 37.4
    endloop
  endfacet
  facet normal 0 0 1
    outer loop
      vertex 30.0337 28.507 37.4
      vertex 27.908 26.7624 37.4
      vertex 28.1716 26.4716 37.4
    endloop
  endfacet
  facet normal 0 0 1
    outer loop
      vertex 30.0337 30.093 37.4
      vertex 27.0193 29.6921 37.4
      vertex 29.9607 29.9945 37.4
    endloop
  endfacet
  facet normal 0 0 1
    outer loop
      vertex 29.9607 28.6055 37.4
      vertex 27.6741 27.0777 37.4
      vertex 27.908 26.7624 37.4
    endloop
  endfacet
  facet normal 0 0 1
    outer loop
      vertex 27.0193 29.6921 37.4
      vertex 30.0337 30.093 37.4
      vertex 27.5 33.3 37.4
    endloop
  endfacet
  facet normal 0 0 1
    outer loop
      vertex 29.8038 29.6629 37.4
      vertex 27.0193 29.6921 37.4
      vertex 29.774 29.5439 37.4
    endloop
  endfacet
  facet normal 0 0 1
    outer loop
      vertex 30.1161 30.1839 37.4
      vertex 27.5 33.3 37.4
      vertex 30.0337 30.093 37.4
    endloop
  endfacet
  facet normal 0 0 1
    outer loop
      vertex 30.207 30.2663 37.4
      vertex 27.5 33.3 37.4
      vertex 30.1161 30.1839 37.4
    endloop
  endfacet
  facet normal 0 0 1
    outer loop
      vertex 30.3055 30.3393 37.4
      vertex 27.5 33.3 37.4
      vertex 30.207 30.2663 37.4
    endloop
  endfacet
  facet normal 0 0 1
    outer loop
      vertex 37.4 35.7 37.4
      vertex -27.5 33.3 37.4
      vertex 27.5 33.3 37.4
    endloop
  endfacet
  facet normal 0 -0 1
    outer loop
      vertex -29.75 29.3 37.4
      vertex -27.0193 29.6921 37.4
      vertex -29.756 29.4225 37.4
    endloop
  endfacet
  facet normal 0 0 1
    outer loop
      vertex -27.0769 28.5196 37.4
      vertex -29.774 29.0561 37.4
      vertex -27.1722 28.1389 37.4
    endloop
  endfacet
  facet normal 0 0 1
    outer loop
      vertex -27.1722 28.1389 37.4
      vertex -29.8038 28.9371 37.4
      vertex -27.3045 27.7693 37.4
    endloop
  endfacet
  facet normal 0 0 1
    outer loop
      vertex -27.3045 27.7693 37.4
      vertex -29.8451 28.8216 37.4
      vertex -27.4723 27.4144 37.4
    endloop
  endfacet
  facet normal -0 0 1
    outer loop
      vertex -29.8976 28.7108 37.4
      vertex -27.4723 27.4144 37.4
      vertex -29.8451 28.8216 37.4
    endloop
  endfacet
  facet normal 0 0 1
    outer loop
      vertex -27.4723 27.4144 37.4
      vertex -29.8976 28.7108 37.4
      vertex -27.6741 27.0777 37.4
    endloop
  endfacet
  facet normal -0 0 1
    outer loop
      vertex -29.9607 28.6055 37.4
      vertex -27.6741 27.0777 37.4
      vertex -29.8976 28.7108 37.4
    endloop
  endfacet
  facet normal -0 0 1
    outer loop
      vertex -29.8451 28.8216 37.4
      vertex -27.3045 27.7693 37.4
      vertex -29.8038 28.9371 37.4
    endloop
  endfacet
  facet normal 0 0 1
    outer loop
      vertex -27.0193 28.9079 37.4
      vertex -29.75 29.3 37.4
      vertex -29.756 29.1775 37.4
    endloop
  endfacet
  facet normal 0 0 1
    outer loop
      vertex -27.0193 29.6921 37.4
      vertex -29.8038 29.6629 37.4
      vertex -29.774 29.5439 37.4
    endloop
  endfacet
  facet normal 0 0 1
    outer loop
      vertex -27.0193 29.6921 37.4
      vertex -29.8451 29.7784 37.4
      vertex -29.8038 29.6629 37.4
    endloop
  endfacet
  facet normal 0 0 1
    outer loop
      vertex -27.0193 29.6921 37.4
      vertex -29.8976 29.8892 37.4
      vertex -29.8451 29.7784 37.4
    endloop
  endfacet
  facet normal 0 0 1
    outer loop
      vertex -27.0193 29.6921 37.4
      vertex -29.9607 29.9945 37.4
      vertex -29.8976 29.8892 37.4
    endloop
  endfacet
  facet normal 0 0 1
    outer loop
      vertex -27.0193 29.6921 37.4
      vertex -30.0337 30.093 37.4
      vertex -29.9607 29.9945 37.4
    endloop
  endfacet
  facet normal 0 0 1
    outer loop
      vertex -27.5 33.3 37.4
      vertex -30.1161 30.1839 37.4
      vertex -30.0337 30.093 37.4
    endloop
  endfacet
  facet normal 0 0 1
    outer loop
      vertex -27.5 33.3 37.4
      vertex -30.207 30.2663 37.4
      vertex -30.1161 30.1839 37.4
    endloop
  endfacet
  facet normal 0 0 1
    outer loop
      vertex -27.5 33.3 37.4
      vertex -30.3055 30.3393 37.4
      vertex -30.207 30.2663 37.4
    endloop
  endfacet
  facet normal 0 0 1
    outer loop
      vertex -27.5 33.3 37.4
      vertex -30.4108 30.4024 37.4
      vertex -30.3055 30.3393 37.4
    endloop
  endfacet
  facet normal 0 0 1
    outer loop
      vertex -27.5 33.3 37.4
      vertex -30.5216 30.4548 37.4
      vertex -30.4108 30.4024 37.4
    endloop
  endfacet
  facet normal 0 0 1
    outer loop
      vertex -27.5 33.3 37.4
      vertex -30.6371 30.4962 37.4
      vertex -30.5216 30.4548 37.4
    endloop
  endfacet
  facet normal 0 0 1
    outer loop
      vertex -27.5 33.3 37.4
      vertex -30.7561 30.526 37.4
      vertex -30.6371 30.4962 37.4
    endloop
  endfacet
  facet normal 0 0 1
    outer loop
      vertex -27.5 33.3 37.4
      vertex -30.8775 30.544 37.4
      vertex -30.7561 30.526 37.4
    endloop
  endfacet
  facet normal 0 0 1
    outer loop
      vertex -27.5 33.3 37.4
      vertex -31 30.55 37.4
      vertex -30.8775 30.544 37.4
    endloop
  endfacet
  facet normal -0 0 1
    outer loop
      vertex -34.5 33.3 37.4
      vertex -31 30.55 37.4
      vertex -27.5 33.3 37.4
    endloop
  endfacet
  facet normal 0 0 1
    outer loop
      vertex -31 30.55 37.4
      vertex -34.5 33.3 37.4
      vertex -31.1225 30.544 37.4
    endloop
  endfacet
  facet normal 0 0 1
    outer loop
      vertex -31.1225 30.544 37.4
      vertex -34.5 33.3 37.4
      vertex -31.2439 30.526 37.4
    endloop
  endfacet
  facet normal 0 0 1
    outer loop
      vertex -31.2439 30.526 37.4
      vertex -34.5 33.3 37.4
      vertex -31.3629 30.4962 37.4
    endloop
  endfacet
  facet normal 0 0 1
    outer loop
      vertex -31.3629 30.4962 37.4
      vertex -34.5 33.3 37.4
      vertex -31.4784 30.4548 37.4
    endloop
  endfacet
  facet normal 0 0 1
    outer loop
      vertex -31.4784 30.4548 37.4
      vertex -34.5 33.3 37.4
      vertex -31.5892 30.4024 37.4
    endloop
  endfacet
  facet normal 0 0 1
    outer loop
      vertex -32.226 29.5439 37.4
      vertex -35 32.8 37.4
      vertex -32.244 29.4225 37.4
    endloop
  endfacet
  facet normal 0 0 1
    outer loop
      vertex -32.1962 29.6629 37.4
      vertex -35 32.8 37.4
      vertex -32.226 29.5439 37.4
    endloop
  endfacet
  facet normal 0 0 1
    outer loop
      vertex -32.1549 29.7784 37.4
      vertex -35 32.8 37.4
      vertex -32.1962 29.6629 37.4
    endloop
  endfacet
  facet normal 0 0 1
    outer loop
      vertex -32.1024 29.8892 37.4
      vertex -35 32.8 37.4
      vertex -32.1549 29.7784 37.4
    endloop
  endfacet
  facet normal 0 0 1
    outer loop
      vertex -32.0393 29.9945 37.4
      vertex -35 32.8 37.4
      vertex -32.1024 29.8892 37.4
    endloop
  endfacet
  facet normal 0 0 1
    outer loop
      vertex -31.9663 30.093 37.4
      vertex -35 32.8 37.4
      vertex -32.0393 29.9945 37.4
    endloop
  endfacet
  facet normal 0 0 1
    outer loop
      vertex -31.8839 30.1839 37.4
      vertex -35 32.8 37.4
      vertex -31.9663 30.093 37.4
    endloop
  endfacet
  facet normal -0 0 1
    outer loop
      vertex -35 32.8 37.4
      vertex -31.8839 30.1839 37.4
      vertex -34.5 33.3 37.4
    endloop
  endfacet
  facet normal 0 0 1
    outer loop
      vertex -31.793 30.2663 37.4
      vertex -34.5 33.3 37.4
      vertex -31.8839 30.1839 37.4
    endloop
  endfacet
  facet normal 0 0 1
    outer loop
      vertex -31.6945 30.3393 37.4
      vertex -34.5 33.3 37.4
      vertex -31.793 30.2663 37.4
    endloop
  endfacet
  facet normal 0 0 1
    outer loop
      vertex -31.5892 30.4024 37.4
      vertex -34.5 33.3 37.4
      vertex -31.6945 30.3393 37.4
    endloop
  endfacet
  facet normal -0 0 1
    outer loop
      vertex -37.4 35.7 37.4
      vertex -27.5 33.3 37.4
      vertex 37.4 35.7 37.4
    endloop
  endfacet
  facet normal 0 0 1
    outer loop
      vertex -27.5 33.3 37.4
      vertex -37.4 35.7 37.4
      vertex -34.5 33.3 37.4
    endloop
  endfacet
  facet normal 0 0 1
    outer loop
      vertex -37.4 35.7 37.4
      vertex -35 32.8 37.4
      vertex -35 33.3 37.4
    endloop
  endfacet
  facet normal 0 0 1
    outer loop
      vertex -35 32.8 37.4
      vertex -37.4 35.7 37.4
      vertex -35 25.8 37.4
    endloop
  endfacet
  facet normal 0 0 1
    outer loop
      vertex -35 25.8 37.4
      vertex -37.4 35.7 37.4
      vertex -35 -18.7 37.4
    endloop
  endfacet
  facet normal 0 0 1
    outer loop
      vertex -37.4 -35.7 37.4
      vertex -35 -18.7 37.4
      vertex -37.4 35.7 37.4
    endloop
  endfacet
  facet normal 0 0 1
    outer loop
      vertex -35 -18.7 37.4
      vertex -37.4 -35.7 37.4
      vertex -35 -25.7 37.4
    endloop
  endfacet
  facet normal 0 0 1
    outer loop
      vertex -34.5 33.3 37.4
      vertex -37.4 35.7 37.4
      vertex -35 33.3 37.4
    endloop
  endfacet
  facet normal 0 0 1
    outer loop
      vertex 35 25.8 37.4
      vertex 37.4 35.7 37.4
      vertex 35 32.8 37.4
    endloop
  endfacet
  facet normal 0 0 1
    outer loop
      vertex 35 -18.7 37.4
      vertex 37.4 35.7 37.4
      vertex 35 25.8 37.4
    endloop
  endfacet
  facet normal 0 0 1
    outer loop
      vertex 37.4 35.7 37.4
      vertex 35 -18.7 37.4
      vertex 37.4 -35.7 37.4
    endloop
  endfacet
  facet normal -0 0 1
    outer loop
      vertex 35 -25.7 37.4
      vertex 37.4 -35.7 37.4
      vertex 35 -18.7 37.4
    endloop
  endfacet
  facet normal -0 0 1
    outer loop
      vertex 35 -32.7 37.4
      vertex 37.4 -35.7 37.4
      vertex 35 -25.7 37.4
    endloop
  endfacet
  facet normal -0 0 1
    outer loop
      vertex -35 -32.7 37.4
      vertex 37.4 -35.7 37.4
      vertex 35 -32.7 37.4
    endloop
  endfacet
  facet normal 0 0 1
    outer loop
      vertex -35 -32.7 37.4
      vertex -37.4 -35.7 37.4
      vertex 37.4 -35.7 37.4
    endloop
  endfacet
  facet normal 0 0 1
    outer loop
      vertex -35 -25.7 37.4
      vertex -37.4 -35.7 37.4
      vertex -35 -32.7 37.4
    endloop
  endfacet
  facet normal -0 0 1
    outer loop
      vertex 32.244 -22.3225 37.4
      vertex 35 -25.7 37.4
      vertex 32.25 -22.2 37.4
    endloop
  endfacet
  facet normal -0 0 1
    outer loop
      vertex 32.226 -22.4439 37.4
      vertex 35 -25.7 37.4
      vertex 32.244 -22.3225 37.4
    endloop
  endfacet
  facet normal -0 0 1
    outer loop
      vertex 32.1962 -22.5629 37.4
      vertex 35 -25.7 37.4
      vertex 32.226 -22.4439 37.4
    endloop
  endfacet
  facet normal -0 0 1
    outer loop
      vertex 32.1549 -22.6784 37.4
      vertex 35 -25.7 37.4
      vertex 32.1962 -22.5629 37.4
    endloop
  endfacet
  facet normal -0 0 1
    outer loop
      vertex 32.1024 -22.7892 37.4
      vertex 35 -25.7 37.4
      vertex 32.1549 -22.6784 37.4
    endloop
  endfacet
  facet normal -0 0 1
    outer loop
      vertex 32.0393 -22.8945 37.4
      vertex 35 -25.7 37.4
      vertex 32.1024 -22.7892 37.4
    endloop
  endfacet
  facet normal -0 0 1
    outer loop
      vertex 31.9663 -22.993 37.4
      vertex 35 -25.7 37.4
      vertex 32.0393 -22.8945 37.4
    endloop
  endfacet
  facet normal -0 0 1
    outer loop
      vertex 31.8839 -23.0839 37.4
      vertex 35 -25.7 37.4
      vertex 31.9663 -22.993 37.4
    endloop
  endfacet
  facet normal -0 0 1
    outer loop
      vertex 31.793 -23.1663 37.4
      vertex 35 -25.7 37.4
      vertex 31.8839 -23.0839 37.4
    endloop
  endfacet
  facet normal 0 0 1
    outer loop
      vertex 31.3921 -26.1807 37.4
      vertex 31.793 -23.1663 37.4
      vertex 31.6945 -23.2393 37.4
    endloop
  endfacet
  facet normal 0 0 1
    outer loop
      vertex 31.3921 -26.1807 37.4
      vertex 31.6945 -23.2393 37.4
      vertex 31.5892 -23.3024 37.4
    endloop
  endfacet
  facet normal 0 0 1
    outer loop
      vertex 31.3921 -26.1807 37.4
      vertex 31.5892 -23.3024 37.4
      vertex 31.4784 -23.3548 37.4
    endloop
  endfacet
  facet normal 0 0 1
    outer loop
      vertex 31.793 -23.1663 37.4
      vertex 31.3921 -26.1807 37.4
      vertex 35 -25.7 37.4
    endloop
  endfacet
  facet normal -0 0 1
    outer loop
      vertex 31.3629 -23.3962 37.4
      vertex 31.3921 -26.1807 37.4
      vertex 31.4784 -23.3548 37.4
    endloop
  endfacet
  facet normal -0 0 1
    outer loop
      vertex 31.2439 -23.426 37.4
      vertex 31.3921 -26.1807 37.4
      vertex 31.3629 -23.3962 37.4
    endloop
  endfacet
  facet normal -0 0 1
    outer loop
      vertex 31.1225 -23.444 37.4
      vertex 31.3921 -26.1807 37.4
      vertex 31.2439 -23.426 37.4
    endloop
  endfacet
  facet normal -0 0 1
    outer loop
      vertex 31 -23.45 37.4
      vertex 31.3921 -26.1807 37.4
      vertex 31.1225 -23.444 37.4
    endloop
  endfacet
  facet normal 0 0 1
    outer loop
      vertex 31 -23.45 37.4
      vertex 31 -26.2 37.4
      vertex 31.3921 -26.1807 37.4
    endloop
  endfacet
  facet normal 0 0 1
    outer loop
      vertex 30.8775 -23.444 37.4
      vertex 31 -26.2 37.4
      vertex 31 -23.45 37.4
    endloop
  endfacet
  facet normal 0 0 1
    outer loop
      vertex 30.6079 -26.1807 37.4
      vertex 30.8775 -23.444 37.4
      vertex 30.7561 -23.426 37.4
    endloop
  endfacet
  facet normal 0 0 1
    outer loop
      vertex 30.2196 -26.1231 37.4
      vertex 30.7561 -23.426 37.4
      vertex 30.6371 -23.3962 37.4
    endloop
  endfacet
  facet normal 0 0 1
    outer loop
      vertex 30.8775 -23.444 37.4
      vertex 30.6079 -26.1807 37.4
      vertex 31 -26.2 37.4
    endloop
  endfacet
  facet normal 0 0 1
    outer loop
      vertex 29.8389 -26.0278 37.4
      vertex 30.6371 -23.3962 37.4
      vertex 30.5216 -23.3548 37.4
    endloop
  endfacet
  facet normal 0 0 1
    outer loop
      vertex 29.4693 -25.8955 37.4
      vertex 30.5216 -23.3548 37.4
      vertex 30.4108 -23.3024 37.4
    endloop
  endfacet
  facet normal 0 0 1
    outer loop
      vertex 29.1144 -25.7277 37.4
      vertex 30.4108 -23.3024 37.4
      vertex 30.3055 -23.2393 37.4
    endloop
  endfacet
  facet normal 0 0 1
    outer loop
      vertex 30.7561 -23.426 37.4
      vertex 30.2196 -26.1231 37.4
      vertex 30.6079 -26.1807 37.4
    endloop
  endfacet
  facet normal 0 0 1
    outer loop
      vertex 28.7777 -25.5259 37.4
      vertex 30.3055 -23.2393 37.4
      vertex 30.207 -23.1663 37.4
    endloop
  endfacet
  facet normal 0 0 1
    outer loop
      vertex 28.4624 -25.292 37.4
      vertex 30.207 -23.1663 37.4
      vertex 30.1161 -23.0839 37.4
    endloop
  endfacet
  facet normal 0 0 1
    outer loop
      vertex 28.1716 -25.0284 37.4
      vertex 30.1161 -23.0839 37.4
      vertex 30.0337 -22.993 37.4
    endloop
  endfacet
  facet normal 0 0 1
    outer loop
      vertex 27.908 -24.7376 37.4
      vertex 30.0337 -22.993 37.4
      vertex 29.9607 -22.8945 37.4
    endloop
  endfacet
  facet normal 0 0 1
    outer loop
      vertex 27.6741 -24.4223 37.4
      vertex 29.9607 -22.8945 37.4
      vertex 29.8976 -22.7892 37.4
    endloop
  endfacet
  facet normal 0 0 1
    outer loop
      vertex 27.4723 -24.0856 37.4
      vertex 29.8976 -22.7892 37.4
      vertex 29.8451 -22.6784 37.4
    endloop
  endfacet
  facet normal 0 0 1
    outer loop
      vertex 30.6371 -23.3962 37.4
      vertex 29.8389 -26.0278 37.4
      vertex 30.2196 -26.1231 37.4
    endloop
  endfacet
  facet normal 0 0 1
    outer loop
      vertex 27.3045 -23.7307 37.4
      vertex 29.8451 -22.6784 37.4
      vertex 29.8038 -22.5629 37.4
    endloop
  endfacet
  facet normal 0 0 1
    outer loop
      vertex 27.1722 -23.3611 37.4
      vertex 29.8038 -22.5629 37.4
      vertex 29.774 -22.4439 37.4
    endloop
  endfacet
  facet normal 0 0 1
    outer loop
      vertex 27.0769 -22.9804 37.4
      vertex 29.774 -22.4439 37.4
      vertex 29.756 -22.3225 37.4
    endloop
  endfacet
  facet normal 0 0 1
    outer loop
      vertex 27.0193 -22.5921 37.4
      vertex 29.756 -22.3225 37.4
      vertex 29.75 -22.2 37.4
    endloop
  endfacet
  facet normal 0 0 1
    outer loop
      vertex 29.9607 -21.5055 37.4
      vertex 27.6741 -19.9777 37.4
      vertex 29.8976 -21.6108 37.4
    endloop
  endfacet
  facet normal 0 0 1
    outer loop
      vertex 30.5216 -23.3548 37.4
      vertex 29.4693 -25.8955 37.4
      vertex 29.8389 -26.0278 37.4
    endloop
  endfacet
  facet normal -0 0 1
    outer loop
      vertex 27.4723 -20.3144 37.4
      vertex 29.8976 -21.6108 37.4
      vertex 27.6741 -19.9777 37.4
    endloop
  endfacet
  facet normal 0 0 1
    outer loop
      vertex 30.4108 -23.3024 37.4
      vertex 29.1144 -25.7277 37.4
      vertex 29.4693 -25.8955 37.4
    endloop
  endfacet
  facet normal 0 0 1
    outer loop
      vertex 29.8976 -21.6108 37.4
      vertex 27.4723 -20.3144 37.4
      vertex 29.8451 -21.7216 37.4
    endloop
  endfacet
  facet normal 0 0 1
    outer loop
      vertex 30.3055 -23.2393 37.4
      vertex 28.7777 -25.5259 37.4
      vertex 29.1144 -25.7277 37.4
    endloop
  endfacet
  facet normal -0 0 1
    outer loop
      vertex 27.3045 -20.6693 37.4
      vertex 29.8451 -21.7216 37.4
      vertex 27.4723 -20.3144 37.4
    endloop
  endfacet
  facet normal 0 0 1
    outer loop
      vertex 30.207 -23.1663 37.4
      vertex 28.4624 -25.292 37.4
      vertex 28.7777 -25.5259 37.4
    endloop
  endfacet
  facet normal 0 0 1
    outer loop
      vertex 29.8451 -21.7216 37.4
      vertex 27.3045 -20.6693 37.4
      vertex 29.8038 -21.8371 37.4
    endloop
  endfacet
  facet normal 0 0 1
    outer loop
      vertex 30.1161 -23.0839 37.4
      vertex 28.1716 -25.0284 37.4
      vertex 28.4624 -25.292 37.4
    endloop
  endfacet
  facet normal -0 0 1
    outer loop
      vertex 27.1722 -21.0389 37.4
      vertex 29.8038 -21.8371 37.4
      vertex 27.3045 -20.6693 37.4
    endloop
  endfacet
  facet normal 0 0 1
    outer loop
      vertex 30.0337 -22.993 37.4
      vertex 27.908 -24.7376 37.4
      vertex 28.1716 -25.0284 37.4
    endloop
  endfacet
  facet normal 0 0 1
    outer loop
      vertex 29.8038 -21.8371 37.4
      vertex 27.1722 -21.0389 37.4
      vertex 29.774 -21.9561 37.4
    endloop
  endfacet
  facet normal 0 0 1
    outer loop
      vertex 29.9607 -22.8945 37.4
      vertex 27.6741 -24.4223 37.4
      vertex 27.908 -24.7376 37.4
    endloop
  endfacet
  facet normal -0 0 1
    outer loop
      vertex 27.0769 -21.4196 37.4
      vertex 29.774 -21.9561 37.4
      vertex 27.1722 -21.0389 37.4
    endloop
  endfacet
  facet normal 0 0 1
    outer loop
      vertex 29.8976 -22.7892 37.4
      vertex 27.4723 -24.0856 37.4
      vertex 27.6741 -24.4223 37.4
    endloop
  endfacet
  facet normal 0 0 1
    outer loop
      vertex 29.774 -21.9561 37.4
      vertex 27.0769 -21.4196 37.4
      vertex 29.756 -22.0775 37.4
    endloop
  endfacet
  facet normal 0 0 1
    outer loop
      vertex 29.8451 -22.6784 37.4
      vertex 27.3045 -23.7307 37.4
      vertex 27.4723 -24.0856 37.4
    endloop
  endfacet
  facet normal -0 0 1
    outer loop
      vertex 27.0193 -21.8079 37.4
      vertex 29.756 -22.0775 37.4
      vertex 27.0769 -21.4196 37.4
    endloop
  endfacet
  facet normal 0 0 1
    outer loop
      vertex 29.8038 -22.5629 37.4
      vertex 27.1722 -23.3611 37.4
      vertex 27.3045 -23.7307 37.4
    endloop
  endfacet
  facet normal 0 0 1
    outer loop
      vertex 29.756 -22.0775 37.4
      vertex 27.0193 -21.8079 37.4
      vertex 29.75 -22.2 37.4
    endloop
  endfacet
  facet normal 0 0 1
    outer loop
      vertex 29.774 -22.4439 37.4
      vertex 27.0769 -22.9804 37.4
      vertex 27.1722 -23.3611 37.4
    endloop
  endfacet
  facet normal 0 0 1
    outer loop
      vertex 27 -22.2 37.4
      vertex 29.75 -22.2 37.4
      vertex 27.0193 -21.8079 37.4
    endloop
  endfacet
  facet normal 0 0 1
    outer loop
      vertex 29.756 -22.3225 37.4
      vertex 27.0193 -22.5921 37.4
      vertex 27.0769 -22.9804 37.4
    endloop
  endfacet
  facet normal 0 0 1
    outer loop
      vertex 29.75 -22.2 37.4
      vertex 27 -22.2 37.4
      vertex 27.0193 -22.5921 37.4
    endloop
  endfacet
  facet normal 1 -0 0
    outer loop
      vertex 37.4 -35.7 37.4
      vertex 37.4 35.7 0
      vertex 37.4 35.7 37.4
    endloop
  endfacet
  facet normal 1 0 0
    outer loop
      vertex 37.4 35.7 0
      vertex 37.4 -35.7 37.4
      vertex 37.4 -35.7 0
    endloop
  endfacet
  facet normal -0 0 -1
    outer loop
      vertex -19.7917 -9.79023 0
      vertex -26.8905 -21.7239 0
      vertex -20.0046 -9.55543 0
    endloop
  endfacet
  facet normal 0 0 -1
    outer loop
      vertex -20.74 -7.5 0
      vertex -23.225 26.1903 0
      vertex -23.2 26.7 0
    endloop
  endfacet
  facet normal 0 0 -1
    outer loop
      vertex -27.3855 -21.5999 0
      vertex -20.0046 -9.55543 0
      vertex -26.8905 -21.7239 0
    endloop
  endfacet
  facet normal 0 0 -1
    outer loop
      vertex -20.74 -7.5 0
      vertex -23.2999 25.6855 0
      vertex -23.225 26.1903 0
    endloop
  endfacet
  facet normal -0 0 -1
    outer loop
      vertex -20.0046 -9.55543 0
      vertex -27.3855 -21.5999 0
      vertex -20.1933 -9.30091 0
    endloop
  endfacet
  facet normal 0 0 -1
    outer loop
      vertex -20.74 -7.5 0
      vertex -23.4239 25.1905 0
      vertex -23.2999 25.6855 0
    endloop
  endfacet
  facet normal -0 0 -1
    outer loop
      vertex -20.1933 -9.30091 0
      vertex -27.3855 -21.5999 0
      vertex -20.194 -9.30005 0
    endloop
  endfacet
  facet normal 0 0 -1
    outer loop
      vertex -20.74 -7.5 0
      vertex -23.5958 24.71 0
      vertex -23.4239 25.1905 0
    endloop
  endfacet
  facet normal 0 0 -1
    outer loop
      vertex -27.8903 -21.525 0
      vertex -20.194 -9.30005 0
      vertex -27.3855 -21.5999 0
    endloop
  endfacet
  facet normal 0 0 -1
    outer loop
      vertex -20.74 -7.5 0
      vertex -23.814 24.2487 0
      vertex -23.5958 24.71 0
    endloop
  endfacet
  facet normal -0 0 -1
    outer loop
      vertex -20.194 -9.30005 0
      vertex -27.8903 -21.525 0
      vertex -20.1945 -9.29912 0
    endloop
  endfacet
  facet normal 0 0 -1
    outer loop
      vertex -20.74 -7.5 0
      vertex -24.0764 23.811 0
      vertex -23.814 24.2487 0
    endloop
  endfacet
  facet normal -0 0 -1
    outer loop
      vertex -20.1945 -9.29912 0
      vertex -27.8903 -21.525 0
      vertex -20.3574 -9.02732 0
    endloop
  endfacet
  facet normal 0 0 -1
    outer loop
      vertex -20.74 -7.5 0
      vertex -24.3803 23.4012 0
      vertex -24.0764 23.811 0
    endloop
  endfacet
  facet normal 0 0 -1
    outer loop
      vertex -28.4 -21.5 0
      vertex -20.3574 -9.02732 0
      vertex -27.8903 -21.525 0
    endloop
  endfacet
  facet normal 0 0 -1
    outer loop
      vertex -20.74 -7.5 0
      vertex -24.723 23.023 0
      vertex -24.3803 23.4012 0
    endloop
  endfacet
  facet normal -0 0 -1
    outer loop
      vertex -20.3574 -9.02732 0
      vertex -28.4 -21.5 0
      vertex -20.4929 -8.74087 0
    endloop
  endfacet
  facet normal 0 0 -1
    outer loop
      vertex -20.74 -7.5 0
      vertex -25.1012 22.6803 0
      vertex -24.723 23.023 0
    endloop
  endfacet
  facet normal -0 0 -1
    outer loop
      vertex -20.4929 -8.74087 0
      vertex -28.4 -21.5 0
      vertex -20.4934 -8.73989 0
    endloop
  endfacet
  facet normal 0 0 -1
    outer loop
      vertex -20.74 -7.5 0
      vertex -25.511 22.3764 0
      vertex -25.1012 22.6803 0
    endloop
  endfacet
  facet normal 0 0 -1
    outer loop
      vertex -28.9097 -21.525 0
      vertex -20.4934 -8.73989 0
      vertex -28.4 -21.5 0
    endloop
  endfacet
  facet normal 0 0 -1
    outer loop
      vertex -20.74 -7.5 0
      vertex -25.9487 22.114 0
      vertex -25.511 22.3764 0
    endloop
  endfacet
  facet normal -0 0 -1
    outer loop
      vertex -20.4934 -8.73989 0
      vertex -28.9097 -21.525 0
      vertex -20.6001 -8.44154 0
    endloop
  endfacet
  facet normal 0 0 -1
    outer loop
      vertex -20.74 -7.5 0
      vertex -26.41 21.8958 0
      vertex -25.9487 22.114 0
    endloop
  endfacet
  facet normal -0 0 -1
    outer loop
      vertex -20.6001 -8.44154 0
      vertex -28.9097 -21.525 0
      vertex -20.6005 -8.44052 0
    endloop
  endfacet
  facet normal 0 0 -1
    outer loop
      vertex -20.74 -7.5 0
      vertex -26.8905 21.7239 0
      vertex -26.41 21.8958 0
    endloop
  endfacet
  facet normal 0 0 -1
    outer loop
      vertex -29.4145 -21.5999 0
      vertex -20.6005 -8.44052 0
      vertex -28.9097 -21.525 0
    endloop
  endfacet
  facet normal 0 0 -1
    outer loop
      vertex -20.74 -7.5 0
      vertex -27.3855 21.5999 0
      vertex -26.8905 21.7239 0
    endloop
  endfacet
  facet normal -0 0 -1
    outer loop
      vertex -20.6005 -8.44052 0
      vertex -29.4145 -21.5999 0
      vertex -20.6777 -8.13209 0
    endloop
  endfacet
  facet normal 0 0 -1
    outer loop
      vertex -20.74 -7.5 0
      vertex -27.8903 21.525 0
      vertex -27.3855 21.5999 0
    endloop
  endfacet
  facet normal 0 0 -1
    outer loop
      vertex -29.9095 -21.7239 0
      vertex -20.6777 -8.13209 0
      vertex -29.4145 -21.5999 0
    endloop
  endfacet
  facet normal 0 0 -1
    outer loop
      vertex -20.74 -7.5 0
      vertex -28.4 21.5 0
      vertex -27.8903 21.525 0
    endloop
  endfacet
  facet normal -0 0 -1
    outer loop
      vertex -20.6777 -8.13209 0
      vertex -29.9095 -21.7239 0
      vertex -20.7244 -7.81757 0
    endloop
  endfacet
  facet normal 0 0 -1
    outer loop
      vertex -20.74 -7.5 0
      vertex -28.9097 21.525 0
      vertex -28.4 21.5 0
    endloop
  endfacet
  facet normal -0 0 -1
    outer loop
      vertex -20.7244 -7.81757 0
      vertex -29.9095 -21.7239 0
      vertex -20.74 -7.5 0
    endloop
  endfacet
  facet normal 0 0 -1
    outer loop
      vertex -20.74 -7.5 0
      vertex -29.4145 21.5999 0
      vertex -28.9097 21.525 0
    endloop
  endfacet
  facet normal 0 0 -1
    outer loop
      vertex -30.39 -21.8958 0
      vertex -20.74 -7.5 0
      vertex -29.9095 -21.7239 0
    endloop
  endfacet
  facet normal 0 0 -1
    outer loop
      vertex -20.74 -7.5 0
      vertex -29.9095 21.7239 0
      vertex -29.4145 21.5999 0
    endloop
  endfacet
  facet normal 0 0 -1
    outer loop
      vertex -30.8513 -22.114 0
      vertex -20.74 -7.5 0
      vertex -30.39 -21.8958 0
    endloop
  endfacet
  facet normal 0 0 -1
    outer loop
      vertex -20.74 -7.5 0
      vertex -30.39 21.8958 0
      vertex -29.9095 21.7239 0
    endloop
  endfacet
  facet normal 0 0 -1
    outer loop
      vertex -31.289 -22.3764 0
      vertex -20.74 -7.5 0
      vertex -30.8513 -22.114 0
    endloop
  endfacet
  facet normal 0 0 -1
    outer loop
      vertex -20.74 -7.5 0
      vertex -30.8513 22.114 0
      vertex -30.39 21.8958 0
    endloop
  endfacet
  facet normal 0 0 -1
    outer loop
      vertex -31.289 22.3764 0
      vertex -20.74 -7.5 0
      vertex -31.289 -22.3764 0
    endloop
  endfacet
  facet normal 0 0 -1
    outer loop
      vertex -20.74 -7.5 0
      vertex -31.289 22.3764 0
      vertex -30.8513 22.114 0
    endloop
  endfacet
  facet normal 0 0 -1
    outer loop
      vertex -31.6988 -22.6803 0
      vertex -31.289 22.3764 0
      vertex -31.289 -22.3764 0
    endloop
  endfacet
  facet normal 0 0 -1
    outer loop
      vertex -31.6988 -22.6803 0
      vertex -31.6988 22.6803 0
      vertex -31.289 22.3764 0
    endloop
  endfacet
  facet normal 0 0 -1
    outer loop
      vertex -32.077 -23.023 0
      vertex -31.6988 22.6803 0
      vertex -31.6988 -22.6803 0
    endloop
  endfacet
  facet normal 0 0 -1
    outer loop
      vertex -32.077 -23.023 0
      vertex -32.077 23.023 0
      vertex -31.6988 22.6803 0
    endloop
  endfacet
  facet normal 0 0 -1
    outer loop
      vertex -32.4197 -23.4012 0
      vertex -32.077 23.023 0
      vertex -32.077 -23.023 0
    endloop
  endfacet
  facet normal 0 0 -1
    outer loop
      vertex -32.4197 -23.4012 0
      vertex -32.4197 23.4012 0
      vertex -32.077 23.023 0
    endloop
  endfacet
  facet normal 0 0 -1
    outer loop
      vertex -32.7236 -23.811 0
      vertex -32.4197 23.4012 0
      vertex -32.4197 -23.4012 0
    endloop
  endfacet
  facet normal 0 0 -1
    outer loop
      vertex -32.7236 -23.811 0
      vertex -32.7236 23.811 0
      vertex -32.4197 23.4012 0
    endloop
  endfacet
  facet normal 0 0 -1
    outer loop
      vertex -32.986 -24.2487 0
      vertex -32.7236 23.811 0
      vertex -32.7236 -23.811 0
    endloop
  endfacet
  facet normal 0 0 -1
    outer loop
      vertex -32.986 -24.2487 0
      vertex -32.986 24.2487 0
      vertex -32.7236 23.811 0
    endloop
  endfacet
  facet normal 0 0 -1
    outer loop
      vertex -33.2042 -24.71 0
      vertex -32.986 24.2487 0
      vertex -32.986 -24.2487 0
    endloop
  endfacet
  facet normal 0 0 -1
    outer loop
      vertex -33.2042 -24.71 0
      vertex -33.2042 24.71 0
      vertex -32.986 24.2487 0
    endloop
  endfacet
  facet normal 0 0 -1
    outer loop
      vertex -33.3761 -25.1905 0
      vertex -33.2042 24.71 0
      vertex -33.2042 -24.71 0
    endloop
  endfacet
  facet normal 0 0 -1
    outer loop
      vertex -33.3761 -25.1905 0
      vertex -33.3761 25.1905 0
      vertex -33.2042 24.71 0
    endloop
  endfacet
  facet normal 0 0 -1
    outer loop
      vertex -37.4 -35.7 0
      vertex -33.3761 -25.1905 0
      vertex -33.5001 -25.6855 0
    endloop
  endfacet
  facet normal -0 0 -1
    outer loop
      vertex -33.3761 -25.1905 0
      vertex -37.4 -35.7 0
      vertex -33.3761 25.1905 0
    endloop
  endfacet
  facet normal 0 0 -1
    outer loop
      vertex -37.4 -35.7 0
      vertex -33.5001 -25.6855 0
      vertex -33.575 -26.1903 0
    endloop
  endfacet
  facet normal 0 0 -1
    outer loop
      vertex -37.4 35.7 0
      vertex -33.3761 25.1905 0
      vertex -37.4 -35.7 0
    endloop
  endfacet
  facet normal 0 0 -1
    outer loop
      vertex -37.4 -35.7 0
      vertex -33.575 -26.1903 0
      vertex -33.6 -26.7 0
    endloop
  endfacet
  facet normal 0 0 -1
    outer loop
      vertex -33.3761 25.1905 0
      vertex -37.4 35.7 0
      vertex -33.5001 25.6855 0
    endloop
  endfacet
  facet normal 0 0 -1
    outer loop
      vertex 14.5071 -6.25913 0
      vertex -14.5071 -6.25913 0
      vertex 14.6426 -5.97267 0
    endloop
  endfacet
  facet normal 0 0 -1
    outer loop
      vertex 15.209 25.209 0
      vertex -14.2755 27.1835 0
      vertex -14.26 27.5 0
    endloop
  endfacet
  facet normal 0 0 -1
    outer loop
      vertex -14.6426 -5.97267 0
      vertex 14.6426 -5.97267 0
      vertex -14.5071 -6.25913 0
    endloop
  endfacet
  facet normal 0 0 -1
    outer loop
      vertex 15.209 25.209 0
      vertex -14.2756 27.1824 0
      vertex -14.2755 27.1835 0
    endloop
  endfacet
  facet normal 0 0 -1
    outer loop
      vertex 14.6426 -5.97267 0
      vertex -14.6426 -5.97267 0
      vertex 14.8055 -5.70087 0
    endloop
  endfacet
  facet normal 0 0 -1
    outer loop
      vertex 15.209 25.209 0
      vertex -14.2758 27.1814 0
      vertex -14.2756 27.1824 0
    endloop
  endfacet
  facet normal -0 0 -1
    outer loop
      vertex 14.8055 -5.70087 0
      vertex -14.6426 -5.97267 0
      vertex 14.806 -5.69995 0
    endloop
  endfacet
  facet normal 0 0 -1
    outer loop
      vertex 15.209 25.209 0
      vertex -14.3223 26.8679 0
      vertex -14.2758 27.1814 0
    endloop
  endfacet
  facet normal 0 0 -1
    outer loop
      vertex -14.8055 -5.70087 0
      vertex 14.806 -5.69995 0
      vertex -14.6426 -5.97267 0
    endloop
  endfacet
  facet normal 0 0 -1
    outer loop
      vertex 15.209 25.209 0
      vertex -14.3993 26.5605 0
      vertex -14.3223 26.8679 0
    endloop
  endfacet
  facet normal 0 0 -1
    outer loop
      vertex -14.806 -5.69995 0
      vertex 14.806 -5.69995 0
      vertex -14.8055 -5.70087 0
    endloop
  endfacet
  facet normal 0 0 -1
    outer loop
      vertex 15.209 25.209 0
      vertex -14.3995 26.5595 0
      vertex -14.3993 26.5605 0
    endloop
  endfacet
  facet normal 0 0 -1
    outer loop
      vertex 14.806 -5.69995 0
      vertex -14.806 -5.69995 0
      vertex 14.8067 -5.69909 0
    endloop
  endfacet
  facet normal 0 0 -1
    outer loop
      vertex 15.209 25.209 0
      vertex -14.3999 26.5585 0
      vertex -14.3995 26.5595 0
    endloop
  endfacet
  facet normal -0 0 -1
    outer loop
      vertex 14.8067 -5.69909 0
      vertex -14.806 -5.69995 0
      vertex 14.9954 -5.44456 0
    endloop
  endfacet
  facet normal 0 0 -1
    outer loop
      vertex 15.209 25.209 0
      vertex -14.5066 26.2601 0
      vertex -14.3999 26.5585 0
    endloop
  endfacet
  facet normal 0 0 -1
    outer loop
      vertex -14.8067 -5.69909 0
      vertex 14.9954 -5.44456 0
      vertex -14.806 -5.69995 0
    endloop
  endfacet
  facet normal 0 0 -1
    outer loop
      vertex 15.209 25.209 0
      vertex -14.5071 26.2591 0
      vertex -14.5066 26.2601 0
    endloop
  endfacet
  facet normal 0 0 -1
    outer loop
      vertex -14.9954 -5.44456 0
      vertex 14.9954 -5.44456 0
      vertex -14.8067 -5.69909 0
    endloop
  endfacet
  facet normal 0 0 -1
    outer loop
      vertex 15.209 25.209 0
      vertex -14.6426 25.9727 0
      vertex -14.5071 26.2591 0
    endloop
  endfacet
  facet normal 0 0 -1
    outer loop
      vertex 14.9954 -5.44456 0
      vertex -14.9954 -5.44456 0
      vertex 15.2083 -5.20977 0
    endloop
  endfacet
  facet normal 0 0 -1
    outer loop
      vertex 15.209 25.209 0
      vertex -14.8055 25.7009 0
      vertex -14.6426 25.9727 0
    endloop
  endfacet
  facet normal -0 0 -1
    outer loop
      vertex 15.2083 -5.20977 0
      vertex -14.9954 -5.44456 0
      vertex 15.209 -5.20897 0
    endloop
  endfacet
  facet normal 0 0 -1
    outer loop
      vertex 15.209 25.209 0
      vertex -14.806 25.7 0
      vertex -14.8055 25.7009 0
    endloop
  endfacet
  facet normal 0 0 -1
    outer loop
      vertex -15.2083 -5.20977 0
      vertex 15.209 -5.20897 0
      vertex -14.9954 -5.44456 0
    endloop
  endfacet
  facet normal 0 0 -1
    outer loop
      vertex 15.209 25.209 0
      vertex -14.8067 25.6991 0
      vertex -14.806 25.7 0
    endloop
  endfacet
  facet normal 0 0 -1
    outer loop
      vertex -15.209 -5.20897 0
      vertex 15.209 -5.20897 0
      vertex -15.2083 -5.20977 0
    endloop
  endfacet
  facet normal 0 0 -1
    outer loop
      vertex 15.209 25.209 0
      vertex -14.9954 25.4446 0
      vertex -14.8067 25.6991 0
    endloop
  endfacet
  facet normal 0 0 -1
    outer loop
      vertex 15.209 -5.20897 0
      vertex -15.209 -5.20897 0
      vertex 15.209 25.209 0
    endloop
  endfacet
  facet normal 0 0 -1
    outer loop
      vertex 15.209 25.209 0
      vertex -15.2083 25.2098 0
      vertex -14.9954 25.4446 0
    endloop
  endfacet
  facet normal 0 0 -1
    outer loop
      vertex -15.209 25.209 0
      vertex 15.209 25.209 0
      vertex -15.209 -5.20897 0
    endloop
  endfacet
  facet normal 0 0 -1
    outer loop
      vertex 15.209 25.209 0
      vertex -15.209 25.209 0
      vertex -15.2083 25.2098 0
    endloop
  endfacet
  facet normal 0 0 -1
    outer loop
      vertex -15.2098 -5.20825 0
      vertex -15.209 25.209 0
      vertex -15.209 -5.20897 0
    endloop
  endfacet
  facet normal 0 0 -1
    outer loop
      vertex -15.2098 -5.20825 0
      vertex -15.2098 25.2083 0
      vertex -15.209 25.209 0
    endloop
  endfacet
  facet normal 0 0 -1
    outer loop
      vertex -15.4446 -4.99545 0
      vertex -15.2098 25.2083 0
      vertex -15.2098 -5.20825 0
    endloop
  endfacet
  facet normal 0 0 -1
    outer loop
      vertex -15.4446 -4.99545 0
      vertex -15.4446 24.9954 0
      vertex -15.2098 25.2083 0
    endloop
  endfacet
  facet normal 0 0 -1
    outer loop
      vertex -15.6991 -4.80668 0
      vertex -15.4446 24.9954 0
      vertex -15.4446 -4.99545 0
    endloop
  endfacet
  facet normal 0 0 -1
    outer loop
      vertex -15.6991 -4.80668 0
      vertex -15.6991 24.8067 0
      vertex -15.4446 24.9954 0
    endloop
  endfacet
  facet normal 0 0 -1
    outer loop
      vertex -15.7 -4.80604 0
      vertex -15.6991 24.8067 0
      vertex -15.6991 -4.80668 0
    endloop
  endfacet
  facet normal 0 0 -1
    outer loop
      vertex -15.7 -4.80604 0
      vertex -15.7 24.806 0
      vertex -15.6991 24.8067 0
    endloop
  endfacet
  facet normal 0 0 -1
    outer loop
      vertex -15.7009 -4.80548 0
      vertex -15.7 24.806 0
      vertex -15.7 -4.80604 0
    endloop
  endfacet
  facet normal 0 0 -1
    outer loop
      vertex -15.7009 -4.80548 0
      vertex -15.7009 24.8055 0
      vertex -15.7 24.806 0
    endloop
  endfacet
  facet normal 0 0 -1
    outer loop
      vertex -15.9727 -4.64257 0
      vertex -15.7009 24.8055 0
      vertex -15.7009 -4.80548 0
    endloop
  endfacet
  facet normal 0 0 -1
    outer loop
      vertex -15.9727 -4.64257 0
      vertex -15.9727 24.6426 0
      vertex -15.7009 24.8055 0
    endloop
  endfacet
  facet normal 0 0 -1
    outer loop
      vertex -16.2591 -4.50709 0
      vertex -15.9727 24.6426 0
      vertex -15.9727 -4.64257 0
    endloop
  endfacet
  facet normal 0 0 -1
    outer loop
      vertex -16.2591 -4.50709 0
      vertex -16.2591 24.5071 0
      vertex -15.9727 24.6426 0
    endloop
  endfacet
  facet normal 0 0 -1
    outer loop
      vertex -16.2601 -4.50663 0
      vertex -16.2591 24.5071 0
      vertex -16.2591 -4.50709 0
    endloop
  endfacet
  facet normal 0 0 -1
    outer loop
      vertex -16.2601 -4.50663 0
      vertex -16.2601 24.5066 0
      vertex -16.2591 24.5071 0
    endloop
  endfacet
  facet normal 0 0 -1
    outer loop
      vertex -16.5585 -4.39987 0
      vertex -16.2601 24.5066 0
      vertex -16.2601 -4.50663 0
    endloop
  endfacet
  facet normal 0 0 -1
    outer loop
      vertex -16.5585 -4.39987 0
      vertex -16.5585 24.3999 0
      vertex -16.2601 24.5066 0
    endloop
  endfacet
  facet normal 0 0 -1
    outer loop
      vertex -16.5595 -4.39951 0
      vertex -16.5585 24.3999 0
      vertex -16.5585 -4.39987 0
    endloop
  endfacet
  facet normal 0 0 -1
    outer loop
      vertex -16.5595 -4.39951 0
      vertex -16.5595 24.3995 0
      vertex -16.5585 24.3999 0
    endloop
  endfacet
  facet normal 0 0 -1
    outer loop
      vertex -16.5605 -4.39925 0
      vertex -16.5595 24.3995 0
      vertex -16.5595 -4.39951 0
    endloop
  endfacet
  facet normal 0 0 -1
    outer loop
      vertex -16.5605 -4.39925 0
      vertex -16.5605 24.3993 0
      vertex -16.5595 24.3995 0
    endloop
  endfacet
  facet normal 0 0 -1
    outer loop
      vertex -16.8679 -4.32225 0
      vertex -16.5605 24.3993 0
      vertex -16.5605 -4.39925 0
    endloop
  endfacet
  facet normal 0 0 -1
    outer loop
      vertex -16.8679 -4.32225 0
      vertex -16.8679 24.3223 0
      vertex -16.5605 24.3993 0
    endloop
  endfacet
  facet normal 0 0 -1
    outer loop
      vertex -17.1814 -4.27576 0
      vertex -16.8679 24.3223 0
      vertex -16.8679 -4.32225 0
    endloop
  endfacet
  facet normal 0 0 -1
    outer loop
      vertex -17.1814 -4.27576 0
      vertex -17.1814 24.2758 0
      vertex -16.8679 24.3223 0
    endloop
  endfacet
  facet normal 0 0 -1
    outer loop
      vertex -17.1824 -4.2756 0
      vertex -17.1814 24.2758 0
      vertex -17.1814 -4.27576 0
    endloop
  endfacet
  facet normal 0 0 -1
    outer loop
      vertex -17.1824 -4.2756 0
      vertex -17.1824 24.2756 0
      vertex -17.1814 24.2758 0
    endloop
  endfacet
  facet normal 0 0 -1
    outer loop
      vertex -17.1835 -4.27555 0
      vertex -17.1824 24.2756 0
      vertex -17.1824 -4.2756 0
    endloop
  endfacet
  facet normal 0 0 -1
    outer loop
      vertex -17.1835 -4.27555 0
      vertex -17.1835 24.2755 0
      vertex -17.1824 24.2756 0
    endloop
  endfacet
  facet normal 0 0 -1
    outer loop
      vertex -17.5 -4.26 0
      vertex -17.1835 24.2755 0
      vertex -17.1835 -4.27555 0
    endloop
  endfacet
  facet normal 0 0 -1
    outer loop
      vertex -17.5 -4.26 0
      vertex -17.5 24.26 0
      vertex -17.1835 24.2755 0
    endloop
  endfacet
  facet normal 0 0 -1
    outer loop
      vertex -17.8165 -4.27555 0
      vertex -17.5 24.26 0
      vertex -17.5 -4.26 0
    endloop
  endfacet
  facet normal 0 0 -1
    outer loop
      vertex -17.8165 -4.27555 0
      vertex -17.8165 24.2755 0
      vertex -17.5 24.26 0
    endloop
  endfacet
  facet normal 0 0 -1
    outer loop
      vertex -17.8176 -4.2756 0
      vertex -17.8165 24.2755 0
      vertex -17.8165 -4.27555 0
    endloop
  endfacet
  facet normal 0 0 -1
    outer loop
      vertex -17.8176 -4.2756 0
      vertex -17.8176 24.2756 0
      vertex -17.8165 24.2755 0
    endloop
  endfacet
  facet normal 0 0 -1
    outer loop
      vertex -17.8186 -4.27576 0
      vertex -17.8176 24.2756 0
      vertex -17.8176 -4.2756 0
    endloop
  endfacet
  facet normal 0 0 -1
    outer loop
      vertex -17.8186 -4.27576 0
      vertex -17.8186 24.2758 0
      vertex -17.8176 24.2756 0
    endloop
  endfacet
  facet normal 0 0 -1
    outer loop
      vertex -18.1321 -4.32225 0
      vertex -17.8186 24.2758 0
      vertex -17.8186 -4.27576 0
    endloop
  endfacet
  facet normal 0 0 -1
    outer loop
      vertex -18.1321 -4.32225 0
      vertex -18.1321 24.3223 0
      vertex -17.8186 24.2758 0
    endloop
  endfacet
  facet normal 0 0 -1
    outer loop
      vertex -18.4395 -4.39925 0
      vertex -18.1321 24.3223 0
      vertex -18.1321 -4.32225 0
    endloop
  endfacet
  facet normal 0 0 -1
    outer loop
      vertex -18.4395 -4.39925 0
      vertex -18.4395 24.3993 0
      vertex -18.1321 24.3223 0
    endloop
  endfacet
  facet normal 0 0 -1
    outer loop
      vertex -18.4405 -4.39951 0
      vertex -18.4395 24.3993 0
      vertex -18.4395 -4.39925 0
    endloop
  endfacet
  facet normal 0 0 -1
    outer loop
      vertex -18.4405 -4.39951 0
      vertex -18.4405 24.3995 0
      vertex -18.4395 24.3993 0
    endloop
  endfacet
  facet normal 0 0 -1
    outer loop
      vertex -18.4415 -4.39987 0
      vertex -18.4405 24.3995 0
      vertex -18.4405 -4.39951 0
    endloop
  endfacet
  facet normal 0 0 -1
    outer loop
      vertex -18.4415 -4.39987 0
      vertex -18.4415 24.3999 0
      vertex -18.4405 24.3995 0
    endloop
  endfacet
  facet normal 0 0 -1
    outer loop
      vertex -18.7399 -4.50663 0
      vertex -18.4415 24.3999 0
      vertex -18.4415 -4.39987 0
    endloop
  endfacet
  facet normal 0 0 -1
    outer loop
      vertex -18.7399 -4.50663 0
      vertex -18.7399 24.5066 0
      vertex -18.4415 24.3999 0
    endloop
  endfacet
  facet normal 0 0 -1
    outer loop
      vertex -18.7409 -4.50709 0
      vertex -18.7399 24.5066 0
      vertex -18.7399 -4.50663 0
    endloop
  endfacet
  facet normal 0 0 -1
    outer loop
      vertex -18.7409 -4.50709 0
      vertex -18.7409 24.5071 0
      vertex -18.7399 24.5066 0
    endloop
  endfacet
  facet normal 0 0 -1
    outer loop
      vertex -19.0273 -4.64257 0
      vertex -18.7409 24.5071 0
      vertex -18.7409 -4.50709 0
    endloop
  endfacet
  facet normal 0 0 -1
    outer loop
      vertex -19.0273 -4.64257 0
      vertex -19.0273 24.6426 0
      vertex -18.7409 24.5071 0
    endloop
  endfacet
  facet normal 0 0 -1
    outer loop
      vertex -19.2991 -4.80548 0
      vertex -19.0273 24.6426 0
      vertex -19.0273 -4.64257 0
    endloop
  endfacet
  facet normal 0 0 -1
    outer loop
      vertex -19.2991 -4.80548 0
      vertex -19.2991 24.8055 0
      vertex -19.0273 24.6426 0
    endloop
  endfacet
  facet normal 0 0 -1
    outer loop
      vertex -19.3 -4.80604 0
      vertex -19.2991 24.8055 0
      vertex -19.2991 -4.80548 0
    endloop
  endfacet
  facet normal 0 0 -1
    outer loop
      vertex -19.3 -4.80604 0
      vertex -19.3 24.806 0
      vertex -19.2991 24.8055 0
    endloop
  endfacet
  facet normal 0 0 -1
    outer loop
      vertex -23.2 26.7 0
      vertex -19.3 -4.80604 0
      vertex -19.3009 -4.80668 0
    endloop
  endfacet
  facet normal 0 0 -1
    outer loop
      vertex -19.3 -4.80604 0
      vertex -23.2 26.7 0
      vertex -19.3 24.806 0
    endloop
  endfacet
  facet normal 0 0 -1
    outer loop
      vertex -23.2 26.7 0
      vertex -19.3009 -4.80668 0
      vertex -19.5554 -4.99545 0
    endloop
  endfacet
  facet normal 0 0 -1
    outer loop
      vertex -19.3 24.806 0
      vertex -23.2 26.7 0
      vertex -19.3009 24.8067 0
    endloop
  endfacet
  facet normal 0 0 -1
    outer loop
      vertex -23.2 26.7 0
      vertex -19.5554 -4.99545 0
      vertex -19.7902 -5.20825 0
    endloop
  endfacet
  facet normal 0 0 -1
    outer loop
      vertex -19.3009 24.8067 0
      vertex -23.2 26.7 0
      vertex -19.5554 24.9954 0
    endloop
  endfacet
  facet normal 0 0 -1
    outer loop
      vertex -23.2 26.7 0
      vertex -19.7902 -5.20825 0
      vertex -19.791 -5.20897 0
    endloop
  endfacet
  facet normal 0 0 -1
    outer loop
      vertex -19.5554 24.9954 0
      vertex -23.2 26.7 0
      vertex -19.7902 25.2083 0
    endloop
  endfacet
  facet normal 0 0 -1
    outer loop
      vertex -23.2 26.7 0
      vertex -19.791 -5.20897 0
      vertex -19.7917 -5.20977 0
    endloop
  endfacet
  facet normal 0 0 -1
    outer loop
      vertex -19.7902 25.2083 0
      vertex -23.2 26.7 0
      vertex -19.791 25.209 0
    endloop
  endfacet
  facet normal 0 0 -1
    outer loop
      vertex -23.2 26.7 0
      vertex -19.7917 -5.20977 0
      vertex -20.0046 -5.44456 0
    endloop
  endfacet
  facet normal 0 0 -1
    outer loop
      vertex -19.791 25.209 0
      vertex -23.2 26.7 0
      vertex -19.7917 25.2098 0
    endloop
  endfacet
  facet normal 0 0 -1
    outer loop
      vertex -23.2 26.7 0
      vertex -20.0046 -5.44456 0
      vertex -20.1933 -5.69909 0
    endloop
  endfacet
  facet normal 0 0 -1
    outer loop
      vertex -19.7917 25.2098 0
      vertex -23.2 26.7 0
      vertex -20.0046 25.4446 0
    endloop
  endfacet
  facet normal 0 0 -1
    outer loop
      vertex -23.2 26.7 0
      vertex -20.1933 -5.69909 0
      vertex -20.194 -5.69995 0
    endloop
  endfacet
  facet normal 0 0 -1
    outer loop
      vertex -20.0046 25.4446 0
      vertex -23.2 26.7 0
      vertex -20.1933 25.6991 0
    endloop
  endfacet
  facet normal 0 0 -1
    outer loop
      vertex -23.2 26.7 0
      vertex -20.194 -5.69995 0
      vertex -20.1945 -5.70087 0
    endloop
  endfacet
  facet normal 0 0 -1
    outer loop
      vertex -20.1933 25.6991 0
      vertex -23.2 26.7 0
      vertex -20.194 25.7 0
    endloop
  endfacet
  facet normal 0 0 -1
    outer loop
      vertex -23.2 26.7 0
      vertex -20.1945 -5.70087 0
      vertex -20.3574 -5.97267 0
    endloop
  endfacet
  facet normal 0 0 -1
    outer loop
      vertex -20.194 25.7 0
      vertex -23.2 26.7 0
      vertex -20.1945 25.7009 0
    endloop
  endfacet
  facet normal 0 0 -1
    outer loop
      vertex -23.2 26.7 0
      vertex -20.3574 -5.97267 0
      vertex -20.4929 -6.25913 0
    endloop
  endfacet
  facet normal 0 0 -1
    outer loop
      vertex -20.1945 25.7009 0
      vertex -23.2 26.7 0
      vertex -20.3574 25.9727 0
    endloop
  endfacet
  facet normal 0 0 -1
    outer loop
      vertex -23.2 26.7 0
      vertex -20.4929 -6.25913 0
      vertex -20.4934 -6.2601 0
    endloop
  endfacet
  facet normal 0 0 -1
    outer loop
      vertex -20.3574 25.9727 0
      vertex -23.2 26.7 0
      vertex -20.4929 26.2591 0
    endloop
  endfacet
  facet normal 0 0 -1
    outer loop
      vertex -23.2 26.7 0
      vertex -20.4934 -6.2601 0
      vertex -20.6001 -6.55846 0
    endloop
  endfacet
  facet normal 0 0 -1
    outer loop
      vertex -20.4929 26.2591 0
      vertex -23.2 26.7 0
      vertex -20.4934 26.2601 0
    endloop
  endfacet
  facet normal 0 0 -1
    outer loop
      vertex -23.2 26.7 0
      vertex -20.6001 -6.55846 0
      vertex -20.6005 -6.55948 0
    endloop
  endfacet
  facet normal 0 0 -1
    outer loop
      vertex -20.4934 26.2601 0
      vertex -23.2 26.7 0
      vertex -20.6001 26.5585 0
    endloop
  endfacet
  facet normal 0 0 -1
    outer loop
      vertex -23.2 26.7 0
      vertex -20.6005 -6.55948 0
      vertex -20.6007 -6.56052 0
    endloop
  endfacet
  facet normal 0 0 -1
    outer loop
      vertex -20.6001 26.5585 0
      vertex -23.2 26.7 0
      vertex -20.6005 26.5595 0
    endloop
  endfacet
  facet normal 0 0 -1
    outer loop
      vertex -23.2 26.7 0
      vertex -20.6007 -6.56052 0
      vertex -20.6777 -6.86791 0
    endloop
  endfacet
  facet normal 0 0 -1
    outer loop
      vertex -20.6005 26.5595 0
      vertex -23.2 26.7 0
      vertex -20.6007 26.5605 0
    endloop
  endfacet
  facet normal 0 0 -1
    outer loop
      vertex -23.2 26.7 0
      vertex -20.6777 -6.86791 0
      vertex -20.7242 -7.18136 0
    endloop
  endfacet
  facet normal 0 0 -1
    outer loop
      vertex -20.6007 26.5605 0
      vertex -23.2 26.7 0
      vertex -20.6777 26.8679 0
    endloop
  endfacet
  facet normal 0 0 -1
    outer loop
      vertex -23.2 26.7 0
      vertex -20.7242 -7.18136 0
      vertex -20.7244 -7.18242 0
    endloop
  endfacet
  facet normal -0 0 -1
    outer loop
      vertex -20.6777 26.8679 0
      vertex -23.2 26.7 0
      vertex -20.7242 27.1814 0
    endloop
  endfacet
  facet normal 0 0 -1
    outer loop
      vertex -23.2 26.7 0
      vertex -20.7244 -7.18242 0
      vertex -20.7245 -7.1835 0
    endloop
  endfacet
  facet normal -0 0 -1
    outer loop
      vertex -20.7242 27.1814 0
      vertex -23.2 26.7 0
      vertex -20.7244 27.1824 0
    endloop
  endfacet
  facet normal 0 0 -1
    outer loop
      vertex -23.2 26.7 0
      vertex -20.7245 -7.1835 0
      vertex -20.74 -7.5 0
    endloop
  endfacet
  facet normal 0 0 -1
    outer loop
      vertex -23.225 27.2097 0
      vertex -20.7244 27.1824 0
      vertex -23.2 26.7 0
    endloop
  endfacet
  facet normal 0 0 -1
    outer loop
      vertex 29.9095 21.7239 0
      vertex 20.0046 -5.44456 0
      vertex 29.4145 21.5999 0
    endloop
  endfacet
  facet normal 0 0 -1
    outer loop
      vertex 24.0764 23.811 0
      vertex 20.7245 27.1835 0
      vertex 20.74 27.5 0
    endloop
  endfacet
  facet normal 0 0 -1
    outer loop
      vertex 19.7917 -5.20977 0
      vertex 29.4145 21.5999 0
      vertex 20.0046 -5.44456 0
    endloop
  endfacet
  facet normal 0 0 -1
    outer loop
      vertex 24.0764 23.811 0
      vertex 20.7244 27.1824 0
      vertex 20.7245 27.1835 0
    endloop
  endfacet
  facet normal 0 0 -1
    outer loop
      vertex 19.791 -5.20897 0
      vertex 29.4145 21.5999 0
      vertex 19.7917 -5.20977 0
    endloop
  endfacet
  facet normal 0 0 -1
    outer loop
      vertex 24.0764 23.811 0
      vertex 20.7242 27.1814 0
      vertex 20.7244 27.1824 0
    endloop
  endfacet
  facet normal 0 0 -1
    outer loop
      vertex 29.4145 21.5999 0
      vertex 19.791 -5.20897 0
      vertex 28.9097 21.525 0
    endloop
  endfacet
  facet normal 0 0 -1
    outer loop
      vertex 24.0764 23.811 0
      vertex 20.6777 26.8679 0
      vertex 20.7242 27.1814 0
    endloop
  endfacet
  facet normal 0 0 -1
    outer loop
      vertex 19.7902 -5.20825 0
      vertex 28.9097 21.525 0
      vertex 19.791 -5.20897 0
    endloop
  endfacet
  facet normal 0 0 -1
    outer loop
      vertex 24.0764 23.811 0
      vertex 20.6007 26.5605 0
      vertex 20.6777 26.8679 0
    endloop
  endfacet
  facet normal 0 0 -1
    outer loop
      vertex 19.5554 -4.99545 0
      vertex 28.9097 21.525 0
      vertex 19.7902 -5.20825 0
    endloop
  endfacet
  facet normal 0 0 -1
    outer loop
      vertex 24.0764 23.811 0
      vertex 20.6005 26.5595 0
      vertex 20.6007 26.5605 0
    endloop
  endfacet
  facet normal 0 0 -1
    outer loop
      vertex 28.9097 21.525 0
      vertex 19.5554 -4.99545 0
      vertex 28.4 21.5 0
    endloop
  endfacet
  facet normal 0 0 -1
    outer loop
      vertex 24.0764 23.811 0
      vertex 20.6001 26.5585 0
      vertex 20.6005 26.5595 0
    endloop
  endfacet
  facet normal 0 0 -1
    outer loop
      vertex 19.3009 -4.80668 0
      vertex 28.4 21.5 0
      vertex 19.5554 -4.99545 0
    endloop
  endfacet
  facet normal 0 0 -1
    outer loop
      vertex 24.0764 23.811 0
      vertex 20.4934 26.2601 0
      vertex 20.6001 26.5585 0
    endloop
  endfacet
  facet normal 0 0 -1
    outer loop
      vertex 19.3 -4.80604 0
      vertex 28.4 21.5 0
      vertex 19.3009 -4.80668 0
    endloop
  endfacet
  facet normal 0 0 -1
    outer loop
      vertex 24.0764 23.811 0
      vertex 20.4929 26.2591 0
      vertex 20.4934 26.2601 0
    endloop
  endfacet
  facet normal -0 0 -1
    outer loop
      vertex 28.4 21.5 0
      vertex 19.3 -4.80604 0
      vertex 27.8903 21.525 0
    endloop
  endfacet
  facet normal 0 0 -1
    outer loop
      vertex 24.0764 23.811 0
      vertex 20.3574 25.9727 0
      vertex 20.4929 26.2591 0
    endloop
  endfacet
  facet normal 0 0 -1
    outer loop
      vertex 19.2991 -4.80548 0
      vertex 27.8903 21.525 0
      vertex 19.3 -4.80604 0
    endloop
  endfacet
  facet normal 0 0 -1
    outer loop
      vertex 24.0764 23.811 0
      vertex 20.1945 25.7009 0
      vertex 20.3574 25.9727 0
    endloop
  endfacet
  facet normal 0 0 -1
    outer loop
      vertex 19.0273 -4.64257 0
      vertex 27.8903 21.525 0
      vertex 19.2991 -4.80548 0
    endloop
  endfacet
  facet normal 0 0 -1
    outer loop
      vertex 24.0764 23.811 0
      vertex 20.194 25.7 0
      vertex 20.1945 25.7009 0
    endloop
  endfacet
  facet normal -0 0 -1
    outer loop
      vertex 27.8903 21.525 0
      vertex 19.0273 -4.64257 0
      vertex 27.3855 21.5999 0
    endloop
  endfacet
  facet normal 0 0 -1
    outer loop
      vertex 24.0764 23.811 0
      vertex 20.1933 25.6991 0
      vertex 20.194 25.7 0
    endloop
  endfacet
  facet normal 0 0 -1
    outer loop
      vertex 18.7409 -4.50709 0
      vertex 27.3855 21.5999 0
      vertex 19.0273 -4.64257 0
    endloop
  endfacet
  facet normal 0 0 -1
    outer loop
      vertex 24.0764 23.811 0
      vertex 20.0046 25.4446 0
      vertex 20.1933 25.6991 0
    endloop
  endfacet
  facet normal 0 0 -1
    outer loop
      vertex 18.7399 -4.50663 0
      vertex 27.3855 21.5999 0
      vertex 18.7409 -4.50709 0
    endloop
  endfacet
  facet normal 0 0 -1
    outer loop
      vertex 24.0764 23.811 0
      vertex 19.7917 25.2098 0
      vertex 20.0046 25.4446 0
    endloop
  endfacet
  facet normal -0 0 -1
    outer loop
      vertex 27.3855 21.5999 0
      vertex 18.7399 -4.50663 0
      vertex 26.8905 21.7239 0
    endloop
  endfacet
  facet normal 0 0 -1
    outer loop
      vertex 24.0764 23.811 0
      vertex 19.791 25.209 0
      vertex 19.7917 25.2098 0
    endloop
  endfacet
  facet normal 0 0 -1
    outer loop
      vertex 18.4415 -4.39987 0
      vertex 26.8905 21.7239 0
      vertex 18.7399 -4.50663 0
    endloop
  endfacet
  facet normal 0 0 -1
    outer loop
      vertex 24.0764 23.811 0
      vertex 19.7902 25.2083 0
      vertex 19.791 25.209 0
    endloop
  endfacet
  facet normal 0 0 -1
    outer loop
      vertex 18.4405 -4.39951 0
      vertex 26.8905 21.7239 0
      vertex 18.4415 -4.39987 0
    endloop
  endfacet
  facet normal 0 0 -1
    outer loop
      vertex 24.0764 23.811 0
      vertex 19.5554 24.9954 0
      vertex 19.7902 25.2083 0
    endloop
  endfacet
  facet normal -0 0 -1
    outer loop
      vertex 26.8905 21.7239 0
      vertex 18.4405 -4.39951 0
      vertex 26.41 21.8958 0
    endloop
  endfacet
  facet normal 0 0 -1
    outer loop
      vertex 24.0764 23.811 0
      vertex 19.3009 24.8067 0
      vertex 19.5554 24.9954 0
    endloop
  endfacet
  facet normal 0 0 -1
    outer loop
      vertex 18.4395 -4.39925 0
      vertex 26.41 21.8958 0
      vertex 18.4405 -4.39951 0
    endloop
  endfacet
  facet normal 0 0 -1
    outer loop
      vertex 24.0764 23.811 0
      vertex 19.3 24.806 0
      vertex 19.3009 24.8067 0
    endloop
  endfacet
  facet normal 0 0 -1
    outer loop
      vertex 18.1321 -4.32225 0
      vertex 26.41 21.8958 0
      vertex 18.4395 -4.39925 0
    endloop
  endfacet
  facet normal 0 0 -1
    outer loop
      vertex 24.0764 23.811 0
      vertex 19.2991 24.8055 0
      vertex 19.3 24.806 0
    endloop
  endfacet
  facet normal -0 0 -1
    outer loop
      vertex 26.41 21.8958 0
      vertex 18.1321 -4.32225 0
      vertex 25.9487 22.114 0
    endloop
  endfacet
  facet normal 0 0 -1
    outer loop
      vertex 24.0764 23.811 0
      vertex 19.0273 24.6426 0
      vertex 19.2991 24.8055 0
    endloop
  endfacet
  facet normal 0 0 -1
    outer loop
      vertex 17.8186 -4.27576 0
      vertex 25.9487 22.114 0
      vertex 18.1321 -4.32225 0
    endloop
  endfacet
  facet normal 0 0 -1
    outer loop
      vertex 24.3803 23.4012 0
      vertex 19.0273 24.6426 0
      vertex 24.0764 23.811 0
    endloop
  endfacet
  facet normal 0 0 -1
    outer loop
      vertex 17.8176 -4.2756 0
      vertex 25.9487 22.114 0
      vertex 17.8186 -4.27576 0
    endloop
  endfacet
  facet normal 0 -0 -1
    outer loop
      vertex 19.0273 24.6426 0
      vertex 24.3803 23.4012 0
      vertex 18.7409 24.5071 0
    endloop
  endfacet
  facet normal -0 0 -1
    outer loop
      vertex 25.9487 22.114 0
      vertex 17.8176 -4.2756 0
      vertex 25.511 22.3764 0
    endloop
  endfacet
  facet normal 0 -0 -1
    outer loop
      vertex 18.7409 24.5071 0
      vertex 24.3803 23.4012 0
      vertex 18.7399 24.5066 0
    endloop
  endfacet
  facet normal 0 0 -1
    outer loop
      vertex 17.8165 -4.27555 0
      vertex 25.511 22.3764 0
      vertex 17.8176 -4.2756 0
    endloop
  endfacet
  facet normal 0 0 -1
    outer loop
      vertex 24.723 23.023 0
      vertex 18.7399 24.5066 0
      vertex 24.3803 23.4012 0
    endloop
  endfacet
  facet normal 0 -0 -1
    outer loop
      vertex 17.8186 24.2758 0
      vertex 25.511 22.3764 0
      vertex 17.8176 24.2756 0
    endloop
  endfacet
  facet normal 0 -0 -1
    outer loop
      vertex 18.7399 24.5066 0
      vertex 24.723 23.023 0
      vertex 18.4415 24.3999 0
    endloop
  endfacet
  facet normal 0 -0 -1
    outer loop
      vertex 18.1321 24.3223 0
      vertex 25.511 22.3764 0
      vertex 17.8186 24.2758 0
    endloop
  endfacet
  facet normal 0 -0 -1
    outer loop
      vertex 18.4415 24.3999 0
      vertex 24.723 23.023 0
      vertex 18.4405 24.3995 0
    endloop
  endfacet
  facet normal 0 -0 -1
    outer loop
      vertex 18.4405 24.3995 0
      vertex 25.1012 22.6803 0
      vertex 18.4395 24.3993 0
    endloop
  endfacet
  facet normal 0 0 -1
    outer loop
      vertex 25.1012 22.6803 0
      vertex 18.4405 24.3995 0
      vertex 24.723 23.023 0
    endloop
  endfacet
  facet normal 0 0 -1
    outer loop
      vertex 25.511 22.3764 0
      vertex 18.1321 24.3223 0
      vertex 25.1012 22.6803 0
    endloop
  endfacet
  facet normal 0 -0 -1
    outer loop
      vertex 18.4395 24.3993 0
      vertex 25.1012 22.6803 0
      vertex 18.1321 24.3223 0
    endloop
  endfacet
  facet normal 0 0 -1
    outer loop
      vertex 17.8165 24.2755 0
      vertex 25.511 22.3764 0
      vertex 17.8165 -4.27555 0
    endloop
  endfacet
  facet normal 0 0 -1
    outer loop
      vertex 25.511 22.3764 0
      vertex 17.8165 24.2755 0
      vertex 17.8176 24.2756 0
    endloop
  endfacet
  facet normal 0 0 -1
    outer loop
      vertex 17.5 -4.26 0
      vertex 17.8165 24.2755 0
      vertex 17.8165 -4.27555 0
    endloop
  endfacet
  facet normal 0 0 -1
    outer loop
      vertex 17.5 -4.26 0
      vertex 17.5 24.26 0
      vertex 17.8165 24.2755 0
    endloop
  endfacet
  facet normal 0 0 -1
    outer loop
      vertex 17.1835 -4.27555 0
      vertex 17.5 24.26 0
      vertex 17.5 -4.26 0
    endloop
  endfacet
  facet normal 0 0 -1
    outer loop
      vertex 17.1835 -4.27555 0
      vertex 17.1835 24.2755 0
      vertex 17.5 24.26 0
    endloop
  endfacet
  facet normal 0 0 -1
    outer loop
      vertex 17.1824 -4.2756 0
      vertex 17.1835 24.2755 0
      vertex 17.1835 -4.27555 0
    endloop
  endfacet
  facet normal 0 0 -1
    outer loop
      vertex 17.1824 -4.2756 0
      vertex 17.1824 24.2756 0
      vertex 17.1835 24.2755 0
    endloop
  endfacet
  facet normal 0 0 -1
    outer loop
      vertex 17.1814 -4.27576 0
      vertex 17.1824 24.2756 0
      vertex 17.1824 -4.2756 0
    endloop
  endfacet
  facet normal 0 0 -1
    outer loop
      vertex 17.1814 -4.27576 0
      vertex 17.1814 24.2758 0
      vertex 17.1824 24.2756 0
    endloop
  endfacet
  facet normal 0 0 -1
    outer loop
      vertex 16.8679 -4.32225 0
      vertex 17.1814 24.2758 0
      vertex 17.1814 -4.27576 0
    endloop
  endfacet
  facet normal 0 0 -1
    outer loop
      vertex 16.8679 -4.32225 0
      vertex 16.8679 24.3223 0
      vertex 17.1814 24.2758 0
    endloop
  endfacet
  facet normal 0 0 -1
    outer loop
      vertex 16.5605 -4.39925 0
      vertex 16.8679 24.3223 0
      vertex 16.8679 -4.32225 0
    endloop
  endfacet
  facet normal 0 0 -1
    outer loop
      vertex 16.5605 -4.39925 0
      vertex 16.5605 24.3993 0
      vertex 16.8679 24.3223 0
    endloop
  endfacet
  facet normal 0 0 -1
    outer loop
      vertex 16.5595 -4.39951 0
      vertex 16.5605 24.3993 0
      vertex 16.5605 -4.39925 0
    endloop
  endfacet
  facet normal 0 0 -1
    outer loop
      vertex 16.5595 -4.39951 0
      vertex 16.5595 24.3995 0
      vertex 16.5605 24.3993 0
    endloop
  endfacet
  facet normal 0 0 -1
    outer loop
      vertex 16.5585 -4.39987 0
      vertex 16.5595 24.3995 0
      vertex 16.5595 -4.39951 0
    endloop
  endfacet
  facet normal 0 0 -1
    outer loop
      vertex 16.5585 -4.39987 0
      vertex 16.5585 24.3999 0
      vertex 16.5595 24.3995 0
    endloop
  endfacet
  facet normal 0 0 -1
    outer loop
      vertex 16.2601 -4.50663 0
      vertex 16.5585 24.3999 0
      vertex 16.5585 -4.39987 0
    endloop
  endfacet
  facet normal 0 0 -1
    outer loop
      vertex 16.2601 -4.50663 0
      vertex 16.2601 24.5066 0
      vertex 16.5585 24.3999 0
    endloop
  endfacet
  facet normal 0 0 -1
    outer loop
      vertex 16.2591 -4.50709 0
      vertex 16.2601 24.5066 0
      vertex 16.2601 -4.50663 0
    endloop
  endfacet
  facet normal 0 0 -1
    outer loop
      vertex 16.2591 -4.50709 0
      vertex 16.2591 24.5071 0
      vertex 16.2601 24.5066 0
    endloop
  endfacet
  facet normal 0 0 -1
    outer loop
      vertex 15.9727 -4.64257 0
      vertex 16.2591 24.5071 0
      vertex 16.2591 -4.50709 0
    endloop
  endfacet
  facet normal 0 0 -1
    outer loop
      vertex 15.9727 -4.64257 0
      vertex 15.9727 24.6426 0
      vertex 16.2591 24.5071 0
    endloop
  endfacet
  facet normal 0 0 -1
    outer loop
      vertex 15.7009 -4.80548 0
      vertex 15.9727 24.6426 0
      vertex 15.9727 -4.64257 0
    endloop
  endfacet
  facet normal 0 0 -1
    outer loop
      vertex 15.7009 -4.80548 0
      vertex 15.7009 24.8055 0
      vertex 15.9727 24.6426 0
    endloop
  endfacet
  facet normal 0 0 -1
    outer loop
      vertex 15.7 -4.80604 0
      vertex 15.7009 24.8055 0
      vertex 15.7009 -4.80548 0
    endloop
  endfacet
  facet normal 0 0 -1
    outer loop
      vertex 15.7 -4.80604 0
      vertex 15.7 24.806 0
      vertex 15.7009 24.8055 0
    endloop
  endfacet
  facet normal 0 0 -1
    outer loop
      vertex 15.6991 -4.80668 0
      vertex 15.7 24.806 0
      vertex 15.7 -4.80604 0
    endloop
  endfacet
  facet normal 0 0 -1
    outer loop
      vertex 15.6991 -4.80668 0
      vertex 15.6991 24.8067 0
      vertex 15.7 24.806 0
    endloop
  endfacet
  facet normal 0 0 -1
    outer loop
      vertex 15.4446 -4.99545 0
      vertex 15.6991 24.8067 0
      vertex 15.6991 -4.80668 0
    endloop
  endfacet
  facet normal 0 0 -1
    outer loop
      vertex 15.4446 -4.99545 0
      vertex 15.4446 24.9954 0
      vertex 15.6991 24.8067 0
    endloop
  endfacet
  facet normal 0 0 -1
    outer loop
      vertex 15.2098 -5.20825 0
      vertex 15.4446 24.9954 0
      vertex 15.4446 -4.99545 0
    endloop
  endfacet
  facet normal 0 0 -1
    outer loop
      vertex 15.2098 -5.20825 0
      vertex 15.2098 25.2083 0
      vertex 15.4446 24.9954 0
    endloop
  endfacet
  facet normal 0 0 -1
    outer loop
      vertex 15.209 -5.20897 0
      vertex 15.2098 25.2083 0
      vertex 15.2098 -5.20825 0
    endloop
  endfacet
  facet normal 0 0 -1
    outer loop
      vertex 15.209 -5.20897 0
      vertex 15.209 25.209 0
      vertex 15.2098 25.2083 0
    endloop
  endfacet
  facet normal 0 0 -1
    outer loop
      vertex -14.5066 -6.2601 0
      vertex 14.5066 -6.2601 0
      vertex -14.3999 -6.55846 0
    endloop
  endfacet
  facet normal 0 0 -1
    outer loop
      vertex 14.5066 -6.2601 0
      vertex -14.5066 -6.2601 0
      vertex 14.5071 -6.25913 0
    endloop
  endfacet
  facet normal 0 0 -1
    outer loop
      vertex 14.3999 -6.55846 0
      vertex -14.3999 -6.55846 0
      vertex 14.5066 -6.2601 0
    endloop
  endfacet
  facet normal 0 0 -1
    outer loop
      vertex -14.5071 -6.25913 0
      vertex 14.5071 -6.25913 0
      vertex -14.5066 -6.2601 0
    endloop
  endfacet
  facet normal 0 0 -1
    outer loop
      vertex -14.3999 -6.55846 0
      vertex 14.3999 -6.55846 0
      vertex -14.3995 -6.55948 0
    endloop
  endfacet
  facet normal 0 0 -1
    outer loop
      vertex 15.209 25.209 0
      vertex -14.26 27.5 0
      vertex 15.2083 25.2098 0
    endloop
  endfacet
  facet normal 0 0 -1
    outer loop
      vertex 14.3995 -6.55948 0
      vertex -14.3995 -6.55948 0
      vertex 14.3999 -6.55846 0
    endloop
  endfacet
  facet normal 0 0 -1
    outer loop
      vertex 15.2083 25.2098 0
      vertex -14.26 27.5 0
      vertex 14.9954 25.4446 0
    endloop
  endfacet
  facet normal 0 0 -1
    outer loop
      vertex -14.3995 -6.55948 0
      vertex 14.3995 -6.55948 0
      vertex -14.3993 -6.56052 0
    endloop
  endfacet
  facet normal 0 0 -1
    outer loop
      vertex 14.9954 25.4446 0
      vertex -14.26 27.5 0
      vertex 14.8067 25.6991 0
    endloop
  endfacet
  facet normal 0 0 -1
    outer loop
      vertex 14.3993 -6.56052 0
      vertex -14.3993 -6.56052 0
      vertex 14.3995 -6.55948 0
    endloop
  endfacet
  facet normal 0 0 -1
    outer loop
      vertex 14.8067 25.6991 0
      vertex -14.26 27.5 0
      vertex 14.806 25.7 0
    endloop
  endfacet
  facet normal 0 0 -1
    outer loop
      vertex -14.3993 -6.56052 0
      vertex 14.3993 -6.56052 0
      vertex -14.3223 -6.86791 0
    endloop
  endfacet
  facet normal 0 0 -1
    outer loop
      vertex 14.806 25.7 0
      vertex -14.26 27.5 0
      vertex 14.8055 25.7009 0
    endloop
  endfacet
  facet normal 0 0 -1
    outer loop
      vertex 14.3223 -6.86791 0
      vertex -14.3223 -6.86791 0
      vertex 14.3993 -6.56052 0
    endloop
  endfacet
  facet normal 0 0 -1
    outer loop
      vertex 14.8055 25.7009 0
      vertex -14.26 27.5 0
      vertex 14.6426 25.9727 0
    endloop
  endfacet
  facet normal 0 0 -1
    outer loop
      vertex -14.3223 -6.86791 0
      vertex 14.3223 -6.86791 0
      vertex -14.2758 -7.18136 0
    endloop
  endfacet
  facet normal 0 0 -1
    outer loop
      vertex 14.6426 25.9727 0
      vertex -14.26 27.5 0
      vertex 14.5071 26.2591 0
    endloop
  endfacet
  facet normal 0 0 -1
    outer loop
      vertex 14.2758 -7.18136 0
      vertex -14.2758 -7.18136 0
      vertex 14.3223 -6.86791 0
    endloop
  endfacet
  facet normal 0 0 -1
    outer loop
      vertex 14.5071 26.2591 0
      vertex -14.26 27.5 0
      vertex 14.5066 26.2601 0
    endloop
  endfacet
  facet normal 0 0 -1
    outer loop
      vertex -14.2758 -7.18136 0
      vertex 14.2758 -7.18136 0
      vertex -14.2756 -7.18242 0
    endloop
  endfacet
  facet normal 0 0 -1
    outer loop
      vertex 14.5066 26.2601 0
      vertex -14.26 27.5 0
      vertex 14.3999 26.5585 0
    endloop
  endfacet
  facet normal 0 0 -1
    outer loop
      vertex 14.2756 -7.18242 0
      vertex -14.2756 -7.18242 0
      vertex 14.2758 -7.18136 0
    endloop
  endfacet
  facet normal 0 0 -1
    outer loop
      vertex 14.3999 26.5585 0
      vertex -14.26 27.5 0
      vertex 14.3995 26.5595 0
    endloop
  endfacet
  facet normal 0 0 -1
    outer loop
      vertex -14.2756 -7.18242 0
      vertex 14.2756 -7.18242 0
      vertex -14.2755 -7.1835 0
    endloop
  endfacet
  facet normal 0 0 -1
    outer loop
      vertex 14.3995 26.5595 0
      vertex -14.26 27.5 0
      vertex 14.3993 26.5605 0
    endloop
  endfacet
  facet normal 0 0 -1
    outer loop
      vertex 14.2755 -7.1835 0
      vertex -14.2755 -7.1835 0
      vertex 14.2756 -7.18242 0
    endloop
  endfacet
  facet normal 0 0 -1
    outer loop
      vertex 14.3993 26.5605 0
      vertex -14.26 27.5 0
      vertex 14.3223 26.8679 0
    endloop
  endfacet
  facet normal 0 0 -1
    outer loop
      vertex -14.2755 -7.1835 0
      vertex 14.2755 -7.1835 0
      vertex -14.26 -7.5 0
    endloop
  endfacet
  facet normal 0 0 -1
    outer loop
      vertex 14.3223 26.8679 0
      vertex -14.26 27.5 0
      vertex 14.2758 27.1814 0
    endloop
  endfacet
  facet normal 0 0 -1
    outer loop
      vertex -14.26 -7.5 0
      vertex 14.2755 -7.1835 0
      vertex 14.26 -7.5 0
    endloop
  endfacet
  facet normal 0 0 -1
    outer loop
      vertex 14.2758 27.1814 0
      vertex -14.26 27.5 0
      vertex 14.2756 27.1824 0
    endloop
  endfacet
  facet normal 0 0 -1
    outer loop
      vertex 33.3761 -25.1905 0
      vertex 37.4 -35.7 0
      vertex 33.5001 -25.6855 0
    endloop
  endfacet
  facet normal 0 0 -1
    outer loop
      vertex 37.4 35.7 0
      vertex 33.575 26.1903 0
      vertex 33.6 26.7 0
    endloop
  endfacet
  facet normal 0 0 -1
    outer loop
      vertex 37.4 -35.7 0
      vertex 33.3761 -25.1905 0
      vertex 37.4 35.7 0
    endloop
  endfacet
  facet normal 0 0 -1
    outer loop
      vertex 37.4 35.7 0
      vertex 33.5001 25.6855 0
      vertex 33.575 26.1903 0
    endloop
  endfacet
  facet normal 0 0 -1
    outer loop
      vertex 33.3761 25.1905 0
      vertex 37.4 35.7 0
      vertex 33.3761 -25.1905 0
    endloop
  endfacet
  facet normal 0 0 -1
    outer loop
      vertex 37.4 35.7 0
      vertex 33.3761 25.1905 0
      vertex 33.5001 25.6855 0
    endloop
  endfacet
  facet normal 0 0 -1
    outer loop
      vertex 33.2042 -24.71 0
      vertex 33.3761 25.1905 0
      vertex 33.3761 -25.1905 0
    endloop
  endfacet
  facet normal 0 0 -1
    outer loop
      vertex 33.2042 -24.71 0
      vertex 33.2042 24.71 0
      vertex 33.3761 25.1905 0
    endloop
  endfacet
  facet normal 0 0 -1
    outer loop
      vertex 32.986 -24.2487 0
      vertex 33.2042 24.71 0
      vertex 33.2042 -24.71 0
    endloop
  endfacet
  facet normal 0 0 -1
    outer loop
      vertex 32.986 -24.2487 0
      vertex 32.986 24.2487 0
      vertex 33.2042 24.71 0
    endloop
  endfacet
  facet normal 0 0 -1
    outer loop
      vertex 32.7236 -23.811 0
      vertex 32.986 24.2487 0
      vertex 32.986 -24.2487 0
    endloop
  endfacet
  facet normal 0 0 -1
    outer loop
      vertex 32.7236 -23.811 0
      vertex 32.7236 23.811 0
      vertex 32.986 24.2487 0
    endloop
  endfacet
  facet normal 0 0 -1
    outer loop
      vertex 32.4197 -23.4012 0
      vertex 32.7236 23.811 0
      vertex 32.7236 -23.811 0
    endloop
  endfacet
  facet normal 0 0 -1
    outer loop
      vertex 32.4197 -23.4012 0
      vertex 32.4197 23.4012 0
      vertex 32.7236 23.811 0
    endloop
  endfacet
  facet normal 0 0 -1
    outer loop
      vertex 32.077 -23.023 0
      vertex 32.4197 23.4012 0
      vertex 32.4197 -23.4012 0
    endloop
  endfacet
  facet normal 0 0 -1
    outer loop
      vertex 32.077 -23.023 0
      vertex 32.077 23.023 0
      vertex 32.4197 23.4012 0
    endloop
  endfacet
  facet normal 0 0 -1
    outer loop
      vertex 31.6988 -22.6803 0
      vertex 32.077 23.023 0
      vertex 32.077 -23.023 0
    endloop
  endfacet
  facet normal 0 0 -1
    outer loop
      vertex 31.6988 -22.6803 0
      vertex 31.6988 22.6803 0
      vertex 32.077 23.023 0
    endloop
  endfacet
  facet normal 0 0 -1
    outer loop
      vertex 31.289 -22.3764 0
      vertex 31.6988 22.6803 0
      vertex 31.6988 -22.6803 0
    endloop
  endfacet
  facet normal 0 0 -1
    outer loop
      vertex 31.289 -22.3764 0
      vertex 31.289 22.3764 0
      vertex 31.6988 22.6803 0
    endloop
  endfacet
  facet normal 0 0 -1
    outer loop
      vertex 20.7245 -7.1835 0
      vertex 30.8513 -22.114 0
      vertex 20.74 -7.5 0
    endloop
  endfacet
  facet normal 0 0 -1
    outer loop
      vertex 20.7244 -7.18242 0
      vertex 30.8513 -22.114 0
      vertex 20.7245 -7.1835 0
    endloop
  endfacet
  facet normal 0 0 -1
    outer loop
      vertex 20.74 -7.5 0
      vertex 30.8513 -22.114 0
      vertex 30.39 -21.8958 0
    endloop
  endfacet
  facet normal 0 0 -1
    outer loop
      vertex 20.7242 -7.18136 0
      vertex 30.8513 -22.114 0
      vertex 20.7244 -7.18242 0
    endloop
  endfacet
  facet normal 0 0 -1
    outer loop
      vertex 20.74 -7.5 0
      vertex 30.39 -21.8958 0
      vertex 29.9095 -21.7239 0
    endloop
  endfacet
  facet normal 0 0 -1
    outer loop
      vertex 20.6777 -6.86791 0
      vertex 30.8513 -22.114 0
      vertex 20.7242 -7.18136 0
    endloop
  endfacet
  facet normal 0 0 -1
    outer loop
      vertex 20.6777 -8.13209 0
      vertex 29.9095 -21.7239 0
      vertex 29.4145 -21.5999 0
    endloop
  endfacet
  facet normal 0 0 -1
    outer loop
      vertex 30.8513 -22.114 0
      vertex 20.6777 -6.86791 0
      vertex 31.289 -22.3764 0
    endloop
  endfacet
  facet normal 0 0 -1
    outer loop
      vertex 20.6005 -8.44052 0
      vertex 29.4145 -21.5999 0
      vertex 28.9097 -21.525 0
    endloop
  endfacet
  facet normal 0 0 -1
    outer loop
      vertex 31.289 -22.3764 0
      vertex 20.6777 -6.86791 0
      vertex 31.289 22.3764 0
    endloop
  endfacet
  facet normal 0 0 -1
    outer loop
      vertex 20.4934 -8.73989 0
      vertex 28.9097 -21.525 0
      vertex 28.4 -21.5 0
    endloop
  endfacet
  facet normal 0 0 -1
    outer loop
      vertex 20.6007 -6.56052 0
      vertex 31.289 22.3764 0
      vertex 20.6777 -6.86791 0
    endloop
  endfacet
  facet normal 0 0 -1
    outer loop
      vertex 20.3574 -9.02732 0
      vertex 28.4 -21.5 0
      vertex 27.8903 -21.525 0
    endloop
  endfacet
  facet normal 0 0 -1
    outer loop
      vertex 20.6005 -6.55948 0
      vertex 31.289 22.3764 0
      vertex 20.6007 -6.56052 0
    endloop
  endfacet
  facet normal 0 0 -1
    outer loop
      vertex 20.194 -9.30005 0
      vertex 27.8903 -21.525 0
      vertex 27.3855 -21.5999 0
    endloop
  endfacet
  facet normal 0 0 -1
    outer loop
      vertex 31.289 22.3764 0
      vertex 20.6005 -6.55948 0
      vertex 30.8513 22.114 0
    endloop
  endfacet
  facet normal 0 0 -1
    outer loop
      vertex 20.0046 -9.55543 0
      vertex 27.3855 -21.5999 0
      vertex 26.8905 -21.7239 0
    endloop
  endfacet
  facet normal 0 0 -1
    outer loop
      vertex 20.6001 -6.55846 0
      vertex 30.8513 22.114 0
      vertex 20.6005 -6.55948 0
    endloop
  endfacet
  facet normal 0 0 -1
    outer loop
      vertex 19.5554 -10.0046 0
      vertex 26.8905 -21.7239 0
      vertex 26.41 -21.8958 0
    endloop
  endfacet
  facet normal 0 0 -1
    outer loop
      vertex 20.4934 -6.2601 0
      vertex 30.8513 22.114 0
      vertex 20.6001 -6.55846 0
    endloop
  endfacet
  facet normal 0 0 -1
    outer loop
      vertex 19.3 -10.194 0
      vertex 26.41 -21.8958 0
      vertex 25.9487 -22.114 0
    endloop
  endfacet
  facet normal 0 0 -1
    outer loop
      vertex 30.8513 22.114 0
      vertex 20.4934 -6.2601 0
      vertex 30.39 21.8958 0
    endloop
  endfacet
  facet normal 0 0 -1
    outer loop
      vertex 19.0273 -10.3574 0
      vertex 25.9487 -22.114 0
      vertex 25.511 -22.3764 0
    endloop
  endfacet
  facet normal 0 0 -1
    outer loop
      vertex 20.4929 -6.25913 0
      vertex 30.39 21.8958 0
      vertex 20.4934 -6.2601 0
    endloop
  endfacet
  facet normal 0 0 -1
    outer loop
      vertex 18.7399 -10.4934 0
      vertex 25.511 -22.3764 0
      vertex 25.1012 -22.6803 0
    endloop
  endfacet
  facet normal 0 0 -1
    outer loop
      vertex 20.3574 -5.97267 0
      vertex 30.39 21.8958 0
      vertex 20.4929 -6.25913 0
    endloop
  endfacet
  facet normal 0 0 -1
    outer loop
      vertex 18.4405 -10.6005 0
      vertex 25.1012 -22.6803 0
      vertex 24.723 -23.023 0
    endloop
  endfacet
  facet normal 0 0 -1
    outer loop
      vertex 30.39 21.8958 0
      vertex 20.3574 -5.97267 0
      vertex 29.9095 21.7239 0
    endloop
  endfacet
  facet normal 0 0 -1
    outer loop
      vertex 17.8186 -10.7242 0
      vertex 24.723 -23.023 0
      vertex 24.3803 -23.4012 0
    endloop
  endfacet
  facet normal 0 0 -1
    outer loop
      vertex 20.1945 -5.70087 0
      vertex 29.9095 21.7239 0
      vertex 20.3574 -5.97267 0
    endloop
  endfacet
  facet normal 0 0 -1
    outer loop
      vertex 17.5 -10.74 0
      vertex 24.3803 -23.4012 0
      vertex 24.0764 -23.811 0
    endloop
  endfacet
  facet normal 0 0 -1
    outer loop
      vertex 20.194 -5.69995 0
      vertex 29.9095 21.7239 0
      vertex 20.1945 -5.70087 0
    endloop
  endfacet
  facet normal 0 0 -1
    outer loop
      vertex 17.1824 -10.7244 0
      vertex 24.0764 -23.811 0
      vertex 23.814 -24.2487 0
    endloop
  endfacet
  facet normal 0 0 -1
    outer loop
      vertex 20.1933 -5.69909 0
      vertex 29.9095 21.7239 0
      vertex 20.194 -5.69995 0
    endloop
  endfacet
  facet normal 0 0 -1
    outer loop
      vertex 16.8679 -10.6777 0
      vertex 23.814 -24.2487 0
      vertex 23.5958 -24.71 0
    endloop
  endfacet
  facet normal 0 0 -1
    outer loop
      vertex 20.0046 -5.44456 0
      vertex 29.9095 21.7239 0
      vertex 20.1933 -5.69909 0
    endloop
  endfacet
  facet normal 0 0 -1
    outer loop
      vertex 16.5595 -10.6005 0
      vertex 23.5958 -24.71 0
      vertex 23.4239 -25.1905 0
    endloop
  endfacet
  facet normal 0 0 -1
    outer loop
      vertex 24.0764 23.811 0
      vertex 20.74 27.5 0
      vertex 23.814 24.2487 0
    endloop
  endfacet
  facet normal 0 0 -1
    outer loop
      vertex 16.2601 -10.4934 0
      vertex 23.4239 -25.1905 0
      vertex 23.2999 -25.6855 0
    endloop
  endfacet
  facet normal 0 0 -1
    outer loop
      vertex 23.814 24.2487 0
      vertex 20.74 27.5 0
      vertex 23.5958 24.71 0
    endloop
  endfacet
  facet normal 0 0 -1
    outer loop
      vertex 15.9727 -10.3574 0
      vertex 23.2999 -25.6855 0
      vertex 23.225 -26.1903 0
    endloop
  endfacet
  facet normal 0 0 -1
    outer loop
      vertex 23.5958 24.71 0
      vertex 20.74 27.5 0
      vertex 23.4239 25.1905 0
    endloop
  endfacet
  facet normal 0 0 -1
    outer loop
      vertex 15.6991 -10.1933 0
      vertex 23.225 -26.1903 0
      vertex 23.2 -26.7 0
    endloop
  endfacet
  facet normal 0 0 -1
    outer loop
      vertex 23.4239 25.1905 0
      vertex 20.74 27.5 0
      vertex 23.2999 25.6855 0
    endloop
  endfacet
  facet normal 0 0 -1
    outer loop
      vertex 33.575 -26.1903 0
      vertex 37.4 -35.7 0
      vertex 33.6 -26.7 0
    endloop
  endfacet
  facet normal 0 0 -1
    outer loop
      vertex 37.4 -35.7 0
      vertex 33.575 -27.2097 0
      vertex 33.6 -26.7 0
    endloop
  endfacet
  facet normal 0 0 -1
    outer loop
      vertex 37.4 -35.7 0
      vertex 33.5001 -27.7145 0
      vertex 33.575 -27.2097 0
    endloop
  endfacet
  facet normal 0 0 -1
    outer loop
      vertex 37.4 -35.7 0
      vertex 33.3761 -28.2095 0
      vertex 33.5001 -27.7145 0
    endloop
  endfacet
  facet normal 0 0 -1
    outer loop
      vertex 37.4 -35.7 0
      vertex 33.2042 -28.69 0
      vertex 33.3761 -28.2095 0
    endloop
  endfacet
  facet normal 0 0 -1
    outer loop
      vertex 37.4 -35.7 0
      vertex 32.986 -29.1513 0
      vertex 33.2042 -28.69 0
    endloop
  endfacet
  facet normal 0 0 -1
    outer loop
      vertex 37.4 -35.7 0
      vertex 32.7236 -29.589 0
      vertex 32.986 -29.1513 0
    endloop
  endfacet
  facet normal 0 0 -1
    outer loop
      vertex 37.4 -35.7 0
      vertex 32.4197 -29.9988 0
      vertex 32.7236 -29.589 0
    endloop
  endfacet
  facet normal 0 0 -1
    outer loop
      vertex 37.4 -35.7 0
      vertex 32.077 -30.377 0
      vertex 32.4197 -29.9988 0
    endloop
  endfacet
  facet normal 0 0 -1
    outer loop
      vertex 37.4 -35.7 0
      vertex 31.6988 -30.7197 0
      vertex 32.077 -30.377 0
    endloop
  endfacet
  facet normal 0 0 -1
    outer loop
      vertex 37.4 -35.7 0
      vertex 31.289 -31.0236 0
      vertex 31.6988 -30.7197 0
    endloop
  endfacet
  facet normal 0 0 -1
    outer loop
      vertex 37.4 -35.7 0
      vertex 30.8513 -31.286 0
      vertex 31.289 -31.0236 0
    endloop
  endfacet
  facet normal 0 0 -1
    outer loop
      vertex 37.4 -35.7 0
      vertex 30.39 -31.5042 0
      vertex 30.8513 -31.286 0
    endloop
  endfacet
  facet normal 0 0 -1
    outer loop
      vertex 37.4 -35.7 0
      vertex 29.9095 -31.6761 0
      vertex 30.39 -31.5042 0
    endloop
  endfacet
  facet normal 0 0 -1
    outer loop
      vertex 37.4 -35.7 0
      vertex 29.4145 -31.8001 0
      vertex 29.9095 -31.6761 0
    endloop
  endfacet
  facet normal 0 0 -1
    outer loop
      vertex 37.4 -35.7 0
      vertex 28.9097 -31.875 0
      vertex 29.4145 -31.8001 0
    endloop
  endfacet
  facet normal 0 0 -1
    outer loop
      vertex 37.4 -35.7 0
      vertex 28.4 -31.9 0
      vertex 28.9097 -31.875 0
    endloop
  endfacet
  facet normal 0 0 -1
    outer loop
      vertex 37.4 -35.7 0
      vertex 27.8903 -31.875 0
      vertex 28.4 -31.9 0
    endloop
  endfacet
  facet normal 0 0 -1
    outer loop
      vertex 37.4 -35.7 0
      vertex 27.3855 -31.8001 0
      vertex 27.8903 -31.875 0
    endloop
  endfacet
  facet normal 0 0 -1
    outer loop
      vertex 37.4 -35.7 0
      vertex 26.8905 -31.6761 0
      vertex 27.3855 -31.8001 0
    endloop
  endfacet
  facet normal 0 0 -1
    outer loop
      vertex -26.8905 -31.6761 0
      vertex 26.8905 -31.6761 0
      vertex 37.4 -35.7 0
    endloop
  endfacet
  facet normal 0 0 -1
    outer loop
      vertex 23.2999 25.6855 0
      vertex 20.74 27.5 0
      vertex 23.225 26.1903 0
    endloop
  endfacet
  facet normal 0 0 -1
    outer loop
      vertex -23.2 -26.7 0
      vertex 23.2 -26.7 0
      vertex 23.225 -27.2097 0
    endloop
  endfacet
  facet normal 0 0 -1
    outer loop
      vertex 29.9095 -21.7239 0
      vertex 20.7245 -7.8165 0
      vertex 20.74 -7.5 0
    endloop
  endfacet
  facet normal 0 0 -1
    outer loop
      vertex 29.9095 -21.7239 0
      vertex 20.7244 -7.81757 0
      vertex 20.7245 -7.8165 0
    endloop
  endfacet
  facet normal 0 0 -1
    outer loop
      vertex 29.9095 -21.7239 0
      vertex 20.7242 -7.81864 0
      vertex 20.7244 -7.81757 0
    endloop
  endfacet
  facet normal 0 0 -1
    outer loop
      vertex 29.9095 -21.7239 0
      vertex 20.6777 -8.13209 0
      vertex 20.7242 -7.81864 0
    endloop
  endfacet
  facet normal 0 0 -1
    outer loop
      vertex 29.4145 -21.5999 0
      vertex 20.6007 -8.43948 0
      vertex 20.6777 -8.13209 0
    endloop
  endfacet
  facet normal 0 0 -1
    outer loop
      vertex 29.4145 -21.5999 0
      vertex 20.6005 -8.44052 0
      vertex 20.6007 -8.43948 0
    endloop
  endfacet
  facet normal 0 0 -1
    outer loop
      vertex 28.9097 -21.525 0
      vertex 20.6001 -8.44154 0
      vertex 20.6005 -8.44052 0
    endloop
  endfacet
  facet normal 0 0 -1
    outer loop
      vertex 28.9097 -21.525 0
      vertex 20.4934 -8.73989 0
      vertex 20.6001 -8.44154 0
    endloop
  endfacet
  facet normal 0 0 -1
    outer loop
      vertex 28.4 -21.5 0
      vertex 20.4929 -8.74087 0
      vertex 20.4934 -8.73989 0
    endloop
  endfacet
  facet normal 0 0 -1
    outer loop
      vertex 28.4 -21.5 0
      vertex 20.3574 -9.02732 0
      vertex 20.4929 -8.74087 0
    endloop
  endfacet
  facet normal 0 0 -1
    outer loop
      vertex -23.225 -27.2097 0
      vertex 23.225 -27.2097 0
      vertex 23.2999 -27.7145 0
    endloop
  endfacet
  facet normal 0 0 -1
    outer loop
      vertex 27.8903 -21.525 0
      vertex 20.1945 -9.29912 0
      vertex 20.3574 -9.02732 0
    endloop
  endfacet
  facet normal 0 0 -1
    outer loop
      vertex 27.8903 -21.525 0
      vertex 20.194 -9.30005 0
      vertex 20.1945 -9.29912 0
    endloop
  endfacet
  facet normal 0 0 -1
    outer loop
      vertex 27.3855 -21.5999 0
      vertex 20.1933 -9.30091 0
      vertex 20.194 -9.30005 0
    endloop
  endfacet
  facet normal 0 0 -1
    outer loop
      vertex 27.3855 -21.5999 0
      vertex 20.0046 -9.55543 0
      vertex 20.1933 -9.30091 0
    endloop
  endfacet
  facet normal 0 0 -1
    outer loop
      vertex 26.8905 -21.7239 0
      vertex 19.7917 -9.79023 0
      vertex 20.0046 -9.55543 0
    endloop
  endfacet
  facet normal 0 0 -1
    outer loop
      vertex 26.8905 -21.7239 0
      vertex 19.791 -9.79103 0
      vertex 19.7917 -9.79023 0
    endloop
  endfacet
  facet normal 0 0 -1
    outer loop
      vertex 26.8905 -21.7239 0
      vertex 19.7902 -9.79175 0
      vertex 19.791 -9.79103 0
    endloop
  endfacet
  facet normal 0 0 -1
    outer loop
      vertex 26.8905 -21.7239 0
      vertex 19.5554 -10.0046 0
      vertex 19.7902 -9.79175 0
    endloop
  endfacet
  facet normal 0 0 -1
    outer loop
      vertex 26.41 -21.8958 0
      vertex 19.3009 -10.1933 0
      vertex 19.5554 -10.0046 0
    endloop
  endfacet
  facet normal 0 0 -1
    outer loop
      vertex 26.41 -21.8958 0
      vertex 19.3 -10.194 0
      vertex 19.3009 -10.1933 0
    endloop
  endfacet
  facet normal 0 0 -1
    outer loop
      vertex 25.9487 -22.114 0
      vertex 19.2991 -10.1945 0
      vertex 19.3 -10.194 0
    endloop
  endfacet
  facet normal 0 0 -1
    outer loop
      vertex 25.9487 -22.114 0
      vertex 19.0273 -10.3574 0
      vertex 19.2991 -10.1945 0
    endloop
  endfacet
  facet normal 0 0 -1
    outer loop
      vertex 25.511 -22.3764 0
      vertex 18.7409 -10.4929 0
      vertex 19.0273 -10.3574 0
    endloop
  endfacet
  facet normal 0 0 -1
    outer loop
      vertex -23.2999 -27.7145 0
      vertex 23.2999 -27.7145 0
      vertex 23.4239 -28.2095 0
    endloop
  endfacet
  facet normal 0 0 -1
    outer loop
      vertex 25.511 -22.3764 0
      vertex 18.7399 -10.4934 0
      vertex 18.7409 -10.4929 0
    endloop
  endfacet
  facet normal 0 0 -1
    outer loop
      vertex 25.1012 -22.6803 0
      vertex 18.4415 -10.6001 0
      vertex 18.7399 -10.4934 0
    endloop
  endfacet
  facet normal 0 0 -1
    outer loop
      vertex 25.1012 -22.6803 0
      vertex 18.4405 -10.6005 0
      vertex 18.4415 -10.6001 0
    endloop
  endfacet
  facet normal 0 0 -1
    outer loop
      vertex 24.723 -23.023 0
      vertex 18.4395 -10.6007 0
      vertex 18.4405 -10.6005 0
    endloop
  endfacet
  facet normal 0 0 -1
    outer loop
      vertex 24.723 -23.023 0
      vertex 18.1321 -10.6777 0
      vertex 18.4395 -10.6007 0
    endloop
  endfacet
  facet normal 0 0 -1
    outer loop
      vertex 24.723 -23.023 0
      vertex 17.8186 -10.7242 0
      vertex 18.1321 -10.6777 0
    endloop
  endfacet
  facet normal 0 0 -1
    outer loop
      vertex 24.3803 -23.4012 0
      vertex 17.8176 -10.7244 0
      vertex 17.8186 -10.7242 0
    endloop
  endfacet
  facet normal 0 0 -1
    outer loop
      vertex 24.3803 -23.4012 0
      vertex 17.8165 -10.7245 0
      vertex 17.8176 -10.7244 0
    endloop
  endfacet
  facet normal 0 0 -1
    outer loop
      vertex 24.3803 -23.4012 0
      vertex 17.5 -10.74 0
      vertex 17.8165 -10.7245 0
    endloop
  endfacet
  facet normal 0 0 -1
    outer loop
      vertex 24.0764 -23.811 0
      vertex 17.1835 -10.7245 0
      vertex 17.5 -10.74 0
    endloop
  endfacet
  facet normal 0 0 -1
    outer loop
      vertex 24.0764 -23.811 0
      vertex 17.1824 -10.7244 0
      vertex 17.1835 -10.7245 0
    endloop
  endfacet
  facet normal 0 0 -1
    outer loop
      vertex 23.814 -24.2487 0
      vertex 17.1814 -10.7242 0
      vertex 17.1824 -10.7244 0
    endloop
  endfacet
  facet normal 0 0 -1
    outer loop
      vertex 23.814 -24.2487 0
      vertex 16.8679 -10.6777 0
      vertex 17.1814 -10.7242 0
    endloop
  endfacet
  facet normal 0 0 -1
    outer loop
      vertex -23.4239 -28.2095 0
      vertex 23.4239 -28.2095 0
      vertex 23.5958 -28.69 0
    endloop
  endfacet
  facet normal 0 0 -1
    outer loop
      vertex 23.5958 -24.71 0
      vertex 16.5605 -10.6007 0
      vertex 16.8679 -10.6777 0
    endloop
  endfacet
  facet normal 0 0 -1
    outer loop
      vertex 23.5958 -24.71 0
      vertex 16.5595 -10.6005 0
      vertex 16.5605 -10.6007 0
    endloop
  endfacet
  facet normal 0 0 -1
    outer loop
      vertex 23.4239 -25.1905 0
      vertex 16.5585 -10.6001 0
      vertex 16.5595 -10.6005 0
    endloop
  endfacet
  facet normal 0 0 -1
    outer loop
      vertex 23.4239 -25.1905 0
      vertex 16.2601 -10.4934 0
      vertex 16.5585 -10.6001 0
    endloop
  endfacet
  facet normal 0 0 -1
    outer loop
      vertex 23.2999 -25.6855 0
      vertex 16.2591 -10.4929 0
      vertex 16.2601 -10.4934 0
    endloop
  endfacet
  facet normal 0 0 -1
    outer loop
      vertex 23.2999 -25.6855 0
      vertex 15.9727 -10.3574 0
      vertex 16.2591 -10.4929 0
    endloop
  endfacet
  facet normal 0 0 -1
    outer loop
      vertex 23.225 -26.1903 0
      vertex 15.7009 -10.1945 0
      vertex 15.9727 -10.3574 0
    endloop
  endfacet
  facet normal 0 0 -1
    outer loop
      vertex 23.225 -26.1903 0
      vertex 15.7 -10.194 0
      vertex 15.7009 -10.1945 0
    endloop
  endfacet
  facet normal 0 0 -1
    outer loop
      vertex 23.225 -26.1903 0
      vertex 15.6991 -10.1933 0
      vertex 15.7 -10.194 0
    endloop
  endfacet
  facet normal 0 0 -1
    outer loop
      vertex 23.2 -26.7 0
      vertex 15.4446 -10.0046 0
      vertex 15.6991 -10.1933 0
    endloop
  endfacet
  facet normal 0 0 -1
    outer loop
      vertex 23.2 -26.7 0
      vertex -23.2 -26.7 0
      vertex 15.4446 -10.0046 0
    endloop
  endfacet
  facet normal 0 -0 -1
    outer loop
      vertex -15.4446 -10.0046 0
      vertex 15.4446 -10.0046 0
      vertex -23.2 -26.7 0
    endloop
  endfacet
  facet normal 0 0 -1
    outer loop
      vertex 15.4446 -10.0046 0
      vertex -15.4446 -10.0046 0
      vertex 15.2098 -9.79175 0
    endloop
  endfacet
  facet normal -0 0 -1
    outer loop
      vertex 15.2098 -9.79175 0
      vertex -15.4446 -10.0046 0
      vertex 15.209 -9.79103 0
    endloop
  endfacet
  facet normal 0 -0 -1
    outer loop
      vertex -15.2098 -9.79175 0
      vertex 15.209 -9.79103 0
      vertex -15.4446 -10.0046 0
    endloop
  endfacet
  facet normal 0 0 -1
    outer loop
      vertex 15.209 -9.79103 0
      vertex -15.209 -9.79103 0
      vertex 15.2083 -9.79023 0
    endloop
  endfacet
  facet normal -0 0 -1
    outer loop
      vertex 15.2083 -9.79023 0
      vertex -15.209 -9.79103 0
      vertex 14.9954 -9.55543 0
    endloop
  endfacet
  facet normal 0 -0 -1
    outer loop
      vertex -15.2083 -9.79023 0
      vertex 14.9954 -9.55543 0
      vertex -15.209 -9.79103 0
    endloop
  endfacet
  facet normal 0 -0 -1
    outer loop
      vertex -14.9954 -9.55543 0
      vertex 14.9954 -9.55543 0
      vertex -15.2083 -9.79023 0
    endloop
  endfacet
  facet normal -0 0 -1
    outer loop
      vertex 14.8067 -9.30091 0
      vertex -14.9954 -9.55543 0
      vertex 14.806 -9.30005 0
    endloop
  endfacet
  facet normal 0 0 -1
    outer loop
      vertex 14.2756 27.1824 0
      vertex -14.26 27.5 0
      vertex 14.2755 27.1835 0
    endloop
  endfacet
  facet normal 0 0 -1
    outer loop
      vertex 14.2755 -7.8165 0
      vertex -14.26 -7.5 0
      vertex 14.26 -7.5 0
    endloop
  endfacet
  facet normal 0 0 -1
    outer loop
      vertex -14.2755 -7.8165 0
      vertex 14.2755 -7.8165 0
      vertex 14.2756 -7.81757 0
    endloop
  endfacet
  facet normal 0 0 -1
    outer loop
      vertex -14.2756 -7.81757 0
      vertex 14.2756 -7.81757 0
      vertex 14.2758 -7.81864 0
    endloop
  endfacet
  facet normal 0 0 -1
    outer loop
      vertex -14.2758 -7.81864 0
      vertex 14.2758 -7.81864 0
      vertex 14.3223 -8.13209 0
    endloop
  endfacet
  facet normal 0 0 -1
    outer loop
      vertex -14.3223 -8.13209 0
      vertex 14.3223 -8.13209 0
      vertex 14.3993 -8.43948 0
    endloop
  endfacet
  facet normal 0 0 -1
    outer loop
      vertex -14.3993 -8.43948 0
      vertex 14.3993 -8.43948 0
      vertex 14.3995 -8.44052 0
    endloop
  endfacet
  facet normal 0 0 -1
    outer loop
      vertex -14.3995 -8.44052 0
      vertex 14.3995 -8.44052 0
      vertex 14.3999 -8.44154 0
    endloop
  endfacet
  facet normal 0 0 -1
    outer loop
      vertex -14.3999 -8.44154 0
      vertex 14.3999 -8.44154 0
      vertex 14.5066 -8.73989 0
    endloop
  endfacet
  facet normal 0 -0 -1
    outer loop
      vertex -14.8067 -9.30091 0
      vertex 14.806 -9.30005 0
      vertex -14.9954 -9.55543 0
    endloop
  endfacet
  facet normal 0 0 -1
    outer loop
      vertex -23.5958 -28.69 0
      vertex 23.5958 -28.69 0
      vertex 23.814 -29.1513 0
    endloop
  endfacet
  facet normal 0 0 -1
    outer loop
      vertex -23.814 -29.1513 0
      vertex 23.814 -29.1513 0
      vertex 24.0764 -29.589 0
    endloop
  endfacet
  facet normal 0 0 -1
    outer loop
      vertex -24.0764 -29.589 0
      vertex 24.0764 -29.589 0
      vertex 24.3803 -29.9988 0
    endloop
  endfacet
  facet normal 0 0 -1
    outer loop
      vertex -24.3803 -29.9988 0
      vertex 24.3803 -29.9988 0
      vertex 24.723 -30.377 0
    endloop
  endfacet
  facet normal 0 0 -1
    outer loop
      vertex -24.723 -30.377 0
      vertex 24.723 -30.377 0
      vertex 25.1012 -30.7197 0
    endloop
  endfacet
  facet normal 0 0 -1
    outer loop
      vertex -25.1012 -30.7197 0
      vertex 25.1012 -30.7197 0
      vertex 25.511 -31.0236 0
    endloop
  endfacet
  facet normal 0 0 -1
    outer loop
      vertex -25.511 -31.0236 0
      vertex 25.511 -31.0236 0
      vertex 25.9487 -31.286 0
    endloop
  endfacet
  facet normal 0 0 -1
    outer loop
      vertex 14.2755 -7.8165 0
      vertex -14.2755 -7.8165 0
      vertex -14.26 -7.5 0
    endloop
  endfacet
  facet normal 0 0 -1
    outer loop
      vertex 14.2756 -7.81757 0
      vertex -14.2756 -7.81757 0
      vertex -14.2755 -7.8165 0
    endloop
  endfacet
  facet normal 0 0 -1
    outer loop
      vertex 14.2758 -7.81864 0
      vertex -14.2758 -7.81864 0
      vertex -14.2756 -7.81757 0
    endloop
  endfacet
  facet normal 0 0 -1
    outer loop
      vertex 14.3223 -8.13209 0
      vertex -14.3223 -8.13209 0
      vertex -14.2758 -7.81864 0
    endloop
  endfacet
  facet normal 0 0 -1
    outer loop
      vertex 14.3993 -8.43948 0
      vertex -14.3993 -8.43948 0
      vertex -14.3223 -8.13209 0
    endloop
  endfacet
  facet normal 0 0 -1
    outer loop
      vertex 14.3995 -8.44052 0
      vertex -14.3995 -8.44052 0
      vertex -14.3993 -8.43948 0
    endloop
  endfacet
  facet normal 0 0 -1
    outer loop
      vertex 14.3999 -8.44154 0
      vertex -14.3999 -8.44154 0
      vertex -14.3995 -8.44052 0
    endloop
  endfacet
  facet normal 0 0 -1
    outer loop
      vertex 14.5066 -8.73989 0
      vertex -14.5066 -8.73989 0
      vertex -14.3999 -8.44154 0
    endloop
  endfacet
  facet normal -0 0 -1
    outer loop
      vertex 14.5066 -8.73989 0
      vertex -14.5071 -8.74087 0
      vertex -14.5066 -8.73989 0
    endloop
  endfacet
  facet normal 0 0 -1
    outer loop
      vertex 14.5071 -8.74087 0
      vertex -14.5071 -8.74087 0
      vertex 14.5066 -8.73989 0
    endloop
  endfacet
  facet normal 0 -0 -1
    outer loop
      vertex -14.5071 -8.74087 0
      vertex 14.5071 -8.74087 0
      vertex -14.6426 -9.02732 0
    endloop
  endfacet
  facet normal 0 0 -1
    outer loop
      vertex 14.6426 -9.02732 0
      vertex -14.6426 -9.02732 0
      vertex 14.5071 -8.74087 0
    endloop
  endfacet
  facet normal 0 -0 -1
    outer loop
      vertex -14.6426 -9.02732 0
      vertex 14.6426 -9.02732 0
      vertex -14.8055 -9.29912 0
    endloop
  endfacet
  facet normal 0 -0 -1
    outer loop
      vertex -14.8055 -9.29912 0
      vertex 14.6426 -9.02732 0
      vertex -14.806 -9.30005 0
    endloop
  endfacet
  facet normal -0 0 -1
    outer loop
      vertex 14.8055 -9.29912 0
      vertex -14.806 -9.30005 0
      vertex 14.6426 -9.02732 0
    endloop
  endfacet
  facet normal 0 0 -1
    outer loop
      vertex 14.806 -9.30005 0
      vertex -14.806 -9.30005 0
      vertex 14.8055 -9.29912 0
    endloop
  endfacet
  facet normal 0 -0 -1
    outer loop
      vertex -14.806 -9.30005 0
      vertex 14.806 -9.30005 0
      vertex -14.8067 -9.30091 0
    endloop
  endfacet
  facet normal 0 -0 -1
    outer loop
      vertex -15.209 -9.79103 0
      vertex 15.209 -9.79103 0
      vertex -15.2098 -9.79175 0
    endloop
  endfacet
  facet normal 0 0 -1
    outer loop
      vertex 14.9954 -9.55543 0
      vertex -14.9954 -9.55543 0
      vertex 14.8067 -9.30091 0
    endloop
  endfacet
  facet normal 0 0 -1
    outer loop
      vertex -15.4446 -10.0046 0
      vertex -23.2 -26.7 0
      vertex -15.6991 -10.1933 0
    endloop
  endfacet
  facet normal 0 0 -1
    outer loop
      vertex -23.225 -26.1903 0
      vertex -15.6991 -10.1933 0
      vertex -23.2 -26.7 0
    endloop
  endfacet
  facet normal 0 0 -1
    outer loop
      vertex -15.6991 -10.1933 0
      vertex -23.225 -26.1903 0
      vertex -15.7 -10.194 0
    endloop
  endfacet
  facet normal 0 0 -1
    outer loop
      vertex -15.7 -10.194 0
      vertex -23.225 -26.1903 0
      vertex -15.7009 -10.1945 0
    endloop
  endfacet
  facet normal 0 0 -1
    outer loop
      vertex -15.7009 -10.1945 0
      vertex -23.225 -26.1903 0
      vertex -15.9727 -10.3574 0
    endloop
  endfacet
  facet normal 0 0 -1
    outer loop
      vertex -23.2999 -25.6855 0
      vertex -15.9727 -10.3574 0
      vertex -23.225 -26.1903 0
    endloop
  endfacet
  facet normal 0 0 -1
    outer loop
      vertex -15.9727 -10.3574 0
      vertex -23.2999 -25.6855 0
      vertex -16.2591 -10.4929 0
    endloop
  endfacet
  facet normal 0 0 -1
    outer loop
      vertex -16.2591 -10.4929 0
      vertex -23.2999 -25.6855 0
      vertex -16.2601 -10.4934 0
    endloop
  endfacet
  facet normal 0 0 -1
    outer loop
      vertex -23.4239 -25.1905 0
      vertex -16.2601 -10.4934 0
      vertex -23.2999 -25.6855 0
    endloop
  endfacet
  facet normal 0 0 -1
    outer loop
      vertex -16.2601 -10.4934 0
      vertex -23.4239 -25.1905 0
      vertex -16.5585 -10.6001 0
    endloop
  endfacet
  facet normal 0 0 -1
    outer loop
      vertex -16.5585 -10.6001 0
      vertex -23.4239 -25.1905 0
      vertex -16.5595 -10.6005 0
    endloop
  endfacet
  facet normal 0 0 -1
    outer loop
      vertex -23.5958 -24.71 0
      vertex -16.5595 -10.6005 0
      vertex -23.4239 -25.1905 0
    endloop
  endfacet
  facet normal 0 0 -1
    outer loop
      vertex -16.5595 -10.6005 0
      vertex -23.5958 -24.71 0
      vertex -16.5605 -10.6007 0
    endloop
  endfacet
  facet normal 0 0 -1
    outer loop
      vertex -25.9487 -31.286 0
      vertex 25.9487 -31.286 0
      vertex 26.41 -31.5042 0
    endloop
  endfacet
  facet normal 0 0 -1
    outer loop
      vertex -16.5605 -10.6007 0
      vertex -23.5958 -24.71 0
      vertex -16.8679 -10.6777 0
    endloop
  endfacet
  facet normal 0 0 -1
    outer loop
      vertex -23.814 -24.2487 0
      vertex -16.8679 -10.6777 0
      vertex -23.5958 -24.71 0
    endloop
  endfacet
  facet normal 0 0 -1
    outer loop
      vertex -16.8679 -10.6777 0
      vertex -23.814 -24.2487 0
      vertex -17.1814 -10.7242 0
    endloop
  endfacet
  facet normal 0 0 -1
    outer loop
      vertex -17.1814 -10.7242 0
      vertex -23.814 -24.2487 0
      vertex -17.1824 -10.7244 0
    endloop
  endfacet
  facet normal 0 0 -1
    outer loop
      vertex -24.0764 -23.811 0
      vertex -17.1824 -10.7244 0
      vertex -23.814 -24.2487 0
    endloop
  endfacet
  facet normal 0 0 -1
    outer loop
      vertex -17.1824 -10.7244 0
      vertex -24.0764 -23.811 0
      vertex -17.1835 -10.7245 0
    endloop
  endfacet
  facet normal 0 0 -1
    outer loop
      vertex -17.1835 -10.7245 0
      vertex -24.0764 -23.811 0
      vertex -17.5 -10.74 0
    endloop
  endfacet
  facet normal 0 0 -1
    outer loop
      vertex -24.3803 -23.4012 0
      vertex -17.5 -10.74 0
      vertex -24.0764 -23.811 0
    endloop
  endfacet
  facet normal 0 0 -1
    outer loop
      vertex -24.723 -23.023 0
      vertex -17.8186 -10.7242 0
      vertex -24.3803 -23.4012 0
    endloop
  endfacet
  facet normal -0 0 -1
    outer loop
      vertex -18.7399 -10.4934 0
      vertex -25.511 -22.3764 0
      vertex -18.7409 -10.4929 0
    endloop
  endfacet
  facet normal 0 0 -1
    outer loop
      vertex -25.9487 -22.114 0
      vertex -19.0273 -10.3574 0
      vertex -25.511 -22.3764 0
    endloop
  endfacet
  facet normal 0 0 -1
    outer loop
      vertex -20.6005 -8.44052 0
      vertex -20.6777 -8.13209 0
      vertex -20.6007 -8.43948 0
    endloop
  endfacet
  facet normal 0 0 -1
    outer loop
      vertex -20.6777 -8.13209 0
      vertex -20.7244 -7.81757 0
      vertex -20.7242 -7.81864 0
    endloop
  endfacet
  facet normal 0 0 1
    outer loop
      vertex -20.7244 -7.81757 0
      vertex -20.74 -7.5 0
      vertex -20.7245 -7.8165 0
    endloop
  endfacet
  facet normal -0 0 -1
    outer loop
      vertex -19.791 -9.79103 0
      vertex -26.8905 -21.7239 0
      vertex -19.7917 -9.79023 0
    endloop
  endfacet
  facet normal -0 0 -1
    outer loop
      vertex -19.7902 -9.79175 0
      vertex -26.8905 -21.7239 0
      vertex -19.791 -9.79103 0
    endloop
  endfacet
  facet normal -0 0 -1
    outer loop
      vertex -19.5554 -10.0046 0
      vertex -26.8905 -21.7239 0
      vertex -19.7902 -9.79175 0
    endloop
  endfacet
  facet normal 0 0 -1
    outer loop
      vertex -26.8905 -21.7239 0
      vertex -19.5554 -10.0046 0
      vertex -26.41 -21.8958 0
    endloop
  endfacet
  facet normal -0 0 -1
    outer loop
      vertex -19.3009 -10.1933 0
      vertex -26.41 -21.8958 0
      vertex -19.5554 -10.0046 0
    endloop
  endfacet
  facet normal -0 0 -1
    outer loop
      vertex -19.3 -10.194 0
      vertex -26.41 -21.8958 0
      vertex -19.3009 -10.1933 0
    endloop
  endfacet
  facet normal 0 0 -1
    outer loop
      vertex -26.41 -21.8958 0
      vertex -19.3 -10.194 0
      vertex -25.9487 -22.114 0
    endloop
  endfacet
  facet normal -0 0 -1
    outer loop
      vertex -19.2991 -10.1945 0
      vertex -25.9487 -22.114 0
      vertex -19.3 -10.194 0
    endloop
  endfacet
  facet normal -0 0 -1
    outer loop
      vertex -19.0273 -10.3574 0
      vertex -25.9487 -22.114 0
      vertex -19.2991 -10.1945 0
    endloop
  endfacet
  facet normal -0 0 -1
    outer loop
      vertex -18.7409 -10.4929 0
      vertex -25.511 -22.3764 0
      vertex -19.0273 -10.3574 0
    endloop
  endfacet
  facet normal 0 0 -1
    outer loop
      vertex -25.511 -22.3764 0
      vertex -18.7399 -10.4934 0
      vertex -25.1012 -22.6803 0
    endloop
  endfacet
  facet normal -0 0 -1
    outer loop
      vertex -18.4415 -10.6001 0
      vertex -25.1012 -22.6803 0
      vertex -18.7399 -10.4934 0
    endloop
  endfacet
  facet normal -0 0 -1
    outer loop
      vertex -18.4405 -10.6005 0
      vertex -25.1012 -22.6803 0
      vertex -18.4415 -10.6001 0
    endloop
  endfacet
  facet normal 0 0 -1
    outer loop
      vertex -25.1012 -22.6803 0
      vertex -18.4405 -10.6005 0
      vertex -24.723 -23.023 0
    endloop
  endfacet
  facet normal -0 0 -1
    outer loop
      vertex -18.4395 -10.6007 0
      vertex -24.723 -23.023 0
      vertex -18.4405 -10.6005 0
    endloop
  endfacet
  facet normal -0 0 -1
    outer loop
      vertex -18.1321 -10.6777 0
      vertex -24.723 -23.023 0
      vertex -18.4395 -10.6007 0
    endloop
  endfacet
  facet normal -0 0 -1
    outer loop
      vertex -17.8186 -10.7242 0
      vertex -24.723 -23.023 0
      vertex -18.1321 -10.6777 0
    endloop
  endfacet
  facet normal -0 0 -1
    outer loop
      vertex -17.8176 -10.7244 0
      vertex -24.3803 -23.4012 0
      vertex -17.8186 -10.7242 0
    endloop
  endfacet
  facet normal -0 0 -1
    outer loop
      vertex -17.8165 -10.7245 0
      vertex -24.3803 -23.4012 0
      vertex -17.8176 -10.7244 0
    endloop
  endfacet
  facet normal -0 0 -1
    outer loop
      vertex -17.5 -10.74 0
      vertex -24.3803 -23.4012 0
      vertex -17.8165 -10.7245 0
    endloop
  endfacet
  facet normal 0 0 -1
    outer loop
      vertex 26.8905 -31.6761 0
      vertex -26.8905 -31.6761 0
      vertex 26.41 -31.5042 0
    endloop
  endfacet
  facet normal 0 0 -1
    outer loop
      vertex 23.225 -27.2097 0
      vertex -23.225 -27.2097 0
      vertex -23.2 -26.7 0
    endloop
  endfacet
  facet normal 0 0 -1
    outer loop
      vertex 23.2999 -27.7145 0
      vertex -23.2999 -27.7145 0
      vertex -23.225 -27.2097 0
    endloop
  endfacet
  facet normal 0 0 -1
    outer loop
      vertex 23.4239 -28.2095 0
      vertex -23.4239 -28.2095 0
      vertex -23.2999 -27.7145 0
    endloop
  endfacet
  facet normal 0 0 -1
    outer loop
      vertex 23.5958 -28.69 0
      vertex -23.5958 -28.69 0
      vertex -23.4239 -28.2095 0
    endloop
  endfacet
  facet normal 0 0 -1
    outer loop
      vertex 23.814 -29.1513 0
      vertex -23.814 -29.1513 0
      vertex -23.5958 -28.69 0
    endloop
  endfacet
  facet normal 0 0 -1
    outer loop
      vertex 24.0764 -29.589 0
      vertex -24.0764 -29.589 0
      vertex -23.814 -29.1513 0
    endloop
  endfacet
  facet normal 0 0 -1
    outer loop
      vertex 24.3803 -29.9988 0
      vertex -24.3803 -29.9988 0
      vertex -24.0764 -29.589 0
    endloop
  endfacet
  facet normal 0 0 -1
    outer loop
      vertex 24.723 -30.377 0
      vertex -24.723 -30.377 0
      vertex -24.3803 -29.9988 0
    endloop
  endfacet
  facet normal 0 0 -1
    outer loop
      vertex 25.1012 -30.7197 0
      vertex -25.1012 -30.7197 0
      vertex -24.723 -30.377 0
    endloop
  endfacet
  facet normal 0 0 -1
    outer loop
      vertex 25.511 -31.0236 0
      vertex -25.511 -31.0236 0
      vertex -25.1012 -30.7197 0
    endloop
  endfacet
  facet normal 0 0 -1
    outer loop
      vertex 25.9487 -31.286 0
      vertex -25.9487 -31.286 0
      vertex -25.511 -31.0236 0
    endloop
  endfacet
  facet normal 0 0 -1
    outer loop
      vertex 26.41 -31.5042 0
      vertex -26.41 -31.5042 0
      vertex -25.9487 -31.286 0
    endloop
  endfacet
  facet normal -0 0 -1
    outer loop
      vertex 26.41 -31.5042 0
      vertex -26.8905 -31.6761 0
      vertex -26.41 -31.5042 0
    endloop
  endfacet
  facet normal 0 0 -1
    outer loop
      vertex -37.4 -35.7 0
      vertex -26.8905 -31.6761 0
      vertex 37.4 -35.7 0
    endloop
  endfacet
  facet normal 0 0 -1
    outer loop
      vertex -26.8905 -31.6761 0
      vertex -37.4 -35.7 0
      vertex -27.3855 -31.8001 0
    endloop
  endfacet
  facet normal 0 0 -1
    outer loop
      vertex -27.3855 -31.8001 0
      vertex -37.4 -35.7 0
      vertex -27.8903 -31.875 0
    endloop
  endfacet
  facet normal 0 0 -1
    outer loop
      vertex -27.8903 -31.875 0
      vertex -37.4 -35.7 0
      vertex -28.4 -31.9 0
    endloop
  endfacet
  facet normal 0 0 -1
    outer loop
      vertex -33.5001 25.6855 0
      vertex -37.4 35.7 0
      vertex -33.575 26.1903 0
    endloop
  endfacet
  facet normal -0 0 -1
    outer loop
      vertex -33.575 -27.2097 0
      vertex -37.4 -35.7 0
      vertex -33.6 -26.7 0
    endloop
  endfacet
  facet normal -0 0 -1
    outer loop
      vertex -33.5001 -27.7145 0
      vertex -37.4 -35.7 0
      vertex -33.575 -27.2097 0
    endloop
  endfacet
  facet normal -0 0 -1
    outer loop
      vertex -33.3761 -28.2095 0
      vertex -37.4 -35.7 0
      vertex -33.5001 -27.7145 0
    endloop
  endfacet
  facet normal -0 0 -1
    outer loop
      vertex -33.2042 -28.69 0
      vertex -37.4 -35.7 0
      vertex -33.3761 -28.2095 0
    endloop
  endfacet
  facet normal -0 0 -1
    outer loop
      vertex -32.986 -29.1513 0
      vertex -37.4 -35.7 0
      vertex -33.2042 -28.69 0
    endloop
  endfacet
  facet normal -0 0 -1
    outer loop
      vertex -32.7236 -29.589 0
      vertex -37.4 -35.7 0
      vertex -32.986 -29.1513 0
    endloop
  endfacet
  facet normal -0 0 -1
    outer loop
      vertex -32.4197 -29.9988 0
      vertex -37.4 -35.7 0
      vertex -32.7236 -29.589 0
    endloop
  endfacet
  facet normal -0 0 -1
    outer loop
      vertex -32.077 -30.377 0
      vertex -37.4 -35.7 0
      vertex -32.4197 -29.9988 0
    endloop
  endfacet
  facet normal -0 0 -1
    outer loop
      vertex -31.6988 -30.7197 0
      vertex -37.4 -35.7 0
      vertex -32.077 -30.377 0
    endloop
  endfacet
  facet normal -0 0 -1
    outer loop
      vertex -31.289 -31.0236 0
      vertex -37.4 -35.7 0
      vertex -31.6988 -30.7197 0
    endloop
  endfacet
  facet normal -0 0 -1
    outer loop
      vertex -30.8513 -31.286 0
      vertex -37.4 -35.7 0
      vertex -31.289 -31.0236 0
    endloop
  endfacet
  facet normal -0 0 -1
    outer loop
      vertex -30.39 -31.5042 0
      vertex -37.4 -35.7 0
      vertex -30.8513 -31.286 0
    endloop
  endfacet
  facet normal -0 0 -1
    outer loop
      vertex -29.9095 -31.6761 0
      vertex -37.4 -35.7 0
      vertex -30.39 -31.5042 0
    endloop
  endfacet
  facet normal -0 0 -1
    outer loop
      vertex -29.4145 -31.8001 0
      vertex -37.4 -35.7 0
      vertex -29.9095 -31.6761 0
    endloop
  endfacet
  facet normal -0 0 -1
    outer loop
      vertex -28.9097 -31.875 0
      vertex -37.4 -35.7 0
      vertex -29.4145 -31.8001 0
    endloop
  endfacet
  facet normal -0 0 -1
    outer loop
      vertex -28.4 -31.9 0
      vertex -37.4 -35.7 0
      vertex -28.9097 -31.875 0
    endloop
  endfacet
  facet normal 0 0 -1
    outer loop
      vertex 33.5001 -25.6855 0
      vertex 37.4 -35.7 0
      vertex 33.575 -26.1903 0
    endloop
  endfacet
  facet normal 0 0 -1
    outer loop
      vertex 33.575 27.2097 0
      vertex 37.4 35.7 0
      vertex 33.6 26.7 0
    endloop
  endfacet
  facet normal 0 0 -1
    outer loop
      vertex 33.5001 27.7145 0
      vertex 37.4 35.7 0
      vertex 33.575 27.2097 0
    endloop
  endfacet
  facet normal 0 0 -1
    outer loop
      vertex 33.3761 28.2095 0
      vertex 37.4 35.7 0
      vertex 33.5001 27.7145 0
    endloop
  endfacet
  facet normal 0 0 -1
    outer loop
      vertex 33.2042 28.69 0
      vertex 37.4 35.7 0
      vertex 33.3761 28.2095 0
    endloop
  endfacet
  facet normal 0 0 -1
    outer loop
      vertex 32.986 29.1513 0
      vertex 37.4 35.7 0
      vertex 33.2042 28.69 0
    endloop
  endfacet
  facet normal 0 0 -1
    outer loop
      vertex 32.7236 29.589 0
      vertex 37.4 35.7 0
      vertex 32.986 29.1513 0
    endloop
  endfacet
  facet normal 0 0 -1
    outer loop
      vertex 32.4197 29.9988 0
      vertex 37.4 35.7 0
      vertex 32.7236 29.589 0
    endloop
  endfacet
  facet normal 0 0 -1
    outer loop
      vertex 32.077 30.377 0
      vertex 37.4 35.7 0
      vertex 32.4197 29.9988 0
    endloop
  endfacet
  facet normal 0 0 -1
    outer loop
      vertex 31.6988 30.7197 0
      vertex 37.4 35.7 0
      vertex 32.077 30.377 0
    endloop
  endfacet
  facet normal 0 0 -1
    outer loop
      vertex 31.289 31.0236 0
      vertex 37.4 35.7 0
      vertex 31.6988 30.7197 0
    endloop
  endfacet
  facet normal 0 0 -1
    outer loop
      vertex 30.8513 31.286 0
      vertex 37.4 35.7 0
      vertex 31.289 31.0236 0
    endloop
  endfacet
  facet normal 0 0 -1
    outer loop
      vertex 30.39 31.5042 0
      vertex 37.4 35.7 0
      vertex 30.8513 31.286 0
    endloop
  endfacet
  facet normal 0 0 -1
    outer loop
      vertex 29.9095 31.6761 0
      vertex 37.4 35.7 0
      vertex 30.39 31.5042 0
    endloop
  endfacet
  facet normal 0 0 -1
    outer loop
      vertex 29.4145 31.8001 0
      vertex 37.4 35.7 0
      vertex 29.9095 31.6761 0
    endloop
  endfacet
  facet normal 0 0 -1
    outer loop
      vertex 28.9097 31.875 0
      vertex 37.4 35.7 0
      vertex 29.4145 31.8001 0
    endloop
  endfacet
  facet normal 0 0 -1
    outer loop
      vertex 28.4 31.9 0
      vertex 37.4 35.7 0
      vertex 28.9097 31.875 0
    endloop
  endfacet
  facet normal 0 0 -1
    outer loop
      vertex 27.8903 31.875 0
      vertex 37.4 35.7 0
      vertex 28.4 31.9 0
    endloop
  endfacet
  facet normal 0 0 -1
    outer loop
      vertex 27.3855 31.8001 0
      vertex 37.4 35.7 0
      vertex 27.8903 31.875 0
    endloop
  endfacet
  facet normal 0 0 -1
    outer loop
      vertex 17.5 30.74 0
      vertex 27.3855 31.8001 0
      vertex 26.8905 31.6761 0
    endloop
  endfacet
  facet normal 0 0 -1
    outer loop
      vertex 17.8176 30.7244 0
      vertex 26.8905 31.6761 0
      vertex 26.41 31.5042 0
    endloop
  endfacet
  facet normal 0 0 -1
    outer loop
      vertex 23.225 26.1903 0
      vertex 20.74 27.5 0
      vertex 23.2 26.7 0
    endloop
  endfacet
  facet normal 0 0 -1
    outer loop
      vertex 23.2 26.7 0
      vertex 20.74 27.5 0
      vertex 23.225 27.2097 0
    endloop
  endfacet
  facet normal 0 0 -1
    outer loop
      vertex 20.74 27.5 0
      vertex 23.2999 27.7145 0
      vertex 23.225 27.2097 0
    endloop
  endfacet
  facet normal 0 0 -1
    outer loop
      vertex 20.7245 27.8165 0
      vertex 23.2999 27.7145 0
      vertex 20.74 27.5 0
    endloop
  endfacet
  facet normal 0 0 -1
    outer loop
      vertex 20.7244 27.8176 0
      vertex 23.2999 27.7145 0
      vertex 20.7245 27.8165 0
    endloop
  endfacet
  facet normal 0 0 -1
    outer loop
      vertex 20.7242 27.8186 0
      vertex 23.2999 27.7145 0
      vertex 20.7244 27.8176 0
    endloop
  endfacet
  facet normal 0 0 -1
    outer loop
      vertex 20.6777 28.1321 0
      vertex 23.2999 27.7145 0
      vertex 20.7242 27.8186 0
    endloop
  endfacet
  facet normal 0 0 -1
    outer loop
      vertex 23.2999 27.7145 0
      vertex 20.6777 28.1321 0
      vertex 23.4239 28.2095 0
    endloop
  endfacet
  facet normal 0 0 -1
    outer loop
      vertex 20.6007 28.4395 0
      vertex 23.4239 28.2095 0
      vertex 20.6777 28.1321 0
    endloop
  endfacet
  facet normal 0 0 -1
    outer loop
      vertex 20.6005 28.4405 0
      vertex 23.4239 28.2095 0
      vertex 20.6007 28.4395 0
    endloop
  endfacet
  facet normal 0 0 -1
    outer loop
      vertex 23.4239 28.2095 0
      vertex 20.6005 28.4405 0
      vertex 23.5958 28.69 0
    endloop
  endfacet
  facet normal 0 0 -1
    outer loop
      vertex 20.6001 28.4415 0
      vertex 23.5958 28.69 0
      vertex 20.6005 28.4405 0
    endloop
  endfacet
  facet normal 0 0 -1
    outer loop
      vertex 20.4934 28.7399 0
      vertex 23.5958 28.69 0
      vertex 20.6001 28.4415 0
    endloop
  endfacet
  facet normal 0 0 -1
    outer loop
      vertex 20.4929 28.7409 0
      vertex 23.5958 28.69 0
      vertex 20.4934 28.7399 0
    endloop
  endfacet
  facet normal 0 0 -1
    outer loop
      vertex 20.3574 29.0273 0
      vertex 23.5958 28.69 0
      vertex 20.4929 28.7409 0
    endloop
  endfacet
  facet normal 0 0 -1
    outer loop
      vertex 23.5958 28.69 0
      vertex 20.3574 29.0273 0
      vertex 23.814 29.1513 0
    endloop
  endfacet
  facet normal 0 0 -1
    outer loop
      vertex 20.1945 29.2991 0
      vertex 23.814 29.1513 0
      vertex 20.3574 29.0273 0
    endloop
  endfacet
  facet normal 0 0 -1
    outer loop
      vertex 20.194 29.3 0
      vertex 23.814 29.1513 0
      vertex 20.1945 29.2991 0
    endloop
  endfacet
  facet normal 0 0 -1
    outer loop
      vertex 23.814 29.1513 0
      vertex 20.194 29.3 0
      vertex 24.0764 29.589 0
    endloop
  endfacet
  facet normal 0 0 -1
    outer loop
      vertex 20.1933 29.3009 0
      vertex 24.0764 29.589 0
      vertex 20.194 29.3 0
    endloop
  endfacet
  facet normal 0 0 -1
    outer loop
      vertex 20.0046 29.5554 0
      vertex 24.0764 29.589 0
      vertex 20.1933 29.3009 0
    endloop
  endfacet
  facet normal -0 0 -1
    outer loop
      vertex 24.0764 29.589 0
      vertex 20.0046 29.5554 0
      vertex 24.3803 29.9988 0
    endloop
  endfacet
  facet normal 0 0 -1
    outer loop
      vertex 19.7917 29.7902 0
      vertex 24.3803 29.9988 0
      vertex 20.0046 29.5554 0
    endloop
  endfacet
  facet normal 0 0 -1
    outer loop
      vertex 19.791 29.791 0
      vertex 24.3803 29.9988 0
      vertex 19.7917 29.7902 0
    endloop
  endfacet
  facet normal 0 0 -1
    outer loop
      vertex 19.7902 29.7917 0
      vertex 24.3803 29.9988 0
      vertex 19.791 29.791 0
    endloop
  endfacet
  facet normal 0 0 -1
    outer loop
      vertex 19.5554 30.0046 0
      vertex 24.3803 29.9988 0
      vertex 19.7902 29.7917 0
    endloop
  endfacet
  facet normal 0 0 -1
    outer loop
      vertex 24.3803 29.9988 0
      vertex 19.5554 30.0046 0
      vertex 24.723 30.377 0
    endloop
  endfacet
  facet normal 0 0 -1
    outer loop
      vertex 19.3009 30.1933 0
      vertex 24.723 30.377 0
      vertex 19.5554 30.0046 0
    endloop
  endfacet
  facet normal 0 0 -1
    outer loop
      vertex 19.3 30.194 0
      vertex 24.723 30.377 0
      vertex 19.3009 30.1933 0
    endloop
  endfacet
  facet normal -0 0 -1
    outer loop
      vertex 24.723 30.377 0
      vertex 19.3 30.194 0
      vertex 25.1012 30.7197 0
    endloop
  endfacet
  facet normal 0 0 -1
    outer loop
      vertex 19.2991 30.1945 0
      vertex 25.1012 30.7197 0
      vertex 19.3 30.194 0
    endloop
  endfacet
  facet normal 0 0 -1
    outer loop
      vertex 19.0273 30.3574 0
      vertex 25.1012 30.7197 0
      vertex 19.2991 30.1945 0
    endloop
  endfacet
  facet normal -0 0 -1
    outer loop
      vertex 25.1012 30.7197 0
      vertex 19.0273 30.3574 0
      vertex 25.511 31.0236 0
    endloop
  endfacet
  facet normal 0 0 -1
    outer loop
      vertex 18.7409 30.4929 0
      vertex 25.511 31.0236 0
      vertex 19.0273 30.3574 0
    endloop
  endfacet
  facet normal 0 0 -1
    outer loop
      vertex 18.7399 30.4934 0
      vertex 25.511 31.0236 0
      vertex 18.7409 30.4929 0
    endloop
  endfacet
  facet normal -0 0 -1
    outer loop
      vertex 25.511 31.0236 0
      vertex 18.7399 30.4934 0
      vertex 25.9487 31.286 0
    endloop
  endfacet
  facet normal 0 0 -1
    outer loop
      vertex 18.4415 30.6001 0
      vertex 25.9487 31.286 0
      vertex 18.7399 30.4934 0
    endloop
  endfacet
  facet normal 0 0 -1
    outer loop
      vertex 18.4405 30.6005 0
      vertex 25.9487 31.286 0
      vertex 18.4415 30.6001 0
    endloop
  endfacet
  facet normal -0 0 -1
    outer loop
      vertex 25.9487 31.286 0
      vertex 18.4405 30.6005 0
      vertex 26.41 31.5042 0
    endloop
  endfacet
  facet normal 0 0 -1
    outer loop
      vertex 18.4395 30.6007 0
      vertex 26.41 31.5042 0
      vertex 18.4405 30.6005 0
    endloop
  endfacet
  facet normal 0 0 -1
    outer loop
      vertex 18.1321 30.6777 0
      vertex 26.41 31.5042 0
      vertex 18.4395 30.6007 0
    endloop
  endfacet
  facet normal 0 0 -1
    outer loop
      vertex 17.8186 30.7242 0
      vertex 26.41 31.5042 0
      vertex 18.1321 30.6777 0
    endloop
  endfacet
  facet normal 0 0 -1
    outer loop
      vertex 17.8176 30.7244 0
      vertex 26.41 31.5042 0
      vertex 17.8186 30.7242 0
    endloop
  endfacet
  facet normal 0 0 -1
    outer loop
      vertex 26.8905 31.6761 0
      vertex 17.8176 30.7244 0
      vertex 17.8165 30.7245 0
    endloop
  endfacet
  facet normal 0 0 -1
    outer loop
      vertex 26.8905 31.6761 0
      vertex 17.8165 30.7245 0
      vertex 17.5 30.74 0
    endloop
  endfacet
  facet normal -0 0 -1
    outer loop
      vertex 27.3855 31.8001 0
      vertex 17.5 30.74 0
      vertex 37.4 35.7 0
    endloop
  endfacet
  facet normal 0 0 -1
    outer loop
      vertex 17.1835 30.7245 0
      vertex 37.4 35.7 0
      vertex 17.5 30.74 0
    endloop
  endfacet
  facet normal 0 0 -1
    outer loop
      vertex 17.1824 30.7244 0
      vertex 37.4 35.7 0
      vertex 17.1835 30.7245 0
    endloop
  endfacet
  facet normal 0 0 -1
    outer loop
      vertex 17.1814 30.7242 0
      vertex 37.4 35.7 0
      vertex 17.1824 30.7244 0
    endloop
  endfacet
  facet normal 0 0 -1
    outer loop
      vertex 16.8679 30.6777 0
      vertex 37.4 35.7 0
      vertex 17.1814 30.7242 0
    endloop
  endfacet
  facet normal 0 0 -1
    outer loop
      vertex 16.5595 30.6005 0
      vertex 16.8679 30.6777 0
      vertex 16.5605 30.6007 0
    endloop
  endfacet
  facet normal 0 0 -1
    outer loop
      vertex 16.2601 30.4934 0
      vertex 16.5595 30.6005 0
      vertex 16.5585 30.6001 0
    endloop
  endfacet
  facet normal 0 0 -1
    outer loop
      vertex 15.7 30.194 0
      vertex 15.9727 30.3574 0
      vertex 15.7009 30.1945 0
    endloop
  endfacet
  facet normal 0 0 -1
    outer loop
      vertex 15.4446 30.0046 0
      vertex 15.7 30.194 0
      vertex 15.6991 30.1933 0
    endloop
  endfacet
  facet normal 0 0 -1
    outer loop
      vertex 14.6426 29.0273 0
      vertex 14.806 29.3 0
      vertex 14.8055 29.2991 0
    endloop
  endfacet
  facet normal 0 0 -1
    outer loop
      vertex -14.3999 28.4415 0
      vertex 14.3999 28.4415 0
      vertex 14.3995 28.4405 0
    endloop
  endfacet
  facet normal 0 0 -1
    outer loop
      vertex 14.2755 27.1835 0
      vertex -14.26 27.5 0
      vertex 14.26 27.5 0
    endloop
  endfacet
  facet normal 0 0 -1
    outer loop
      vertex 14.26 27.5 0
      vertex -14.26 27.5 0
      vertex 14.2755 27.8165 0
    endloop
  endfacet
  facet normal 0 0 -1
    outer loop
      vertex -14.2755 27.8165 0
      vertex 14.2755 27.8165 0
      vertex -14.26 27.5 0
    endloop
  endfacet
  facet normal 0 0 -1
    outer loop
      vertex 14.2755 27.8165 0
      vertex -14.2755 27.8165 0
      vertex 14.2756 27.8176 0
    endloop
  endfacet
  facet normal 0 0 -1
    outer loop
      vertex -14.2756 27.8176 0
      vertex 14.2756 27.8176 0
      vertex -14.2755 27.8165 0
    endloop
  endfacet
  facet normal 0 0 -1
    outer loop
      vertex 14.2756 27.8176 0
      vertex -14.2756 27.8176 0
      vertex 14.2758 27.8186 0
    endloop
  endfacet
  facet normal 0 0 -1
    outer loop
      vertex -14.2758 27.8186 0
      vertex 14.2758 27.8186 0
      vertex -14.2756 27.8176 0
    endloop
  endfacet
  facet normal 0 0 -1
    outer loop
      vertex 14.2758 27.8186 0
      vertex -14.2758 27.8186 0
      vertex 14.3223 28.1321 0
    endloop
  endfacet
  facet normal 0 0 -1
    outer loop
      vertex -14.3223 28.1321 0
      vertex 14.3223 28.1321 0
      vertex -14.2758 27.8186 0
    endloop
  endfacet
  facet normal 0 0 -1
    outer loop
      vertex 14.3223 28.1321 0
      vertex -14.3223 28.1321 0
      vertex 14.3993 28.4395 0
    endloop
  endfacet
  facet normal 0 0 -1
    outer loop
      vertex -14.3993 28.4395 0
      vertex 14.3993 28.4395 0
      vertex -14.3223 28.1321 0
    endloop
  endfacet
  facet normal 0 0 -1
    outer loop
      vertex 14.3993 28.4395 0
      vertex -14.3993 28.4395 0
      vertex 14.3995 28.4405 0
    endloop
  endfacet
  facet normal 0 0 -1
    outer loop
      vertex -14.3995 28.4405 0
      vertex 14.3995 28.4405 0
      vertex -14.3993 28.4395 0
    endloop
  endfacet
  facet normal 0 0 -1
    outer loop
      vertex -14.3999 28.4415 0
      vertex 14.3995 28.4405 0
      vertex -14.3995 28.4405 0
    endloop
  endfacet
  facet normal 0 0 -1
    outer loop
      vertex 14.3999 28.4415 0
      vertex -14.3999 28.4415 0
      vertex 14.5066 28.7399 0
    endloop
  endfacet
  facet normal 0 0 -1
    outer loop
      vertex -14.5066 28.7399 0
      vertex 14.5066 28.7399 0
      vertex -14.3999 28.4415 0
    endloop
  endfacet
  facet normal 0 0 -1
    outer loop
      vertex 14.5066 28.7399 0
      vertex -14.5066 28.7399 0
      vertex 14.5071 28.7409 0
    endloop
  endfacet
  facet normal 0 0 -1
    outer loop
      vertex -14.5071 28.7409 0
      vertex 14.5071 28.7409 0
      vertex -14.5066 28.7399 0
    endloop
  endfacet
  facet normal 0 0 -1
    outer loop
      vertex 14.5071 28.7409 0
      vertex -14.5071 28.7409 0
      vertex 14.6426 29.0273 0
    endloop
  endfacet
  facet normal 0 0 -1
    outer loop
      vertex -14.6426 29.0273 0
      vertex 14.6426 29.0273 0
      vertex -14.5071 28.7409 0
    endloop
  endfacet
  facet normal 0 0 -1
    outer loop
      vertex 14.6426 29.0273 0
      vertex -14.6426 29.0273 0
      vertex 14.806 29.3 0
    endloop
  endfacet
  facet normal 0 0 -1
    outer loop
      vertex -14.8055 29.2991 0
      vertex 14.806 29.3 0
      vertex -14.6426 29.0273 0
    endloop
  endfacet
  facet normal 0 0 -1
    outer loop
      vertex -14.806 29.3 0
      vertex 14.806 29.3 0
      vertex -14.8055 29.2991 0
    endloop
  endfacet
  facet normal 0 0 -1
    outer loop
      vertex 14.806 29.3 0
      vertex -14.806 29.3 0
      vertex 14.8067 29.3009 0
    endloop
  endfacet
  facet normal -0 0 -1
    outer loop
      vertex 14.8067 29.3009 0
      vertex -14.806 29.3 0
      vertex 14.9954 29.5554 0
    endloop
  endfacet
  facet normal 0 0 -1
    outer loop
      vertex -14.8067 29.3009 0
      vertex 14.9954 29.5554 0
      vertex -14.806 29.3 0
    endloop
  endfacet
  facet normal 0 0 -1
    outer loop
      vertex -14.9954 29.5554 0
      vertex 14.9954 29.5554 0
      vertex -14.8067 29.3009 0
    endloop
  endfacet
  facet normal 0 0 -1
    outer loop
      vertex 14.9954 29.5554 0
      vertex -14.9954 29.5554 0
      vertex 15.2083 29.7902 0
    endloop
  endfacet
  facet normal -0 0 -1
    outer loop
      vertex 15.2083 29.7902 0
      vertex -14.9954 29.5554 0
      vertex 15.209 29.791 0
    endloop
  endfacet
  facet normal 0 0 -1
    outer loop
      vertex -15.2083 29.7902 0
      vertex 15.209 29.791 0
      vertex -14.9954 29.5554 0
    endloop
  endfacet
  facet normal 0 0 -1
    outer loop
      vertex -15.209 29.791 0
      vertex 15.209 29.791 0
      vertex -15.2083 29.7902 0
    endloop
  endfacet
  facet normal 0 0 -1
    outer loop
      vertex 15.209 29.791 0
      vertex -15.209 29.791 0
      vertex 15.2098 29.7917 0
    endloop
  endfacet
  facet normal -0 0 -1
    outer loop
      vertex 15.2098 29.7917 0
      vertex -15.209 29.791 0
      vertex 15.4446 30.0046 0
    endloop
  endfacet
  facet normal 0 0 -1
    outer loop
      vertex -15.2098 29.7917 0
      vertex 15.4446 30.0046 0
      vertex -15.209 29.791 0
    endloop
  endfacet
  facet normal 0 0 -1
    outer loop
      vertex -15.4446 30.0046 0
      vertex 15.4446 30.0046 0
      vertex -15.2098 29.7917 0
    endloop
  endfacet
  facet normal 0 0 -1
    outer loop
      vertex 15.4446 30.0046 0
      vertex -15.4446 30.0046 0
      vertex 15.7 30.194 0
    endloop
  endfacet
  facet normal 0 0 -1
    outer loop
      vertex -15.6991 30.1933 0
      vertex 15.7 30.194 0
      vertex -15.4446 30.0046 0
    endloop
  endfacet
  facet normal 0 0 -1
    outer loop
      vertex -15.7 30.194 0
      vertex 15.7 30.194 0
      vertex -15.6991 30.1933 0
    endloop
  endfacet
  facet normal 0 0 -1
    outer loop
      vertex 15.7 30.194 0
      vertex -15.7 30.194 0
      vertex 15.9727 30.3574 0
    endloop
  endfacet
  facet normal 0 0 -1
    outer loop
      vertex -15.7009 30.1945 0
      vertex 15.9727 30.3574 0
      vertex -15.7 30.194 0
    endloop
  endfacet
  facet normal 0 0 -1
    outer loop
      vertex -15.9727 30.3574 0
      vertex 15.9727 30.3574 0
      vertex -15.7009 30.1945 0
    endloop
  endfacet
  facet normal 0 0 -1
    outer loop
      vertex 15.9727 30.3574 0
      vertex -15.9727 30.3574 0
      vertex 16.2591 30.4929 0
    endloop
  endfacet
  facet normal -0 0 -1
    outer loop
      vertex 16.2591 30.4929 0
      vertex -15.9727 30.3574 0
      vertex 16.2601 30.4934 0
    endloop
  endfacet
  facet normal 0 0 -1
    outer loop
      vertex -16.2591 30.4929 0
      vertex 16.2601 30.4934 0
      vertex -15.9727 30.3574 0
    endloop
  endfacet
  facet normal 0 0 -1
    outer loop
      vertex -16.2601 30.4934 0
      vertex 16.2601 30.4934 0
      vertex -16.2591 30.4929 0
    endloop
  endfacet
  facet normal 0 0 -1
    outer loop
      vertex 16.2601 30.4934 0
      vertex -16.2601 30.4934 0
      vertex 16.5595 30.6005 0
    endloop
  endfacet
  facet normal 0 0 -1
    outer loop
      vertex -16.5585 30.6001 0
      vertex 16.5595 30.6005 0
      vertex -16.2601 30.4934 0
    endloop
  endfacet
  facet normal 0 0 -1
    outer loop
      vertex -16.5595 30.6005 0
      vertex 16.5595 30.6005 0
      vertex -16.5585 30.6001 0
    endloop
  endfacet
  facet normal 0 0 -1
    outer loop
      vertex 16.5595 30.6005 0
      vertex -16.5595 30.6005 0
      vertex 16.8679 30.6777 0
    endloop
  endfacet
  facet normal 0 0 -1
    outer loop
      vertex -16.5605 30.6007 0
      vertex 16.8679 30.6777 0
      vertex -16.5595 30.6005 0
    endloop
  endfacet
  facet normal 0 0 -1
    outer loop
      vertex -16.8679 30.6777 0
      vertex 16.8679 30.6777 0
      vertex -16.5605 30.6007 0
    endloop
  endfacet
  facet normal 0 0 -1
    outer loop
      vertex 16.8679 30.6777 0
      vertex -16.8679 30.6777 0
      vertex 37.4 35.7 0
    endloop
  endfacet
  facet normal 0 0 -1
    outer loop
      vertex -17.1814 30.7242 0
      vertex 37.4 35.7 0
      vertex -16.8679 30.6777 0
    endloop
  endfacet
  facet normal 0 0 -1
    outer loop
      vertex -17.1824 30.7244 0
      vertex 37.4 35.7 0
      vertex -17.1814 30.7242 0
    endloop
  endfacet
  facet normal 0 0 -1
    outer loop
      vertex -37.4 35.7 0
      vertex -17.1824 30.7244 0
      vertex -17.1835 30.7245 0
    endloop
  endfacet
  facet normal 0 0 -1
    outer loop
      vertex -37.4 35.7 0
      vertex -17.1835 30.7245 0
      vertex -17.5 30.74 0
    endloop
  endfacet
  facet normal 0 0 -1
    outer loop
      vertex -26.8905 31.6761 0
      vertex -17.5 30.74 0
      vertex -17.8165 30.7245 0
    endloop
  endfacet
  facet normal 0 0 -1
    outer loop
      vertex -26.8905 31.6761 0
      vertex -17.8165 30.7245 0
      vertex -17.8176 30.7244 0
    endloop
  endfacet
  facet normal 0 0 -1
    outer loop
      vertex -18.1321 30.6777 0
      vertex -17.8176 30.7244 0
      vertex -17.8186 30.7242 0
    endloop
  endfacet
  facet normal 0 0 -1
    outer loop
      vertex -25.9487 31.286 0
      vertex -18.4395 30.6007 0
      vertex -18.4405 30.6005 0
    endloop
  endfacet
  facet normal 0 0 -1
    outer loop
      vertex -25.9487 31.286 0
      vertex -18.4415 30.6001 0
      vertex -18.7399 30.4934 0
    endloop
  endfacet
  facet normal 0 0 -1
    outer loop
      vertex -25.1012 30.7197 0
      vertex -19.2991 30.1945 0
      vertex -19.3 30.194 0
    endloop
  endfacet
  facet normal 0 0 -1
    outer loop
      vertex -23.814 29.1513 0
      vertex -20.1945 29.2991 0
      vertex -20.3574 29.0273 0
    endloop
  endfacet
  facet normal 0 0 -1
    outer loop
      vertex -23.5958 28.69 0
      vertex -20.6001 28.4415 0
      vertex -20.6005 28.4405 0
    endloop
  endfacet
  facet normal 0 0 -1
    outer loop
      vertex -23.4239 28.2095 0
      vertex -20.6007 28.4395 0
      vertex -20.6777 28.1321 0
    endloop
  endfacet
  facet normal 0 0 -1
    outer loop
      vertex -23.2999 27.7145 0
      vertex -20.7242 27.8186 0
      vertex -20.7244 27.8176 0
    endloop
  endfacet
  facet normal 0 0 -1
    outer loop
      vertex -23.2999 27.7145 0
      vertex -20.7245 27.8165 0
      vertex -20.74 27.5 0
    endloop
  endfacet
  facet normal 0 0 -1
    outer loop
      vertex -20.7244 27.1824 0
      vertex -23.225 27.2097 0
      vertex -20.7245 27.1835 0
    endloop
  endfacet
  facet normal 0 0 -1
    outer loop
      vertex -20.7245 27.1835 0
      vertex -23.225 27.2097 0
      vertex -20.74 27.5 0
    endloop
  endfacet
  facet normal 0 0 -1
    outer loop
      vertex -23.2999 27.7145 0
      vertex -20.74 27.5 0
      vertex -23.225 27.2097 0
    endloop
  endfacet
  facet normal -0 0 -1
    outer loop
      vertex -20.7245 27.8165 0
      vertex -23.2999 27.7145 0
      vertex -20.7244 27.8176 0
    endloop
  endfacet
  facet normal -0 0 -1
    outer loop
      vertex -20.7242 27.8186 0
      vertex -23.2999 27.7145 0
      vertex -20.6777 28.1321 0
    endloop
  endfacet
  facet normal 0 0 -1
    outer loop
      vertex -23.4239 28.2095 0
      vertex -20.6777 28.1321 0
      vertex -23.2999 27.7145 0
    endloop
  endfacet
  facet normal -0 0 -1
    outer loop
      vertex -20.6007 28.4395 0
      vertex -23.4239 28.2095 0
      vertex -20.6005 28.4405 0
    endloop
  endfacet
  facet normal 0 0 -1
    outer loop
      vertex -23.5958 28.69 0
      vertex -20.6005 28.4405 0
      vertex -23.4239 28.2095 0
    endloop
  endfacet
  facet normal 0 0 -1
    outer loop
      vertex -20.6001 28.4415 0
      vertex -23.5958 28.69 0
      vertex -20.4934 28.7399 0
    endloop
  endfacet
  facet normal -0 0 -1
    outer loop
      vertex -20.4934 28.7399 0
      vertex -23.5958 28.69 0
      vertex -20.4929 28.7409 0
    endloop
  endfacet
  facet normal -0 0 -1
    outer loop
      vertex -20.4929 28.7409 0
      vertex -23.5958 28.69 0
      vertex -20.3574 29.0273 0
    endloop
  endfacet
  facet normal 0 0 -1
    outer loop
      vertex -23.814 29.1513 0
      vertex -20.3574 29.0273 0
      vertex -23.5958 28.69 0
    endloop
  endfacet
  facet normal -0 0 -1
    outer loop
      vertex -20.1945 29.2991 0
      vertex -23.814 29.1513 0
      vertex -20.194 29.3 0
    endloop
  endfacet
  facet normal 0 0 -1
    outer loop
      vertex -24.0764 29.589 0
      vertex -20.194 29.3 0
      vertex -23.814 29.1513 0
    endloop
  endfacet
  facet normal 0 0 -1
    outer loop
      vertex -20.194 29.3 0
      vertex -24.0764 29.589 0
      vertex -20.1933 29.3009 0
    endloop
  endfacet
  facet normal 0 0 -1
    outer loop
      vertex -20.1933 29.3009 0
      vertex -24.0764 29.589 0
      vertex -20.0046 29.5554 0
    endloop
  endfacet
  facet normal 0 0 -1
    outer loop
      vertex -24.3803 29.9988 0
      vertex -20.0046 29.5554 0
      vertex -24.0764 29.589 0
    endloop
  endfacet
  facet normal 0 0 -1
    outer loop
      vertex -20.0046 29.5554 0
      vertex -24.3803 29.9988 0
      vertex -19.7917 29.7902 0
    endloop
  endfacet
  facet normal 0 0 -1
    outer loop
      vertex -19.7917 29.7902 0
      vertex -24.3803 29.9988 0
      vertex -19.791 29.791 0
    endloop
  endfacet
  facet normal 0 0 -1
    outer loop
      vertex -19.791 29.791 0
      vertex -24.3803 29.9988 0
      vertex -19.7902 29.7917 0
    endloop
  endfacet
  facet normal 0 0 -1
    outer loop
      vertex -19.7902 29.7917 0
      vertex -24.3803 29.9988 0
      vertex -19.5554 30.0046 0
    endloop
  endfacet
  facet normal 0 0 -1
    outer loop
      vertex -24.723 30.377 0
      vertex -19.5554 30.0046 0
      vertex -24.3803 29.9988 0
    endloop
  endfacet
  facet normal 0 0 -1
    outer loop
      vertex -19.5554 30.0046 0
      vertex -24.723 30.377 0
      vertex -19.3009 30.1933 0
    endloop
  endfacet
  facet normal 0 0 -1
    outer loop
      vertex -19.3009 30.1933 0
      vertex -24.723 30.377 0
      vertex -19.3 30.194 0
    endloop
  endfacet
  facet normal 0 0 -1
    outer loop
      vertex -25.1012 30.7197 0
      vertex -19.3 30.194 0
      vertex -24.723 30.377 0
    endloop
  endfacet
  facet normal 0 0 -1
    outer loop
      vertex -19.2991 30.1945 0
      vertex -25.1012 30.7197 0
      vertex -19.0273 30.3574 0
    endloop
  endfacet
  facet normal 0 0 -1
    outer loop
      vertex -25.511 31.0236 0
      vertex -19.0273 30.3574 0
      vertex -25.1012 30.7197 0
    endloop
  endfacet
  facet normal 0 0 -1
    outer loop
      vertex -19.0273 30.3574 0
      vertex -25.511 31.0236 0
      vertex -18.7409 30.4929 0
    endloop
  endfacet
  facet normal 0 0 -1
    outer loop
      vertex -18.7409 30.4929 0
      vertex -25.511 31.0236 0
      vertex -18.7399 30.4934 0
    endloop
  endfacet
  facet normal 0 0 -1
    outer loop
      vertex -25.9487 31.286 0
      vertex -18.7399 30.4934 0
      vertex -25.511 31.0236 0
    endloop
  endfacet
  facet normal 0 0 -1
    outer loop
      vertex -18.4415 30.6001 0
      vertex -25.9487 31.286 0
      vertex -18.4405 30.6005 0
    endloop
  endfacet
  facet normal 0 0 -1
    outer loop
      vertex -18.4395 30.6007 0
      vertex -25.9487 31.286 0
      vertex -18.1321 30.6777 0
    endloop
  endfacet
  facet normal 0 0 -1
    outer loop
      vertex -26.41 31.5042 0
      vertex -18.1321 30.6777 0
      vertex -25.9487 31.286 0
    endloop
  endfacet
  facet normal 0 0 -1
    outer loop
      vertex -18.1321 30.6777 0
      vertex -26.41 31.5042 0
      vertex -17.8176 30.7244 0
    endloop
  endfacet
  facet normal 0 0 -1
    outer loop
      vertex -26.8905 31.6761 0
      vertex -17.8176 30.7244 0
      vertex -26.41 31.5042 0
    endloop
  endfacet
  facet normal 0 0 -1
    outer loop
      vertex -17.5 30.74 0
      vertex -26.8905 31.6761 0
      vertex -27.3855 31.8001 0
    endloop
  endfacet
  facet normal 0 0 -1
    outer loop
      vertex -17.5 30.74 0
      vertex -27.3855 31.8001 0
      vertex -37.4 35.7 0
    endloop
  endfacet
  facet normal 0 0 -1
    outer loop
      vertex -37.4 35.7 0
      vertex -27.3855 31.8001 0
      vertex -27.8903 31.875 0
    endloop
  endfacet
  facet normal 0 0 -1
    outer loop
      vertex -37.4 35.7 0
      vertex -27.8903 31.875 0
      vertex -28.4 31.9 0
    endloop
  endfacet
  facet normal 0 0 -1
    outer loop
      vertex -37.4 35.7 0
      vertex -28.4 31.9 0
      vertex -28.9097 31.875 0
    endloop
  endfacet
  facet normal 0 0 -1
    outer loop
      vertex -33.575 26.1903 0
      vertex -37.4 35.7 0
      vertex -33.6 26.7 0
    endloop
  endfacet
  facet normal 0 0 -1
    outer loop
      vertex -17.1824 30.7244 0
      vertex -37.4 35.7 0
      vertex 37.4 35.7 0
    endloop
  endfacet
  facet normal 0 0 -1
    outer loop
      vertex -29.4145 31.8001 0
      vertex -37.4 35.7 0
      vertex -28.9097 31.875 0
    endloop
  endfacet
  facet normal 0 0 -1
    outer loop
      vertex -29.9095 31.6761 0
      vertex -37.4 35.7 0
      vertex -29.4145 31.8001 0
    endloop
  endfacet
  facet normal 0 0 -1
    outer loop
      vertex -30.39 31.5042 0
      vertex -37.4 35.7 0
      vertex -29.9095 31.6761 0
    endloop
  endfacet
  facet normal 0 0 -1
    outer loop
      vertex -30.8513 31.286 0
      vertex -37.4 35.7 0
      vertex -30.39 31.5042 0
    endloop
  endfacet
  facet normal 0 0 -1
    outer loop
      vertex -31.289 31.0236 0
      vertex -37.4 35.7 0
      vertex -30.8513 31.286 0
    endloop
  endfacet
  facet normal 0 0 -1
    outer loop
      vertex -31.6988 30.7197 0
      vertex -37.4 35.7 0
      vertex -31.289 31.0236 0
    endloop
  endfacet
  facet normal 0 0 -1
    outer loop
      vertex -32.077 30.377 0
      vertex -37.4 35.7 0
      vertex -31.6988 30.7197 0
    endloop
  endfacet
  facet normal 0 0 -1
    outer loop
      vertex -32.4197 29.9988 0
      vertex -37.4 35.7 0
      vertex -32.077 30.377 0
    endloop
  endfacet
  facet normal 0 0 -1
    outer loop
      vertex -32.7236 29.589 0
      vertex -37.4 35.7 0
      vertex -32.4197 29.9988 0
    endloop
  endfacet
  facet normal 0 0 -1
    outer loop
      vertex -32.986 29.1513 0
      vertex -37.4 35.7 0
      vertex -32.7236 29.589 0
    endloop
  endfacet
  facet normal 0 0 -1
    outer loop
      vertex -33.2042 28.69 0
      vertex -37.4 35.7 0
      vertex -32.986 29.1513 0
    endloop
  endfacet
  facet normal 0 0 -1
    outer loop
      vertex -33.3761 28.2095 0
      vertex -37.4 35.7 0
      vertex -33.2042 28.69 0
    endloop
  endfacet
  facet normal 0 0 -1
    outer loop
      vertex -33.5001 27.7145 0
      vertex -37.4 35.7 0
      vertex -33.3761 28.2095 0
    endloop
  endfacet
  facet normal 0 0 -1
    outer loop
      vertex -33.575 27.2097 0
      vertex -37.4 35.7 0
      vertex -33.5001 27.7145 0
    endloop
  endfacet
  facet normal 0 0 -1
    outer loop
      vertex -33.6 26.7 0
      vertex -37.4 35.7 0
      vertex -33.575 27.2097 0
    endloop
  endfacet
  facet normal 0 -1 0
    outer loop
      vertex -10.5 -35.7 11.9
      vertex -25.3327 -35.7 15.7317
      vertex -23.5 -35.7 11.9
    endloop
  endfacet
  facet normal 0 -1 0
    outer loop
      vertex -24.3 -35.7 10.1
      vertex -23.5 -35.7 11.9
      vertex -24.3 -35.7 12.6
    endloop
  endfacet
  facet normal 0 -1 -0
    outer loop
      vertex -23.5 -35.7 11.9
      vertex -24.3 -35.7 10.1
      vertex -23.5 -35.7 7.9
    endloop
  endfacet
  facet normal 0 -1 -0
    outer loop
      vertex 25.5865 -35.7 25.2555
      vertex 8.31412 -35.7 12.2785
      vertex 25.6859 -35.7 25.1215
    endloop
  endfacet
  facet normal 0 -1 0
    outer loop
      vertex 8.4135 -35.7 12.1445
      vertex 25.6859 -35.7 25.1215
      vertex 8.31412 -35.7 12.2785
    endloop
  endfacet
  facet normal 0 -1 -0
    outer loop
      vertex -8.4135 -35.7 29.4555
      vertex -25.6859 -35.7 16.4785
      vertex -8.31412 -35.7 29.3215
    endloop
  endfacet
  facet normal 0 -1 0
    outer loop
      vertex -25.5865 -35.7 16.3445
      vertex -8.31412 -35.7 29.3215
      vertex -25.6859 -35.7 16.4785
    endloop
  endfacet
  facet normal 0 -1 0
    outer loop
      vertex 1.5 -35.7 33.9
      vertex 13 -35.7 29
      vertex 13 -35.7 31.5
    endloop
  endfacet
  facet normal 0 -1 0
    outer loop
      vertex 25.5865 -35.7 25.2555
      vertex 21 -35.7 29
      vertex 13 -35.7 29
    endloop
  endfacet
  facet normal 0 -1 0
    outer loop
      vertex 21 -35.7 29
      vertex 26.8334 -35.7 27.8918
      vertex 27 -35.7 27.9
    endloop
  endfacet
  facet normal 0 -1 0
    outer loop
      vertex 21 -35.7 29
      vertex 26.6683 -35.7 27.8673
      vertex 26.8334 -35.7 27.8918
    endloop
  endfacet
  facet normal 0 -1 0
    outer loop
      vertex 21 -35.7 29
      vertex 26.5065 -35.7 27.8268
      vertex 26.6683 -35.7 27.8673
    endloop
  endfacet
  facet normal 0 -1 0
    outer loop
      vertex 21 -35.7 29
      vertex 26.3494 -35.7 27.7706
      vertex 26.5065 -35.7 27.8268
    endloop
  endfacet
  facet normal 0 -1 0
    outer loop
      vertex 21 -35.7 29
      vertex 26.1986 -35.7 27.6993
      vertex 26.3494 -35.7 27.7706
    endloop
  endfacet
  facet normal 0 -1 0
    outer loop
      vertex 21 -35.7 29
      vertex 26.0555 -35.7 27.6135
      vertex 26.1986 -35.7 27.6993
    endloop
  endfacet
  facet normal 0 -1 0
    outer loop
      vertex 21 -35.7 29
      vertex 25.9215 -35.7 27.5141
      vertex 26.0555 -35.7 27.6135
    endloop
  endfacet
  facet normal 0 -1 0
    outer loop
      vertex 21 -35.7 29
      vertex 25.7979 -35.7 27.4021
      vertex 25.9215 -35.7 27.5141
    endloop
  endfacet
  facet normal 0 -1 0
    outer loop
      vertex 21 -35.7 29
      vertex 25.6859 -35.7 27.2785
      vertex 25.7979 -35.7 27.4021
    endloop
  endfacet
  facet normal 0 -1 0
    outer loop
      vertex 21 -35.7 29
      vertex 25.5865 -35.7 27.1445
      vertex 25.6859 -35.7 27.2785
    endloop
  endfacet
  facet normal 0 -1 0
    outer loop
      vertex 21 -35.7 29
      vertex 25.5007 -35.7 27.0014
      vertex 25.5865 -35.7 27.1445
    endloop
  endfacet
  facet normal 0 -1 0
    outer loop
      vertex 21 -35.7 29
      vertex 25.4294 -35.7 26.8506
      vertex 25.5007 -35.7 27.0014
    endloop
  endfacet
  facet normal 0 -1 0
    outer loop
      vertex 21 -35.7 29
      vertex 25.3732 -35.7 26.6935
      vertex 25.4294 -35.7 26.8506
    endloop
  endfacet
  facet normal 0 -1 0
    outer loop
      vertex 21 -35.7 29
      vertex 25.3327 -35.7 26.5317
      vertex 25.3732 -35.7 26.6935
    endloop
  endfacet
  facet normal 0 -1 0
    outer loop
      vertex 21 -35.7 29
      vertex 25.3082 -35.7 26.3666
      vertex 25.3327 -35.7 26.5317
    endloop
  endfacet
  facet normal 0 -1 0
    outer loop
      vertex 21 -35.7 29
      vertex 25.3 -35.7 26.2
      vertex 25.3082 -35.7 26.3666
    endloop
  endfacet
  facet normal 0 -1 0
    outer loop
      vertex 21 -35.7 29
      vertex 25.3082 -35.7 26.0334
      vertex 25.3 -35.7 26.2
    endloop
  endfacet
  facet normal 0 -1 0
    outer loop
      vertex 21 -35.7 29
      vertex 25.3327 -35.7 25.8683
      vertex 25.3082 -35.7 26.0334
    endloop
  endfacet
  facet normal 0 -1 0
    outer loop
      vertex 21 -35.7 29
      vertex 25.3732 -35.7 25.7065
      vertex 25.3327 -35.7 25.8683
    endloop
  endfacet
  facet normal 0 -1 0
    outer loop
      vertex 21 -35.7 29
      vertex 25.4294 -35.7 25.5494
      vertex 25.3732 -35.7 25.7065
    endloop
  endfacet
  facet normal 0 -1 0
    outer loop
      vertex 21 -35.7 29
      vertex 25.5007 -35.7 25.3986
      vertex 25.4294 -35.7 25.5494
    endloop
  endfacet
  facet normal 0 -1 0
    outer loop
      vertex 21 -35.7 29
      vertex 25.5865 -35.7 25.2555
      vertex 25.5007 -35.7 25.3986
    endloop
  endfacet
  facet normal 0 -1 0
    outer loop
      vertex 4.2 -35.7 22.7
      vertex 7.94447 -35.7 12.6135
      vertex 13 -35.7 29
    endloop
  endfacet
  facet normal 0 -1 0
    outer loop
      vertex 7.80137 -35.7 12.6993
      vertex 4.2 -35.7 22.7
      vertex 7.65056 -35.7 12.7706
    endloop
  endfacet
  facet normal 0 -1 0
    outer loop
      vertex 7.65056 -35.7 12.7706
      vertex 4.2 -35.7 22.7
      vertex 4.2 -35.7 14.7
    endloop
  endfacet
  facet normal 0 -1 0
    outer loop
      vertex 7.94447 -35.7 12.6135
      vertex 4.2 -35.7 22.7
      vertex 7.80137 -35.7 12.6993
    endloop
  endfacet
  facet normal 0 -1 0
    outer loop
      vertex 8.07847 -35.7 12.5141
      vertex 13 -35.7 29
      vertex 7.94447 -35.7 12.6135
    endloop
  endfacet
  facet normal 0 -1 0
    outer loop
      vertex 8.20208 -35.7 12.4021
      vertex 13 -35.7 29
      vertex 8.07847 -35.7 12.5141
    endloop
  endfacet
  facet normal 0 -1 0
    outer loop
      vertex 8.31412 -35.7 12.2785
      vertex 13 -35.7 29
      vertex 8.20208 -35.7 12.4021
    endloop
  endfacet
  facet normal 0 -1 0
    outer loop
      vertex 26.5065 -35.7 24.5732
      vertex 29.8 -35.7 22.7
      vertex 26.6683 -35.7 24.5327
    endloop
  endfacet
  facet normal 0 -1 0
    outer loop
      vertex 26.3494 -35.7 24.6294
      vertex 29.8 -35.7 22.7
      vertex 26.5065 -35.7 24.5732
    endloop
  endfacet
  facet normal 0 -1 -0
    outer loop
      vertex 13 -35.7 29
      vertex 8.31412 -35.7 12.2785
      vertex 25.5865 -35.7 25.2555
    endloop
  endfacet
  facet normal 0 -1 0
    outer loop
      vertex 1.5 -35.7 33.9
      vertex 4.2 -35.7 22.7
      vertex 13 -35.7 29
    endloop
  endfacet
  facet normal 0 -1 0
    outer loop
      vertex 4.2 -35.7 22.7
      vertex 1.5 -35.7 33.9
      vertex 1.7 -35.7 22.7
    endloop
  endfacet
  facet normal 0 -1 0
    outer loop
      vertex 1.5 -35.7 7.7
      vertex 1.7 -35.7 22.7
      vertex 1.5 -35.7 33.9
    endloop
  endfacet
  facet normal 0 -1 0
    outer loop
      vertex 5.3732 -35.7 11.6935
      vertex 4.2 -35.7 14.7
      vertex 1.7 -35.7 14.7
    endloop
  endfacet
  facet normal 0 -1 0
    outer loop
      vertex 7.49348 -35.7 12.8268
      vertex 4.2 -35.7 14.7
      vertex 7.33165 -35.7 12.8673
    endloop
  endfacet
  facet normal 0 -1 0
    outer loop
      vertex 4.2 -35.7 14.7
      vertex 7 -35.7 12.9
      vertex 7.16663 -35.7 12.8918
    endloop
  endfacet
  facet normal 0 -1 0
    outer loop
      vertex 4.2 -35.7 14.7
      vertex 6.83337 -35.7 12.8918
      vertex 7 -35.7 12.9
    endloop
  endfacet
  facet normal 0 -1 0
    outer loop
      vertex 4.2 -35.7 14.7
      vertex 6.66835 -35.7 12.8673
      vertex 6.83337 -35.7 12.8918
    endloop
  endfacet
  facet normal 0 -1 0
    outer loop
      vertex 4.2 -35.7 14.7
      vertex 6.50652 -35.7 12.8268
      vertex 6.66835 -35.7 12.8673
    endloop
  endfacet
  facet normal 0 -1 0
    outer loop
      vertex 4.2 -35.7 14.7
      vertex 6.34944 -35.7 12.7706
      vertex 6.50652 -35.7 12.8268
    endloop
  endfacet
  facet normal 0 -1 0
    outer loop
      vertex 4.2 -35.7 14.7
      vertex 6.19862 -35.7 12.6993
      vertex 6.34944 -35.7 12.7706
    endloop
  endfacet
  facet normal 0 -1 0
    outer loop
      vertex 4.2 -35.7 14.7
      vertex 6.05553 -35.7 12.6135
      vertex 6.19862 -35.7 12.6993
    endloop
  endfacet
  facet normal 0 -1 0
    outer loop
      vertex 4.2 -35.7 14.7
      vertex 5.92153 -35.7 12.5141
      vertex 6.05553 -35.7 12.6135
    endloop
  endfacet
  facet normal 0 -1 0
    outer loop
      vertex 4.2 -35.7 14.7
      vertex 5.79792 -35.7 12.4021
      vertex 5.92153 -35.7 12.5141
    endloop
  endfacet
  facet normal 0 -1 0
    outer loop
      vertex 4.2 -35.7 14.7
      vertex 5.68588 -35.7 12.2785
      vertex 5.79792 -35.7 12.4021
    endloop
  endfacet
  facet normal 0 -1 0
    outer loop
      vertex 4.2 -35.7 14.7
      vertex 5.5865 -35.7 12.1445
      vertex 5.68588 -35.7 12.2785
    endloop
  endfacet
  facet normal 0 -1 0
    outer loop
      vertex 4.2 -35.7 14.7
      vertex 5.50073 -35.7 12.0014
      vertex 5.5865 -35.7 12.1445
    endloop
  endfacet
  facet normal 0 -1 0
    outer loop
      vertex 4.2 -35.7 14.7
      vertex 5.4294 -35.7 11.8506
      vertex 5.50073 -35.7 12.0014
    endloop
  endfacet
  facet normal 0 -1 0
    outer loop
      vertex 4.2 -35.7 14.7
      vertex 5.3732 -35.7 11.6935
      vertex 5.4294 -35.7 11.8506
    endloop
  endfacet
  facet normal 0 -1 0
    outer loop
      vertex 1.7 -35.7 14.7
      vertex 5.33266 -35.7 11.5317
      vertex 5.3732 -35.7 11.6935
    endloop
  endfacet
  facet normal 0 -1 0
    outer loop
      vertex 1.7 -35.7 14.7
      vertex 5.30819 -35.7 11.3666
      vertex 5.33266 -35.7 11.5317
    endloop
  endfacet
  facet normal 0 -1 0
    outer loop
      vertex 1.7 -35.7 14.7
      vertex 5.3 -35.7 11.2
      vertex 5.30819 -35.7 11.3666
    endloop
  endfacet
  facet normal 0 -1 0
    outer loop
      vertex 1.5 -35.7 7.7
      vertex 5.3 -35.7 11.2
      vertex 1.7 -35.7 14.7
    endloop
  endfacet
  facet normal 0 -1 -0
    outer loop
      vertex 5.3 -35.7 11.2
      vertex 1.5 -35.7 7.7
      vertex 5.30819 -35.7 11.0334
    endloop
  endfacet
  facet normal 0 -1 -0
    outer loop
      vertex 5.30819 -35.7 11.0334
      vertex 1.5 -35.7 7.7
      vertex 5.33266 -35.7 10.8683
    endloop
  endfacet
  facet normal -0 -1 0
    outer loop
      vertex 4.7 -35.7 8.4
      vertex 5.33266 -35.7 10.8683
      vertex 1.5 -35.7 7.7
    endloop
  endfacet
  facet normal 0 -1 -0
    outer loop
      vertex 5.33266 -35.7 10.8683
      vertex 4.7 -35.7 8.4
      vertex 5.3732 -35.7 10.7065
    endloop
  endfacet
  facet normal 0 -1 -0
    outer loop
      vertex 5.3732 -35.7 10.7065
      vertex 4.7 -35.7 8.4
      vertex 5.4294 -35.7 10.5494
    endloop
  endfacet
  facet normal 0 -1 -0
    outer loop
      vertex 5.4294 -35.7 10.5494
      vertex 4.7 -35.7 8.4
      vertex 5.50073 -35.7 10.3986
    endloop
  endfacet
  facet normal 0 -1 -0
    outer loop
      vertex 6.83337 -35.7 9.50819
      vertex 4.7 -35.7 8.4
      vertex 7 -35.7 9.5
    endloop
  endfacet
  facet normal 0 -1 -0
    outer loop
      vertex 6.66835 -35.7 9.53266
      vertex 4.7 -35.7 8.4
      vertex 6.83337 -35.7 9.50819
    endloop
  endfacet
  facet normal 0 -1 -0
    outer loop
      vertex 6.50652 -35.7 9.5732
      vertex 4.7 -35.7 8.4
      vertex 6.66835 -35.7 9.53266
    endloop
  endfacet
  facet normal 0 -1 -0
    outer loop
      vertex 6.34944 -35.7 9.6294
      vertex 4.7 -35.7 8.4
      vertex 6.50652 -35.7 9.5732
    endloop
  endfacet
  facet normal 0 -1 -0
    outer loop
      vertex 6.19862 -35.7 9.70073
      vertex 4.7 -35.7 8.4
      vertex 6.34944 -35.7 9.6294
    endloop
  endfacet
  facet normal 0 -1 -0
    outer loop
      vertex 6.05553 -35.7 9.7865
      vertex 4.7 -35.7 8.4
      vertex 6.19862 -35.7 9.70073
    endloop
  endfacet
  facet normal 0 -1 -0
    outer loop
      vertex 5.92153 -35.7 9.88588
      vertex 4.7 -35.7 8.4
      vertex 6.05553 -35.7 9.7865
    endloop
  endfacet
  facet normal 0 -1 -0
    outer loop
      vertex 5.79792 -35.7 9.99792
      vertex 4.7 -35.7 8.4
      vertex 5.92153 -35.7 9.88588
    endloop
  endfacet
  facet normal 0 -1 -0
    outer loop
      vertex 5.68588 -35.7 10.1215
      vertex 4.7 -35.7 8.4
      vertex 5.79792 -35.7 9.99792
    endloop
  endfacet
  facet normal 0 -1 -0
    outer loop
      vertex 5.50073 -35.7 10.3986
      vertex 4.7 -35.7 8.4
      vertex 5.5865 -35.7 10.2555
    endloop
  endfacet
  facet normal 0 -1 -0
    outer loop
      vertex 1.7 -35.7 22.7
      vertex 1.5 -35.7 7.7
      vertex 1.7 -35.7 14.7
    endloop
  endfacet
  facet normal 0 -1 -0
    outer loop
      vertex 5.5865 -35.7 10.2555
      vertex 4.7 -35.7 8.4
      vertex 5.68588 -35.7 10.1215
    endloop
  endfacet
  facet normal 0 -1 -0
    outer loop
      vertex 4.7 -35.7 8.4
      vertex 1.5 -35.7 7.7
      vertex 4.7 -35.7 5.9
    endloop
  endfacet
  facet normal 0 -1 0
    outer loop
      vertex -7.94447 -35.7 31.8135
      vertex -13 -35.7 35.7
      vertex -13 -35.7 33.2
    endloop
  endfacet
  facet normal -0 -1 0
    outer loop
      vertex -7 -35.7 32.1
      vertex -13 -35.7 35.7
      vertex -7.16663 -35.7 32.0918
    endloop
  endfacet
  facet normal 0 -1 0
    outer loop
      vertex -6.83337 -35.7 32.0918
      vertex -1.5 -35.7 33.9
      vertex -7 -35.7 32.1
    endloop
  endfacet
  facet normal 0 -1 0
    outer loop
      vertex -6.66835 -35.7 32.0673
      vertex -1.5 -35.7 33.9
      vertex -6.83337 -35.7 32.0918
    endloop
  endfacet
  facet normal 0 -1 0
    outer loop
      vertex -6.50652 -35.7 32.0268
      vertex -1.5 -35.7 33.9
      vertex -6.66835 -35.7 32.0673
    endloop
  endfacet
  facet normal 0 -1 0
    outer loop
      vertex -6.34944 -35.7 31.9706
      vertex -1.5 -35.7 33.9
      vertex -6.50652 -35.7 32.0268
    endloop
  endfacet
  facet normal 0 -1 0
    outer loop
      vertex -6.19862 -35.7 31.8993
      vertex -1.5 -35.7 33.9
      vertex -6.34944 -35.7 31.9706
    endloop
  endfacet
  facet normal 0 -1 0
    outer loop
      vertex -6.05553 -35.7 31.8135
      vertex -1.5 -35.7 33.9
      vertex -6.19862 -35.7 31.8993
    endloop
  endfacet
  facet normal 0 -1 0
    outer loop
      vertex -5.92153 -35.7 31.7141
      vertex -1.5 -35.7 33.9
      vertex -6.05553 -35.7 31.8135
    endloop
  endfacet
  facet normal 0 -1 0
    outer loop
      vertex -5.79792 -35.7 31.6021
      vertex -1.5 -35.7 33.9
      vertex -5.92153 -35.7 31.7141
    endloop
  endfacet
  facet normal 0 -1 0
    outer loop
      vertex -5.68588 -35.7 31.4785
      vertex -1.5 -35.7 33.9
      vertex -5.79792 -35.7 31.6021
    endloop
  endfacet
  facet normal 0 -1 0
    outer loop
      vertex -5.5865 -35.7 31.3445
      vertex -1.5 -35.7 33.9
      vertex -5.68588 -35.7 31.4785
    endloop
  endfacet
  facet normal 0 -1 0
    outer loop
      vertex -5.50073 -35.7 31.2014
      vertex -1.5 -35.7 33.9
      vertex -5.5865 -35.7 31.3445
    endloop
  endfacet
  facet normal 0 -1 0
    outer loop
      vertex -5.4294 -35.7 31.0506
      vertex -1.5 -35.7 33.9
      vertex -5.50073 -35.7 31.2014
    endloop
  endfacet
  facet normal 0 -1 0
    outer loop
      vertex -5.3732 -35.7 30.8935
      vertex -1.5 -35.7 33.9
      vertex -5.4294 -35.7 31.0506
    endloop
  endfacet
  facet normal 0 -1 0
    outer loop
      vertex -5.33266 -35.7 30.7317
      vertex -1.5 -35.7 33.9
      vertex -5.3732 -35.7 30.8935
    endloop
  endfacet
  facet normal 0 -1 0
    outer loop
      vertex -5.30819 -35.7 30.5666
      vertex -1.5 -35.7 33.9
      vertex -5.33266 -35.7 30.7317
    endloop
  endfacet
  facet normal 0 -1 0
    outer loop
      vertex -5.3 -35.7 30.4
      vertex -1.5 -35.7 33.9
      vertex -5.30819 -35.7 30.5666
    endloop
  endfacet
  facet normal 0 -1 0
    outer loop
      vertex -1.7 -35.7 26.9
      vertex -5.3 -35.7 30.4
      vertex -5.30819 -35.7 30.2334
    endloop
  endfacet
  facet normal 0 -1 0
    outer loop
      vertex -1.7 -35.7 26.9
      vertex -5.30819 -35.7 30.2334
      vertex -5.33266 -35.7 30.0683
    endloop
  endfacet
  facet normal 0 -1 0
    outer loop
      vertex -1.7 -35.7 26.9
      vertex -5.33266 -35.7 30.0683
      vertex -5.3732 -35.7 29.9065
    endloop
  endfacet
  facet normal 0 -1 0
    outer loop
      vertex -4.2 -35.7 26.9
      vertex -5.3732 -35.7 29.9065
      vertex -5.4294 -35.7 29.7494
    endloop
  endfacet
  facet normal 0 -1 0
    outer loop
      vertex -4.2 -35.7 26.9
      vertex -5.4294 -35.7 29.7494
      vertex -5.50073 -35.7 29.5986
    endloop
  endfacet
  facet normal 0 -1 0
    outer loop
      vertex -4.2 -35.7 26.9
      vertex -5.50073 -35.7 29.5986
      vertex -5.5865 -35.7 29.4555
    endloop
  endfacet
  facet normal 0 -1 0
    outer loop
      vertex -4.2 -35.7 26.9
      vertex -5.5865 -35.7 29.4555
      vertex -5.68588 -35.7 29.3215
    endloop
  endfacet
  facet normal 0 -1 0
    outer loop
      vertex -4.2 -35.7 26.9
      vertex -5.68588 -35.7 29.3215
      vertex -5.79792 -35.7 29.1979
    endloop
  endfacet
  facet normal 0 -1 0
    outer loop
      vertex -7.33165 -35.7 28.7327
      vertex -4.2 -35.7 26.9
      vertex -7.16663 -35.7 28.7082
    endloop
  endfacet
  facet normal 0 -1 0
    outer loop
      vertex -7.16663 -35.7 28.7082
      vertex -4.2 -35.7 26.9
      vertex -7 -35.7 28.7
    endloop
  endfacet
  facet normal 0 -1 0
    outer loop
      vertex -7 -35.7 28.7
      vertex -4.2 -35.7 26.9
      vertex -6.83337 -35.7 28.7082
    endloop
  endfacet
  facet normal 0 -1 0
    outer loop
      vertex -4.2 -35.7 26.9
      vertex -6.66835 -35.7 28.7327
      vertex -6.83337 -35.7 28.7082
    endloop
  endfacet
  facet normal 0 -1 0
    outer loop
      vertex -4.2 -35.7 26.9
      vertex -6.50652 -35.7 28.7732
      vertex -6.66835 -35.7 28.7327
    endloop
  endfacet
  facet normal 0 -1 0
    outer loop
      vertex -4.2 -35.7 26.9
      vertex -6.34944 -35.7 28.8294
      vertex -6.50652 -35.7 28.7732
    endloop
  endfacet
  facet normal 0 -1 0
    outer loop
      vertex -4.2 -35.7 26.9
      vertex -6.19862 -35.7 28.9007
      vertex -6.34944 -35.7 28.8294
    endloop
  endfacet
  facet normal 0 -1 0
    outer loop
      vertex -4.2 -35.7 26.9
      vertex -6.05553 -35.7 28.9865
      vertex -6.19862 -35.7 28.9007
    endloop
  endfacet
  facet normal 0 -1 0
    outer loop
      vertex -4.2 -35.7 26.9
      vertex -5.92153 -35.7 29.0859
      vertex -6.05553 -35.7 28.9865
    endloop
  endfacet
  facet normal 0 -1 0
    outer loop
      vertex -4.2 -35.7 26.9
      vertex -5.79792 -35.7 29.1979
      vertex -5.92153 -35.7 29.0859
    endloop
  endfacet
  facet normal 0 -1 0
    outer loop
      vertex -5.3732 -35.7 29.9065
      vertex -4.2 -35.7 26.9
      vertex -1.7 -35.7 26.9
    endloop
  endfacet
  facet normal 0 -1 0
    outer loop
      vertex -5.3 -35.7 30.4
      vertex -1.7 -35.7 26.9
      vertex -1.5 -35.7 33.9
    endloop
  endfacet
  facet normal 0 -1 0
    outer loop
      vertex -1.7 -35.7 18.9
      vertex -1.5 -35.7 33.9
      vertex -1.7 -35.7 26.9
    endloop
  endfacet
  facet normal 0 -1 0
    outer loop
      vertex -26.5065 -35.7 17.0268
      vertex -29.8 -35.7 18.9
      vertex -26.6683 -35.7 17.0673
    endloop
  endfacet
  facet normal 0 -1 0
    outer loop
      vertex -26.3494 -35.7 16.9706
      vertex -29.8 -35.7 18.9
      vertex -26.5065 -35.7 17.0268
    endloop
  endfacet
  facet normal 0 -1 -0
    outer loop
      vertex -8.31412 -35.7 29.3215
      vertex -25.5865 -35.7 16.3445
      vertex -8.20208 -35.7 29.1979
    endloop
  endfacet
  facet normal 0 -1 0
    outer loop
      vertex -25.5007 -35.7 16.2014
      vertex -8.20208 -35.7 29.1979
      vertex -25.5865 -35.7 16.3445
    endloop
  endfacet
  facet normal 0 -1 0
    outer loop
      vertex -9.7 -35.7 12.6
      vertex -8.20208 -35.7 29.1979
      vertex -25.5007 -35.7 16.2014
    endloop
  endfacet
  facet normal 0 -1 -0
    outer loop
      vertex -8.20208 -35.7 29.1979
      vertex -9.7 -35.7 12.6
      vertex -8.07847 -35.7 29.0859
    endloop
  endfacet
  facet normal 0 -1 -0
    outer loop
      vertex -8.07847 -35.7 29.0859
      vertex -9.7 -35.7 12.6
      vertex -7.94447 -35.7 28.9865
    endloop
  endfacet
  facet normal -0 -1 0
    outer loop
      vertex -4.2 -35.7 18.9
      vertex -7.94447 -35.7 28.9865
      vertex -9.7 -35.7 12.6
    endloop
  endfacet
  facet normal 0 -1 0
    outer loop
      vertex -7.80137 -35.7 28.9007
      vertex -4.2 -35.7 18.9
      vertex -7.65056 -35.7 28.8294
    endloop
  endfacet
  facet normal 0 -1 0
    outer loop
      vertex -7.65056 -35.7 28.8294
      vertex -4.2 -35.7 18.9
      vertex -4.2 -35.7 26.9
    endloop
  endfacet
  facet normal 0 -1 0
    outer loop
      vertex -7.94447 -35.7 28.9865
      vertex -4.2 -35.7 18.9
      vertex -7.80137 -35.7 28.9007
    endloop
  endfacet
  facet normal 0 -1 0
    outer loop
      vertex -9.7 -35.7 12.6
      vertex -25.5007 -35.7 16.2014
      vertex -25.4294 -35.7 16.0506
    endloop
  endfacet
  facet normal 0 -1 0
    outer loop
      vertex -9.7 -35.7 12.6
      vertex -25.4294 -35.7 16.0506
      vertex -25.3732 -35.7 15.8935
    endloop
  endfacet
  facet normal 0 -1 0
    outer loop
      vertex -9.7 -35.7 12.6
      vertex -25.3732 -35.7 15.8935
      vertex -25.3327 -35.7 15.7317
    endloop
  endfacet
  facet normal 0 -1 0
    outer loop
      vertex -23.5 -35.7 11.9
      vertex -25.3327 -35.7 15.7317
      vertex -25.3082 -35.7 15.5666
    endloop
  endfacet
  facet normal 0 -1 0
    outer loop
      vertex -23.5 -35.7 11.9
      vertex -25.3 -35.7 15.4
      vertex -24.3 -35.7 12.6
    endloop
  endfacet
  facet normal 0 -1 0
    outer loop
      vertex -24.3 -35.7 12.6
      vertex -25.3 -35.7 15.4
      vertex -25.3082 -35.7 15.2334
    endloop
  endfacet
  facet normal 0 -1 0
    outer loop
      vertex -24.3 -35.7 12.6
      vertex -25.3082 -35.7 15.2334
      vertex -25.3327 -35.7 15.0683
    endloop
  endfacet
  facet normal 0 -1 0
    outer loop
      vertex -24.3 -35.7 12.6
      vertex -25.3327 -35.7 15.0683
      vertex -25.3732 -35.7 14.9065
    endloop
  endfacet
  facet normal 0 -1 0
    outer loop
      vertex -24.3 -35.7 12.6
      vertex -25.3732 -35.7 14.9065
      vertex -25.4294 -35.7 14.7494
    endloop
  endfacet
  facet normal 0 -1 0
    outer loop
      vertex -24.3 -35.7 12.6
      vertex -25.4294 -35.7 14.7494
      vertex -25.5007 -35.7 14.5986
    endloop
  endfacet
  facet normal 0 -1 0
    outer loop
      vertex -24.3 -35.7 12.6
      vertex -25.5007 -35.7 14.5986
      vertex -25.5865 -35.7 14.4555
    endloop
  endfacet
  facet normal 0 -1 0
    outer loop
      vertex -24.3 -35.7 12.6
      vertex -25.5865 -35.7 14.4555
      vertex -25.6859 -35.7 14.3215
    endloop
  endfacet
  facet normal 0 -1 0
    outer loop
      vertex -24.3 -35.7 12.6
      vertex -25.6859 -35.7 14.3215
      vertex -25.7979 -35.7 14.1979
    endloop
  endfacet
  facet normal 0 -1 0
    outer loop
      vertex -24.3 -35.7 12.6
      vertex -25.7979 -35.7 14.1979
      vertex -25.9215 -35.7 14.0859
    endloop
  endfacet
  facet normal 0 -1 0
    outer loop
      vertex -24.3 -35.7 12.6
      vertex -25.9215 -35.7 14.0859
      vertex -26.0555 -35.7 13.9865
    endloop
  endfacet
  facet normal 0 -1 0
    outer loop
      vertex -24.3 -35.7 12.6
      vertex -26.0555 -35.7 13.9865
      vertex -26.1986 -35.7 13.9007
    endloop
  endfacet
  facet normal 0 -1 0
    outer loop
      vertex -24.3 -35.7 12.6
      vertex -26.1986 -35.7 13.9007
      vertex -26.3494 -35.7 13.8294
    endloop
  endfacet
  facet normal 0 -1 0
    outer loop
      vertex -24.3 -35.7 12.6
      vertex -26.3494 -35.7 13.8294
      vertex -26.5065 -35.7 13.7732
    endloop
  endfacet
  facet normal 0 -1 0
    outer loop
      vertex -24.3 -35.7 12.6
      vertex -26.5065 -35.7 13.7732
      vertex -26.6683 -35.7 13.7327
    endloop
  endfacet
  facet normal 0 -1 0
    outer loop
      vertex -24.3 -35.7 12.6
      vertex -27 -35.7 13.7
      vertex -29.3 -35.7 12.6
    endloop
  endfacet
  facet normal 0 -1 0
    outer loop
      vertex -27 -35.7 13.7
      vertex -24.3 -35.7 12.6
      vertex -26.8334 -35.7 13.7082
    endloop
  endfacet
  facet normal 0 -1 0
    outer loop
      vertex -26.8334 -35.7 13.7082
      vertex -24.3 -35.7 12.6
      vertex -26.6683 -35.7 13.7327
    endloop
  endfacet
  facet normal 0 -1 0
    outer loop
      vertex -25.3 -35.7 15.4
      vertex -23.5 -35.7 11.9
      vertex -25.3082 -35.7 15.5666
    endloop
  endfacet
  facet normal 0 -1 0
    outer loop
      vertex -4.7 -35.7 12.6
      vertex -4.2 -35.7 18.9
      vertex -9.7 -35.7 12.6
    endloop
  endfacet
  facet normal 0 -1 -0
    outer loop
      vertex -4.2 -35.7 18.9
      vertex -4.7 -35.7 12.6
      vertex -1.7 -35.7 18.9
    endloop
  endfacet
  facet normal 0 -1 0
    outer loop
      vertex -1.5 -35.7 7.7
      vertex -4.7 -35.7 12.6
      vertex -4.7 -35.7 10.1
    endloop
  endfacet
  facet normal 0 -1 0
    outer loop
      vertex -1.7 -35.7 18.9
      vertex -1.5 -35.7 7.7
      vertex -1.5 -35.7 33.9
    endloop
  endfacet
  facet normal 0 -1 0
    outer loop
      vertex -4.7 -35.7 12.6
      vertex -1.5 -35.7 7.7
      vertex -1.7 -35.7 18.9
    endloop
  endfacet
  facet normal 0 -1 0
    outer loop
      vertex -1.5 -35.7 7.7
      vertex -4.7 -35.7 10.1
      vertex -10.5 -35.7 7.9
    endloop
  endfacet
  facet normal 0 -1 0
    outer loop
      vertex -13 -35.7 35.7
      vertex -37.4 -35.7 37.4
      vertex -21 -35.7 35.7
    endloop
  endfacet
  facet normal 0 -1 0
    outer loop
      vertex -29.8 -35.7 26.9
      vertex -37.4 -35.7 37.4
      vertex -32.3 -35.7 26.9
    endloop
  endfacet
  facet normal 0 -1 0
    outer loop
      vertex -8.4135 -35.7 29.4555
      vertex -13 -35.7 33.2
      vertex -21 -35.7 33.2
    endloop
  endfacet
  facet normal 0 -1 0
    outer loop
      vertex -13 -35.7 35.7
      vertex -7 -35.7 32.1
      vertex -1.5 -35.7 33.9
    endloop
  endfacet
  facet normal 0 -1 0
    outer loop
      vertex -13 -35.7 35.7
      vertex -7.33165 -35.7 32.0673
      vertex -7.16663 -35.7 32.0918
    endloop
  endfacet
  facet normal 0 -1 0
    outer loop
      vertex -13 -35.7 35.7
      vertex -7.49348 -35.7 32.0268
      vertex -7.33165 -35.7 32.0673
    endloop
  endfacet
  facet normal 0 -1 0
    outer loop
      vertex -13 -35.7 35.7
      vertex -7.65056 -35.7 31.9706
      vertex -7.49348 -35.7 32.0268
    endloop
  endfacet
  facet normal 0 -1 0
    outer loop
      vertex -13 -35.7 35.7
      vertex -7.80137 -35.7 31.8993
      vertex -7.65056 -35.7 31.9706
    endloop
  endfacet
  facet normal 0 -1 0
    outer loop
      vertex -13 -35.7 35.7
      vertex -7.94447 -35.7 31.8135
      vertex -7.80137 -35.7 31.8993
    endloop
  endfacet
  facet normal 0 -1 0
    outer loop
      vertex -13 -35.7 33.2
      vertex -8.07847 -35.7 31.7141
      vertex -7.94447 -35.7 31.8135
    endloop
  endfacet
  facet normal 0 -1 0
    outer loop
      vertex -13 -35.7 33.2
      vertex -8.20208 -35.7 31.6021
      vertex -8.07847 -35.7 31.7141
    endloop
  endfacet
  facet normal 0 -1 0
    outer loop
      vertex -13 -35.7 33.2
      vertex -8.31412 -35.7 31.4785
      vertex -8.20208 -35.7 31.6021
    endloop
  endfacet
  facet normal 0 -1 0
    outer loop
      vertex -13 -35.7 33.2
      vertex -8.4135 -35.7 31.3445
      vertex -8.31412 -35.7 31.4785
    endloop
  endfacet
  facet normal 0 -1 0
    outer loop
      vertex -13 -35.7 33.2
      vertex -8.49927 -35.7 31.2014
      vertex -8.4135 -35.7 31.3445
    endloop
  endfacet
  facet normal 0 -1 0
    outer loop
      vertex -13 -35.7 33.2
      vertex -8.57059 -35.7 31.0506
      vertex -8.49927 -35.7 31.2014
    endloop
  endfacet
  facet normal 0 -1 0
    outer loop
      vertex -13 -35.7 33.2
      vertex -8.6268 -35.7 30.8935
      vertex -8.57059 -35.7 31.0506
    endloop
  endfacet
  facet normal 0 -1 0
    outer loop
      vertex -13 -35.7 33.2
      vertex -8.66733 -35.7 30.7317
      vertex -8.6268 -35.7 30.8935
    endloop
  endfacet
  facet normal 0 -1 0
    outer loop
      vertex -13 -35.7 33.2
      vertex -8.69181 -35.7 30.5666
      vertex -8.66733 -35.7 30.7317
    endloop
  endfacet
  facet normal 0 -1 0
    outer loop
      vertex -13 -35.7 33.2
      vertex -8.7 -35.7 30.4
      vertex -8.69181 -35.7 30.5666
    endloop
  endfacet
  facet normal 0 -1 0
    outer loop
      vertex -13 -35.7 33.2
      vertex -8.69181 -35.7 30.2334
      vertex -8.7 -35.7 30.4
    endloop
  endfacet
  facet normal 0 -1 0
    outer loop
      vertex -13 -35.7 33.2
      vertex -8.66733 -35.7 30.0683
      vertex -8.69181 -35.7 30.2334
    endloop
  endfacet
  facet normal 0 -1 0
    outer loop
      vertex -13 -35.7 33.2
      vertex -8.6268 -35.7 29.9065
      vertex -8.66733 -35.7 30.0683
    endloop
  endfacet
  facet normal 0 -1 0
    outer loop
      vertex -37.4 -35.7 37.4
      vertex -29.8 -35.7 26.9
      vertex -21 -35.7 35.7
    endloop
  endfacet
  facet normal 0 -1 -0
    outer loop
      vertex -21 -35.7 35.7
      vertex -29.8 -35.7 26.9
      vertex -21 -35.7 33.2
    endloop
  endfacet
  facet normal 0 -1 0
    outer loop
      vertex -13 -35.7 33.2
      vertex -8.57059 -35.7 29.7494
      vertex -8.6268 -35.7 29.9065
    endloop
  endfacet
  facet normal 0 -1 0
    outer loop
      vertex -13 -35.7 33.2
      vertex -8.49927 -35.7 29.5986
      vertex -8.57059 -35.7 29.7494
    endloop
  endfacet
  facet normal 0 -1 0
    outer loop
      vertex -13 -35.7 33.2
      vertex -8.4135 -35.7 29.4555
      vertex -8.49927 -35.7 29.5986
    endloop
  endfacet
  facet normal 0 -1 0
    outer loop
      vertex -29.8 -35.7 26.9
      vertex -26.0555 -35.7 16.8135
      vertex -21 -35.7 33.2
    endloop
  endfacet
  facet normal 0 -1 0
    outer loop
      vertex -26.1986 -35.7 16.8993
      vertex -29.8 -35.7 26.9
      vertex -26.3494 -35.7 16.9706
    endloop
  endfacet
  facet normal 0 -1 0
    outer loop
      vertex -26.3494 -35.7 16.9706
      vertex -29.8 -35.7 26.9
      vertex -29.8 -35.7 18.9
    endloop
  endfacet
  facet normal 0 -1 0
    outer loop
      vertex -26.0555 -35.7 16.8135
      vertex -29.8 -35.7 26.9
      vertex -26.1986 -35.7 16.8993
    endloop
  endfacet
  facet normal 0 -1 0
    outer loop
      vertex -25.9215 -35.7 16.7141
      vertex -21 -35.7 33.2
      vertex -26.0555 -35.7 16.8135
    endloop
  endfacet
  facet normal 0 -1 0
    outer loop
      vertex -25.7979 -35.7 16.6021
      vertex -21 -35.7 33.2
      vertex -25.9215 -35.7 16.7141
    endloop
  endfacet
  facet normal 0 -1 0
    outer loop
      vertex -7.49348 -35.7 28.7732
      vertex -4.2 -35.7 26.9
      vertex -7.33165 -35.7 28.7327
    endloop
  endfacet
  facet normal 0 -1 0
    outer loop
      vertex -7.65056 -35.7 28.8294
      vertex -4.2 -35.7 26.9
      vertex -7.49348 -35.7 28.7732
    endloop
  endfacet
  facet normal 0 -1 -0
    outer loop
      vertex -21 -35.7 33.2
      vertex -25.6859 -35.7 16.4785
      vertex -8.4135 -35.7 29.4555
    endloop
  endfacet
  facet normal 0 -1 0
    outer loop
      vertex -25.6859 -35.7 16.4785
      vertex -21 -35.7 33.2
      vertex -25.7979 -35.7 16.6021
    endloop
  endfacet
  facet normal 0 -1 0
    outer loop
      vertex -37.4 -35.7 37.4
      vertex -32.3 -35.7 18.9
      vertex -32.3 -35.7 26.9
    endloop
  endfacet
  facet normal 0 -1 0
    outer loop
      vertex -28.6268 -35.7 15.8935
      vertex -29.8 -35.7 18.9
      vertex -32.3 -35.7 18.9
    endloop
  endfacet
  facet normal 0 -1 0
    outer loop
      vertex -26.8334 -35.7 17.0918
      vertex -29.8 -35.7 18.9
      vertex -27 -35.7 17.1
    endloop
  endfacet
  facet normal 0 -1 0
    outer loop
      vertex -26.6683 -35.7 17.0673
      vertex -29.8 -35.7 18.9
      vertex -26.8334 -35.7 17.0918
    endloop
  endfacet
  facet normal 0 -1 0
    outer loop
      vertex -29.8 -35.7 18.9
      vertex -27.1666 -35.7 17.0918
      vertex -27 -35.7 17.1
    endloop
  endfacet
  facet normal 0 -1 0
    outer loop
      vertex -29.8 -35.7 18.9
      vertex -27.3317 -35.7 17.0673
      vertex -27.1666 -35.7 17.0918
    endloop
  endfacet
  facet normal 0 -1 0
    outer loop
      vertex -29.8 -35.7 18.9
      vertex -27.4935 -35.7 17.0268
      vertex -27.3317 -35.7 17.0673
    endloop
  endfacet
  facet normal 0 -1 0
    outer loop
      vertex -29.8 -35.7 18.9
      vertex -27.6506 -35.7 16.9706
      vertex -27.4935 -35.7 17.0268
    endloop
  endfacet
  facet normal 0 -1 0
    outer loop
      vertex -29.8 -35.7 18.9
      vertex -27.8014 -35.7 16.8993
      vertex -27.6506 -35.7 16.9706
    endloop
  endfacet
  facet normal 0 -1 0
    outer loop
      vertex -29.8 -35.7 18.9
      vertex -27.9445 -35.7 16.8135
      vertex -27.8014 -35.7 16.8993
    endloop
  endfacet
  facet normal 0 -1 0
    outer loop
      vertex -29.8 -35.7 18.9
      vertex -28.0785 -35.7 16.7141
      vertex -27.9445 -35.7 16.8135
    endloop
  endfacet
  facet normal 0 -1 0
    outer loop
      vertex -29.8 -35.7 18.9
      vertex -28.2021 -35.7 16.6021
      vertex -28.0785 -35.7 16.7141
    endloop
  endfacet
  facet normal 0 -1 0
    outer loop
      vertex -29.8 -35.7 18.9
      vertex -28.3141 -35.7 16.4785
      vertex -28.2021 -35.7 16.6021
    endloop
  endfacet
  facet normal 0 -1 0
    outer loop
      vertex -29.8 -35.7 18.9
      vertex -28.4135 -35.7 16.3445
      vertex -28.3141 -35.7 16.4785
    endloop
  endfacet
  facet normal 0 -1 0
    outer loop
      vertex -29.8 -35.7 18.9
      vertex -28.4993 -35.7 16.2014
      vertex -28.4135 -35.7 16.3445
    endloop
  endfacet
  facet normal 0 -1 0
    outer loop
      vertex -29.8 -35.7 18.9
      vertex -28.5706 -35.7 16.0506
      vertex -28.4993 -35.7 16.2014
    endloop
  endfacet
  facet normal 0 -1 0
    outer loop
      vertex -29.8 -35.7 18.9
      vertex -28.6268 -35.7 15.8935
      vertex -28.5706 -35.7 16.0506
    endloop
  endfacet
  facet normal 0 -1 0
    outer loop
      vertex -32.3 -35.7 18.9
      vertex -28.6673 -35.7 15.7317
      vertex -28.6268 -35.7 15.8935
    endloop
  endfacet
  facet normal 0 -1 0
    outer loop
      vertex -32.3 -35.7 18.9
      vertex -28.6918 -35.7 15.5666
      vertex -28.6673 -35.7 15.7317
    endloop
  endfacet
  facet normal 0 -1 0
    outer loop
      vertex -32.3 -35.7 18.9
      vertex -28.7 -35.7 15.4
      vertex -28.6918 -35.7 15.5666
    endloop
  endfacet
  facet normal 0 -1 0
    outer loop
      vertex -32.3 -35.7 18.9
      vertex -28.6918 -35.7 15.2334
      vertex -28.7 -35.7 15.4
    endloop
  endfacet
  facet normal 0 -1 0
    outer loop
      vertex -29.3 -35.7 12.6
      vertex -28.6918 -35.7 15.2334
      vertex -32.3 -35.7 18.9
    endloop
  endfacet
  facet normal 0 -1 -0
    outer loop
      vertex -28.6918 -35.7 15.2334
      vertex -29.3 -35.7 12.6
      vertex -28.6673 -35.7 15.0683
    endloop
  endfacet
  facet normal 0 -1 -0
    outer loop
      vertex -28.6673 -35.7 15.0683
      vertex -29.3 -35.7 12.6
      vertex -28.6268 -35.7 14.9065
    endloop
  endfacet
  facet normal 0 -1 -0
    outer loop
      vertex -28.6268 -35.7 14.9065
      vertex -29.3 -35.7 12.6
      vertex -28.5706 -35.7 14.7494
    endloop
  endfacet
  facet normal 0 -1 -0
    outer loop
      vertex -28.5706 -35.7 14.7494
      vertex -29.3 -35.7 12.6
      vertex -28.4993 -35.7 14.5986
    endloop
  endfacet
  facet normal 0 -1 -0
    outer loop
      vertex -28.4993 -35.7 14.5986
      vertex -29.3 -35.7 12.6
      vertex -28.4135 -35.7 14.4555
    endloop
  endfacet
  facet normal 0 -1 -0
    outer loop
      vertex -27.1666 -35.7 13.7082
      vertex -29.3 -35.7 12.6
      vertex -27 -35.7 13.7
    endloop
  endfacet
  facet normal 0 -1 -0
    outer loop
      vertex -27.3317 -35.7 13.7327
      vertex -29.3 -35.7 12.6
      vertex -27.1666 -35.7 13.7082
    endloop
  endfacet
  facet normal 0 -1 -0
    outer loop
      vertex -27.4935 -35.7 13.7732
      vertex -29.3 -35.7 12.6
      vertex -27.3317 -35.7 13.7327
    endloop
  endfacet
  facet normal 0 -1 -0
    outer loop
      vertex -27.6506 -35.7 13.8294
      vertex -29.3 -35.7 12.6
      vertex -27.4935 -35.7 13.7732
    endloop
  endfacet
  facet normal 0 -1 -0
    outer loop
      vertex -27.8014 -35.7 13.9007
      vertex -29.3 -35.7 12.6
      vertex -27.6506 -35.7 13.8294
    endloop
  endfacet
  facet normal 0 -1 -0
    outer loop
      vertex -27.9445 -35.7 13.9865
      vertex -29.3 -35.7 12.6
      vertex -27.8014 -35.7 13.9007
    endloop
  endfacet
  facet normal 0 -1 -0
    outer loop
      vertex -28.0785 -35.7 14.0859
      vertex -29.3 -35.7 12.6
      vertex -27.9445 -35.7 13.9865
    endloop
  endfacet
  facet normal 0 -1 -0
    outer loop
      vertex -28.2021 -35.7 14.1979
      vertex -29.3 -35.7 12.6
      vertex -28.0785 -35.7 14.0859
    endloop
  endfacet
  facet normal 0 -1 -0
    outer loop
      vertex -28.3141 -35.7 14.3215
      vertex -29.3 -35.7 12.6
      vertex -28.2021 -35.7 14.1979
    endloop
  endfacet
  facet normal 0 -1 -0
    outer loop
      vertex -28.4135 -35.7 14.4555
      vertex -29.3 -35.7 12.6
      vertex -28.3141 -35.7 14.3215
    endloop
  endfacet
  facet normal 0 -1 0
    outer loop
      vertex -32.3 -35.7 18.9
      vertex -29.3 -35.7 10.1
      vertex -29.3 -35.7 12.6
    endloop
  endfacet
  facet normal 0 -1 0
    outer loop
      vertex -29.3 -35.7 10.1
      vertex -23.5 -35.7 7.9
      vertex -24.3 -35.7 10.1
    endloop
  endfacet
  facet normal 0 -1 0
    outer loop
      vertex -37.4 -35.7 0
      vertex -10.5 -35.7 7.9
      vertex -23.5 -35.7 7.9
    endloop
  endfacet
  facet normal 0 -1 0
    outer loop
      vertex -1.5 -35.7 7.7
      vertex 4.7 -35.7 5.9
      vertex 1.5 -35.7 7.7
    endloop
  endfacet
  facet normal -0 -1 0
    outer loop
      vertex 10.5 -35.7 3.7
      vertex -10.5 -35.7 7.9
      vertex -37.4 -35.7 0
    endloop
  endfacet
  facet normal 0 -1 0
    outer loop
      vertex 4.7 -35.7 5.9
      vertex 10.5 -35.7 3.7
      vertex 9.7 -35.7 5.9
    endloop
  endfacet
  facet normal 0 -1 0
    outer loop
      vertex -10.5 -35.7 7.9
      vertex 4.7 -35.7 5.9
      vertex -1.5 -35.7 7.7
    endloop
  endfacet
  facet normal 0 -1 0
    outer loop
      vertex 37.4 -35.7 0
      vertex 10.5 -35.7 3.7
      vertex -37.4 -35.7 0
    endloop
  endfacet
  facet normal 0 -1 0
    outer loop
      vertex -10.5 -35.7 7.9
      vertex 10.5 -35.7 3.7
      vertex 4.7 -35.7 5.9
    endloop
  endfacet
  facet normal 0 -1 -0
    outer loop
      vertex -29.3 -35.7 10.1
      vertex -37.4 -35.7 0
      vertex -23.5 -35.7 7.9
    endloop
  endfacet
  facet normal 0 -1 -0
    outer loop
      vertex -32.3 -35.7 18.9
      vertex -37.4 -35.7 0
      vertex -29.3 -35.7 10.1
    endloop
  endfacet
  facet normal 0 -1 0
    outer loop
      vertex -37.4 -35.7 0
      vertex -32.3 -35.7 18.9
      vertex -37.4 -35.7 37.4
    endloop
  endfacet
  facet normal 0 -1 0
    outer loop
      vertex -37.4 -35.7 37.4
      vertex -13 -35.7 35.7
      vertex 37.4 -35.7 37.4
    endloop
  endfacet
  facet normal 0 -1 0
    outer loop
      vertex 1.5 -35.7 33.9
      vertex -13 -35.7 35.7
      vertex -1.5 -35.7 33.9
    endloop
  endfacet
  facet normal 0 -1 0
    outer loop
      vertex -13 -35.7 35.7
      vertex 1.5 -35.7 33.9
      vertex 37.4 -35.7 37.4
    endloop
  endfacet
  facet normal 0 -1 0
    outer loop
      vertex 13 -35.7 31.5
      vertex 37.4 -35.7 37.4
      vertex 1.5 -35.7 33.9
    endloop
  endfacet
  facet normal 0 -1 0
    outer loop
      vertex 21 -35.7 31.5
      vertex 37.4 -35.7 37.4
      vertex 13 -35.7 31.5
    endloop
  endfacet
  facet normal 0 -1 0
    outer loop
      vertex 27 -35.7 27.9
      vertex 21 -35.7 31.5
      vertex 21 -35.7 29
    endloop
  endfacet
  facet normal 0 -1 0
    outer loop
      vertex 27.1666 -35.7 27.8918
      vertex 21 -35.7 31.5
      vertex 27 -35.7 27.9
    endloop
  endfacet
  facet normal 0 -1 0
    outer loop
      vertex 21 -35.7 31.5
      vertex 27.1666 -35.7 27.8918
      vertex 37.4 -35.7 37.4
    endloop
  endfacet
  facet normal 0 -1 0
    outer loop
      vertex 27.3317 -35.7 27.8673
      vertex 37.4 -35.7 37.4
      vertex 27.1666 -35.7 27.8918
    endloop
  endfacet
  facet normal 0 -1 0
    outer loop
      vertex 27.4935 -35.7 27.8268
      vertex 37.4 -35.7 37.4
      vertex 27.3317 -35.7 27.8673
    endloop
  endfacet
  facet normal 0 -1 0
    outer loop
      vertex 27.6506 -35.7 27.7706
      vertex 37.4 -35.7 37.4
      vertex 27.4935 -35.7 27.8268
    endloop
  endfacet
  facet normal 0 -1 0
    outer loop
      vertex 27.8014 -35.7 27.6993
      vertex 37.4 -35.7 37.4
      vertex 27.6506 -35.7 27.7706
    endloop
  endfacet
  facet normal 0 -1 0
    outer loop
      vertex 27.9445 -35.7 27.6135
      vertex 37.4 -35.7 37.4
      vertex 27.8014 -35.7 27.6993
    endloop
  endfacet
  facet normal 0 -1 0
    outer loop
      vertex 28.0785 -35.7 27.5141
      vertex 37.4 -35.7 37.4
      vertex 27.9445 -35.7 27.6135
    endloop
  endfacet
  facet normal 0 -1 0
    outer loop
      vertex 28.2021 -35.7 27.4021
      vertex 37.4 -35.7 37.4
      vertex 28.0785 -35.7 27.5141
    endloop
  endfacet
  facet normal 0 -1 0
    outer loop
      vertex 28.3141 -35.7 27.2785
      vertex 37.4 -35.7 37.4
      vertex 28.2021 -35.7 27.4021
    endloop
  endfacet
  facet normal 0 -1 0
    outer loop
      vertex 28.4135 -35.7 27.1445
      vertex 37.4 -35.7 37.4
      vertex 28.3141 -35.7 27.2785
    endloop
  endfacet
  facet normal 0 -1 0
    outer loop
      vertex 28.4993 -35.7 27.0014
      vertex 37.4 -35.7 37.4
      vertex 28.4135 -35.7 27.1445
    endloop
  endfacet
  facet normal 0 -1 0
    outer loop
      vertex 28.5706 -35.7 26.8506
      vertex 37.4 -35.7 37.4
      vertex 28.4993 -35.7 27.0014
    endloop
  endfacet
  facet normal 0 -1 0
    outer loop
      vertex 32.3 -35.7 22.7
      vertex 28.5706 -35.7 26.8506
      vertex 28.6268 -35.7 26.6935
    endloop
  endfacet
  facet normal 0 -1 0
    outer loop
      vertex 32.3 -35.7 22.7
      vertex 28.6268 -35.7 26.6935
      vertex 28.6673 -35.7 26.5317
    endloop
  endfacet
  facet normal 0 -1 0
    outer loop
      vertex 32.3 -35.7 22.7
      vertex 28.6673 -35.7 26.5317
      vertex 28.6918 -35.7 26.3666
    endloop
  endfacet
  facet normal 0 -1 0
    outer loop
      vertex 32.3 -35.7 22.7
      vertex 28.6918 -35.7 26.3666
      vertex 28.7 -35.7 26.2
    endloop
  endfacet
  facet normal 0 -1 0
    outer loop
      vertex 32.3 -35.7 22.7
      vertex 28.7 -35.7 26.2
      vertex 28.6918 -35.7 26.0334
    endloop
  endfacet
  facet normal 0 -1 0
    outer loop
      vertex 32.3 -35.7 22.7
      vertex 28.6918 -35.7 26.0334
      vertex 28.6673 -35.7 25.8683
    endloop
  endfacet
  facet normal 0 -1 0
    outer loop
      vertex 32.3 -35.7 22.7
      vertex 28.6673 -35.7 25.8683
      vertex 28.6268 -35.7 25.7065
    endloop
  endfacet
  facet normal 0 -1 0
    outer loop
      vertex 29.8 -35.7 22.7
      vertex 28.6268 -35.7 25.7065
      vertex 28.5706 -35.7 25.5494
    endloop
  endfacet
  facet normal 0 -1 0
    outer loop
      vertex 29.8 -35.7 22.7
      vertex 28.5706 -35.7 25.5494
      vertex 28.4993 -35.7 25.3986
    endloop
  endfacet
  facet normal 0 -1 0
    outer loop
      vertex 29.8 -35.7 22.7
      vertex 28.4993 -35.7 25.3986
      vertex 28.4135 -35.7 25.2555
    endloop
  endfacet
  facet normal 0 -1 0
    outer loop
      vertex 26.6683 -35.7 24.5327
      vertex 29.8 -35.7 22.7
      vertex 26.8334 -35.7 24.5082
    endloop
  endfacet
  facet normal 0 -1 0
    outer loop
      vertex 26.8334 -35.7 24.5082
      vertex 29.8 -35.7 22.7
      vertex 27 -35.7 24.5
    endloop
  endfacet
  facet normal 0 -1 0
    outer loop
      vertex 27 -35.7 24.5
      vertex 29.8 -35.7 22.7
      vertex 27.1666 -35.7 24.5082
    endloop
  endfacet
  facet normal 0 -1 0
    outer loop
      vertex 29.8 -35.7 22.7
      vertex 27.3317 -35.7 24.5327
      vertex 27.1666 -35.7 24.5082
    endloop
  endfacet
  facet normal 0 -1 0
    outer loop
      vertex 29.8 -35.7 22.7
      vertex 27.4935 -35.7 24.5732
      vertex 27.3317 -35.7 24.5327
    endloop
  endfacet
  facet normal 0 -1 0
    outer loop
      vertex 29.8 -35.7 22.7
      vertex 27.6506 -35.7 24.6294
      vertex 27.4935 -35.7 24.5732
    endloop
  endfacet
  facet normal 0 -1 0
    outer loop
      vertex 29.8 -35.7 22.7
      vertex 27.8014 -35.7 24.7007
      vertex 27.6506 -35.7 24.6294
    endloop
  endfacet
  facet normal 0 -1 0
    outer loop
      vertex 29.8 -35.7 22.7
      vertex 27.9445 -35.7 24.7865
      vertex 27.8014 -35.7 24.7007
    endloop
  endfacet
  facet normal 0 -1 0
    outer loop
      vertex 29.8 -35.7 22.7
      vertex 28.0785 -35.7 24.8859
      vertex 27.9445 -35.7 24.7865
    endloop
  endfacet
  facet normal 0 -1 0
    outer loop
      vertex 29.8 -35.7 22.7
      vertex 28.2021 -35.7 24.9979
      vertex 28.0785 -35.7 24.8859
    endloop
  endfacet
  facet normal 0 -1 0
    outer loop
      vertex 29.8 -35.7 22.7
      vertex 28.3141 -35.7 25.1215
      vertex 28.2021 -35.7 24.9979
    endloop
  endfacet
  facet normal 0 -1 0
    outer loop
      vertex 29.8 -35.7 22.7
      vertex 28.4135 -35.7 25.2555
      vertex 28.3141 -35.7 25.1215
    endloop
  endfacet
  facet normal 0 -1 0
    outer loop
      vertex 28.6268 -35.7 25.7065
      vertex 29.8 -35.7 22.7
      vertex 32.3 -35.7 22.7
    endloop
  endfacet
  facet normal 0 -1 0
    outer loop
      vertex 28.5706 -35.7 26.8506
      vertex 32.3 -35.7 22.7
      vertex 37.4 -35.7 37.4
    endloop
  endfacet
  facet normal 0 -1 0
    outer loop
      vertex 32.3 -35.7 14.7
      vertex 37.4 -35.7 37.4
      vertex 32.3 -35.7 22.7
    endloop
  endfacet
  facet normal 0 -1 0
    outer loop
      vertex 4.2 -35.7 14.7
      vertex 7.16663 -35.7 12.8918
      vertex 7.33165 -35.7 12.8673
    endloop
  endfacet
  facet normal 0 -1 0
    outer loop
      vertex 7.65056 -35.7 12.7706
      vertex 4.2 -35.7 14.7
      vertex 7.49348 -35.7 12.8268
    endloop
  endfacet
  facet normal 0 -1 -0
    outer loop
      vertex 25.6859 -35.7 25.1215
      vertex 8.4135 -35.7 12.1445
      vertex 25.7979 -35.7 24.9979
    endloop
  endfacet
  facet normal 0 -1 0
    outer loop
      vertex 8.49927 -35.7 12.0014
      vertex 25.7979 -35.7 24.9979
      vertex 8.4135 -35.7 12.1445
    endloop
  endfacet
  facet normal 0 -1 0
    outer loop
      vertex 24.3 -35.7 8.4
      vertex 25.7979 -35.7 24.9979
      vertex 8.49927 -35.7 12.0014
    endloop
  endfacet
  facet normal 0 -1 -0
    outer loop
      vertex 25.7979 -35.7 24.9979
      vertex 24.3 -35.7 8.4
      vertex 25.9215 -35.7 24.8859
    endloop
  endfacet
  facet normal 0 -1 -0
    outer loop
      vertex 25.9215 -35.7 24.8859
      vertex 24.3 -35.7 8.4
      vertex 26.0555 -35.7 24.7865
    endloop
  endfacet
  facet normal -0 -1 0
    outer loop
      vertex 29.8 -35.7 14.7
      vertex 26.0555 -35.7 24.7865
      vertex 24.3 -35.7 8.4
    endloop
  endfacet
  facet normal 0 -1 0
    outer loop
      vertex 26.1986 -35.7 24.7007
      vertex 29.8 -35.7 14.7
      vertex 26.3494 -35.7 24.6294
    endloop
  endfacet
  facet normal 0 -1 0
    outer loop
      vertex 26.3494 -35.7 24.6294
      vertex 29.8 -35.7 14.7
      vertex 29.8 -35.7 22.7
    endloop
  endfacet
  facet normal 0 -1 0
    outer loop
      vertex 26.0555 -35.7 24.7865
      vertex 29.8 -35.7 14.7
      vertex 26.1986 -35.7 24.7007
    endloop
  endfacet
  facet normal 0 -1 0
    outer loop
      vertex 24.3 -35.7 8.4
      vertex 8.49927 -35.7 12.0014
      vertex 8.57059 -35.7 11.8506
    endloop
  endfacet
  facet normal 0 -1 0
    outer loop
      vertex 23.5 -35.7 7.7
      vertex 8.57059 -35.7 11.8506
      vertex 8.6268 -35.7 11.6935
    endloop
  endfacet
  facet normal 0 -1 0
    outer loop
      vertex 23.5 -35.7 7.7
      vertex 8.6268 -35.7 11.6935
      vertex 8.66733 -35.7 11.5317
    endloop
  endfacet
  facet normal 0 -1 0
    outer loop
      vertex 10.5 -35.7 7.7
      vertex 8.66733 -35.7 11.5317
      vertex 8.69181 -35.7 11.3666
    endloop
  endfacet
  facet normal 0 -1 0
    outer loop
      vertex 10.5 -35.7 7.7
      vertex 8.69181 -35.7 11.3666
      vertex 8.7 -35.7 11.2
    endloop
  endfacet
  facet normal 0 -1 0
    outer loop
      vertex 9.7 -35.7 8.4
      vertex 8.7 -35.7 11.2
      vertex 8.69181 -35.7 11.0334
    endloop
  endfacet
  facet normal 0 -1 0
    outer loop
      vertex 9.7 -35.7 8.4
      vertex 8.69181 -35.7 11.0334
      vertex 8.66733 -35.7 10.8683
    endloop
  endfacet
  facet normal 0 -1 0
    outer loop
      vertex 9.7 -35.7 8.4
      vertex 8.66733 -35.7 10.8683
      vertex 8.6268 -35.7 10.7065
    endloop
  endfacet
  facet normal 0 -1 0
    outer loop
      vertex 9.7 -35.7 8.4
      vertex 8.6268 -35.7 10.7065
      vertex 8.57059 -35.7 10.5494
    endloop
  endfacet
  facet normal 0 -1 0
    outer loop
      vertex 9.7 -35.7 8.4
      vertex 8.57059 -35.7 10.5494
      vertex 8.49927 -35.7 10.3986
    endloop
  endfacet
  facet normal 0 -1 0
    outer loop
      vertex 9.7 -35.7 8.4
      vertex 8.49927 -35.7 10.3986
      vertex 8.4135 -35.7 10.2555
    endloop
  endfacet
  facet normal 0 -1 0
    outer loop
      vertex 9.7 -35.7 8.4
      vertex 8.4135 -35.7 10.2555
      vertex 8.31412 -35.7 10.1215
    endloop
  endfacet
  facet normal 0 -1 0
    outer loop
      vertex 9.7 -35.7 8.4
      vertex 8.31412 -35.7 10.1215
      vertex 8.20208 -35.7 9.99792
    endloop
  endfacet
  facet normal 0 -1 0
    outer loop
      vertex 9.7 -35.7 8.4
      vertex 8.20208 -35.7 9.99792
      vertex 8.07847 -35.7 9.88588
    endloop
  endfacet
  facet normal 0 -1 0
    outer loop
      vertex 9.7 -35.7 8.4
      vertex 8.07847 -35.7 9.88588
      vertex 7.94447 -35.7 9.7865
    endloop
  endfacet
  facet normal 0 -1 0
    outer loop
      vertex 9.7 -35.7 8.4
      vertex 7.94447 -35.7 9.7865
      vertex 7.80137 -35.7 9.70073
    endloop
  endfacet
  facet normal 0 -1 0
    outer loop
      vertex 9.7 -35.7 8.4
      vertex 7.80137 -35.7 9.70073
      vertex 7.65056 -35.7 9.6294
    endloop
  endfacet
  facet normal 0 -1 0
    outer loop
      vertex 9.7 -35.7 8.4
      vertex 7.65056 -35.7 9.6294
      vertex 7.49348 -35.7 9.5732
    endloop
  endfacet
  facet normal 0 -1 0
    outer loop
      vertex 9.7 -35.7 8.4
      vertex 7.49348 -35.7 9.5732
      vertex 7.33165 -35.7 9.53266
    endloop
  endfacet
  facet normal 0 -1 0
    outer loop
      vertex 9.7 -35.7 8.4
      vertex 7 -35.7 9.5
      vertex 4.7 -35.7 8.4
    endloop
  endfacet
  facet normal 0 -1 0
    outer loop
      vertex 7 -35.7 9.5
      vertex 9.7 -35.7 8.4
      vertex 7.16663 -35.7 9.50819
    endloop
  endfacet
  facet normal 0 -1 0
    outer loop
      vertex 7.16663 -35.7 9.50819
      vertex 9.7 -35.7 8.4
      vertex 7.33165 -35.7 9.53266
    endloop
  endfacet
  facet normal 0 -1 0
    outer loop
      vertex 8.7 -35.7 11.2
      vertex 9.7 -35.7 8.4
      vertex 10.5 -35.7 7.7
    endloop
  endfacet
  facet normal 0 -1 0
    outer loop
      vertex 29.3 -35.7 8.4
      vertex 29.8 -35.7 14.7
      vertex 24.3 -35.7 8.4
    endloop
  endfacet
  facet normal 0 -1 -0
    outer loop
      vertex 29.8 -35.7 14.7
      vertex 29.3 -35.7 8.4
      vertex 32.3 -35.7 14.7
    endloop
  endfacet
  facet normal 0 -1 0
    outer loop
      vertex 37.4 -35.7 0
      vertex 29.3 -35.7 8.4
      vertex 29.3 -35.7 5.9
    endloop
  endfacet
  facet normal 0 -1 0
    outer loop
      vertex 32.3 -35.7 14.7
      vertex 37.4 -35.7 0
      vertex 37.4 -35.7 37.4
    endloop
  endfacet
  facet normal 0 -1 0
    outer loop
      vertex 29.3 -35.7 8.4
      vertex 37.4 -35.7 0
      vertex 32.3 -35.7 14.7
    endloop
  endfacet
  facet normal 0 -1 0
    outer loop
      vertex 23.5 -35.7 3.7
      vertex 37.4 -35.7 0
      vertex 29.3 -35.7 5.9
    endloop
  endfacet
  facet normal 0 -1 0
    outer loop
      vertex 10.5 -35.7 3.7
      vertex 37.4 -35.7 0
      vertex 23.5 -35.7 3.7
    endloop
  endfacet
  facet normal 0 -1 0
    outer loop
      vertex -25.3327 -35.7 15.7317
      vertex -10.5 -35.7 11.9
      vertex -9.7 -35.7 12.6
    endloop
  endfacet
  facet normal 0 -1 0
    outer loop
      vertex -10.5 -35.7 11.9
      vertex -9.7 -35.7 10.1
      vertex -9.7 -35.7 12.6
    endloop
  endfacet
  facet normal 0 -1 -0
    outer loop
      vertex -9.7 -35.7 10.1
      vertex -10.5 -35.7 7.9
      vertex -4.7 -35.7 10.1
    endloop
  endfacet
  facet normal 0 -1 0
    outer loop
      vertex -10.5 -35.7 7.9
      vertex -9.7 -35.7 10.1
      vertex -10.5 -35.7 11.9
    endloop
  endfacet
  facet normal 0 -1 0
    outer loop
      vertex 8.66733 -35.7 11.5317
      vertex 10.5 -35.7 7.7
      vertex 23.5 -35.7 7.7
    endloop
  endfacet
  facet normal 0 -1 0
    outer loop
      vertex 9.7 -35.7 5.9
      vertex 10.5 -35.7 7.7
      vertex 9.7 -35.7 8.4
    endloop
  endfacet
  facet normal 0 -1 -0
    outer loop
      vertex 10.5 -35.7 7.7
      vertex 9.7 -35.7 5.9
      vertex 10.5 -35.7 3.7
    endloop
  endfacet
  facet normal 0 -1 0
    outer loop
      vertex 8.57059 -35.7 11.8506
      vertex 23.5 -35.7 7.7
      vertex 24.3 -35.7 8.4
    endloop
  endfacet
  facet normal 0 -1 0
    outer loop
      vertex 23.5 -35.7 7.7
      vertex 24.3 -35.7 5.9
      vertex 24.3 -35.7 8.4
    endloop
  endfacet
  facet normal 0 -1 -0
    outer loop
      vertex 24.3 -35.7 5.9
      vertex 23.5 -35.7 3.7
      vertex 29.3 -35.7 5.9
    endloop
  endfacet
  facet normal 0 -1 0
    outer loop
      vertex 23.5 -35.7 3.7
      vertex 24.3 -35.7 5.9
      vertex 23.5 -35.7 7.7
    endloop
  endfacet
  facet normal 0 1 0
    outer loop
      vertex 37.4 35.7 37.4
      vertex 21 35.7 20.1
      vertex -37.4 35.7 37.4
    endloop
  endfacet
  facet normal 0 1 -0
    outer loop
      vertex 37.4 35.7 0
      vertex 21 35.7 20.1
      vertex 37.4 35.7 37.4
    endloop
  endfacet
  facet normal 0 1 0
    outer loop
      vertex 21 35.7 11.1
      vertex 37.4 35.7 0
      vertex -21 35.7 11.1
    endloop
  endfacet
  facet normal 0 1 0
    outer loop
      vertex 21 35.7 20.1
      vertex 37.4 35.7 0
      vertex 21 35.7 11.1
    endloop
  endfacet
  facet normal 0 1 -0
    outer loop
      vertex -21 35.7 20.1
      vertex -37.4 35.7 37.4
      vertex 21 35.7 20.1
    endloop
  endfacet
  facet normal 0 1 0
    outer loop
      vertex -37.4 35.7 0
      vertex -21 35.7 20.1
      vertex -21 35.7 11.1
    endloop
  endfacet
  facet normal 0 1 0
    outer loop
      vertex -21 35.7 20.1
      vertex -37.4 35.7 0
      vertex -37.4 35.7 37.4
    endloop
  endfacet
  facet normal 0 1 0
    outer loop
      vertex -37.4 35.7 0
      vertex -21 35.7 11.1
      vertex 37.4 35.7 0
    endloop
  endfacet
  facet normal 1 -0 0
    outer loop
      vertex -35 -32.7 37.4
      vertex -35 -25.7 2.4
      vertex -35 -25.7 37.4
    endloop
  endfacet
  facet normal 1 0 0
    outer loop
      vertex -35 -25.7 2.4
      vertex -35 -32.7 37.4
      vertex -35 -32.7 2.4
    endloop
  endfacet
  facet normal 1 -0 0
    outer loop
      vertex -35 32.8 37.4
      vertex -35 33.3 2.4
      vertex -35 33.3 37.4
    endloop
  endfacet
  facet normal 1 0 0
    outer loop
      vertex -35 33.3 2.4
      vertex -35 32.8 37.4
      vertex -35 32.8 2.4
    endloop
  endfacet
  facet normal 1 -0 0
    outer loop
      vertex -35 -18.7 37.4
      vertex -35 25.8 2.4
      vertex -35 25.8 37.4
    endloop
  endfacet
  facet normal 1 0 0
    outer loop
      vertex -35 25.8 2.4
      vertex -35 -18.7 37.4
      vertex -35 -18.7 2.4
    endloop
  endfacet
  facet normal -1 0 0
    outer loop
      vertex 35 32.8 2.4
      vertex 35 33.3 37.4
      vertex 35 33.3 2.4
    endloop
  endfacet
  facet normal -1 -0 0
    outer loop
      vertex 35 33.3 37.4
      vertex 35 32.8 2.4
      vertex 35 32.8 37.4
    endloop
  endfacet
  facet normal -1 0 0
    outer loop
      vertex 35 -32.7 2.4
      vertex 35 -25.7 37.4
      vertex 35 -25.7 2.4
    endloop
  endfacet
  facet normal -1 -0 0
    outer loop
      vertex 35 -25.7 37.4
      vertex 35 -32.7 2.4
      vertex 35 -32.7 37.4
    endloop
  endfacet
  facet normal -1 0 0
    outer loop
      vertex 35 -18.7 2.4
      vertex 35 25.8 37.4
      vertex 35 25.8 2.4
    endloop
  endfacet
  facet normal -1 -0 0
    outer loop
      vertex 35 25.8 37.4
      vertex 35 -18.7 2.4
      vertex 35 -18.7 37.4
    endloop
  endfacet
  facet normal 0 0 1
    outer loop
      vertex -17.9935 25.8732 2.4
      vertex -29.4693 25.6045 2.4
      vertex -17.9935 -5.8732 2.4
    endloop
  endfacet
  facet normal 0 0 1
    outer loop
      vertex -19.1268 -7.00652 2.4
      vertex -27.0193 -21.8079 2.4
      vertex -27 -22.2 2.4
    endloop
  endfacet
  facet normal 0 0 1
    outer loop
      vertex -17.9935 -5.8732 2.4
      vertex -29.4693 25.6045 2.4
      vertex -18.1506 -5.9294 2.4
    endloop
  endfacet
  facet normal 0 0 1
    outer loop
      vertex -19.1268 -7.00652 2.4
      vertex -27.0769 -21.4196 2.4
      vertex -27.0193 -21.8079 2.4
    endloop
  endfacet
  facet normal -0 0 1
    outer loop
      vertex -29.8389 25.4722 2.4
      vertex -18.1506 -5.9294 2.4
      vertex -29.4693 25.6045 2.4
    endloop
  endfacet
  facet normal 0 0 1
    outer loop
      vertex -19.1268 -7.00652 2.4
      vertex -27.1722 -21.0389 2.4
      vertex -27.0769 -21.4196 2.4
    endloop
  endfacet
  facet normal 0 0 1
    outer loop
      vertex -18.1506 -5.9294 2.4
      vertex -29.8389 25.4722 2.4
      vertex -18.3014 -6.00073 2.4
    endloop
  endfacet
  facet normal 0 0 1
    outer loop
      vertex -19.1268 -7.00652 2.4
      vertex -27.3045 -20.6693 2.4
      vertex -27.1722 -21.0389 2.4
    endloop
  endfacet
  facet normal -0 0 1
    outer loop
      vertex -30.2196 25.3769 2.4
      vertex -18.3014 -6.00073 2.4
      vertex -29.8389 25.4722 2.4
    endloop
  endfacet
  facet normal 0 0 1
    outer loop
      vertex -19.1268 -7.00652 2.4
      vertex -27.4723 -20.3144 2.4
      vertex -27.3045 -20.6693 2.4
    endloop
  endfacet
  facet normal 0 0 1
    outer loop
      vertex -18.3014 -6.00073 2.4
      vertex -30.2196 25.3769 2.4
      vertex -18.4445 -6.0865 2.4
    endloop
  endfacet
  facet normal 0 0 1
    outer loop
      vertex -19.1268 -7.00652 2.4
      vertex -27.6741 -19.9777 2.4
      vertex -27.4723 -20.3144 2.4
    endloop
  endfacet
  facet normal -0 0 1
    outer loop
      vertex -30.6079 25.3193 2.4
      vertex -18.4445 -6.0865 2.4
      vertex -30.2196 25.3769 2.4
    endloop
  endfacet
  facet normal 0 0 1
    outer loop
      vertex -19.1268 -7.00652 2.4
      vertex -27.908 -19.6624 2.4
      vertex -27.6741 -19.9777 2.4
    endloop
  endfacet
  facet normal 0 0 1
    outer loop
      vertex -18.4445 -6.0865 2.4
      vertex -30.6079 25.3193 2.4
      vertex -18.5785 -6.18588 2.4
    endloop
  endfacet
  facet normal 0 0 1
    outer loop
      vertex -19.1268 -7.00652 2.4
      vertex -28.1716 -19.3716 2.4
      vertex -27.908 -19.6624 2.4
    endloop
  endfacet
  facet normal -0 0 1
    outer loop
      vertex -31 25.3 2.4
      vertex -18.5785 -6.18588 2.4
      vertex -30.6079 25.3193 2.4
    endloop
  endfacet
  facet normal 0 0 1
    outer loop
      vertex -19.1268 -7.00652 2.4
      vertex -28.4624 -19.108 2.4
      vertex -28.1716 -19.3716 2.4
    endloop
  endfacet
  facet normal 0 0 1
    outer loop
      vertex -18.5785 -6.18588 2.4
      vertex -31 25.3 2.4
      vertex -18.7021 -6.29792 2.4
    endloop
  endfacet
  facet normal 0 0 1
    outer loop
      vertex -19.1268 -7.00652 2.4
      vertex -28.7777 -18.8741 2.4
      vertex -28.4624 -19.108 2.4
    endloop
  endfacet
  facet normal 0 0 1
    outer loop
      vertex -31.3921 25.3193 2.4
      vertex -18.7021 -6.29792 2.4
      vertex -31 25.3 2.4
    endloop
  endfacet
  facet normal 0 0 1
    outer loop
      vertex -19.1268 -7.00652 2.4
      vertex -29.1144 -18.6723 2.4
      vertex -28.7777 -18.8741 2.4
    endloop
  endfacet
  facet normal 0 0 1
    outer loop
      vertex -18.7021 -6.29792 2.4
      vertex -31.3921 25.3193 2.4
      vertex -18.8141 -6.42153 2.4
    endloop
  endfacet
  facet normal 0 0 1
    outer loop
      vertex -19.1268 -7.00652 2.4
      vertex -29.4693 -18.5045 2.4
      vertex -29.1144 -18.6723 2.4
    endloop
  endfacet
  facet normal 0 0 1
    outer loop
      vertex -18.8141 -6.42153 2.4
      vertex -31.3921 25.3193 2.4
      vertex -18.9135 -6.55553 2.4
    endloop
  endfacet
  facet normal 0 0 1
    outer loop
      vertex -19.1268 -7.00652 2.4
      vertex -29.8389 -18.3722 2.4
      vertex -29.4693 -18.5045 2.4
    endloop
  endfacet
  facet normal 0 0 1
    outer loop
      vertex -35 25.8 2.4
      vertex -18.9135 -6.55553 2.4
      vertex -31.3921 25.3193 2.4
    endloop
  endfacet
  facet normal 0 0 1
    outer loop
      vertex -19.1268 -7.00652 2.4
      vertex -30.2196 -18.2769 2.4
      vertex -29.8389 -18.3722 2.4
    endloop
  endfacet
  facet normal 0 0 1
    outer loop
      vertex -18.9135 -6.55553 2.4
      vertex -35 25.8 2.4
      vertex -18.9993 -6.69862 2.4
    endloop
  endfacet
  facet normal 0 0 1
    outer loop
      vertex -19.1268 -7.00652 2.4
      vertex -30.6079 -18.2193 2.4
      vertex -30.2196 -18.2769 2.4
    endloop
  endfacet
  facet normal 0 0 1
    outer loop
      vertex -35 -18.7 2.4
      vertex -18.9993 -6.69862 2.4
      vertex -35 25.8 2.4
    endloop
  endfacet
  facet normal 0 0 1
    outer loop
      vertex -19.1268 -7.00652 2.4
      vertex -31 -18.2 2.4
      vertex -30.6079 -18.2193 2.4
    endloop
  endfacet
  facet normal 0 0 1
    outer loop
      vertex -18.9993 -6.69862 2.4
      vertex -35 -18.7 2.4
      vertex -19.0706 -6.84944 2.4
    endloop
  endfacet
  facet normal 0 0 1
    outer loop
      vertex -19.1268 -7.00652 2.4
      vertex -31.3921 -18.2193 2.4
      vertex -31 -18.2 2.4
    endloop
  endfacet
  facet normal 0 0 1
    outer loop
      vertex -19.0706 -6.84944 2.4
      vertex -35 -18.7 2.4
      vertex -19.1268 -7.00652 2.4
    endloop
  endfacet
  facet normal 0 0 1
    outer loop
      vertex -19.1268 -7.00652 2.4
      vertex -35 -18.7 2.4
      vertex -31.3921 -18.2193 2.4
    endloop
  endfacet
  facet normal 0 0 1
    outer loop
      vertex 16.0007 26.6986 2.4
      vertex -16.0007 26.6986 2.4
      vertex 16.0865 26.5555 2.4
    endloop
  endfacet
  facet normal 0 0 1
    outer loop
      vertex 16.2979 -6.29792 2.4
      vertex -15.8082 -7.33337 2.4
      vertex -15.8 -7.5 2.4
    endloop
  endfacet
  facet normal 0 0 1
    outer loop
      vertex -16.0865 26.5555 2.4
      vertex 16.0865 26.5555 2.4
      vertex -16.0007 26.6986 2.4
    endloop
  endfacet
  facet normal 0 0 1
    outer loop
      vertex 16.2979 -6.29792 2.4
      vertex -15.8327 -7.16835 2.4
      vertex -15.8082 -7.33337 2.4
    endloop
  endfacet
  facet normal 0 0 1
    outer loop
      vertex 16.0865 26.5555 2.4
      vertex -16.0865 26.5555 2.4
      vertex 16.1859 26.4215 2.4
    endloop
  endfacet
  facet normal 0 0 1
    outer loop
      vertex 16.2979 -6.29792 2.4
      vertex -15.8732 -7.00652 2.4
      vertex -15.8327 -7.16835 2.4
    endloop
  endfacet
  facet normal 0 0 1
    outer loop
      vertex -16.1859 26.4215 2.4
      vertex 16.1859 26.4215 2.4
      vertex -16.0865 26.5555 2.4
    endloop
  endfacet
  facet normal 0 0 1
    outer loop
      vertex 16.2979 -6.29792 2.4
      vertex -15.9294 -6.84944 2.4
      vertex -15.8732 -7.00652 2.4
    endloop
  endfacet
  facet normal 0 0 1
    outer loop
      vertex 16.1859 26.4215 2.4
      vertex -16.1859 26.4215 2.4
      vertex 16.2979 26.2979 2.4
    endloop
  endfacet
  facet normal 0 0 1
    outer loop
      vertex 16.2979 -6.29792 2.4
      vertex -16.0007 -6.69862 2.4
      vertex -15.9294 -6.84944 2.4
    endloop
  endfacet
  facet normal 0 0 1
    outer loop
      vertex -16.2979 26.2979 2.4
      vertex 16.2979 26.2979 2.4
      vertex -16.1859 26.4215 2.4
    endloop
  endfacet
  facet normal 0 0 1
    outer loop
      vertex 16.2979 -6.29792 2.4
      vertex -16.0865 -6.55553 2.4
      vertex -16.0007 -6.69862 2.4
    endloop
  endfacet
  facet normal 0 0 1
    outer loop
      vertex 16.2979 26.2979 2.4
      vertex -16.2979 26.2979 2.4
      vertex 16.2979 -6.29792 2.4
    endloop
  endfacet
  facet normal 0 0 1
    outer loop
      vertex 16.2979 -6.29792 2.4
      vertex -16.1859 -6.42153 2.4
      vertex -16.0865 -6.55553 2.4
    endloop
  endfacet
  facet normal 0 0 1
    outer loop
      vertex -16.2979 -6.29792 2.4
      vertex 16.2979 -6.29792 2.4
      vertex -16.2979 26.2979 2.4
    endloop
  endfacet
  facet normal 0 0 1
    outer loop
      vertex 16.2979 -6.29792 2.4
      vertex -16.2979 -6.29792 2.4
      vertex -16.1859 -6.42153 2.4
    endloop
  endfacet
  facet normal -0 0 1
    outer loop
      vertex -16.4215 26.1859 2.4
      vertex -16.2979 -6.29792 2.4
      vertex -16.2979 26.2979 2.4
    endloop
  endfacet
  facet normal 0 0 1
    outer loop
      vertex -16.4215 26.1859 2.4
      vertex -16.4215 -6.18588 2.4
      vertex -16.2979 -6.29792 2.4
    endloop
  endfacet
  facet normal -0 0 1
    outer loop
      vertex -16.5555 26.0865 2.4
      vertex -16.4215 -6.18588 2.4
      vertex -16.4215 26.1859 2.4
    endloop
  endfacet
  facet normal 0 0 1
    outer loop
      vertex -16.5555 26.0865 2.4
      vertex -16.5555 -6.0865 2.4
      vertex -16.4215 -6.18588 2.4
    endloop
  endfacet
  facet normal -0 0 1
    outer loop
      vertex -16.6986 26.0007 2.4
      vertex -16.5555 -6.0865 2.4
      vertex -16.5555 26.0865 2.4
    endloop
  endfacet
  facet normal 0 0 1
    outer loop
      vertex -16.6986 26.0007 2.4
      vertex -16.6986 -6.00073 2.4
      vertex -16.5555 -6.0865 2.4
    endloop
  endfacet
  facet normal -0 0 1
    outer loop
      vertex -16.8494 25.9294 2.4
      vertex -16.6986 -6.00073 2.4
      vertex -16.6986 26.0007 2.4
    endloop
  endfacet
  facet normal 0 0 1
    outer loop
      vertex -16.8494 25.9294 2.4
      vertex -16.8494 -5.9294 2.4
      vertex -16.6986 -6.00073 2.4
    endloop
  endfacet
  facet normal -0 0 1
    outer loop
      vertex -17.0065 25.8732 2.4
      vertex -16.8494 -5.9294 2.4
      vertex -16.8494 25.9294 2.4
    endloop
  endfacet
  facet normal 0 0 1
    outer loop
      vertex -17.0065 25.8732 2.4
      vertex -17.0065 -5.8732 2.4
      vertex -16.8494 -5.9294 2.4
    endloop
  endfacet
  facet normal -0 0 1
    outer loop
      vertex -17.1683 25.8327 2.4
      vertex -17.0065 -5.8732 2.4
      vertex -17.0065 25.8732 2.4
    endloop
  endfacet
  facet normal 0 0 1
    outer loop
      vertex -17.1683 25.8327 2.4
      vertex -17.1683 -5.83266 2.4
      vertex -17.0065 -5.8732 2.4
    endloop
  endfacet
  facet normal -0 0 1
    outer loop
      vertex -17.3334 25.8082 2.4
      vertex -17.1683 -5.83266 2.4
      vertex -17.1683 25.8327 2.4
    endloop
  endfacet
  facet normal 0 0 1
    outer loop
      vertex -17.3334 25.8082 2.4
      vertex -17.3334 -5.80819 2.4
      vertex -17.1683 -5.83266 2.4
    endloop
  endfacet
  facet normal -0 0 1
    outer loop
      vertex -17.5 25.8 2.4
      vertex -17.3334 -5.80819 2.4
      vertex -17.3334 25.8082 2.4
    endloop
  endfacet
  facet normal 0 0 1
    outer loop
      vertex -17.5 25.8 2.4
      vertex -17.5 -5.8 2.4
      vertex -17.3334 -5.80819 2.4
    endloop
  endfacet
  facet normal 0 0 1
    outer loop
      vertex -17.6666 25.8082 2.4
      vertex -17.5 -5.8 2.4
      vertex -17.5 25.8 2.4
    endloop
  endfacet
  facet normal 0 0 1
    outer loop
      vertex -17.6666 25.8082 2.4
      vertex -17.6666 -5.80819 2.4
      vertex -17.5 -5.8 2.4
    endloop
  endfacet
  facet normal 0 0 1
    outer loop
      vertex -17.8317 25.8327 2.4
      vertex -17.6666 -5.80819 2.4
      vertex -17.6666 25.8082 2.4
    endloop
  endfacet
  facet normal 0 0 1
    outer loop
      vertex -17.8317 25.8327 2.4
      vertex -17.8317 -5.83266 2.4
      vertex -17.6666 -5.80819 2.4
    endloop
  endfacet
  facet normal 0 0 1
    outer loop
      vertex -17.9935 25.8732 2.4
      vertex -17.8317 -5.83266 2.4
      vertex -17.8317 25.8327 2.4
    endloop
  endfacet
  facet normal 0 0 1
    outer loop
      vertex -17.9935 25.8732 2.4
      vertex -17.9935 -5.8732 2.4
      vertex -17.8317 -5.83266 2.4
    endloop
  endfacet
  facet normal 0 0 1
    outer loop
      vertex -18.3014 26.0007 2.4
      vertex -29.1144 25.7723 2.4
      vertex -18.1506 25.9294 2.4
    endloop
  endfacet
  facet normal 0 0 1
    outer loop
      vertex -29.4693 25.6045 2.4
      vertex -18.1506 25.9294 2.4
      vertex -29.1144 25.7723 2.4
    endloop
  endfacet
  facet normal 0 0 1
    outer loop
      vertex -28.4624 26.208 2.4
      vertex -18.7021 26.2979 2.4
      vertex -28.1716 26.4716 2.4
    endloop
  endfacet
  facet normal 0 0 1
    outer loop
      vertex -18.7021 26.2979 2.4
      vertex -28.4624 26.208 2.4
      vertex -18.5785 26.1859 2.4
    endloop
  endfacet
  facet normal -0 0 1
    outer loop
      vertex -27.908 26.7624 2.4
      vertex -18.9135 26.5555 2.4
      vertex -27.6741 27.0777 2.4
    endloop
  endfacet
  facet normal 0 0 1
    outer loop
      vertex -18.9135 26.5555 2.4
      vertex -27.908 26.7624 2.4
      vertex -18.8141 26.4215 2.4
    endloop
  endfacet
  facet normal -0 0 1
    outer loop
      vertex -27.6741 27.0777 2.4
      vertex -19.0706 26.8494 2.4
      vertex -27.4723 27.4144 2.4
    endloop
  endfacet
  facet normal 0 0 1
    outer loop
      vertex -19.0706 26.8494 2.4
      vertex -27.6741 27.0777 2.4
      vertex -18.9993 26.6986 2.4
    endloop
  endfacet
  facet normal 0 0 1
    outer loop
      vertex -19.1268 27.0065 2.4
      vertex -27.4723 27.4144 2.4
      vertex -19.0706 26.8494 2.4
    endloop
  endfacet
  facet normal 0 0 1
    outer loop
      vertex -18.9993 26.6986 2.4
      vertex -27.6741 27.0777 2.4
      vertex -18.9135 26.5555 2.4
    endloop
  endfacet
  facet normal -0 0 1
    outer loop
      vertex -27.4723 27.4144 2.4
      vertex -19.1268 27.0065 2.4
      vertex -27.3045 27.7693 2.4
    endloop
  endfacet
  facet normal -0 0 1
    outer loop
      vertex -28.1716 26.4716 2.4
      vertex -18.8141 26.4215 2.4
      vertex -27.908 26.7624 2.4
    endloop
  endfacet
  facet normal 0 0 1
    outer loop
      vertex -19.1673 27.1683 2.4
      vertex -27.3045 27.7693 2.4
      vertex -19.1268 27.0065 2.4
    endloop
  endfacet
  facet normal 0 0 1
    outer loop
      vertex -18.8141 26.4215 2.4
      vertex -28.1716 26.4716 2.4
      vertex -18.7021 26.2979 2.4
    endloop
  endfacet
  facet normal -0 0 1
    outer loop
      vertex -27.3045 27.7693 2.4
      vertex -19.1673 27.1683 2.4
      vertex -27.1722 28.1389 2.4
    endloop
  endfacet
  facet normal 0 0 1
    outer loop
      vertex -18.5785 26.1859 2.4
      vertex -28.4624 26.208 2.4
      vertex -18.4445 26.0865 2.4
    endloop
  endfacet
  facet normal 0 0 1
    outer loop
      vertex -19.1918 27.3334 2.4
      vertex -27.1722 28.1389 2.4
      vertex -19.1673 27.1683 2.4
    endloop
  endfacet
  facet normal 0 0 1
    outer loop
      vertex -28.7777 25.9741 2.4
      vertex -18.4445 26.0865 2.4
      vertex -28.4624 26.208 2.4
    endloop
  endfacet
  facet normal 0 0 1
    outer loop
      vertex -19.2 27.5 2.4
      vertex -27.1722 28.1389 2.4
      vertex -19.1918 27.3334 2.4
    endloop
  endfacet
  facet normal 0 0 1
    outer loop
      vertex -18.4445 26.0865 2.4
      vertex -28.7777 25.9741 2.4
      vertex -18.3014 26.0007 2.4
    endloop
  endfacet
  facet normal -0 0 1
    outer loop
      vertex -27.1722 28.1389 2.4
      vertex -19.2 27.5 2.4
      vertex -27.0769 28.5196 2.4
    endloop
  endfacet
  facet normal 0 0 1
    outer loop
      vertex -29.1144 25.7723 2.4
      vertex -18.3014 26.0007 2.4
      vertex -28.7777 25.9741 2.4
    endloop
  endfacet
  facet normal 0 0 1
    outer loop
      vertex -19.1918 27.6666 2.4
      vertex -27.0769 28.5196 2.4
      vertex -19.2 27.5 2.4
    endloop
  endfacet
  facet normal 0 0 1
    outer loop
      vertex -18.1506 25.9294 2.4
      vertex -29.4693 25.6045 2.4
      vertex -17.9935 25.8732 2.4
    endloop
  endfacet
  facet normal -0 0 1
    outer loop
      vertex -27.0769 28.5196 2.4
      vertex -19.1918 27.6666 2.4
      vertex -27.0193 28.9079 2.4
    endloop
  endfacet
  facet normal 0 0 1
    outer loop
      vertex -19.1268 -7.00652 2.4
      vertex -27 -22.2 2.4
      vertex -19.1673 -7.16835 2.4
    endloop
  endfacet
  facet normal 0 0 1
    outer loop
      vertex 27.6741 27.0777 2.4
      vertex 18.9135 26.5555 2.4
      vertex 27.908 26.7624 2.4
    endloop
  endfacet
  facet normal 0 0 1
    outer loop
      vertex 29.1144 25.7723 2.4
      vertex 19.1918 -7.33337 2.4
      vertex 19.2 -7.5 2.4
    endloop
  endfacet
  facet normal 0 0 1
    outer loop
      vertex 18.8141 26.4215 2.4
      vertex 27.908 26.7624 2.4
      vertex 18.9135 26.5555 2.4
    endloop
  endfacet
  facet normal 0 0 1
    outer loop
      vertex 29.1144 25.7723 2.4
      vertex 19.1673 -7.16835 2.4
      vertex 19.1918 -7.33337 2.4
    endloop
  endfacet
  facet normal 0 0 1
    outer loop
      vertex 27.908 26.7624 2.4
      vertex 18.8141 26.4215 2.4
      vertex 28.1716 26.4716 2.4
    endloop
  endfacet
  facet normal 0 0 1
    outer loop
      vertex 29.1144 25.7723 2.4
      vertex 19.1268 -7.00652 2.4
      vertex 19.1673 -7.16835 2.4
    endloop
  endfacet
  facet normal 0 0 1
    outer loop
      vertex 18.7021 26.2979 2.4
      vertex 28.1716 26.4716 2.4
      vertex 18.8141 26.4215 2.4
    endloop
  endfacet
  facet normal 0 0 1
    outer loop
      vertex 29.1144 25.7723 2.4
      vertex 19.0706 -6.84944 2.4
      vertex 19.1268 -7.00652 2.4
    endloop
  endfacet
  facet normal 0 0 1
    outer loop
      vertex 28.1716 26.4716 2.4
      vertex 18.7021 26.2979 2.4
      vertex 28.4624 26.208 2.4
    endloop
  endfacet
  facet normal 0 0 1
    outer loop
      vertex 29.1144 25.7723 2.4
      vertex 18.9993 -6.69862 2.4
      vertex 19.0706 -6.84944 2.4
    endloop
  endfacet
  facet normal 0 0 1
    outer loop
      vertex 18.5785 26.1859 2.4
      vertex 28.4624 26.208 2.4
      vertex 18.7021 26.2979 2.4
    endloop
  endfacet
  facet normal 0 0 1
    outer loop
      vertex 29.1144 25.7723 2.4
      vertex 18.9135 -6.55553 2.4
      vertex 18.9993 -6.69862 2.4
    endloop
  endfacet
  facet normal 0 0 1
    outer loop
      vertex 28.4624 26.208 2.4
      vertex 18.5785 26.1859 2.4
      vertex 28.7777 25.9741 2.4
    endloop
  endfacet
  facet normal 0 0 1
    outer loop
      vertex 29.1144 25.7723 2.4
      vertex 18.8141 -6.42153 2.4
      vertex 18.9135 -6.55553 2.4
    endloop
  endfacet
  facet normal -0 0 1
    outer loop
      vertex 18.4445 26.0865 2.4
      vertex 28.7777 25.9741 2.4
      vertex 18.5785 26.1859 2.4
    endloop
  endfacet
  facet normal 0 0 1
    outer loop
      vertex 29.1144 25.7723 2.4
      vertex 18.7021 -6.29792 2.4
      vertex 18.8141 -6.42153 2.4
    endloop
  endfacet
  facet normal -0 0 1
    outer loop
      vertex 18.3014 26.0007 2.4
      vertex 28.7777 25.9741 2.4
      vertex 18.4445 26.0865 2.4
    endloop
  endfacet
  facet normal 0 0 1
    outer loop
      vertex 29.1144 25.7723 2.4
      vertex 18.5785 -6.18588 2.4
      vertex 18.7021 -6.29792 2.4
    endloop
  endfacet
  facet normal 0 0 1
    outer loop
      vertex 28.7777 25.9741 2.4
      vertex 18.3014 26.0007 2.4
      vertex 29.1144 25.7723 2.4
    endloop
  endfacet
  facet normal 0 0 1
    outer loop
      vertex 29.1144 25.7723 2.4
      vertex 18.4445 -6.0865 2.4
      vertex 18.5785 -6.18588 2.4
    endloop
  endfacet
  facet normal -0 0 1
    outer loop
      vertex 18.1506 25.9294 2.4
      vertex 29.1144 25.7723 2.4
      vertex 18.3014 26.0007 2.4
    endloop
  endfacet
  facet normal 0 0 1
    outer loop
      vertex 29.1144 25.7723 2.4
      vertex 18.3014 -6.00073 2.4
      vertex 18.4445 -6.0865 2.4
    endloop
  endfacet
  facet normal -0 0 1
    outer loop
      vertex 17.9935 25.8732 2.4
      vertex 29.1144 25.7723 2.4
      vertex 18.1506 25.9294 2.4
    endloop
  endfacet
  facet normal 0 0 1
    outer loop
      vertex 29.1144 25.7723 2.4
      vertex 18.1506 -5.9294 2.4
      vertex 18.3014 -6.00073 2.4
    endloop
  endfacet
  facet normal 0 0 1
    outer loop
      vertex 17.9935 -5.8732 2.4
      vertex 29.1144 25.7723 2.4
      vertex 17.9935 25.8732 2.4
    endloop
  endfacet
  facet normal 0 0 1
    outer loop
      vertex 29.1144 25.7723 2.4
      vertex 17.9935 -5.8732 2.4
      vertex 18.1506 -5.9294 2.4
    endloop
  endfacet
  facet normal -0 0 1
    outer loop
      vertex 17.8317 25.8327 2.4
      vertex 17.9935 -5.8732 2.4
      vertex 17.9935 25.8732 2.4
    endloop
  endfacet
  facet normal 0 0 1
    outer loop
      vertex 17.8317 25.8327 2.4
      vertex 17.8317 -5.83266 2.4
      vertex 17.9935 -5.8732 2.4
    endloop
  endfacet
  facet normal -0 0 1
    outer loop
      vertex 17.6666 25.8082 2.4
      vertex 17.8317 -5.83266 2.4
      vertex 17.8317 25.8327 2.4
    endloop
  endfacet
  facet normal 0 0 1
    outer loop
      vertex 17.6666 25.8082 2.4
      vertex 17.6666 -5.80819 2.4
      vertex 17.8317 -5.83266 2.4
    endloop
  endfacet
  facet normal -0 0 1
    outer loop
      vertex 17.5 25.8 2.4
      vertex 17.6666 -5.80819 2.4
      vertex 17.6666 25.8082 2.4
    endloop
  endfacet
  facet normal 0 0 1
    outer loop
      vertex 17.5 25.8 2.4
      vertex 17.5 -5.8 2.4
      vertex 17.6666 -5.80819 2.4
    endloop
  endfacet
  facet normal 0 0 1
    outer loop
      vertex 17.3334 25.8082 2.4
      vertex 17.5 -5.8 2.4
      vertex 17.5 25.8 2.4
    endloop
  endfacet
  facet normal 0 0 1
    outer loop
      vertex 17.3334 25.8082 2.4
      vertex 17.3334 -5.80819 2.4
      vertex 17.5 -5.8 2.4
    endloop
  endfacet
  facet normal 0 0 1
    outer loop
      vertex 17.1683 25.8327 2.4
      vertex 17.3334 -5.80819 2.4
      vertex 17.3334 25.8082 2.4
    endloop
  endfacet
  facet normal 0 0 1
    outer loop
      vertex 17.1683 25.8327 2.4
      vertex 17.1683 -5.83266 2.4
      vertex 17.3334 -5.80819 2.4
    endloop
  endfacet
  facet normal 0 0 1
    outer loop
      vertex 17.0065 25.8732 2.4
      vertex 17.1683 -5.83266 2.4
      vertex 17.1683 25.8327 2.4
    endloop
  endfacet
  facet normal 0 0 1
    outer loop
      vertex 17.0065 25.8732 2.4
      vertex 17.0065 -5.8732 2.4
      vertex 17.1683 -5.83266 2.4
    endloop
  endfacet
  facet normal 0 0 1
    outer loop
      vertex 16.8494 25.9294 2.4
      vertex 17.0065 -5.8732 2.4
      vertex 17.0065 25.8732 2.4
    endloop
  endfacet
  facet normal 0 0 1
    outer loop
      vertex 16.8494 25.9294 2.4
      vertex 16.8494 -5.9294 2.4
      vertex 17.0065 -5.8732 2.4
    endloop
  endfacet
  facet normal 0 0 1
    outer loop
      vertex 16.6986 26.0007 2.4
      vertex 16.8494 -5.9294 2.4
      vertex 16.8494 25.9294 2.4
    endloop
  endfacet
  facet normal 0 0 1
    outer loop
      vertex 16.6986 26.0007 2.4
      vertex 16.6986 -6.00073 2.4
      vertex 16.8494 -5.9294 2.4
    endloop
  endfacet
  facet normal 0 0 1
    outer loop
      vertex 16.5555 26.0865 2.4
      vertex 16.6986 -6.00073 2.4
      vertex 16.6986 26.0007 2.4
    endloop
  endfacet
  facet normal 0 0 1
    outer loop
      vertex 16.5555 26.0865 2.4
      vertex 16.5555 -6.0865 2.4
      vertex 16.6986 -6.00073 2.4
    endloop
  endfacet
  facet normal 0 0 1
    outer loop
      vertex 16.4215 26.1859 2.4
      vertex 16.5555 -6.0865 2.4
      vertex 16.5555 26.0865 2.4
    endloop
  endfacet
  facet normal 0 0 1
    outer loop
      vertex 16.4215 26.1859 2.4
      vertex 16.4215 -6.18588 2.4
      vertex 16.5555 -6.0865 2.4
    endloop
  endfacet
  facet normal 0 0 1
    outer loop
      vertex 16.2979 26.2979 2.4
      vertex 16.4215 -6.18588 2.4
      vertex 16.4215 26.1859 2.4
    endloop
  endfacet
  facet normal 0 0 1
    outer loop
      vertex 16.2979 26.2979 2.4
      vertex 16.2979 -6.29792 2.4
      vertex 16.4215 -6.18588 2.4
    endloop
  endfacet
  facet normal 0 0 1
    outer loop
      vertex -15.9294 26.8494 2.4
      vertex 15.9294 26.8494 2.4
      vertex -15.8732 27.0065 2.4
    endloop
  endfacet
  facet normal 0 0 1
    outer loop
      vertex 15.9294 26.8494 2.4
      vertex -15.9294 26.8494 2.4
      vertex 16.0007 26.6986 2.4
    endloop
  endfacet
  facet normal 0 0 1
    outer loop
      vertex 15.8732 27.0065 2.4
      vertex -15.8732 27.0065 2.4
      vertex 15.9294 26.8494 2.4
    endloop
  endfacet
  facet normal 0 0 1
    outer loop
      vertex -16.0007 26.6986 2.4
      vertex 16.0007 26.6986 2.4
      vertex -15.9294 26.8494 2.4
    endloop
  endfacet
  facet normal 0 0 1
    outer loop
      vertex -15.8732 27.0065 2.4
      vertex 15.8732 27.0065 2.4
      vertex -15.8327 27.1683 2.4
    endloop
  endfacet
  facet normal 0 0 1
    outer loop
      vertex 16.2979 -6.29792 2.4
      vertex -15.8 -7.5 2.4
      vertex 16.1859 -6.42153 2.4
    endloop
  endfacet
  facet normal 0 0 1
    outer loop
      vertex 15.8327 27.1683 2.4
      vertex -15.8327 27.1683 2.4
      vertex 15.8732 27.0065 2.4
    endloop
  endfacet
  facet normal 0 0 1
    outer loop
      vertex 16.1859 -6.42153 2.4
      vertex -15.8 -7.5 2.4
      vertex 16.0865 -6.55553 2.4
    endloop
  endfacet
  facet normal 0 0 1
    outer loop
      vertex -15.8327 27.1683 2.4
      vertex 15.8327 27.1683 2.4
      vertex -15.8082 27.3334 2.4
    endloop
  endfacet
  facet normal 0 0 1
    outer loop
      vertex 16.0865 -6.55553 2.4
      vertex -15.8 -7.5 2.4
      vertex 16.0007 -6.69862 2.4
    endloop
  endfacet
  facet normal 0 0 1
    outer loop
      vertex 15.8082 27.3334 2.4
      vertex -15.8082 27.3334 2.4
      vertex 15.8327 27.1683 2.4
    endloop
  endfacet
  facet normal 0 0 1
    outer loop
      vertex 16.0007 -6.69862 2.4
      vertex -15.8 -7.5 2.4
      vertex 15.9294 -6.84944 2.4
    endloop
  endfacet
  facet normal 0 0 1
    outer loop
      vertex -15.8082 27.3334 2.4
      vertex 15.8082 27.3334 2.4
      vertex -15.8 27.5 2.4
    endloop
  endfacet
  facet normal 0 0 1
    outer loop
      vertex 15.9294 -6.84944 2.4
      vertex -15.8 -7.5 2.4
      vertex 15.8732 -7.00652 2.4
    endloop
  endfacet
  facet normal -0 0 1
    outer loop
      vertex -15.8 27.5 2.4
      vertex 15.8082 27.3334 2.4
      vertex 15.8 27.5 2.4
    endloop
  endfacet
  facet normal 0 0 1
    outer loop
      vertex 15.8732 -7.00652 2.4
      vertex -15.8 -7.5 2.4
      vertex 15.8327 -7.16835 2.4
    endloop
  endfacet
  facet normal -0 0 1
    outer loop
      vertex 18.7021 -8.70208 2.4
      vertex 28.4624 -19.108 2.4
      vertex 18.8141 -8.57847 2.4
    endloop
  endfacet
  facet normal 0 0 1
    outer loop
      vertex 19.0706 28.1506 2.4
      vertex 27 29.3 2.4
      vertex 27.0193 29.6921 2.4
    endloop
  endfacet
  facet normal 0 0 1
    outer loop
      vertex 18.7021 28.7021 2.4
      vertex 27.0193 29.6921 2.4
      vertex 27.5 33.3 2.4
    endloop
  endfacet
  facet normal 0 0 1
    outer loop
      vertex 27.0193 28.9079 2.4
      vertex 19.1918 27.6666 2.4
      vertex 19.2 27.5 2.4
    endloop
  endfacet
  facet normal 0 0 1
    outer loop
      vertex 27.0193 28.9079 2.4
      vertex 19.1673 27.8317 2.4
      vertex 19.1918 27.6666 2.4
    endloop
  endfacet
  facet normal 0 0 1
    outer loop
      vertex 27 29.3 2.4
      vertex 19.1268 27.9935 2.4
      vertex 19.1673 27.8317 2.4
    endloop
  endfacet
  facet normal 0 0 1
    outer loop
      vertex 27 29.3 2.4
      vertex 19.0706 28.1506 2.4
      vertex 19.1268 27.9935 2.4
    endloop
  endfacet
  facet normal 0 0 1
    outer loop
      vertex 27.0193 29.6921 2.4
      vertex 18.9993 28.3014 2.4
      vertex 19.0706 28.1506 2.4
    endloop
  endfacet
  facet normal 0 0 1
    outer loop
      vertex 27.0193 29.6921 2.4
      vertex 18.9135 28.4445 2.4
      vertex 18.9993 28.3014 2.4
    endloop
  endfacet
  facet normal 0 0 1
    outer loop
      vertex 27.0193 29.6921 2.4
      vertex 18.8141 28.5785 2.4
      vertex 18.9135 28.4445 2.4
    endloop
  endfacet
  facet normal 0 0 1
    outer loop
      vertex 27.0193 29.6921 2.4
      vertex 18.7021 28.7021 2.4
      vertex 18.8141 28.5785 2.4
    endloop
  endfacet
  facet normal 0 0 1
    outer loop
      vertex 27.5 33.3 2.4
      vertex 18.5785 28.8141 2.4
      vertex 18.7021 28.7021 2.4
    endloop
  endfacet
  facet normal 0 0 1
    outer loop
      vertex 27.5 33.3 2.4
      vertex 18.4445 28.9135 2.4
      vertex 18.5785 28.8141 2.4
    endloop
  endfacet
  facet normal 0 0 1
    outer loop
      vertex 27.5 33.3 2.4
      vertex 18.3014 28.9993 2.4
      vertex 18.4445 28.9135 2.4
    endloop
  endfacet
  facet normal 0 0 1
    outer loop
      vertex 27.5 33.3 2.4
      vertex 18.1506 29.0706 2.4
      vertex 18.3014 28.9993 2.4
    endloop
  endfacet
  facet normal 0 0 1
    outer loop
      vertex 27.5 33.3 2.4
      vertex 17.9935 29.1268 2.4
      vertex 18.1506 29.0706 2.4
    endloop
  endfacet
  facet normal 0 0 1
    outer loop
      vertex 27.5 33.3 2.4
      vertex 17.8317 29.1673 2.4
      vertex 17.9935 29.1268 2.4
    endloop
  endfacet
  facet normal 0 0 1
    outer loop
      vertex 27.5 33.3 2.4
      vertex 17.6666 29.1918 2.4
      vertex 17.8317 29.1673 2.4
    endloop
  endfacet
  facet normal 0 0 1
    outer loop
      vertex 27.5 33.3 2.4
      vertex 17.5 29.2 2.4
      vertex 17.6666 29.1918 2.4
    endloop
  endfacet
  facet normal 0 0 1
    outer loop
      vertex 27.5 33.3 2.4
      vertex 17.3334 29.1918 2.4
      vertex 17.5 29.2 2.4
    endloop
  endfacet
  facet normal 0 0 1
    outer loop
      vertex 27.5 33.3 2.4
      vertex 17.1683 29.1673 2.4
      vertex 17.3334 29.1918 2.4
    endloop
  endfacet
  facet normal 0 0 1
    outer loop
      vertex 27.5 33.3 2.4
      vertex 17.0065 29.1268 2.4
      vertex 17.1683 29.1673 2.4
    endloop
  endfacet
  facet normal 0 0 1
    outer loop
      vertex -17.0065 29.1268 2.4
      vertex 17.0065 29.1268 2.4
      vertex 27.5 33.3 2.4
    endloop
  endfacet
  facet normal 0 0 1
    outer loop
      vertex 15.8327 -7.16835 2.4
      vertex -15.8 -7.5 2.4
      vertex 15.8082 -7.33337 2.4
    endloop
  endfacet
  facet normal 0 0 1
    outer loop
      vertex 15.8082 27.6666 2.4
      vertex -15.8 27.5 2.4
      vertex 15.8 27.5 2.4
    endloop
  endfacet
  facet normal 0 0 1
    outer loop
      vertex -15.8082 27.6666 2.4
      vertex 15.8082 27.6666 2.4
      vertex 15.8327 27.8317 2.4
    endloop
  endfacet
  facet normal 0 0 1
    outer loop
      vertex -15.8327 27.8317 2.4
      vertex 15.8327 27.8317 2.4
      vertex 15.8732 27.9935 2.4
    endloop
  endfacet
  facet normal 0 0 1
    outer loop
      vertex -15.8732 27.9935 2.4
      vertex 15.8732 27.9935 2.4
      vertex 15.9294 28.1506 2.4
    endloop
  endfacet
  facet normal 0 0 1
    outer loop
      vertex -15.9294 28.1506 2.4
      vertex 15.9294 28.1506 2.4
      vertex 16.0007 28.3014 2.4
    endloop
  endfacet
  facet normal 0 0 1
    outer loop
      vertex -16.0007 28.3014 2.4
      vertex 16.0007 28.3014 2.4
      vertex 16.0865 28.4445 2.4
    endloop
  endfacet
  facet normal 0 0 1
    outer loop
      vertex -16.0865 28.4445 2.4
      vertex 16.0865 28.4445 2.4
      vertex 16.1859 28.5785 2.4
    endloop
  endfacet
  facet normal 0 0 1
    outer loop
      vertex -16.1859 28.5785 2.4
      vertex 16.1859 28.5785 2.4
      vertex 16.2979 28.7021 2.4
    endloop
  endfacet
  facet normal 0 0 1
    outer loop
      vertex -16.2979 28.7021 2.4
      vertex 16.2979 28.7021 2.4
      vertex 16.4215 28.8141 2.4
    endloop
  endfacet
  facet normal 0 0 1
    outer loop
      vertex -16.4215 28.8141 2.4
      vertex 16.4215 28.8141 2.4
      vertex 16.5555 28.9135 2.4
    endloop
  endfacet
  facet normal 0 0 1
    outer loop
      vertex -16.5555 28.9135 2.4
      vertex 16.5555 28.9135 2.4
      vertex 16.6986 28.9993 2.4
    endloop
  endfacet
  facet normal 0 0 1
    outer loop
      vertex -16.6986 28.9993 2.4
      vertex 16.6986 28.9993 2.4
      vertex 16.8494 29.0706 2.4
    endloop
  endfacet
  facet normal 0 0 1
    outer loop
      vertex 17.0065 29.1268 2.4
      vertex -17.0065 29.1268 2.4
      vertex 16.8494 29.0706 2.4
    endloop
  endfacet
  facet normal 0 0 1
    outer loop
      vertex 15.8082 27.6666 2.4
      vertex -15.8082 27.6666 2.4
      vertex -15.8 27.5 2.4
    endloop
  endfacet
  facet normal 0 0 1
    outer loop
      vertex 15.8327 27.8317 2.4
      vertex -15.8327 27.8317 2.4
      vertex -15.8082 27.6666 2.4
    endloop
  endfacet
  facet normal 0 0 1
    outer loop
      vertex 15.8732 27.9935 2.4
      vertex -15.8732 27.9935 2.4
      vertex -15.8327 27.8317 2.4
    endloop
  endfacet
  facet normal 0 0 1
    outer loop
      vertex 15.9294 28.1506 2.4
      vertex -15.9294 28.1506 2.4
      vertex -15.8732 27.9935 2.4
    endloop
  endfacet
  facet normal 0 0 1
    outer loop
      vertex 16.0007 28.3014 2.4
      vertex -16.0007 28.3014 2.4
      vertex -15.9294 28.1506 2.4
    endloop
  endfacet
  facet normal 0 0 1
    outer loop
      vertex 16.0865 28.4445 2.4
      vertex -16.0865 28.4445 2.4
      vertex -16.0007 28.3014 2.4
    endloop
  endfacet
  facet normal 0 0 1
    outer loop
      vertex 16.1859 28.5785 2.4
      vertex -16.1859 28.5785 2.4
      vertex -16.0865 28.4445 2.4
    endloop
  endfacet
  facet normal 0 0 1
    outer loop
      vertex 16.2979 28.7021 2.4
      vertex -16.2979 28.7021 2.4
      vertex -16.1859 28.5785 2.4
    endloop
  endfacet
  facet normal 0 0 1
    outer loop
      vertex 16.4215 28.8141 2.4
      vertex -16.4215 28.8141 2.4
      vertex -16.2979 28.7021 2.4
    endloop
  endfacet
  facet normal 0 0 1
    outer loop
      vertex 16.5555 28.9135 2.4
      vertex -16.5555 28.9135 2.4
      vertex -16.4215 28.8141 2.4
    endloop
  endfacet
  facet normal 0 0 1
    outer loop
      vertex 16.6986 28.9993 2.4
      vertex -16.6986 28.9993 2.4
      vertex -16.5555 28.9135 2.4
    endloop
  endfacet
  facet normal 0 0 1
    outer loop
      vertex 16.8494 29.0706 2.4
      vertex -16.8494 29.0706 2.4
      vertex -16.6986 28.9993 2.4
    endloop
  endfacet
  facet normal 0 0 1
    outer loop
      vertex 16.8494 29.0706 2.4
      vertex -17.0065 29.1268 2.4
      vertex -16.8494 29.0706 2.4
    endloop
  endfacet
  facet normal -0 0 1
    outer loop
      vertex -27.5 33.3 2.4
      vertex -17.0065 29.1268 2.4
      vertex 27.5 33.3 2.4
    endloop
  endfacet
  facet normal 0 0 1
    outer loop
      vertex -17.0065 29.1268 2.4
      vertex -27.5 33.3 2.4
      vertex -17.1683 29.1673 2.4
    endloop
  endfacet
  facet normal 0 0 1
    outer loop
      vertex -17.1683 29.1673 2.4
      vertex -27.5 33.3 2.4
      vertex -17.3334 29.1918 2.4
    endloop
  endfacet
  facet normal 0 0 1
    outer loop
      vertex -17.3334 29.1918 2.4
      vertex -27.5 33.3 2.4
      vertex -17.5 29.2 2.4
    endloop
  endfacet
  facet normal 0 0 1
    outer loop
      vertex -19.1673 -7.16835 2.4
      vertex -27 -22.2 2.4
      vertex -19.1918 -7.33337 2.4
    endloop
  endfacet
  facet normal 0 0 1
    outer loop
      vertex -19.1673 27.8317 2.4
      vertex -27.0193 28.9079 2.4
      vertex -19.1918 27.6666 2.4
    endloop
  endfacet
  facet normal -0 0 1
    outer loop
      vertex -27.0193 28.9079 2.4
      vertex -19.1673 27.8317 2.4
      vertex -27 29.3 2.4
    endloop
  endfacet
  facet normal 0 0 1
    outer loop
      vertex -19.1268 27.9935 2.4
      vertex -27 29.3 2.4
      vertex -19.1673 27.8317 2.4
    endloop
  endfacet
  facet normal 0 0 1
    outer loop
      vertex -19.0706 28.1506 2.4
      vertex -27 29.3 2.4
      vertex -19.1268 27.9935 2.4
    endloop
  endfacet
  facet normal 0 0 1
    outer loop
      vertex -27.0193 29.6921 2.4
      vertex -19.0706 28.1506 2.4
      vertex -18.9993 28.3014 2.4
    endloop
  endfacet
  facet normal 0 0 1
    outer loop
      vertex -27.0193 29.6921 2.4
      vertex -18.9993 28.3014 2.4
      vertex -18.9135 28.4445 2.4
    endloop
  endfacet
  facet normal 0 0 1
    outer loop
      vertex -27.0193 29.6921 2.4
      vertex -18.9135 28.4445 2.4
      vertex -18.8141 28.5785 2.4
    endloop
  endfacet
  facet normal 0 0 1
    outer loop
      vertex -27.0193 29.6921 2.4
      vertex -18.8141 28.5785 2.4
      vertex -18.7021 28.7021 2.4
    endloop
  endfacet
  facet normal 0 0 1
    outer loop
      vertex -27.5 33.3 2.4
      vertex -18.7021 28.7021 2.4
      vertex -18.5785 28.8141 2.4
    endloop
  endfacet
  facet normal 0 0 1
    outer loop
      vertex -27.5 33.3 2.4
      vertex -18.5785 28.8141 2.4
      vertex -18.4445 28.9135 2.4
    endloop
  endfacet
  facet normal 0 0 1
    outer loop
      vertex -27.5 33.3 2.4
      vertex -18.4445 28.9135 2.4
      vertex -18.3014 28.9993 2.4
    endloop
  endfacet
  facet normal 0 0 1
    outer loop
      vertex -27.5 33.3 2.4
      vertex -18.3014 28.9993 2.4
      vertex -18.1506 29.0706 2.4
    endloop
  endfacet
  facet normal 0 0 1
    outer loop
      vertex -27.5 33.3 2.4
      vertex -18.1506 29.0706 2.4
      vertex -17.9935 29.1268 2.4
    endloop
  endfacet
  facet normal 0 0 1
    outer loop
      vertex -27.5 33.3 2.4
      vertex -17.9935 29.1268 2.4
      vertex -17.8317 29.1673 2.4
    endloop
  endfacet
  facet normal 0 0 1
    outer loop
      vertex -27.5 33.3 2.4
      vertex -17.8317 29.1673 2.4
      vertex -17.6666 29.1918 2.4
    endloop
  endfacet
  facet normal 0 0 1
    outer loop
      vertex -17.5 29.2 2.4
      vertex -27.5 33.3 2.4
      vertex -17.6666 29.1918 2.4
    endloop
  endfacet
  facet normal 0 0 1
    outer loop
      vertex -19.0706 28.1506 2.4
      vertex -27.0193 29.6921 2.4
      vertex -27 29.3 2.4
    endloop
  endfacet
  facet normal 0 0 1
    outer loop
      vertex -18.7021 28.7021 2.4
      vertex -27.5 33.3 2.4
      vertex -27.0193 29.6921 2.4
    endloop
  endfacet
  facet normal 0 0 1
    outer loop
      vertex 19.2 -7.5 2.4
      vertex 35 25.8 2.4
      vertex 31.3921 25.3193 2.4
    endloop
  endfacet
  facet normal 0 0 1
    outer loop
      vertex 35 25.8 2.4
      vertex 19.2 -7.5 2.4
      vertex 35 -18.7 2.4
    endloop
  endfacet
  facet normal 0 0 1
    outer loop
      vertex 19.2 -7.5 2.4
      vertex 31.3921 25.3193 2.4
      vertex 31 25.3 2.4
    endloop
  endfacet
  facet normal 0 0 1
    outer loop
      vertex 35 -18.7 2.4
      vertex 19.2 -7.5 2.4
      vertex 31.3921 -18.2193 2.4
    endloop
  endfacet
  facet normal 0 0 1
    outer loop
      vertex 19.2 -7.5 2.4
      vertex 31 25.3 2.4
      vertex 30.6079 25.3193 2.4
    endloop
  endfacet
  facet normal 0 0 1
    outer loop
      vertex 31.3921 -18.2193 2.4
      vertex 19.2 -7.5 2.4
      vertex 31 -18.2 2.4
    endloop
  endfacet
  facet normal 0 0 1
    outer loop
      vertex 19.2 -7.5 2.4
      vertex 30.6079 25.3193 2.4
      vertex 30.2196 25.3769 2.4
    endloop
  endfacet
  facet normal 0 0 1
    outer loop
      vertex 31 -18.2 2.4
      vertex 19.2 -7.5 2.4
      vertex 30.6079 -18.2193 2.4
    endloop
  endfacet
  facet normal 0 0 1
    outer loop
      vertex 19.2 -7.5 2.4
      vertex 30.2196 25.3769 2.4
      vertex 29.8389 25.4722 2.4
    endloop
  endfacet
  facet normal -0 0 1
    outer loop
      vertex 19.1918 -7.66663 2.4
      vertex 30.6079 -18.2193 2.4
      vertex 19.2 -7.5 2.4
    endloop
  endfacet
  facet normal 0 0 1
    outer loop
      vertex 19.2 -7.5 2.4
      vertex 29.8389 25.4722 2.4
      vertex 29.4693 25.6045 2.4
    endloop
  endfacet
  facet normal 0 0 1
    outer loop
      vertex 30.6079 -18.2193 2.4
      vertex 19.1918 -7.66663 2.4
      vertex 30.2196 -18.2769 2.4
    endloop
  endfacet
  facet normal 0 0 1
    outer loop
      vertex 18.9135 26.5555 2.4
      vertex 27.6741 27.0777 2.4
      vertex 18.9993 26.6986 2.4
    endloop
  endfacet
  facet normal 0 0 1
    outer loop
      vertex 29.1144 25.7723 2.4
      vertex 19.2 -7.5 2.4
      vertex 29.4693 25.6045 2.4
    endloop
  endfacet
  facet normal 0 0 1
    outer loop
      vertex 18.9993 26.6986 2.4
      vertex 27.6741 27.0777 2.4
      vertex 19.0706 26.8494 2.4
    endloop
  endfacet
  facet normal -0 0 1
    outer loop
      vertex 19.1673 -7.83165 2.4
      vertex 30.2196 -18.2769 2.4
      vertex 19.1918 -7.66663 2.4
    endloop
  endfacet
  facet normal 0 0 1
    outer loop
      vertex 27.4723 27.4144 2.4
      vertex 19.0706 26.8494 2.4
      vertex 27.6741 27.0777 2.4
    endloop
  endfacet
  facet normal 0 0 1
    outer loop
      vertex 30.2196 -18.2769 2.4
      vertex 19.1673 -7.83165 2.4
      vertex 29.8389 -18.3722 2.4
    endloop
  endfacet
  facet normal 0 0 1
    outer loop
      vertex 19.0706 26.8494 2.4
      vertex 27.4723 27.4144 2.4
      vertex 19.1268 27.0065 2.4
    endloop
  endfacet
  facet normal -0 0 1
    outer loop
      vertex 19.1268 -7.99348 2.4
      vertex 29.8389 -18.3722 2.4
      vertex 19.1673 -7.83165 2.4
    endloop
  endfacet
  facet normal 0 0 1
    outer loop
      vertex 27.3045 27.7693 2.4
      vertex 19.1268 27.0065 2.4
      vertex 27.4723 27.4144 2.4
    endloop
  endfacet
  facet normal 0 0 1
    outer loop
      vertex 29.8389 -18.3722 2.4
      vertex 19.1268 -7.99348 2.4
      vertex 29.4693 -18.5045 2.4
    endloop
  endfacet
  facet normal 0 0 1
    outer loop
      vertex 19.1268 27.0065 2.4
      vertex 27.3045 27.7693 2.4
      vertex 19.1673 27.1683 2.4
    endloop
  endfacet
  facet normal -0 0 1
    outer loop
      vertex 19.0706 -8.15056 2.4
      vertex 29.4693 -18.5045 2.4
      vertex 19.1268 -7.99348 2.4
    endloop
  endfacet
  facet normal 0 0 1
    outer loop
      vertex 27.1722 28.1389 2.4
      vertex 19.1673 27.1683 2.4
      vertex 27.3045 27.7693 2.4
    endloop
  endfacet
  facet normal -0 0 1
    outer loop
      vertex 18.9993 -8.30137 2.4
      vertex 29.4693 -18.5045 2.4
      vertex 19.0706 -8.15056 2.4
    endloop
  endfacet
  facet normal 0 0 1
    outer loop
      vertex 19.1673 27.1683 2.4
      vertex 27.1722 28.1389 2.4
      vertex 19.1918 27.3334 2.4
    endloop
  endfacet
  facet normal 0 0 1
    outer loop
      vertex 29.4693 -18.5045 2.4
      vertex 18.9993 -8.30137 2.4
      vertex 29.1144 -18.6723 2.4
    endloop
  endfacet
  facet normal 0 0 1
    outer loop
      vertex 19.1918 27.3334 2.4
      vertex 27.1722 28.1389 2.4
      vertex 19.2 27.5 2.4
    endloop
  endfacet
  facet normal -0 0 1
    outer loop
      vertex 18.9135 -8.44447 2.4
      vertex 29.1144 -18.6723 2.4
      vertex 18.9993 -8.30137 2.4
    endloop
  endfacet
  facet normal 0 0 1
    outer loop
      vertex 19.2 27.5 2.4
      vertex 27.1722 28.1389 2.4
      vertex 27.0769 28.5196 2.4
    endloop
  endfacet
  facet normal 0 0 1
    outer loop
      vertex 29.1144 -18.6723 2.4
      vertex 18.9135 -8.44447 2.4
      vertex 28.7777 -18.8741 2.4
    endloop
  endfacet
  facet normal 0 0 1
    outer loop
      vertex 19.2 27.5 2.4
      vertex 27.0769 28.5196 2.4
      vertex 27.0193 28.9079 2.4
    endloop
  endfacet
  facet normal -0 0 1
    outer loop
      vertex 18.8141 -8.57847 2.4
      vertex 28.7777 -18.8741 2.4
      vertex 18.9135 -8.44447 2.4
    endloop
  endfacet
  facet normal 0 0 1
    outer loop
      vertex 19.1673 27.8317 2.4
      vertex 27.0193 28.9079 2.4
      vertex 27 29.3 2.4
    endloop
  endfacet
  facet normal 0 0 1
    outer loop
      vertex 28.7777 -18.8741 2.4
      vertex 18.8141 -8.57847 2.4
      vertex 28.4624 -19.108 2.4
    endloop
  endfacet
  facet normal -0 0 1
    outer loop
      vertex 31.3921 -26.1807 2.4
      vertex 35 -32.7 2.4
      vertex 35 -25.7 2.4
    endloop
  endfacet
  facet normal -0 0 1
    outer loop
      vertex 31 -26.2 2.4
      vertex 35 -32.7 2.4
      vertex 31.3921 -26.1807 2.4
    endloop
  endfacet
  facet normal 0 0 1
    outer loop
      vertex 30.6079 -26.1807 2.4
      vertex 35 -32.7 2.4
      vertex 31 -26.2 2.4
    endloop
  endfacet
  facet normal 0 0 1
    outer loop
      vertex 30.2196 -26.1231 2.4
      vertex 35 -32.7 2.4
      vertex 30.6079 -26.1807 2.4
    endloop
  endfacet
  facet normal 0 0 1
    outer loop
      vertex 29.8389 -26.0278 2.4
      vertex 35 -32.7 2.4
      vertex 30.2196 -26.1231 2.4
    endloop
  endfacet
  facet normal 0 0 1
    outer loop
      vertex 29.4693 -25.8955 2.4
      vertex 35 -32.7 2.4
      vertex 29.8389 -26.0278 2.4
    endloop
  endfacet
  facet normal 0 0 1
    outer loop
      vertex 29.1144 -25.7277 2.4
      vertex 35 -32.7 2.4
      vertex 29.4693 -25.8955 2.4
    endloop
  endfacet
  facet normal 0 0 1
    outer loop
      vertex 28.7777 -25.5259 2.4
      vertex 35 -32.7 2.4
      vertex 29.1144 -25.7277 2.4
    endloop
  endfacet
  facet normal 0 0 1
    outer loop
      vertex 28.4624 -25.292 2.4
      vertex 35 -32.7 2.4
      vertex 28.7777 -25.5259 2.4
    endloop
  endfacet
  facet normal 0 0 1
    outer loop
      vertex 28.1716 -25.0284 2.4
      vertex 35 -32.7 2.4
      vertex 28.4624 -25.292 2.4
    endloop
  endfacet
  facet normal 0 0 1
    outer loop
      vertex -28.1716 -25.0284 2.4
      vertex 28.1716 -25.0284 2.4
      vertex 27.908 -24.7376 2.4
    endloop
  endfacet
  facet normal 0 0 1
    outer loop
      vertex 28.4624 -19.108 2.4
      vertex 18.7021 -8.70208 2.4
      vertex 28.1716 -19.3716 2.4
    endloop
  endfacet
  facet normal -0 0 1
    outer loop
      vertex 18.5785 -8.81412 2.4
      vertex 28.1716 -19.3716 2.4
      vertex 18.7021 -8.70208 2.4
    endloop
  endfacet
  facet normal -0 0 1
    outer loop
      vertex 18.4445 -8.9135 2.4
      vertex 28.1716 -19.3716 2.4
      vertex 18.5785 -8.81412 2.4
    endloop
  endfacet
  facet normal 0 0 1
    outer loop
      vertex 28.1716 -19.3716 2.4
      vertex 18.4445 -8.9135 2.4
      vertex 27.908 -19.6624 2.4
    endloop
  endfacet
  facet normal -0 0 1
    outer loop
      vertex 18.3014 -8.99927 2.4
      vertex 27.908 -19.6624 2.4
      vertex 18.4445 -8.9135 2.4
    endloop
  endfacet
  facet normal 0 0 1
    outer loop
      vertex 27.908 -19.6624 2.4
      vertex 18.3014 -8.99927 2.4
      vertex 27.6741 -19.9777 2.4
    endloop
  endfacet
  facet normal -0 0 1
    outer loop
      vertex 18.1506 -9.07059 2.4
      vertex 27.6741 -19.9777 2.4
      vertex 18.3014 -8.99927 2.4
    endloop
  endfacet
  facet normal 0 0 1
    outer loop
      vertex 27.6741 -19.9777 2.4
      vertex 18.1506 -9.07059 2.4
      vertex 27.4723 -20.3144 2.4
    endloop
  endfacet
  facet normal -0 0 1
    outer loop
      vertex 17.9935 -9.1268 2.4
      vertex 27.4723 -20.3144 2.4
      vertex 18.1506 -9.07059 2.4
    endloop
  endfacet
  facet normal 0 0 1
    outer loop
      vertex 27.4723 -20.3144 2.4
      vertex 17.9935 -9.1268 2.4
      vertex 27.3045 -20.6693 2.4
    endloop
  endfacet
  facet normal -0 0 1
    outer loop
      vertex 17.8317 -9.16733 2.4
      vertex 27.3045 -20.6693 2.4
      vertex 17.9935 -9.1268 2.4
    endloop
  endfacet
  facet normal 0 0 1
    outer loop
      vertex 27.3045 -20.6693 2.4
      vertex 17.8317 -9.16733 2.4
      vertex 27.1722 -21.0389 2.4
    endloop
  endfacet
  facet normal -0 0 1
    outer loop
      vertex 17.6666 -9.19181 2.4
      vertex 27.1722 -21.0389 2.4
      vertex 17.8317 -9.16733 2.4
    endloop
  endfacet
  facet normal -0 0 1
    outer loop
      vertex 17.5 -9.2 2.4
      vertex 27.1722 -21.0389 2.4
      vertex 17.6666 -9.19181 2.4
    endloop
  endfacet
  facet normal 0 0 1
    outer loop
      vertex 27.1722 -21.0389 2.4
      vertex 17.5 -9.2 2.4
      vertex 27.0769 -21.4196 2.4
    endloop
  endfacet
  facet normal 0 0 1
    outer loop
      vertex 17.3334 -9.19181 2.4
      vertex 27.0769 -21.4196 2.4
      vertex 17.5 -9.2 2.4
    endloop
  endfacet
  facet normal 0 0 1
    outer loop
      vertex 27.0769 -21.4196 2.4
      vertex 17.3334 -9.19181 2.4
      vertex 27.0193 -21.8079 2.4
    endloop
  endfacet
  facet normal 0 0 1
    outer loop
      vertex 17.1683 -9.16733 2.4
      vertex 27.0193 -21.8079 2.4
      vertex 17.3334 -9.19181 2.4
    endloop
  endfacet
  facet normal 0 0 1
    outer loop
      vertex 27.0193 -21.8079 2.4
      vertex 17.1683 -9.16733 2.4
      vertex 27 -22.2 2.4
    endloop
  endfacet
  facet normal 0 0 1
    outer loop
      vertex 17.0065 -9.1268 2.4
      vertex 27 -22.2 2.4
      vertex 17.1683 -9.16733 2.4
    endloop
  endfacet
  facet normal 0 0 1
    outer loop
      vertex 27 -22.2 2.4
      vertex 17.0065 -9.1268 2.4
      vertex 27.0193 -22.5921 2.4
    endloop
  endfacet
  facet normal 0 0 1
    outer loop
      vertex 16.8494 -9.07059 2.4
      vertex 27.0193 -22.5921 2.4
      vertex 17.0065 -9.1268 2.4
    endloop
  endfacet
  facet normal 0 0 1
    outer loop
      vertex 27.0193 -22.5921 2.4
      vertex 16.8494 -9.07059 2.4
      vertex 27.0769 -22.9804 2.4
    endloop
  endfacet
  facet normal 0 0 1
    outer loop
      vertex 16.6986 -8.99927 2.4
      vertex 27.0769 -22.9804 2.4
      vertex 16.8494 -9.07059 2.4
    endloop
  endfacet
  facet normal 0 0 1
    outer loop
      vertex 27.0769 -22.9804 2.4
      vertex 16.6986 -8.99927 2.4
      vertex 27.1722 -23.3611 2.4
    endloop
  endfacet
  facet normal 0 0 1
    outer loop
      vertex 16.5555 -8.9135 2.4
      vertex 27.1722 -23.3611 2.4
      vertex 16.6986 -8.99927 2.4
    endloop
  endfacet
  facet normal -0 0 1
    outer loop
      vertex -16.5555 -8.9135 2.4
      vertex 27.1722 -23.3611 2.4
      vertex 16.5555 -8.9135 2.4
    endloop
  endfacet
  facet normal 0 0 1
    outer loop
      vertex -27.1722 -23.3611 2.4
      vertex 27.1722 -23.3611 2.4
      vertex -16.5555 -8.9135 2.4
    endloop
  endfacet
  facet normal 0 0 1
    outer loop
      vertex 27.1722 -23.3611 2.4
      vertex -27.1722 -23.3611 2.4
      vertex 27.3045 -23.7307 2.4
    endloop
  endfacet
  facet normal 0 0 1
    outer loop
      vertex -16.5555 -8.9135 2.4
      vertex 16.5555 -8.9135 2.4
      vertex 16.4215 -8.81412 2.4
    endloop
  endfacet
  facet normal 0 0 1
    outer loop
      vertex -16.4215 -8.81412 2.4
      vertex 16.4215 -8.81412 2.4
      vertex 16.2979 -8.70208 2.4
    endloop
  endfacet
  facet normal 0 0 1
    outer loop
      vertex -16.2979 -8.70208 2.4
      vertex 16.2979 -8.70208 2.4
      vertex 16.1859 -8.57847 2.4
    endloop
  endfacet
  facet normal 0 0 1
    outer loop
      vertex -16.1859 -8.57847 2.4
      vertex 16.1859 -8.57847 2.4
      vertex 16.0865 -8.44447 2.4
    endloop
  endfacet
  facet normal 0 0 1
    outer loop
      vertex 15.8082 -7.33337 2.4
      vertex -15.8 -7.5 2.4
      vertex 15.8 -7.5 2.4
    endloop
  endfacet
  facet normal 0 0 1
    outer loop
      vertex 15.8 -7.5 2.4
      vertex -15.8 -7.5 2.4
      vertex 15.8082 -7.66663 2.4
    endloop
  endfacet
  facet normal 0 0 1
    outer loop
      vertex -15.8082 -7.66663 2.4
      vertex 15.8082 -7.66663 2.4
      vertex -15.8 -7.5 2.4
    endloop
  endfacet
  facet normal 0 0 1
    outer loop
      vertex 15.8082 -7.66663 2.4
      vertex -15.8082 -7.66663 2.4
      vertex 15.8327 -7.83165 2.4
    endloop
  endfacet
  facet normal 0 0 1
    outer loop
      vertex -15.8327 -7.83165 2.4
      vertex 15.8327 -7.83165 2.4
      vertex -15.8082 -7.66663 2.4
    endloop
  endfacet
  facet normal 0 0 1
    outer loop
      vertex 15.8327 -7.83165 2.4
      vertex -15.8327 -7.83165 2.4
      vertex 15.8732 -7.99348 2.4
    endloop
  endfacet
  facet normal 0 0 1
    outer loop
      vertex -15.8732 -7.99348 2.4
      vertex 15.8732 -7.99348 2.4
      vertex -15.8327 -7.83165 2.4
    endloop
  endfacet
  facet normal 0 0 1
    outer loop
      vertex 15.8732 -7.99348 2.4
      vertex -15.8732 -7.99348 2.4
      vertex 15.9294 -8.15056 2.4
    endloop
  endfacet
  facet normal 0 0 1
    outer loop
      vertex -15.9294 -8.15056 2.4
      vertex 15.9294 -8.15056 2.4
      vertex -15.8732 -7.99348 2.4
    endloop
  endfacet
  facet normal 0 0 1
    outer loop
      vertex 15.9294 -8.15056 2.4
      vertex -15.9294 -8.15056 2.4
      vertex 16.0007 -8.30137 2.4
    endloop
  endfacet
  facet normal 0 0 1
    outer loop
      vertex -16.0007 -8.30137 2.4
      vertex 16.0007 -8.30137 2.4
      vertex -15.9294 -8.15056 2.4
    endloop
  endfacet
  facet normal 0 0 1
    outer loop
      vertex 16.0007 -8.30137 2.4
      vertex -16.0007 -8.30137 2.4
      vertex 16.0865 -8.44447 2.4
    endloop
  endfacet
  facet normal 0 0 1
    outer loop
      vertex -16.0865 -8.44447 2.4
      vertex 16.0865 -8.44447 2.4
      vertex -16.0007 -8.30137 2.4
    endloop
  endfacet
  facet normal 0 0 1
    outer loop
      vertex -16.1859 -8.57847 2.4
      vertex 16.0865 -8.44447 2.4
      vertex -16.0865 -8.44447 2.4
    endloop
  endfacet
  facet normal 0 0 1
    outer loop
      vertex 16.1859 -8.57847 2.4
      vertex -16.1859 -8.57847 2.4
      vertex -16.2979 -8.70208 2.4
    endloop
  endfacet
  facet normal 0 0 1
    outer loop
      vertex 16.2979 -8.70208 2.4
      vertex -16.2979 -8.70208 2.4
      vertex -16.4215 -8.81412 2.4
    endloop
  endfacet
  facet normal 0 0 1
    outer loop
      vertex 16.4215 -8.81412 2.4
      vertex -16.4215 -8.81412 2.4
      vertex -16.5555 -8.9135 2.4
    endloop
  endfacet
  facet normal 0 0 1
    outer loop
      vertex -27.3045 -23.7307 2.4
      vertex 27.3045 -23.7307 2.4
      vertex -27.1722 -23.3611 2.4
    endloop
  endfacet
  facet normal 0 0 1
    outer loop
      vertex 27.3045 -23.7307 2.4
      vertex -27.3045 -23.7307 2.4
      vertex 27.4723 -24.0856 2.4
    endloop
  endfacet
  facet normal 0 0 1
    outer loop
      vertex -27.4723 -24.0856 2.4
      vertex 27.4723 -24.0856 2.4
      vertex -27.3045 -23.7307 2.4
    endloop
  endfacet
  facet normal 0 0 1
    outer loop
      vertex -27.1722 -23.3611 2.4
      vertex -16.5555 -8.9135 2.4
      vertex -16.6986 -8.99927 2.4
    endloop
  endfacet
  facet normal 0 0 1
    outer loop
      vertex -27.0769 -22.9804 2.4
      vertex -16.6986 -8.99927 2.4
      vertex -16.8494 -9.07059 2.4
    endloop
  endfacet
  facet normal 0 0 1
    outer loop
      vertex -27.0193 -22.5921 2.4
      vertex -16.8494 -9.07059 2.4
      vertex -17.0065 -9.1268 2.4
    endloop
  endfacet
  facet normal 0 0 1
    outer loop
      vertex -27 -22.2 2.4
      vertex -17.0065 -9.1268 2.4
      vertex -17.1683 -9.16733 2.4
    endloop
  endfacet
  facet normal 0 0 1
    outer loop
      vertex -27 -22.2 2.4
      vertex -17.1683 -9.16733 2.4
      vertex -17.3334 -9.19181 2.4
    endloop
  endfacet
  facet normal 0 0 1
    outer loop
      vertex -27 -22.2 2.4
      vertex -17.3334 -9.19181 2.4
      vertex -17.5 -9.2 2.4
    endloop
  endfacet
  facet normal 0 0 1
    outer loop
      vertex -27 -22.2 2.4
      vertex -17.5 -9.2 2.4
      vertex -17.6666 -9.19181 2.4
    endloop
  endfacet
  facet normal 0 0 1
    outer loop
      vertex -27 -22.2 2.4
      vertex -17.6666 -9.19181 2.4
      vertex -17.8317 -9.16733 2.4
    endloop
  endfacet
  facet normal 0 0 1
    outer loop
      vertex -27 -22.2 2.4
      vertex -17.8317 -9.16733 2.4
      vertex -17.9935 -9.1268 2.4
    endloop
  endfacet
  facet normal 0 0 1
    outer loop
      vertex -27 -22.2 2.4
      vertex -17.9935 -9.1268 2.4
      vertex -18.1506 -9.07059 2.4
    endloop
  endfacet
  facet normal 0 0 1
    outer loop
      vertex -19.1918 -7.33337 2.4
      vertex -27 -22.2 2.4
      vertex -19.2 -7.5 2.4
    endloop
  endfacet
  facet normal 0 0 1
    outer loop
      vertex -19.2 -7.5 2.4
      vertex -27 -22.2 2.4
      vertex -19.1918 -7.66663 2.4
    endloop
  endfacet
  facet normal 0 0 1
    outer loop
      vertex -19.1918 -7.66663 2.4
      vertex -27 -22.2 2.4
      vertex -19.1673 -7.83165 2.4
    endloop
  endfacet
  facet normal 0 0 1
    outer loop
      vertex -27 -22.2 2.4
      vertex -19.1268 -7.99348 2.4
      vertex -19.1673 -7.83165 2.4
    endloop
  endfacet
  facet normal 0 0 1
    outer loop
      vertex -27 -22.2 2.4
      vertex -19.0706 -8.15056 2.4
      vertex -19.1268 -7.99348 2.4
    endloop
  endfacet
  facet normal 0 0 1
    outer loop
      vertex -27 -22.2 2.4
      vertex -18.9993 -8.30137 2.4
      vertex -19.0706 -8.15056 2.4
    endloop
  endfacet
  facet normal 0 0 1
    outer loop
      vertex -27 -22.2 2.4
      vertex -18.9135 -8.44447 2.4
      vertex -18.9993 -8.30137 2.4
    endloop
  endfacet
  facet normal 0 0 1
    outer loop
      vertex -27 -22.2 2.4
      vertex -18.8141 -8.57847 2.4
      vertex -18.9135 -8.44447 2.4
    endloop
  endfacet
  facet normal 0 0 1
    outer loop
      vertex -27 -22.2 2.4
      vertex -18.7021 -8.70208 2.4
      vertex -18.8141 -8.57847 2.4
    endloop
  endfacet
  facet normal 0 0 1
    outer loop
      vertex -27 -22.2 2.4
      vertex -18.5785 -8.81412 2.4
      vertex -18.7021 -8.70208 2.4
    endloop
  endfacet
  facet normal 0 0 1
    outer loop
      vertex -27 -22.2 2.4
      vertex -18.4445 -8.9135 2.4
      vertex -18.5785 -8.81412 2.4
    endloop
  endfacet
  facet normal 0 0 1
    outer loop
      vertex -27 -22.2 2.4
      vertex -18.3014 -8.99927 2.4
      vertex -18.4445 -8.9135 2.4
    endloop
  endfacet
  facet normal 0 0 1
    outer loop
      vertex -27 -22.2 2.4
      vertex -18.1506 -9.07059 2.4
      vertex -18.3014 -8.99927 2.4
    endloop
  endfacet
  facet normal 0 0 1
    outer loop
      vertex -17.0065 -9.1268 2.4
      vertex -27 -22.2 2.4
      vertex -27.0193 -22.5921 2.4
    endloop
  endfacet
  facet normal 0 0 1
    outer loop
      vertex -16.8494 -9.07059 2.4
      vertex -27.0193 -22.5921 2.4
      vertex -27.0769 -22.9804 2.4
    endloop
  endfacet
  facet normal 0 0 1
    outer loop
      vertex -16.6986 -8.99927 2.4
      vertex -27.0769 -22.9804 2.4
      vertex -27.1722 -23.3611 2.4
    endloop
  endfacet
  facet normal 0 0 1
    outer loop
      vertex 27.4723 -24.0856 2.4
      vertex -27.4723 -24.0856 2.4
      vertex 27.6741 -24.4223 2.4
    endloop
  endfacet
  facet normal 0 0 1
    outer loop
      vertex -27.6741 -24.4223 2.4
      vertex 27.6741 -24.4223 2.4
      vertex -27.4723 -24.0856 2.4
    endloop
  endfacet
  facet normal 0 0 1
    outer loop
      vertex 27.6741 -24.4223 2.4
      vertex -27.6741 -24.4223 2.4
      vertex 27.908 -24.7376 2.4
    endloop
  endfacet
  facet normal 0 0 1
    outer loop
      vertex -27.908 -24.7376 2.4
      vertex 27.908 -24.7376 2.4
      vertex -27.6741 -24.4223 2.4
    endloop
  endfacet
  facet normal 0 0 1
    outer loop
      vertex -28.1716 -25.0284 2.4
      vertex 27.908 -24.7376 2.4
      vertex -27.908 -24.7376 2.4
    endloop
  endfacet
  facet normal 0 0 1
    outer loop
      vertex 28.1716 -25.0284 2.4
      vertex -28.1716 -25.0284 2.4
      vertex 35 -32.7 2.4
    endloop
  endfacet
  facet normal -0 0 1
    outer loop
      vertex -28.4624 -25.292 2.4
      vertex 35 -32.7 2.4
      vertex -28.1716 -25.0284 2.4
    endloop
  endfacet
  facet normal 0 0 1
    outer loop
      vertex -35 -32.7 2.4
      vertex -28.4624 -25.292 2.4
      vertex -28.7777 -25.5259 2.4
    endloop
  endfacet
  facet normal 0 0 1
    outer loop
      vertex -35 -32.7 2.4
      vertex -28.7777 -25.5259 2.4
      vertex -29.1144 -25.7277 2.4
    endloop
  endfacet
  facet normal 0 0 1
    outer loop
      vertex -35 -32.7 2.4
      vertex -29.1144 -25.7277 2.4
      vertex -29.4693 -25.8955 2.4
    endloop
  endfacet
  facet normal 0 0 1
    outer loop
      vertex -35 -32.7 2.4
      vertex -29.4693 -25.8955 2.4
      vertex -29.8389 -26.0278 2.4
    endloop
  endfacet
  facet normal 0 0 1
    outer loop
      vertex -35 -32.7 2.4
      vertex -29.8389 -26.0278 2.4
      vertex -30.2196 -26.1231 2.4
    endloop
  endfacet
  facet normal 0 0 1
    outer loop
      vertex -35 -32.7 2.4
      vertex -30.2196 -26.1231 2.4
      vertex -30.6079 -26.1807 2.4
    endloop
  endfacet
  facet normal 0 0 1
    outer loop
      vertex -35 -32.7 2.4
      vertex -30.6079 -26.1807 2.4
      vertex -31 -26.2 2.4
    endloop
  endfacet
  facet normal 0 0 1
    outer loop
      vertex -35 -32.7 2.4
      vertex -31 -26.2 2.4
      vertex -31.3921 -26.1807 2.4
    endloop
  endfacet
  facet normal 0 0 1
    outer loop
      vertex -28.4624 -25.292 2.4
      vertex -35 -32.7 2.4
      vertex 35 -32.7 2.4
    endloop
  endfacet
  facet normal 0 0 1
    outer loop
      vertex -35 -32.7 2.4
      vertex -31.3921 -26.1807 2.4
      vertex -35 -25.7 2.4
    endloop
  endfacet
  facet normal 0 -0 1
    outer loop
      vertex 35 32.8 2.4
      vertex 35 33.3 2.4
      vertex 34.5 33.3 2.4
    endloop
  endfacet
  facet normal 0 0 1
    outer loop
      vertex -34.5 33.3 2.4
      vertex -35 33.3 2.4
      vertex -35 32.8 2.4
    endloop
  endfacet
  facet normal 0 1 -0
    outer loop
      vertex 5.4294 -32.7 11.8506
      vertex -10.5 -32.7 11.9
      vertex 5.50073 -32.7 12.0014
    endloop
  endfacet
  facet normal 0 1 -0
    outer loop
      vertex 5.3732 -32.7 11.6935
      vertex -10.5 -32.7 11.9
      vertex 5.4294 -32.7 11.8506
    endloop
  endfacet
  facet normal 0 1 -0
    outer loop
      vertex 5.33266 -32.7 11.5317
      vertex -10.5 -32.7 11.9
      vertex 5.3732 -32.7 11.6935
    endloop
  endfacet
  facet normal 0 1 -0
    outer loop
      vertex 5.30819 -32.7 11.3666
      vertex -10.5 -32.7 11.9
      vertex 5.33266 -32.7 11.5317
    endloop
  endfacet
  facet normal 0 1 -0
    outer loop
      vertex 5.3 -32.7 11.2
      vertex -10.5 -32.7 11.9
      vertex 5.30819 -32.7 11.3666
    endloop
  endfacet
  facet normal 0 1 0
    outer loop
      vertex 5.30819 -32.7 11.0334
      vertex -10.5 -32.7 11.9
      vertex 5.3 -32.7 11.2
    endloop
  endfacet
  facet normal 0 1 0
    outer loop
      vertex -10.5 -32.7 7.9
      vertex 5.30819 -32.7 11.0334
      vertex 5.33266 -32.7 10.8683
    endloop
  endfacet
  facet normal 0 1 0
    outer loop
      vertex -10.5 -32.7 7.9
      vertex 5.33266 -32.7 10.8683
      vertex 5.3732 -32.7 10.7065
    endloop
  endfacet
  facet normal 0 1 0
    outer loop
      vertex -10.5 -32.7 7.9
      vertex 5.3732 -32.7 10.7065
      vertex 5.4294 -32.7 10.5494
    endloop
  endfacet
  facet normal 0 1 0
    outer loop
      vertex -10.5 -32.7 7.9
      vertex 5.4294 -32.7 10.5494
      vertex 5.50073 -32.7 10.3986
    endloop
  endfacet
  facet normal 0 1 0
    outer loop
      vertex -10.5 -32.7 7.9
      vertex 5.50073 -32.7 10.3986
      vertex 5.5865 -32.7 10.2555
    endloop
  endfacet
  facet normal 0 1 0
    outer loop
      vertex -10.5 -32.7 7.9
      vertex 5.5865 -32.7 10.2555
      vertex 5.68588 -32.7 10.1215
    endloop
  endfacet
  facet normal 0 1 0
    outer loop
      vertex -10.5 -32.7 7.9
      vertex 5.68588 -32.7 10.1215
      vertex 5.79792 -32.7 9.99792
    endloop
  endfacet
  facet normal 0 1 0
    outer loop
      vertex -10.5 -32.7 7.9
      vertex 5.79792 -32.7 9.99792
      vertex 5.92153 -32.7 9.88588
    endloop
  endfacet
  facet normal 0 1 0
    outer loop
      vertex -10.5 -32.7 7.9
      vertex 5.92153 -32.7 9.88588
      vertex 6.05553 -32.7 9.7865
    endloop
  endfacet
  facet normal 0 1 0
    outer loop
      vertex 10.5 -32.7 3.7
      vertex 6.05553 -32.7 9.7865
      vertex 6.19862 -32.7 9.70073
    endloop
  endfacet
  facet normal 0 1 0
    outer loop
      vertex 10.5 -32.7 3.7
      vertex 6.19862 -32.7 9.70073
      vertex 6.34944 -32.7 9.6294
    endloop
  endfacet
  facet normal 0 1 0
    outer loop
      vertex 10.5 -32.7 3.7
      vertex 6.34944 -32.7 9.6294
      vertex 6.50652 -32.7 9.5732
    endloop
  endfacet
  facet normal 0 1 0
    outer loop
      vertex 10.5 -32.7 3.7
      vertex 6.50652 -32.7 9.5732
      vertex 6.66835 -32.7 9.53266
    endloop
  endfacet
  facet normal 0 1 0
    outer loop
      vertex 10.5 -32.7 3.7
      vertex 6.66835 -32.7 9.53266
      vertex 6.83337 -32.7 9.50819
    endloop
  endfacet
  facet normal 0 1 0
    outer loop
      vertex 5.30819 -32.7 11.0334
      vertex -10.5 -32.7 7.9
      vertex -10.5 -32.7 11.9
    endloop
  endfacet
  facet normal 0 1 0
    outer loop
      vertex 10.5 -32.7 3.7
      vertex 6.83337 -32.7 9.50819
      vertex 7 -32.7 9.5
    endloop
  endfacet
  facet normal 0 1 -0
    outer loop
      vertex -6.83337 -32.7 32.0918
      vertex -35 -32.7 37.4
      vertex 35 -32.7 37.4
    endloop
  endfacet
  facet normal 0 1 0
    outer loop
      vertex -35 -32.7 37.4
      vertex -6.83337 -32.7 32.0918
      vertex -7 -32.7 32.1
    endloop
  endfacet
  facet normal 0 1 0
    outer loop
      vertex 35 -32.7 37.4
      vertex -6.66835 -32.7 32.0673
      vertex -6.83337 -32.7 32.0918
    endloop
  endfacet
  facet normal 0 1 0
    outer loop
      vertex 35 -32.7 37.4
      vertex -6.50652 -32.7 32.0268
      vertex -6.66835 -32.7 32.0673
    endloop
  endfacet
  facet normal 0 1 0
    outer loop
      vertex 35 -32.7 37.4
      vertex -6.34944 -32.7 31.9706
      vertex -6.50652 -32.7 32.0268
    endloop
  endfacet
  facet normal 0 1 0
    outer loop
      vertex 35 -32.7 37.4
      vertex -6.19862 -32.7 31.8993
      vertex -6.34944 -32.7 31.9706
    endloop
  endfacet
  facet normal 0 1 0
    outer loop
      vertex 35 -32.7 37.4
      vertex -6.05553 -32.7 31.8135
      vertex -6.19862 -32.7 31.8993
    endloop
  endfacet
  facet normal 0 1 0
    outer loop
      vertex 35 -32.7 37.4
      vertex -5.92153 -32.7 31.7141
      vertex -6.05553 -32.7 31.8135
    endloop
  endfacet
  facet normal 0 1 0
    outer loop
      vertex 35 -32.7 37.4
      vertex -5.79792 -32.7 31.6021
      vertex -5.92153 -32.7 31.7141
    endloop
  endfacet
  facet normal 0 1 -0
    outer loop
      vertex 26.0555 -32.7 27.6135
      vertex -5.79792 -32.7 31.6021
      vertex 35 -32.7 37.4
    endloop
  endfacet
  facet normal 0 1 0
    outer loop
      vertex -5.79792 -32.7 31.6021
      vertex 26.0555 -32.7 27.6135
      vertex -5.68588 -32.7 31.4785
    endloop
  endfacet
  facet normal 0 1 -0
    outer loop
      vertex 25.9215 -32.7 27.5141
      vertex -5.68588 -32.7 31.4785
      vertex 26.0555 -32.7 27.6135
    endloop
  endfacet
  facet normal 0 1 0
    outer loop
      vertex -5.68588 -32.7 31.4785
      vertex 25.9215 -32.7 27.5141
      vertex -5.5865 -32.7 31.3445
    endloop
  endfacet
  facet normal 0 1 -0
    outer loop
      vertex 25.7979 -32.7 27.4021
      vertex -5.5865 -32.7 31.3445
      vertex 25.9215 -32.7 27.5141
    endloop
  endfacet
  facet normal 0 1 0
    outer loop
      vertex -5.5865 -32.7 31.3445
      vertex 25.7979 -32.7 27.4021
      vertex -5.50073 -32.7 31.2014
    endloop
  endfacet
  facet normal 0 1 -0
    outer loop
      vertex 25.6859 -32.7 27.2785
      vertex -5.50073 -32.7 31.2014
      vertex 25.7979 -32.7 27.4021
    endloop
  endfacet
  facet normal 0 1 0
    outer loop
      vertex -5.50073 -32.7 31.2014
      vertex 25.6859 -32.7 27.2785
      vertex -5.4294 -32.7 31.0506
    endloop
  endfacet
  facet normal 0 1 -0
    outer loop
      vertex 25.5865 -32.7 27.1445
      vertex -5.4294 -32.7 31.0506
      vertex 25.6859 -32.7 27.2785
    endloop
  endfacet
  facet normal 0 1 0
    outer loop
      vertex -5.4294 -32.7 31.0506
      vertex 25.5865 -32.7 27.1445
      vertex -5.3732 -32.7 30.8935
    endloop
  endfacet
  facet normal 0 1 -0
    outer loop
      vertex 25.5007 -32.7 27.0014
      vertex -5.3732 -32.7 30.8935
      vertex 25.5865 -32.7 27.1445
    endloop
  endfacet
  facet normal 0 1 0
    outer loop
      vertex -5.3732 -32.7 30.8935
      vertex 25.5007 -32.7 27.0014
      vertex -5.33266 -32.7 30.7317
    endloop
  endfacet
  facet normal 0 1 -0
    outer loop
      vertex 25.4294 -32.7 26.8506
      vertex -5.33266 -32.7 30.7317
      vertex 25.5007 -32.7 27.0014
    endloop
  endfacet
  facet normal 0 1 0
    outer loop
      vertex -5.33266 -32.7 30.7317
      vertex 25.4294 -32.7 26.8506
      vertex -5.30819 -32.7 30.5666
    endloop
  endfacet
  facet normal 0 1 -0
    outer loop
      vertex 25.3732 -32.7 26.6935
      vertex -5.30819 -32.7 30.5666
      vertex 25.4294 -32.7 26.8506
    endloop
  endfacet
  facet normal 0 1 0
    outer loop
      vertex -5.30819 -32.7 30.5666
      vertex 25.3732 -32.7 26.6935
      vertex -5.3 -32.7 30.4
    endloop
  endfacet
  facet normal 0 1 -0
    outer loop
      vertex 25.3327 -32.7 26.5317
      vertex -5.3 -32.7 30.4
      vertex 25.3732 -32.7 26.6935
    endloop
  endfacet
  facet normal 0 1 0
    outer loop
      vertex -5.3 -32.7 30.4
      vertex 25.3327 -32.7 26.5317
      vertex -5.30819 -32.7 30.2334
    endloop
  endfacet
  facet normal 0 1 -0
    outer loop
      vertex 25.3082 -32.7 26.3666
      vertex -5.30819 -32.7 30.2334
      vertex 25.3327 -32.7 26.5317
    endloop
  endfacet
  facet normal 0 1 0
    outer loop
      vertex -5.30819 -32.7 30.2334
      vertex 25.3082 -32.7 26.3666
      vertex -5.33266 -32.7 30.0683
    endloop
  endfacet
  facet normal 0 1 -0
    outer loop
      vertex 25.3 -32.7 26.2
      vertex -5.33266 -32.7 30.0683
      vertex 25.3082 -32.7 26.3666
    endloop
  endfacet
  facet normal 0 1 0
    outer loop
      vertex -5.33266 -32.7 30.0683
      vertex 25.3 -32.7 26.2
      vertex -5.3732 -32.7 29.9065
    endloop
  endfacet
  facet normal 0 1 0
    outer loop
      vertex 26.5065 -32.7 27.8268
      vertex 35 -32.7 37.4
      vertex 26.6683 -32.7 27.8673
    endloop
  endfacet
  facet normal 0 1 0
    outer loop
      vertex 26.6683 -32.7 27.8673
      vertex 35 -32.7 37.4
      vertex 26.8334 -32.7 27.8918
    endloop
  endfacet
  facet normal 0 1 0
    outer loop
      vertex 26.8334 -32.7 27.8918
      vertex 35 -32.7 37.4
      vertex 27 -32.7 27.9
    endloop
  endfacet
  facet normal 0 1 0
    outer loop
      vertex 35 -32.7 37.4
      vertex 27.1666 -32.7 27.8918
      vertex 27 -32.7 27.9
    endloop
  endfacet
  facet normal 0 1 0
    outer loop
      vertex 35 -32.7 37.4
      vertex 27.3317 -32.7 27.8673
      vertex 27.1666 -32.7 27.8918
    endloop
  endfacet
  facet normal 0 1 0
    outer loop
      vertex 35 -32.7 37.4
      vertex 27.4935 -32.7 27.8268
      vertex 27.3317 -32.7 27.8673
    endloop
  endfacet
  facet normal 0 1 0
    outer loop
      vertex 35 -32.7 37.4
      vertex 27.6506 -32.7 27.7706
      vertex 27.4935 -32.7 27.8268
    endloop
  endfacet
  facet normal 0 1 0
    outer loop
      vertex 35 -32.7 37.4
      vertex 27.8014 -32.7 27.6993
      vertex 27.6506 -32.7 27.7706
    endloop
  endfacet
  facet normal 0 1 0
    outer loop
      vertex 35 -32.7 37.4
      vertex 27.9445 -32.7 27.6135
      vertex 27.8014 -32.7 27.6993
    endloop
  endfacet
  facet normal 0 1 0
    outer loop
      vertex 35 -32.7 37.4
      vertex 28.0785 -32.7 27.5141
      vertex 27.9445 -32.7 27.6135
    endloop
  endfacet
  facet normal 0 1 0
    outer loop
      vertex 35 -32.7 37.4
      vertex 28.2021 -32.7 27.4021
      vertex 28.0785 -32.7 27.5141
    endloop
  endfacet
  facet normal 0 1 0
    outer loop
      vertex 35 -32.7 37.4
      vertex 28.3141 -32.7 27.2785
      vertex 28.2021 -32.7 27.4021
    endloop
  endfacet
  facet normal 0 1 0
    outer loop
      vertex 35 -32.7 37.4
      vertex 28.4135 -32.7 27.1445
      vertex 28.3141 -32.7 27.2785
    endloop
  endfacet
  facet normal 0 1 0
    outer loop
      vertex 35 -32.7 37.4
      vertex 28.4993 -32.7 27.0014
      vertex 28.4135 -32.7 27.1445
    endloop
  endfacet
  facet normal 0 1 0
    outer loop
      vertex 35 -32.7 37.4
      vertex 28.5706 -32.7 26.8506
      vertex 28.4993 -32.7 27.0014
    endloop
  endfacet
  facet normal 0 1 0
    outer loop
      vertex 35 -32.7 37.4
      vertex 28.6268 -32.7 26.6935
      vertex 28.5706 -32.7 26.8506
    endloop
  endfacet
  facet normal 0 1 0
    outer loop
      vertex 35 -32.7 37.4
      vertex 28.6673 -32.7 26.5317
      vertex 28.6268 -32.7 26.6935
    endloop
  endfacet
  facet normal 0 1 0
    outer loop
      vertex 35 -32.7 37.4
      vertex 28.6918 -32.7 26.3666
      vertex 28.6673 -32.7 26.5317
    endloop
  endfacet
  facet normal 0 1 0
    outer loop
      vertex 35 -32.7 37.4
      vertex 28.7 -32.7 26.2
      vertex 28.6918 -32.7 26.3666
    endloop
  endfacet
  facet normal 0 1 0
    outer loop
      vertex 35 -32.7 37.4
      vertex 28.6918 -32.7 26.0334
      vertex 28.7 -32.7 26.2
    endloop
  endfacet
  facet normal 0 1 0
    outer loop
      vertex 35 -32.7 37.4
      vertex 28.6673 -32.7 25.8683
      vertex 28.6918 -32.7 26.0334
    endloop
  endfacet
  facet normal 0 1 -0
    outer loop
      vertex 35 -32.7 2.4
      vertex 28.6673 -32.7 25.8683
      vertex 35 -32.7 37.4
    endloop
  endfacet
  facet normal 0 1 0
    outer loop
      vertex 28.6673 -32.7 25.8683
      vertex 35 -32.7 2.4
      vertex 28.6268 -32.7 25.7065
    endloop
  endfacet
  facet normal 0 1 0
    outer loop
      vertex 28.6268 -32.7 25.7065
      vertex 35 -32.7 2.4
      vertex 28.5706 -32.7 25.5494
    endloop
  endfacet
  facet normal 0 1 0
    outer loop
      vertex 23.5 -32.7 7.7
      vertex 27 -32.7 24.5
      vertex 27.1666 -32.7 24.5082
    endloop
  endfacet
  facet normal 0 1 0
    outer loop
      vertex 27 -32.7 24.5
      vertex -26.8334 -32.7 17.0918
      vertex -27 -32.7 17.1
    endloop
  endfacet
  facet normal 0 1 0
    outer loop
      vertex 27 -32.7 24.5
      vertex -26.6683 -32.7 17.0673
      vertex -26.8334 -32.7 17.0918
    endloop
  endfacet
  facet normal 0 1 0
    outer loop
      vertex 27 -32.7 24.5
      vertex -26.5065 -32.7 17.0268
      vertex -26.6683 -32.7 17.0673
    endloop
  endfacet
  facet normal 0 1 0
    outer loop
      vertex 27 -32.7 24.5
      vertex -26.3494 -32.7 16.9706
      vertex -26.5065 -32.7 17.0268
    endloop
  endfacet
  facet normal 0 1 0
    outer loop
      vertex 27 -32.7 24.5
      vertex -26.1986 -32.7 16.8993
      vertex -26.3494 -32.7 16.9706
    endloop
  endfacet
  facet normal 0 1 0
    outer loop
      vertex 27 -32.7 24.5
      vertex -10.5 -32.7 11.9
      vertex -26.1986 -32.7 16.8993
    endloop
  endfacet
  facet normal 0 1 0
    outer loop
      vertex -26.1986 -32.7 16.8993
      vertex -10.5 -32.7 11.9
      vertex -26.0555 -32.7 16.8135
    endloop
  endfacet
  facet normal 0 1 0
    outer loop
      vertex -26.0555 -32.7 16.8135
      vertex -10.5 -32.7 11.9
      vertex -25.9215 -32.7 16.7141
    endloop
  endfacet
  facet normal 0 1 0
    outer loop
      vertex 23.5 -32.7 7.7
      vertex 27.1666 -32.7 24.5082
      vertex 27.3317 -32.7 24.5327
    endloop
  endfacet
  facet normal 0 1 0
    outer loop
      vertex -25.9215 -32.7 16.7141
      vertex -10.5 -32.7 11.9
      vertex -25.7979 -32.7 16.6021
    endloop
  endfacet
  facet normal 0 1 0
    outer loop
      vertex -25.7979 -32.7 16.6021
      vertex -10.5 -32.7 11.9
      vertex -25.6859 -32.7 16.4785
    endloop
  endfacet
  facet normal 0 1 0
    outer loop
      vertex -25.6859 -32.7 16.4785
      vertex -10.5 -32.7 11.9
      vertex -25.5865 -32.7 16.3445
    endloop
  endfacet
  facet normal 0 1 0
    outer loop
      vertex -25.5865 -32.7 16.3445
      vertex -10.5 -32.7 11.9
      vertex -25.5007 -32.7 16.2014
    endloop
  endfacet
  facet normal 0 1 0
    outer loop
      vertex -25.5007 -32.7 16.2014
      vertex -10.5 -32.7 11.9
      vertex -25.4294 -32.7 16.0506
    endloop
  endfacet
  facet normal 0 1 0
    outer loop
      vertex -25.4294 -32.7 16.0506
      vertex -10.5 -32.7 11.9
      vertex -25.3732 -32.7 15.8935
    endloop
  endfacet
  facet normal 0 1 0
    outer loop
      vertex -25.3732 -32.7 15.8935
      vertex -10.5 -32.7 11.9
      vertex -25.3327 -32.7 15.7317
    endloop
  endfacet
  facet normal 0 1 -0
    outer loop
      vertex -23.5 -32.7 11.9
      vertex -25.3327 -32.7 15.7317
      vertex -10.5 -32.7 11.9
    endloop
  endfacet
  facet normal 0 1 0
    outer loop
      vertex -25.3327 -32.7 15.7317
      vertex -23.5 -32.7 11.9
      vertex -25.3082 -32.7 15.5666
    endloop
  endfacet
  facet normal 0 1 0
    outer loop
      vertex -25.3082 -32.7 15.5666
      vertex -23.5 -32.7 11.9
      vertex -25.3 -32.7 15.4
    endloop
  endfacet
  facet normal 0 1 0
    outer loop
      vertex -25.3 -32.7 15.4
      vertex -23.5 -32.7 11.9
      vertex -25.3082 -32.7 15.2334
    endloop
  endfacet
  facet normal 0 1 0
    outer loop
      vertex -25.3082 -32.7 15.2334
      vertex -23.5 -32.7 11.9
      vertex -25.3327 -32.7 15.0683
    endloop
  endfacet
  facet normal 0 1 0
    outer loop
      vertex -25.3327 -32.7 15.0683
      vertex -23.5 -32.7 11.9
      vertex -25.3732 -32.7 14.9065
    endloop
  endfacet
  facet normal 0 1 0
    outer loop
      vertex -25.3732 -32.7 14.9065
      vertex -23.5 -32.7 11.9
      vertex -25.4294 -32.7 14.7494
    endloop
  endfacet
  facet normal 0 1 0
    outer loop
      vertex -25.4294 -32.7 14.7494
      vertex -23.5 -32.7 11.9
      vertex -25.5007 -32.7 14.5986
    endloop
  endfacet
  facet normal 0 1 0
    outer loop
      vertex -25.5007 -32.7 14.5986
      vertex -23.5 -32.7 11.9
      vertex -25.5865 -32.7 14.4555
    endloop
  endfacet
  facet normal 0 1 0
    outer loop
      vertex -25.5865 -32.7 14.4555
      vertex -23.5 -32.7 11.9
      vertex -25.6859 -32.7 14.3215
    endloop
  endfacet
  facet normal 0 1 0
    outer loop
      vertex -25.6859 -32.7 14.3215
      vertex -23.5 -32.7 11.9
      vertex -25.7979 -32.7 14.1979
    endloop
  endfacet
  facet normal 0 1 0
    outer loop
      vertex -25.7979 -32.7 14.1979
      vertex -23.5 -32.7 11.9
      vertex -25.9215 -32.7 14.0859
    endloop
  endfacet
  facet normal 0 1 0
    outer loop
      vertex -25.9215 -32.7 14.0859
      vertex -23.5 -32.7 11.9
      vertex -26.0555 -32.7 13.9865
    endloop
  endfacet
  facet normal 0 1 0
    outer loop
      vertex -26.0555 -32.7 13.9865
      vertex -23.5 -32.7 11.9
      vertex -26.1986 -32.7 13.9007
    endloop
  endfacet
  facet normal 0 1 0
    outer loop
      vertex -26.1986 -32.7 13.9007
      vertex -23.5 -32.7 11.9
      vertex -26.3494 -32.7 13.8294
    endloop
  endfacet
  facet normal 0 1 0
    outer loop
      vertex 27 -32.7 24.5
      vertex 6.66835 -32.7 12.8673
      vertex -10.5 -32.7 11.9
    endloop
  endfacet
  facet normal 0 1 0
    outer loop
      vertex 27 -32.7 24.5
      vertex 6.83337 -32.7 12.8918
      vertex 6.66835 -32.7 12.8673
    endloop
  endfacet
  facet normal 0 1 0
    outer loop
      vertex 27 -32.7 24.5
      vertex 7 -32.7 12.9
      vertex 6.83337 -32.7 12.8918
    endloop
  endfacet
  facet normal 0 1 0
    outer loop
      vertex 23.5 -32.7 7.7
      vertex 27.3317 -32.7 24.5327
      vertex 27.4935 -32.7 24.5732
    endloop
  endfacet
  facet normal 0 1 0
    outer loop
      vertex 23.5 -32.7 7.7
      vertex 27.4935 -32.7 24.5732
      vertex 27.6506 -32.7 24.6294
    endloop
  endfacet
  facet normal 0 1 0
    outer loop
      vertex 23.5 -32.7 7.7
      vertex 27.6506 -32.7 24.6294
      vertex 27.8014 -32.7 24.7007
    endloop
  endfacet
  facet normal 0 1 0
    outer loop
      vertex 27 -32.7 24.5
      vertex 7.16663 -32.7 12.8918
      vertex 7 -32.7 12.9
    endloop
  endfacet
  facet normal 0 1 0
    outer loop
      vertex 27 -32.7 24.5
      vertex 7.33165 -32.7 12.8673
      vertex 7.16663 -32.7 12.8918
    endloop
  endfacet
  facet normal 0 1 0
    outer loop
      vertex 27 -32.7 24.5
      vertex 7.49348 -32.7 12.8268
      vertex 7.33165 -32.7 12.8673
    endloop
  endfacet
  facet normal 0 1 0
    outer loop
      vertex 27 -32.7 24.5
      vertex 7.65056 -32.7 12.7706
      vertex 7.49348 -32.7 12.8268
    endloop
  endfacet
  facet normal 0 1 0
    outer loop
      vertex 27 -32.7 24.5
      vertex 7.80137 -32.7 12.6993
      vertex 7.65056 -32.7 12.7706
    endloop
  endfacet
  facet normal 0 1 0
    outer loop
      vertex 35 -32.7 2.4
      vertex 27.8014 -32.7 24.7007
      vertex 27.9445 -32.7 24.7865
    endloop
  endfacet
  facet normal 0 1 0
    outer loop
      vertex 27 -32.7 24.5
      vertex 7.94447 -32.7 12.6135
      vertex 7.80137 -32.7 12.6993
    endloop
  endfacet
  facet normal 0 1 0
    outer loop
      vertex 27 -32.7 24.5
      vertex 8.07847 -32.7 12.5141
      vertex 7.94447 -32.7 12.6135
    endloop
  endfacet
  facet normal 0 1 0
    outer loop
      vertex 27 -32.7 24.5
      vertex 8.20208 -32.7 12.4021
      vertex 8.07847 -32.7 12.5141
    endloop
  endfacet
  facet normal 0 1 0
    outer loop
      vertex 27 -32.7 24.5
      vertex 8.31412 -32.7 12.2785
      vertex 8.20208 -32.7 12.4021
    endloop
  endfacet
  facet normal 0 1 0
    outer loop
      vertex 27 -32.7 24.5
      vertex 8.4135 -32.7 12.1445
      vertex 8.31412 -32.7 12.2785
    endloop
  endfacet
  facet normal 0 1 0
    outer loop
      vertex 27 -32.7 24.5
      vertex 8.49927 -32.7 12.0014
      vertex 8.4135 -32.7 12.1445
    endloop
  endfacet
  facet normal 0 1 0
    outer loop
      vertex 27 -32.7 24.5
      vertex 23.5 -32.7 7.7
      vertex 8.49927 -32.7 12.0014
    endloop
  endfacet
  facet normal 0 1 0
    outer loop
      vertex 8.49927 -32.7 12.0014
      vertex 23.5 -32.7 7.7
      vertex 8.57059 -32.7 11.8506
    endloop
  endfacet
  facet normal 0 1 0
    outer loop
      vertex 8.57059 -32.7 11.8506
      vertex 23.5 -32.7 7.7
      vertex 8.6268 -32.7 11.6935
    endloop
  endfacet
  facet normal 0 1 0
    outer loop
      vertex 8.6268 -32.7 11.6935
      vertex 23.5 -32.7 7.7
      vertex 8.66733 -32.7 11.5317
    endloop
  endfacet
  facet normal 0 1 -0
    outer loop
      vertex 10.5 -32.7 7.7
      vertex 8.66733 -32.7 11.5317
      vertex 23.5 -32.7 7.7
    endloop
  endfacet
  facet normal 0 1 0
    outer loop
      vertex 8.66733 -32.7 11.5317
      vertex 10.5 -32.7 7.7
      vertex 8.69181 -32.7 11.3666
    endloop
  endfacet
  facet normal 0 1 0
    outer loop
      vertex 8.69181 -32.7 11.3666
      vertex 10.5 -32.7 7.7
      vertex 8.7 -32.7 11.2
    endloop
  endfacet
  facet normal 0 1 0
    outer loop
      vertex 8.7 -32.7 11.2
      vertex 10.5 -32.7 7.7
      vertex 8.69181 -32.7 11.0334
    endloop
  endfacet
  facet normal 0 1 0
    outer loop
      vertex 8.69181 -32.7 11.0334
      vertex 10.5 -32.7 7.7
      vertex 8.66733 -32.7 10.8683
    endloop
  endfacet
  facet normal 0 1 0
    outer loop
      vertex 8.66733 -32.7 10.8683
      vertex 10.5 -32.7 7.7
      vertex 8.6268 -32.7 10.7065
    endloop
  endfacet
  facet normal 0 1 0
    outer loop
      vertex 8.6268 -32.7 10.7065
      vertex 10.5 -32.7 7.7
      vertex 8.57059 -32.7 10.5494
    endloop
  endfacet
  facet normal 0 1 0
    outer loop
      vertex 35 -32.7 2.4
      vertex 27.9445 -32.7 24.7865
      vertex 28.0785 -32.7 24.8859
    endloop
  endfacet
  facet normal 0 1 0
    outer loop
      vertex 8.57059 -32.7 10.5494
      vertex 10.5 -32.7 7.7
      vertex 8.49927 -32.7 10.3986
    endloop
  endfacet
  facet normal 0 1 0
    outer loop
      vertex 8.49927 -32.7 10.3986
      vertex 10.5 -32.7 7.7
      vertex 8.4135 -32.7 10.2555
    endloop
  endfacet
  facet normal 0 1 0
    outer loop
      vertex 8.4135 -32.7 10.2555
      vertex 10.5 -32.7 7.7
      vertex 8.31412 -32.7 10.1215
    endloop
  endfacet
  facet normal 0 1 0
    outer loop
      vertex 10.5 -32.7 3.7
      vertex 7 -32.7 9.5
      vertex 7.16663 -32.7 9.50819
    endloop
  endfacet
  facet normal 0 1 -0
    outer loop
      vertex 10.5 -32.7 3.7
      vertex 7.16663 -32.7 9.50819
      vertex 10.5 -32.7 7.7
    endloop
  endfacet
  facet normal 0 1 0
    outer loop
      vertex 7.33165 -32.7 9.53266
      vertex 10.5 -32.7 7.7
      vertex 7.16663 -32.7 9.50819
    endloop
  endfacet
  facet normal 0 1 0
    outer loop
      vertex 7.49348 -32.7 9.5732
      vertex 10.5 -32.7 7.7
      vertex 7.33165 -32.7 9.53266
    endloop
  endfacet
  facet normal 0 1 0
    outer loop
      vertex 7.65056 -32.7 9.6294
      vertex 10.5 -32.7 7.7
      vertex 7.49348 -32.7 9.5732
    endloop
  endfacet
  facet normal 0 1 0
    outer loop
      vertex 7.80137 -32.7 9.70073
      vertex 10.5 -32.7 7.7
      vertex 7.65056 -32.7 9.6294
    endloop
  endfacet
  facet normal 0 1 0
    outer loop
      vertex 7.94447 -32.7 9.7865
      vertex 10.5 -32.7 7.7
      vertex 7.80137 -32.7 9.70073
    endloop
  endfacet
  facet normal 0 1 0
    outer loop
      vertex 8.07847 -32.7 9.88588
      vertex 10.5 -32.7 7.7
      vertex 7.94447 -32.7 9.7865
    endloop
  endfacet
  facet normal 0 1 0
    outer loop
      vertex 8.20208 -32.7 9.99792
      vertex 10.5 -32.7 7.7
      vertex 8.07847 -32.7 9.88588
    endloop
  endfacet
  facet normal 0 1 0
    outer loop
      vertex 8.31412 -32.7 10.1215
      vertex 10.5 -32.7 7.7
      vertex 8.20208 -32.7 9.99792
    endloop
  endfacet
  facet normal 0 1 0
    outer loop
      vertex 35 -32.7 2.4
      vertex 28.0785 -32.7 24.8859
      vertex 28.2021 -32.7 24.9979
    endloop
  endfacet
  facet normal 0 1 0
    outer loop
      vertex 35 -32.7 2.4
      vertex 28.2021 -32.7 24.9979
      vertex 28.3141 -32.7 25.1215
    endloop
  endfacet
  facet normal 0 1 0
    outer loop
      vertex 35 -32.7 2.4
      vertex 28.3141 -32.7 25.1215
      vertex 28.4135 -32.7 25.2555
    endloop
  endfacet
  facet normal 0 1 0
    outer loop
      vertex 35 -32.7 2.4
      vertex 28.4135 -32.7 25.2555
      vertex 28.4993 -32.7 25.3986
    endloop
  endfacet
  facet normal 0 1 0
    outer loop
      vertex 28.5706 -32.7 25.5494
      vertex 35 -32.7 2.4
      vertex 28.4993 -32.7 25.3986
    endloop
  endfacet
  facet normal 0 1 0
    outer loop
      vertex 27.8014 -32.7 24.7007
      vertex 35 -32.7 2.4
      vertex 23.5 -32.7 7.7
    endloop
  endfacet
  facet normal 0 1 0
    outer loop
      vertex 23.5 -32.7 3.7
      vertex 35 -32.7 2.4
      vertex 10.5 -32.7 3.7
    endloop
  endfacet
  facet normal 0 1 0
    outer loop
      vertex 23.5 -32.7 7.7
      vertex 35 -32.7 2.4
      vertex 23.5 -32.7 3.7
    endloop
  endfacet
  facet normal 0 1 -0
    outer loop
      vertex -7.16663 -32.7 32.0918
      vertex -35 -32.7 37.4
      vertex -7 -32.7 32.1
    endloop
  endfacet
  facet normal 0 1 -0
    outer loop
      vertex -7.33165 -32.7 32.0673
      vertex -35 -32.7 37.4
      vertex -7.16663 -32.7 32.0918
    endloop
  endfacet
  facet normal 0 1 -0
    outer loop
      vertex -7.49348 -32.7 32.0268
      vertex -35 -32.7 37.4
      vertex -7.33165 -32.7 32.0673
    endloop
  endfacet
  facet normal 0 1 -0
    outer loop
      vertex -7.65056 -32.7 31.9706
      vertex -35 -32.7 37.4
      vertex -7.49348 -32.7 32.0268
    endloop
  endfacet
  facet normal 0 1 -0
    outer loop
      vertex -7.80137 -32.7 31.8993
      vertex -35 -32.7 37.4
      vertex -7.65056 -32.7 31.9706
    endloop
  endfacet
  facet normal 0 1 -0
    outer loop
      vertex -7.94447 -32.7 31.8135
      vertex -35 -32.7 37.4
      vertex -7.80137 -32.7 31.8993
    endloop
  endfacet
  facet normal 0 1 -0
    outer loop
      vertex -8.07847 -32.7 31.7141
      vertex -35 -32.7 37.4
      vertex -7.94447 -32.7 31.8135
    endloop
  endfacet
  facet normal 0 1 -0
    outer loop
      vertex -8.20208 -32.7 31.6021
      vertex -35 -32.7 37.4
      vertex -8.07847 -32.7 31.7141
    endloop
  endfacet
  facet normal 0 1 -0
    outer loop
      vertex -8.31412 -32.7 31.4785
      vertex -35 -32.7 37.4
      vertex -8.20208 -32.7 31.6021
    endloop
  endfacet
  facet normal 0 1 -0
    outer loop
      vertex -8.4135 -32.7 31.3445
      vertex -35 -32.7 37.4
      vertex -8.31412 -32.7 31.4785
    endloop
  endfacet
  facet normal 0 1 -0
    outer loop
      vertex -8.49927 -32.7 31.2014
      vertex -35 -32.7 37.4
      vertex -8.4135 -32.7 31.3445
    endloop
  endfacet
  facet normal 0 1 -0
    outer loop
      vertex -8.57059 -32.7 31.0506
      vertex -35 -32.7 37.4
      vertex -8.49927 -32.7 31.2014
    endloop
  endfacet
  facet normal 0 1 -0
    outer loop
      vertex -8.6268 -32.7 30.8935
      vertex -35 -32.7 37.4
      vertex -8.57059 -32.7 31.0506
    endloop
  endfacet
  facet normal 0 1 -0
    outer loop
      vertex -8.66733 -32.7 30.7317
      vertex -35 -32.7 37.4
      vertex -8.6268 -32.7 30.8935
    endloop
  endfacet
  facet normal 0 1 -0
    outer loop
      vertex -8.69181 -32.7 30.5666
      vertex -35 -32.7 37.4
      vertex -8.66733 -32.7 30.7317
    endloop
  endfacet
  facet normal 0 1 -0
    outer loop
      vertex -8.7 -32.7 30.4
      vertex -35 -32.7 37.4
      vertex -8.69181 -32.7 30.5666
    endloop
  endfacet
  facet normal 0 1 0
    outer loop
      vertex -27 -32.7 17.1
      vertex -8.7 -32.7 30.4
      vertex -8.69181 -32.7 30.2334
    endloop
  endfacet
  facet normal 0 1 0
    outer loop
      vertex -27 -32.7 17.1
      vertex -8.69181 -32.7 30.2334
      vertex -8.66733 -32.7 30.0683
    endloop
  endfacet
  facet normal 0 1 0
    outer loop
      vertex -27 -32.7 17.1
      vertex -8.66733 -32.7 30.0683
      vertex -8.6268 -32.7 29.9065
    endloop
  endfacet
  facet normal 0 1 0
    outer loop
      vertex -27 -32.7 17.1
      vertex -8.6268 -32.7 29.9065
      vertex -8.57059 -32.7 29.7494
    endloop
  endfacet
  facet normal 0 1 0
    outer loop
      vertex -27 -32.7 17.1
      vertex -8.57059 -32.7 29.7494
      vertex -8.49927 -32.7 29.5986
    endloop
  endfacet
  facet normal 0 1 0
    outer loop
      vertex -27 -32.7 17.1
      vertex -8.49927 -32.7 29.5986
      vertex -8.4135 -32.7 29.4555
    endloop
  endfacet
  facet normal 0 1 0
    outer loop
      vertex -27 -32.7 17.1
      vertex -8.4135 -32.7 29.4555
      vertex -8.31412 -32.7 29.3215
    endloop
  endfacet
  facet normal 0 1 0
    outer loop
      vertex -27 -32.7 17.1
      vertex -8.31412 -32.7 29.3215
      vertex -8.20208 -32.7 29.1979
    endloop
  endfacet
  facet normal 0 1 0
    outer loop
      vertex -27 -32.7 17.1
      vertex -8.20208 -32.7 29.1979
      vertex -8.07847 -32.7 29.0859
    endloop
  endfacet
  facet normal 0 1 0
    outer loop
      vertex -27 -32.7 17.1
      vertex -8.07847 -32.7 29.0859
      vertex -7.94447 -32.7 28.9865
    endloop
  endfacet
  facet normal 0 1 0
    outer loop
      vertex -27 -32.7 17.1
      vertex -7.94447 -32.7 28.9865
      vertex -7.80137 -32.7 28.9007
    endloop
  endfacet
  facet normal 0 1 0
    outer loop
      vertex -27 -32.7 17.1
      vertex -7.80137 -32.7 28.9007
      vertex -7.65056 -32.7 28.8294
    endloop
  endfacet
  facet normal 0 1 0
    outer loop
      vertex -27 -32.7 17.1
      vertex -7.65056 -32.7 28.8294
      vertex -7.49348 -32.7 28.7732
    endloop
  endfacet
  facet normal 0 1 0
    outer loop
      vertex 26.3494 -32.7 27.7706
      vertex 35 -32.7 37.4
      vertex 26.5065 -32.7 27.8268
    endloop
  endfacet
  facet normal 0 1 0
    outer loop
      vertex 26.1986 -32.7 27.6993
      vertex 35 -32.7 37.4
      vertex 26.3494 -32.7 27.7706
    endloop
  endfacet
  facet normal 0 1 0
    outer loop
      vertex 26.0555 -32.7 27.6135
      vertex 35 -32.7 37.4
      vertex 26.1986 -32.7 27.6993
    endloop
  endfacet
  facet normal 0 1 0
    outer loop
      vertex 25.3082 -32.7 26.0334
      vertex -5.3732 -32.7 29.9065
      vertex 25.3 -32.7 26.2
    endloop
  endfacet
  facet normal 0 1 0
    outer loop
      vertex -5.3732 -32.7 29.9065
      vertex 25.3082 -32.7 26.0334
      vertex -5.4294 -32.7 29.7494
    endloop
  endfacet
  facet normal 0 1 0
    outer loop
      vertex 25.3327 -32.7 25.8683
      vertex -5.4294 -32.7 29.7494
      vertex 25.3082 -32.7 26.0334
    endloop
  endfacet
  facet normal 0 1 0
    outer loop
      vertex -5.4294 -32.7 29.7494
      vertex 25.3327 -32.7 25.8683
      vertex -5.50073 -32.7 29.5986
    endloop
  endfacet
  facet normal 0 1 0
    outer loop
      vertex 25.3732 -32.7 25.7065
      vertex -5.50073 -32.7 29.5986
      vertex 25.3327 -32.7 25.8683
    endloop
  endfacet
  facet normal 0 1 0
    outer loop
      vertex -5.50073 -32.7 29.5986
      vertex 25.3732 -32.7 25.7065
      vertex -5.5865 -32.7 29.4555
    endloop
  endfacet
  facet normal 0 1 0
    outer loop
      vertex 25.4294 -32.7 25.5494
      vertex -5.5865 -32.7 29.4555
      vertex 25.3732 -32.7 25.7065
    endloop
  endfacet
  facet normal 0 1 0
    outer loop
      vertex -5.5865 -32.7 29.4555
      vertex 25.4294 -32.7 25.5494
      vertex -5.68588 -32.7 29.3215
    endloop
  endfacet
  facet normal 0 1 0
    outer loop
      vertex 25.5007 -32.7 25.3986
      vertex -5.68588 -32.7 29.3215
      vertex 25.4294 -32.7 25.5494
    endloop
  endfacet
  facet normal 0 1 0
    outer loop
      vertex -5.68588 -32.7 29.3215
      vertex 25.5007 -32.7 25.3986
      vertex -5.79792 -32.7 29.1979
    endloop
  endfacet
  facet normal 0 1 0
    outer loop
      vertex 25.5865 -32.7 25.2555
      vertex -5.79792 -32.7 29.1979
      vertex 25.5007 -32.7 25.3986
    endloop
  endfacet
  facet normal 0 1 0
    outer loop
      vertex -5.79792 -32.7 29.1979
      vertex 25.5865 -32.7 25.2555
      vertex -5.92153 -32.7 29.0859
    endloop
  endfacet
  facet normal 0 1 0
    outer loop
      vertex 25.6859 -32.7 25.1215
      vertex -5.92153 -32.7 29.0859
      vertex 25.5865 -32.7 25.2555
    endloop
  endfacet
  facet normal 0 1 0
    outer loop
      vertex -5.92153 -32.7 29.0859
      vertex 25.6859 -32.7 25.1215
      vertex -6.05553 -32.7 28.9865
    endloop
  endfacet
  facet normal 0 1 0
    outer loop
      vertex 25.7979 -32.7 24.9979
      vertex -6.05553 -32.7 28.9865
      vertex 25.6859 -32.7 25.1215
    endloop
  endfacet
  facet normal 0 1 0
    outer loop
      vertex -6.05553 -32.7 28.9865
      vertex 25.7979 -32.7 24.9979
      vertex -6.19862 -32.7 28.9007
    endloop
  endfacet
  facet normal 0 1 0
    outer loop
      vertex 25.9215 -32.7 24.8859
      vertex -6.19862 -32.7 28.9007
      vertex 25.7979 -32.7 24.9979
    endloop
  endfacet
  facet normal 0 1 0
    outer loop
      vertex -6.19862 -32.7 28.9007
      vertex 25.9215 -32.7 24.8859
      vertex -6.34944 -32.7 28.8294
    endloop
  endfacet
  facet normal 0 1 0
    outer loop
      vertex 26.0555 -32.7 24.7865
      vertex -6.34944 -32.7 28.8294
      vertex 25.9215 -32.7 24.8859
    endloop
  endfacet
  facet normal 0 1 0
    outer loop
      vertex -6.34944 -32.7 28.8294
      vertex 26.0555 -32.7 24.7865
      vertex -6.50652 -32.7 28.7732
    endloop
  endfacet
  facet normal 0 1 0
    outer loop
      vertex 26.1986 -32.7 24.7007
      vertex -6.50652 -32.7 28.7732
      vertex 26.0555 -32.7 24.7865
    endloop
  endfacet
  facet normal 0 1 0
    outer loop
      vertex -6.50652 -32.7 28.7732
      vertex 26.1986 -32.7 24.7007
      vertex -6.66835 -32.7 28.7327
    endloop
  endfacet
  facet normal 0 1 0
    outer loop
      vertex -27 -32.7 17.1
      vertex -6.66835 -32.7 28.7327
      vertex 26.1986 -32.7 24.7007
    endloop
  endfacet
  facet normal 0 1 0
    outer loop
      vertex -6.66835 -32.7 28.7327
      vertex -27 -32.7 17.1
      vertex -6.83337 -32.7 28.7082
    endloop
  endfacet
  facet normal 0 1 0
    outer loop
      vertex -6.83337 -32.7 28.7082
      vertex -27 -32.7 17.1
      vertex -7 -32.7 28.7
    endloop
  endfacet
  facet normal 0 1 0
    outer loop
      vertex -27 -32.7 17.1
      vertex 26.1986 -32.7 24.7007
      vertex 26.3494 -32.7 24.6294
    endloop
  endfacet
  facet normal 0 1 0
    outer loop
      vertex -27 -32.7 17.1
      vertex 26.3494 -32.7 24.6294
      vertex 26.5065 -32.7 24.5732
    endloop
  endfacet
  facet normal 0 1 0
    outer loop
      vertex -27 -32.7 17.1
      vertex 26.5065 -32.7 24.5732
      vertex 26.6683 -32.7 24.5327
    endloop
  endfacet
  facet normal 0 1 0
    outer loop
      vertex -27 -32.7 17.1
      vertex 26.6683 -32.7 24.5327
      vertex 26.8334 -32.7 24.5082
    endloop
  endfacet
  facet normal 0 1 0
    outer loop
      vertex -27 -32.7 17.1
      vertex 26.8334 -32.7 24.5082
      vertex 27 -32.7 24.5
    endloop
  endfacet
  facet normal 0 1 0
    outer loop
      vertex -7 -32.7 28.7
      vertex -27 -32.7 17.1
      vertex -7.16663 -32.7 28.7082
    endloop
  endfacet
  facet normal 0 1 0
    outer loop
      vertex -27 -32.7 17.1
      vertex -7.33165 -32.7 28.7327
      vertex -7.16663 -32.7 28.7082
    endloop
  endfacet
  facet normal 0 1 0
    outer loop
      vertex -27 -32.7 17.1
      vertex -7.49348 -32.7 28.7732
      vertex -7.33165 -32.7 28.7327
    endloop
  endfacet
  facet normal 0 1 0
    outer loop
      vertex -8.7 -32.7 30.4
      vertex -27 -32.7 17.1
      vertex -35 -32.7 37.4
    endloop
  endfacet
  facet normal 0 1 -0
    outer loop
      vertex -27.1666 -32.7 17.0918
      vertex -35 -32.7 37.4
      vertex -27 -32.7 17.1
    endloop
  endfacet
  facet normal 0 1 -0
    outer loop
      vertex -27.3317 -32.7 17.0673
      vertex -35 -32.7 37.4
      vertex -27.1666 -32.7 17.0918
    endloop
  endfacet
  facet normal 0 1 -0
    outer loop
      vertex -27.4935 -32.7 17.0268
      vertex -35 -32.7 37.4
      vertex -27.3317 -32.7 17.0673
    endloop
  endfacet
  facet normal 0 1 -0
    outer loop
      vertex -27.6506 -32.7 16.9706
      vertex -35 -32.7 37.4
      vertex -27.4935 -32.7 17.0268
    endloop
  endfacet
  facet normal 0 1 -0
    outer loop
      vertex -27.8014 -32.7 16.8993
      vertex -35 -32.7 37.4
      vertex -27.6506 -32.7 16.9706
    endloop
  endfacet
  facet normal 0 1 -0
    outer loop
      vertex -27.9445 -32.7 16.8135
      vertex -35 -32.7 37.4
      vertex -27.8014 -32.7 16.8993
    endloop
  endfacet
  facet normal 0 1 -0
    outer loop
      vertex -28.0785 -32.7 16.7141
      vertex -35 -32.7 37.4
      vertex -27.9445 -32.7 16.8135
    endloop
  endfacet
  facet normal 0 1 -0
    outer loop
      vertex -28.2021 -32.7 16.6021
      vertex -35 -32.7 37.4
      vertex -28.0785 -32.7 16.7141
    endloop
  endfacet
  facet normal 0 1 -0
    outer loop
      vertex -28.3141 -32.7 16.4785
      vertex -35 -32.7 37.4
      vertex -28.2021 -32.7 16.6021
    endloop
  endfacet
  facet normal 0 1 -0
    outer loop
      vertex -28.4135 -32.7 16.3445
      vertex -35 -32.7 37.4
      vertex -28.3141 -32.7 16.4785
    endloop
  endfacet
  facet normal 0 1 -0
    outer loop
      vertex -28.4993 -32.7 16.2014
      vertex -35 -32.7 37.4
      vertex -28.4135 -32.7 16.3445
    endloop
  endfacet
  facet normal 0 1 -0
    outer loop
      vertex -28.5706 -32.7 16.0506
      vertex -35 -32.7 37.4
      vertex -28.4993 -32.7 16.2014
    endloop
  endfacet
  facet normal 0 1 -0
    outer loop
      vertex -28.6268 -32.7 15.8935
      vertex -35 -32.7 37.4
      vertex -28.5706 -32.7 16.0506
    endloop
  endfacet
  facet normal 0 1 -0
    outer loop
      vertex -28.6673 -32.7 15.7317
      vertex -35 -32.7 37.4
      vertex -28.6268 -32.7 15.8935
    endloop
  endfacet
  facet normal 0 1 0
    outer loop
      vertex -35 -32.7 2.4
      vertex -28.6673 -32.7 15.7317
      vertex -28.6918 -32.7 15.5666
    endloop
  endfacet
  facet normal 0 1 0
    outer loop
      vertex -35 -32.7 2.4
      vertex -28.6918 -32.7 15.5666
      vertex -28.7 -32.7 15.4
    endloop
  endfacet
  facet normal 0 1 0
    outer loop
      vertex -35 -32.7 2.4
      vertex -28.7 -32.7 15.4
      vertex -28.6918 -32.7 15.2334
    endloop
  endfacet
  facet normal 0 1 0
    outer loop
      vertex -35 -32.7 2.4
      vertex -28.6918 -32.7 15.2334
      vertex -28.6673 -32.7 15.0683
    endloop
  endfacet
  facet normal 0 1 0
    outer loop
      vertex -35 -32.7 2.4
      vertex -28.6673 -32.7 15.0683
      vertex -28.6268 -32.7 14.9065
    endloop
  endfacet
  facet normal 0 1 0
    outer loop
      vertex -26.3494 -32.7 13.8294
      vertex -23.5 -32.7 11.9
      vertex -26.5065 -32.7 13.7732
    endloop
  endfacet
  facet normal 0 1 0
    outer loop
      vertex -26.5065 -32.7 13.7732
      vertex -23.5 -32.7 11.9
      vertex -26.6683 -32.7 13.7327
    endloop
  endfacet
  facet normal 0 1 0
    outer loop
      vertex -10.5 -32.7 11.9
      vertex 6.66835 -32.7 12.8673
      vertex 6.50652 -32.7 12.8268
    endloop
  endfacet
  facet normal 0 1 0
    outer loop
      vertex -10.5 -32.7 11.9
      vertex 6.50652 -32.7 12.8268
      vertex 6.34944 -32.7 12.7706
    endloop
  endfacet
  facet normal 0 1 0
    outer loop
      vertex -10.5 -32.7 11.9
      vertex 6.34944 -32.7 12.7706
      vertex 6.19862 -32.7 12.6993
    endloop
  endfacet
  facet normal 0 1 0
    outer loop
      vertex -10.5 -32.7 11.9
      vertex 6.19862 -32.7 12.6993
      vertex 6.05553 -32.7 12.6135
    endloop
  endfacet
  facet normal 0 1 0
    outer loop
      vertex -10.5 -32.7 11.9
      vertex 6.05553 -32.7 12.6135
      vertex 5.92153 -32.7 12.5141
    endloop
  endfacet
  facet normal 0 1 0
    outer loop
      vertex -10.5 -32.7 11.9
      vertex 5.92153 -32.7 12.5141
      vertex 5.79792 -32.7 12.4021
    endloop
  endfacet
  facet normal 0 1 0
    outer loop
      vertex -10.5 -32.7 11.9
      vertex 5.79792 -32.7 12.4021
      vertex 5.68588 -32.7 12.2785
    endloop
  endfacet
  facet normal 0 1 0
    outer loop
      vertex -10.5 -32.7 11.9
      vertex 5.68588 -32.7 12.2785
      vertex 5.5865 -32.7 12.1445
    endloop
  endfacet
  facet normal 0 1 0
    outer loop
      vertex -10.5 -32.7 11.9
      vertex 5.5865 -32.7 12.1445
      vertex 5.50073 -32.7 12.0014
    endloop
  endfacet
  facet normal 0 1 0
    outer loop
      vertex -26.6683 -32.7 13.7327
      vertex -23.5 -32.7 11.9
      vertex -26.8334 -32.7 13.7082
    endloop
  endfacet
  facet normal 0 1 0
    outer loop
      vertex -26.8334 -32.7 13.7082
      vertex -23.5 -32.7 11.9
      vertex -27 -32.7 13.7
    endloop
  endfacet
  facet normal 0 1 -0
    outer loop
      vertex -23.5 -32.7 7.9
      vertex -27 -32.7 13.7
      vertex -23.5 -32.7 11.9
    endloop
  endfacet
  facet normal 0 1 0
    outer loop
      vertex -27 -32.7 13.7
      vertex -23.5 -32.7 7.9
      vertex -27.1666 -32.7 13.7082
    endloop
  endfacet
  facet normal 0 1 0
    outer loop
      vertex -27.1666 -32.7 13.7082
      vertex -23.5 -32.7 7.9
      vertex -27.3317 -32.7 13.7327
    endloop
  endfacet
  facet normal 0 1 0
    outer loop
      vertex -27.3317 -32.7 13.7327
      vertex -23.5 -32.7 7.9
      vertex -27.4935 -32.7 13.7732
    endloop
  endfacet
  facet normal 0 1 0
    outer loop
      vertex -27.4935 -32.7 13.7732
      vertex -23.5 -32.7 7.9
      vertex -27.6506 -32.7 13.8294
    endloop
  endfacet
  facet normal 0 1 0
    outer loop
      vertex -35 -32.7 2.4
      vertex -27.6506 -32.7 13.8294
      vertex -23.5 -32.7 7.9
    endloop
  endfacet
  facet normal 0 1 0
    outer loop
      vertex -27.6506 -32.7 13.8294
      vertex -35 -32.7 2.4
      vertex -27.8014 -32.7 13.9007
    endloop
  endfacet
  facet normal 0 1 0
    outer loop
      vertex -27.8014 -32.7 13.9007
      vertex -35 -32.7 2.4
      vertex -27.9445 -32.7 13.9865
    endloop
  endfacet
  facet normal 0 1 0
    outer loop
      vertex -27.9445 -32.7 13.9865
      vertex -35 -32.7 2.4
      vertex -28.0785 -32.7 14.0859
    endloop
  endfacet
  facet normal 0 1 0
    outer loop
      vertex -28.0785 -32.7 14.0859
      vertex -35 -32.7 2.4
      vertex -28.2021 -32.7 14.1979
    endloop
  endfacet
  facet normal 0 1 0
    outer loop
      vertex 6.05553 -32.7 9.7865
      vertex 10.5 -32.7 3.7
      vertex -10.5 -32.7 7.9
    endloop
  endfacet
  facet normal 0 1 0
    outer loop
      vertex -35 -32.7 2.4
      vertex -10.5 -32.7 7.9
      vertex 10.5 -32.7 3.7
    endloop
  endfacet
  facet normal 0 1 0
    outer loop
      vertex -28.6673 -32.7 15.7317
      vertex -35 -32.7 2.4
      vertex -35 -32.7 37.4
    endloop
  endfacet
  facet normal 0 1 0
    outer loop
      vertex -28.5706 -32.7 14.7494
      vertex -35 -32.7 2.4
      vertex -28.6268 -32.7 14.9065
    endloop
  endfacet
  facet normal 0 1 0
    outer loop
      vertex -28.4993 -32.7 14.5986
      vertex -35 -32.7 2.4
      vertex -28.5706 -32.7 14.7494
    endloop
  endfacet
  facet normal 0 1 0
    outer loop
      vertex -28.4135 -32.7 14.4555
      vertex -35 -32.7 2.4
      vertex -28.4993 -32.7 14.5986
    endloop
  endfacet
  facet normal 0 1 0
    outer loop
      vertex -28.3141 -32.7 14.3215
      vertex -35 -32.7 2.4
      vertex -28.4135 -32.7 14.4555
    endloop
  endfacet
  facet normal 0 1 0
    outer loop
      vertex -28.2021 -32.7 14.1979
      vertex -35 -32.7 2.4
      vertex -28.3141 -32.7 14.3215
    endloop
  endfacet
  facet normal 0 1 0
    outer loop
      vertex -10.5 -32.7 7.9
      vertex -35 -32.7 2.4
      vertex -23.5 -32.7 7.9
    endloop
  endfacet
  facet normal 0 1 0
    outer loop
      vertex -35 -32.7 2.4
      vertex 10.5 -32.7 3.7
      vertex 35 -32.7 2.4
    endloop
  endfacet
  facet normal 0 -1 0
    outer loop
      vertex 34.5 33.3 2.4
      vertex 35 33.3 37.4
      vertex 34.5 33.3 37.4
    endloop
  endfacet
  facet normal 0 -1 -0
    outer loop
      vertex 35 33.3 37.4
      vertex 34.5 33.3 2.4
      vertex 35 33.3 2.4
    endloop
  endfacet
  facet normal 0 -1 0
    outer loop
      vertex -35 33.3 2.4
      vertex -34.5 33.3 37.4
      vertex -35 33.3 37.4
    endloop
  endfacet
  facet normal 0 -1 -0
    outer loop
      vertex -34.5 33.3 37.4
      vertex -35 33.3 2.4
      vertex -34.5 33.3 2.4
    endloop
  endfacet
  facet normal 0 -1 0
    outer loop
      vertex -27.5 33.3 37.4
      vertex -21 33.3 20.1
      vertex 27.5 33.3 37.4
    endloop
  endfacet
  facet normal 0 -1 0
    outer loop
      vertex -27.5 33.3 2.4
      vertex -21 33.3 20.1
      vertex -27.5 33.3 37.4
    endloop
  endfacet
  facet normal 0 -1 -0
    outer loop
      vertex -21 33.3 11.1
      vertex -27.5 33.3 2.4
      vertex 21 33.3 11.1
    endloop
  endfacet
  facet normal 0 -1 -0
    outer loop
      vertex -21 33.3 20.1
      vertex -27.5 33.3 2.4
      vertex -21 33.3 11.1
    endloop
  endfacet
  facet normal 0 -1 0
    outer loop
      vertex 21 33.3 20.1
      vertex 27.5 33.3 37.4
      vertex -21 33.3 20.1
    endloop
  endfacet
  facet normal 0 -1 0
    outer loop
      vertex 27.5 33.3 2.4
      vertex 21 33.3 20.1
      vertex 21 33.3 11.1
    endloop
  endfacet
  facet normal 0 -1 0
    outer loop
      vertex 21 33.3 20.1
      vertex 27.5 33.3 2.4
      vertex 27.5 33.3 37.4
    endloop
  endfacet
  facet normal 0 -1 0
    outer loop
      vertex 27.5 33.3 2.4
      vertex 21 33.3 11.1
      vertex -27.5 33.3 2.4
    endloop
  endfacet
  facet normal -0.132068 0.991241 0
    outer loop
      vertex -31.3921 -18.2193 2.4
      vertex -35 -18.7 37.4
      vertex -31.3921 -18.2193 37.4
    endloop
  endfacet
  facet normal -0.132068 0.991241 0
    outer loop
      vertex -35 -18.7 37.4
      vertex -31.3921 -18.2193 2.4
      vertex -35 -18.7 2.4
    endloop
  endfacet
  facet normal -0.132068 -0.991241 0
    outer loop
      vertex -35 -25.7 2.4
      vertex -31.3921 -26.1807 37.4
      vertex -35 -25.7 37.4
    endloop
  endfacet
  facet normal -0.132068 -0.991241 -0
    outer loop
      vertex -31.3921 -26.1807 37.4
      vertex -35 -25.7 2.4
      vertex -31.3921 -26.1807 2.4
    endloop
  endfacet
  facet normal 0.904044 0.42744 0
    outer loop
      vertex -27.3045 -20.6693 37.4
      vertex -27.4723 -20.3144 2.4
      vertex -27.4723 -20.3144 37.4
    endloop
  endfacet
  facet normal 0.904044 0.42744 0
    outer loop
      vertex -27.4723 -20.3144 2.4
      vertex -27.3045 -20.6693 37.4
      vertex -27.3045 -20.6693 2.4
    endloop
  endfacet
  facet normal 0.514084 0.85774 -0
    outer loop
      vertex -28.7777 -18.8741 2.4
      vertex -29.1144 -18.6723 37.4
      vertex -28.7777 -18.8741 37.4
    endloop
  endfacet
  facet normal 0.514084 0.85774 0
    outer loop
      vertex -29.1144 -18.6723 37.4
      vertex -28.7777 -18.8741 2.4
      vertex -29.1144 -18.6723 2.4
    endloop
  endfacet
  facet normal -0.0491626 0.998791 0
    outer loop
      vertex -31 -18.2 2.4
      vertex -31.3921 -18.2193 37.4
      vertex -31 -18.2 37.4
    endloop
  endfacet
  facet normal -0.0491626 0.998791 0
    outer loop
      vertex -31.3921 -18.2193 37.4
      vertex -31 -18.2 2.4
      vertex -31.3921 -18.2193 2.4
    endloop
  endfacet
  facet normal 0.146733 0.989176 -0
    outer loop
      vertex -30.2196 -18.2769 2.4
      vertex -30.6079 -18.2193 37.4
      vertex -30.2196 -18.2769 37.4
    endloop
  endfacet
  facet normal 0.146733 0.989176 0
    outer loop
      vertex -30.6079 -18.2193 37.4
      vertex -30.2196 -18.2769 2.4
      vertex -30.6079 -18.2193 2.4
    endloop
  endfacet
  facet normal 0.803137 -0.595794 0
    outer loop
      vertex -27.908 -24.7376 37.4
      vertex -27.6741 -24.4223 2.4
      vertex -27.6741 -24.4223 37.4
    endloop
  endfacet
  facet normal 0.803137 -0.595794 0
    outer loop
      vertex -27.6741 -24.4223 2.4
      vertex -27.908 -24.7376 37.4
      vertex -27.908 -24.7376 2.4
    endloop
  endfacet
  facet normal 0.989176 0.146733 0
    outer loop
      vertex -27.0193 -21.8079 37.4
      vertex -27.0769 -21.4196 2.4
      vertex -27.0769 -21.4196 37.4
    endloop
  endfacet
  facet normal 0.989176 0.146733 0
    outer loop
      vertex -27.0769 -21.4196 2.4
      vertex -27.0193 -21.8079 37.4
      vertex -27.0193 -21.8079 2.4
    endloop
  endfacet
  facet normal 0.740908 0.671607 0
    outer loop
      vertex -27.908 -19.6624 37.4
      vertex -28.1716 -19.3716 2.4
      vertex -28.1716 -19.3716 37.4
    endloop
  endfacet
  facet normal 0.740908 0.671607 0
    outer loop
      vertex -28.1716 -19.3716 2.4
      vertex -27.908 -19.6624 37.4
      vertex -27.908 -19.6624 2.4
    endloop
  endfacet
  facet normal 0.242835 0.970068 -0
    outer loop
      vertex -29.8389 -18.3722 2.4
      vertex -30.2196 -18.2769 37.4
      vertex -29.8389 -18.3722 37.4
    endloop
  endfacet
  facet normal 0.242835 0.970068 0
    outer loop
      vertex -30.2196 -18.2769 37.4
      vertex -29.8389 -18.3722 2.4
      vertex -30.2196 -18.2769 2.4
    endloop
  endfacet
  facet normal 0.42744 0.904044 -0
    outer loop
      vertex -29.1144 -18.6723 2.4
      vertex -29.4693 -18.5045 37.4
      vertex -29.1144 -18.6723 37.4
    endloop
  endfacet
  facet normal 0.42744 0.904044 0
    outer loop
      vertex -29.4693 -18.5045 37.4
      vertex -29.1144 -18.6723 2.4
      vertex -29.4693 -18.5045 2.4
    endloop
  endfacet
  facet normal 0.0491626 0.998791 -0
    outer loop
      vertex -30.6079 -18.2193 2.4
      vertex -31 -18.2 37.4
      vertex -30.6079 -18.2193 37.4
    endloop
  endfacet
  facet normal 0.0491626 0.998791 0
    outer loop
      vertex -31 -18.2 37.4
      vertex -30.6079 -18.2193 2.4
      vertex -31 -18.2 2.4
    endloop
  endfacet
  facet normal 0.671607 -0.740908 0
    outer loop
      vertex -28.4624 -25.292 2.4
      vertex -28.1716 -25.0284 37.4
      vertex -28.4624 -25.292 37.4
    endloop
  endfacet
  facet normal 0.671607 -0.740908 0
    outer loop
      vertex -28.1716 -25.0284 37.4
      vertex -28.4624 -25.292 2.4
      vertex -28.1716 -25.0284 2.4
    endloop
  endfacet
  facet normal 0.9415 -0.337014 0
    outer loop
      vertex -27.3045 -23.7307 37.4
      vertex -27.1722 -23.3611 2.4
      vertex -27.1722 -23.3611 37.4
    endloop
  endfacet
  facet normal 0.9415 -0.337014 0
    outer loop
      vertex -27.1722 -23.3611 2.4
      vertex -27.3045 -23.7307 37.4
      vertex -27.3045 -23.7307 2.4
    endloop
  endfacet
  facet normal 0.989176 -0.146733 0
    outer loop
      vertex -27.0769 -22.9804 37.4
      vertex -27.0193 -22.5921 2.4
      vertex -27.0193 -22.5921 37.4
    endloop
  endfacet
  facet normal 0.989176 -0.146733 0
    outer loop
      vertex -27.0193 -22.5921 2.4
      vertex -27.0769 -22.9804 37.4
      vertex -27.0769 -22.9804 2.4
    endloop
  endfacet
  facet normal 0.998791 -0.0491626 0
    outer loop
      vertex -27.0193 -22.5921 37.4
      vertex -27 -22.2 2.4
      vertex -27 -22.2 37.4
    endloop
  endfacet
  facet normal 0.998791 -0.0491626 0
    outer loop
      vertex -27 -22.2 2.4
      vertex -27.0193 -22.5921 37.4
      vertex -27.0193 -22.5921 2.4
    endloop
  endfacet
  facet normal 0.242835 -0.970068 0
    outer loop
      vertex -30.2196 -26.1231 2.4
      vertex -29.8389 -26.0278 37.4
      vertex -30.2196 -26.1231 37.4
    endloop
  endfacet
  facet normal 0.242835 -0.970068 0
    outer loop
      vertex -29.8389 -26.0278 37.4
      vertex -30.2196 -26.1231 2.4
      vertex -29.8389 -26.0278 2.4
    endloop
  endfacet
  facet normal -0.0491626 -0.998791 0
    outer loop
      vertex -31.3921 -26.1807 2.4
      vertex -31 -26.2 37.4
      vertex -31.3921 -26.1807 37.4
    endloop
  endfacet
  facet normal -0.0491626 -0.998791 -0
    outer loop
      vertex -31 -26.2 37.4
      vertex -31.3921 -26.1807 2.4
      vertex -31 -26.2 2.4
    endloop
  endfacet
  facet normal 0.970068 0.242835 0
    outer loop
      vertex -27.0769 -21.4196 37.4
      vertex -27.1722 -21.0389 2.4
      vertex -27.1722 -21.0389 37.4
    endloop
  endfacet
  facet normal 0.970068 0.242835 0
    outer loop
      vertex -27.1722 -21.0389 2.4
      vertex -27.0769 -21.4196 37.4
      vertex -27.0769 -21.4196 2.4
    endloop
  endfacet
  facet normal 0.9415 0.337014 0
    outer loop
      vertex -27.1722 -21.0389 37.4
      vertex -27.3045 -20.6693 2.4
      vertex -27.3045 -20.6693 37.4
    endloop
  endfacet
  facet normal 0.9415 0.337014 0
    outer loop
      vertex -27.3045 -20.6693 2.4
      vertex -27.1722 -21.0389 37.4
      vertex -27.1722 -21.0389 2.4
    endloop
  endfacet
  facet normal 0.998791 0.0491626 0
    outer loop
      vertex -27 -22.2 37.4
      vertex -27.0193 -21.8079 2.4
      vertex -27.0193 -21.8079 37.4
    endloop
  endfacet
  facet normal 0.998791 0.0491626 0
    outer loop
      vertex -27.0193 -21.8079 2.4
      vertex -27 -22.2 37.4
      vertex -27 -22.2 2.4
    endloop
  endfacet
  facet normal 0.595794 0.803137 -0
    outer loop
      vertex -28.4624 -19.108 2.4
      vertex -28.7777 -18.8741 37.4
      vertex -28.4624 -19.108 37.4
    endloop
  endfacet
  facet normal 0.595794 0.803137 0
    outer loop
      vertex -28.7777 -18.8741 37.4
      vertex -28.4624 -19.108 2.4
      vertex -28.7777 -18.8741 2.4
    endloop
  endfacet
  facet normal 0.803137 0.595794 0
    outer loop
      vertex -27.6741 -19.9777 37.4
      vertex -27.908 -19.6624 2.4
      vertex -27.908 -19.6624 37.4
    endloop
  endfacet
  facet normal 0.803137 0.595794 0
    outer loop
      vertex -27.908 -19.6624 2.4
      vertex -27.6741 -19.9777 37.4
      vertex -27.6741 -19.9777 2.4
    endloop
  endfacet
  facet normal 0.85774 0.514084 0
    outer loop
      vertex -27.4723 -20.3144 37.4
      vertex -27.6741 -19.9777 2.4
      vertex -27.6741 -19.9777 37.4
    endloop
  endfacet
  facet normal 0.85774 0.514084 0
    outer loop
      vertex -27.6741 -19.9777 2.4
      vertex -27.4723 -20.3144 37.4
      vertex -27.4723 -20.3144 2.4
    endloop
  endfacet
  facet normal 0.337014 0.9415 -0
    outer loop
      vertex -29.4693 -18.5045 2.4
      vertex -29.8389 -18.3722 37.4
      vertex -29.4693 -18.5045 37.4
    endloop
  endfacet
  facet normal 0.337014 0.9415 0
    outer loop
      vertex -29.8389 -18.3722 37.4
      vertex -29.4693 -18.5045 2.4
      vertex -29.8389 -18.3722 2.4
    endloop
  endfacet
  facet normal 0.740908 -0.671607 0
    outer loop
      vertex -28.1716 -25.0284 37.4
      vertex -27.908 -24.7376 2.4
      vertex -27.908 -24.7376 37.4
    endloop
  endfacet
  facet normal 0.740908 -0.671607 0
    outer loop
      vertex -27.908 -24.7376 2.4
      vertex -28.1716 -25.0284 37.4
      vertex -28.1716 -25.0284 2.4
    endloop
  endfacet
  facet normal 0.514084 -0.85774 0
    outer loop
      vertex -29.1144 -25.7277 2.4
      vertex -28.7777 -25.5259 37.4
      vertex -29.1144 -25.7277 37.4
    endloop
  endfacet
  facet normal 0.514084 -0.85774 0
    outer loop
      vertex -28.7777 -25.5259 37.4
      vertex -29.1144 -25.7277 2.4
      vertex -28.7777 -25.5259 2.4
    endloop
  endfacet
  facet normal 0.85774 -0.514084 0
    outer loop
      vertex -27.6741 -24.4223 37.4
      vertex -27.4723 -24.0856 2.4
      vertex -27.4723 -24.0856 37.4
    endloop
  endfacet
  facet normal 0.85774 -0.514084 0
    outer loop
      vertex -27.4723 -24.0856 2.4
      vertex -27.6741 -24.4223 37.4
      vertex -27.6741 -24.4223 2.4
    endloop
  endfacet
  facet normal 0.970068 -0.242835 0
    outer loop
      vertex -27.1722 -23.3611 37.4
      vertex -27.0769 -22.9804 2.4
      vertex -27.0769 -22.9804 37.4
    endloop
  endfacet
  facet normal 0.970068 -0.242835 0
    outer loop
      vertex -27.0769 -22.9804 2.4
      vertex -27.1722 -23.3611 37.4
      vertex -27.1722 -23.3611 2.4
    endloop
  endfacet
  facet normal 0.42744 -0.904044 0
    outer loop
      vertex -29.4693 -25.8955 2.4
      vertex -29.1144 -25.7277 37.4
      vertex -29.4693 -25.8955 37.4
    endloop
  endfacet
  facet normal 0.42744 -0.904044 0
    outer loop
      vertex -29.1144 -25.7277 37.4
      vertex -29.4693 -25.8955 2.4
      vertex -29.1144 -25.7277 2.4
    endloop
  endfacet
  facet normal 0.337014 -0.9415 0
    outer loop
      vertex -29.8389 -26.0278 2.4
      vertex -29.4693 -25.8955 37.4
      vertex -29.8389 -26.0278 37.4
    endloop
  endfacet
  facet normal 0.337014 -0.9415 0
    outer loop
      vertex -29.4693 -25.8955 37.4
      vertex -29.8389 -26.0278 2.4
      vertex -29.4693 -25.8955 2.4
    endloop
  endfacet
  facet normal 0.671607 0.740908 -0
    outer loop
      vertex -28.1716 -19.3716 2.4
      vertex -28.4624 -19.108 37.4
      vertex -28.1716 -19.3716 37.4
    endloop
  endfacet
  facet normal 0.671607 0.740908 0
    outer loop
      vertex -28.4624 -19.108 37.4
      vertex -28.1716 -19.3716 2.4
      vertex -28.4624 -19.108 2.4
    endloop
  endfacet
  facet normal 0.595794 -0.803137 0
    outer loop
      vertex -28.7777 -25.5259 2.4
      vertex -28.4624 -25.292 37.4
      vertex -28.7777 -25.5259 37.4
    endloop
  endfacet
  facet normal 0.595794 -0.803137 0
    outer loop
      vertex -28.4624 -25.292 37.4
      vertex -28.7777 -25.5259 2.4
      vertex -28.4624 -25.292 2.4
    endloop
  endfacet
  facet normal 0.904044 -0.42744 0
    outer loop
      vertex -27.4723 -24.0856 37.4
      vertex -27.3045 -23.7307 2.4
      vertex -27.3045 -23.7307 37.4
    endloop
  endfacet
  facet normal 0.904044 -0.42744 0
    outer loop
      vertex -27.3045 -23.7307 2.4
      vertex -27.4723 -24.0856 37.4
      vertex -27.4723 -24.0856 2.4
    endloop
  endfacet
  facet normal 0.146733 -0.989176 0
    outer loop
      vertex -30.6079 -26.1807 2.4
      vertex -30.2196 -26.1231 37.4
      vertex -30.6079 -26.1807 37.4
    endloop
  endfacet
  facet normal 0.146733 -0.989176 0
    outer loop
      vertex -30.2196 -26.1231 37.4
      vertex -30.6079 -26.1807 2.4
      vertex -30.2196 -26.1231 2.4
    endloop
  endfacet
  facet normal 0.0491626 -0.998791 0
    outer loop
      vertex -31 -26.2 2.4
      vertex -30.6079 -26.1807 37.4
      vertex -31 -26.2 37.4
    endloop
  endfacet
  facet normal 0.0491626 -0.998791 0
    outer loop
      vertex -30.6079 -26.1807 37.4
      vertex -31 -26.2 2.4
      vertex -30.6079 -26.1807 2.4
    endloop
  endfacet
  facet normal -0.989176 -0.146733 0
    outer loop
      vertex 27.0769 -22.9804 2.4
      vertex 27.0193 -22.5921 37.4
      vertex 27.0193 -22.5921 2.4
    endloop
  endfacet
  facet normal -0.989176 -0.146733 0
    outer loop
      vertex 27.0193 -22.5921 37.4
      vertex 27.0769 -22.9804 2.4
      vertex 27.0769 -22.9804 37.4
    endloop
  endfacet
  facet normal -0.998791 0.0491626 0
    outer loop
      vertex 27 -22.2 2.4
      vertex 27.0193 -21.8079 37.4
      vertex 27.0193 -21.8079 2.4
    endloop
  endfacet
  facet normal -0.998791 0.0491626 0
    outer loop
      vertex 27.0193 -21.8079 37.4
      vertex 27 -22.2 2.4
      vertex 27 -22.2 37.4
    endloop
  endfacet
  facet normal -0.998791 -0.0491626 0
    outer loop
      vertex 27.0193 -22.5921 2.4
      vertex 27 -22.2 37.4
      vertex 27 -22.2 2.4
    endloop
  endfacet
  facet normal -0.998791 -0.0491626 0
    outer loop
      vertex 27 -22.2 37.4
      vertex 27.0193 -22.5921 2.4
      vertex 27.0193 -22.5921 37.4
    endloop
  endfacet
  facet normal -0.337014 0.9415 0
    outer loop
      vertex 29.8389 -18.3722 2.4
      vertex 29.4693 -18.5045 37.4
      vertex 29.8389 -18.3722 37.4
    endloop
  endfacet
  facet normal -0.337014 0.9415 0
    outer loop
      vertex 29.4693 -18.5045 37.4
      vertex 29.8389 -18.3722 2.4
      vertex 29.4693 -18.5045 2.4
    endloop
  endfacet
  facet normal -0.803137 0.595794 0
    outer loop
      vertex 27.6741 -19.9777 2.4
      vertex 27.908 -19.6624 37.4
      vertex 27.908 -19.6624 2.4
    endloop
  endfacet
  facet normal -0.803137 0.595794 0
    outer loop
      vertex 27.908 -19.6624 37.4
      vertex 27.6741 -19.9777 2.4
      vertex 27.6741 -19.9777 37.4
    endloop
  endfacet
  facet normal 0.0491626 0.998791 -0
    outer loop
      vertex 31.3921 -18.2193 2.4
      vertex 31 -18.2 37.4
      vertex 31.3921 -18.2193 37.4
    endloop
  endfacet
  facet normal 0.0491626 0.998791 0
    outer loop
      vertex 31 -18.2 37.4
      vertex 31.3921 -18.2193 2.4
      vertex 31 -18.2 2.4
    endloop
  endfacet
  facet normal 0.132068 0.991241 -0
    outer loop
      vertex 35 -18.7 2.4
      vertex 31.3921 -18.2193 37.4
      vertex 35 -18.7 37.4
    endloop
  endfacet
  facet normal 0.132068 0.991241 0
    outer loop
      vertex 31.3921 -18.2193 37.4
      vertex 35 -18.7 2.4
      vertex 31.3921 -18.2193 2.4
    endloop
  endfacet
  facet normal -0.9415 0.337014 0
    outer loop
      vertex 27.1722 -21.0389 2.4
      vertex 27.3045 -20.6693 37.4
      vertex 27.3045 -20.6693 2.4
    endloop
  endfacet
  facet normal -0.9415 0.337014 0
    outer loop
      vertex 27.3045 -20.6693 37.4
      vertex 27.1722 -21.0389 2.4
      vertex 27.1722 -21.0389 37.4
    endloop
  endfacet
  facet normal -0.146733 0.989176 0
    outer loop
      vertex 30.6079 -18.2193 2.4
      vertex 30.2196 -18.2769 37.4
      vertex 30.6079 -18.2193 37.4
    endloop
  endfacet
  facet normal -0.146733 0.989176 0
    outer loop
      vertex 30.2196 -18.2769 37.4
      vertex 30.6079 -18.2193 2.4
      vertex 30.2196 -18.2769 2.4
    endloop
  endfacet
  facet normal -0.242835 0.970068 0
    outer loop
      vertex 30.2196 -18.2769 2.4
      vertex 29.8389 -18.3722 37.4
      vertex 30.2196 -18.2769 37.4
    endloop
  endfacet
  facet normal -0.242835 0.970068 0
    outer loop
      vertex 29.8389 -18.3722 37.4
      vertex 30.2196 -18.2769 2.4
      vertex 29.8389 -18.3722 2.4
    endloop
  endfacet
  facet normal -0.0491626 0.998791 0
    outer loop
      vertex 31 -18.2 2.4
      vertex 30.6079 -18.2193 37.4
      vertex 31 -18.2 37.4
    endloop
  endfacet
  facet normal -0.0491626 0.998791 0
    outer loop
      vertex 30.6079 -18.2193 37.4
      vertex 31 -18.2 2.4
      vertex 30.6079 -18.2193 2.4
    endloop
  endfacet
  facet normal -0.595794 0.803137 0
    outer loop
      vertex 28.7777 -18.8741 2.4
      vertex 28.4624 -19.108 37.4
      vertex 28.7777 -18.8741 37.4
    endloop
  endfacet
  facet normal -0.595794 0.803137 0
    outer loop
      vertex 28.4624 -19.108 37.4
      vertex 28.7777 -18.8741 2.4
      vertex 28.4624 -19.108 2.4
    endloop
  endfacet
  facet normal -0.904044 0.42744 0
    outer loop
      vertex 27.3045 -20.6693 2.4
      vertex 27.4723 -20.3144 37.4
      vertex 27.4723 -20.3144 2.4
    endloop
  endfacet
  facet normal -0.904044 0.42744 0
    outer loop
      vertex 27.4723 -20.3144 37.4
      vertex 27.3045 -20.6693 2.4
      vertex 27.3045 -20.6693 37.4
    endloop
  endfacet
  facet normal -0.0491626 -0.998791 0
    outer loop
      vertex 30.6079 -26.1807 2.4
      vertex 31 -26.2 37.4
      vertex 30.6079 -26.1807 37.4
    endloop
  endfacet
  facet normal -0.0491626 -0.998791 -0
    outer loop
      vertex 31 -26.2 37.4
      vertex 30.6079 -26.1807 2.4
      vertex 31 -26.2 2.4
    endloop
  endfacet
  facet normal 0.132068 -0.991241 0
    outer loop
      vertex 31.3921 -26.1807 2.4
      vertex 35 -25.7 37.4
      vertex 31.3921 -26.1807 37.4
    endloop
  endfacet
  facet normal 0.132068 -0.991241 0
    outer loop
      vertex 35 -25.7 37.4
      vertex 31.3921 -26.1807 2.4
      vertex 35 -25.7 2.4
    endloop
  endfacet
  facet normal -0.337014 -0.9415 0
    outer loop
      vertex 29.4693 -25.8955 2.4
      vertex 29.8389 -26.0278 37.4
      vertex 29.4693 -25.8955 37.4
    endloop
  endfacet
  facet normal -0.337014 -0.9415 -0
    outer loop
      vertex 29.8389 -26.0278 37.4
      vertex 29.4693 -25.8955 2.4
      vertex 29.8389 -26.0278 2.4
    endloop
  endfacet
  facet normal -0.9415 -0.337014 0
    outer loop
      vertex 27.3045 -23.7307 2.4
      vertex 27.1722 -23.3611 37.4
      vertex 27.1722 -23.3611 2.4
    endloop
  endfacet
  facet normal -0.9415 -0.337014 0
    outer loop
      vertex 27.1722 -23.3611 37.4
      vertex 27.3045 -23.7307 2.4
      vertex 27.3045 -23.7307 37.4
    endloop
  endfacet
  facet normal -0.514084 0.85774 0
    outer loop
      vertex 29.1144 -18.6723 2.4
      vertex 28.7777 -18.8741 37.4
      vertex 29.1144 -18.6723 37.4
    endloop
  endfacet
  facet normal -0.514084 0.85774 0
    outer loop
      vertex 28.7777 -18.8741 37.4
      vertex 29.1144 -18.6723 2.4
      vertex 28.7777 -18.8741 2.4
    endloop
  endfacet
  facet normal -0.42744 0.904044 0
    outer loop
      vertex 29.4693 -18.5045 2.4
      vertex 29.1144 -18.6723 37.4
      vertex 29.4693 -18.5045 37.4
    endloop
  endfacet
  facet normal -0.42744 0.904044 0
    outer loop
      vertex 29.1144 -18.6723 37.4
      vertex 29.4693 -18.5045 2.4
      vertex 29.1144 -18.6723 2.4
    endloop
  endfacet
  facet normal -0.740908 0.671607 0
    outer loop
      vertex 27.908 -19.6624 2.4
      vertex 28.1716 -19.3716 37.4
      vertex 28.1716 -19.3716 2.4
    endloop
  endfacet
  facet normal -0.740908 0.671607 0
    outer loop
      vertex 28.1716 -19.3716 37.4
      vertex 27.908 -19.6624 2.4
      vertex 27.908 -19.6624 37.4
    endloop
  endfacet
  facet normal -0.671607 0.740908 0
    outer loop
      vertex 28.4624 -19.108 2.4
      vertex 28.1716 -19.3716 37.4
      vertex 28.4624 -19.108 37.4
    endloop
  endfacet
  facet normal -0.671607 0.740908 0
    outer loop
      vertex 28.1716 -19.3716 37.4
      vertex 28.4624 -19.108 2.4
      vertex 28.1716 -19.3716 2.4
    endloop
  endfacet
  facet normal -0.85774 0.514084 0
    outer loop
      vertex 27.4723 -20.3144 2.4
      vertex 27.6741 -19.9777 37.4
      vertex 27.6741 -19.9777 2.4
    endloop
  endfacet
  facet normal -0.85774 0.514084 0
    outer loop
      vertex 27.6741 -19.9777 37.4
      vertex 27.4723 -20.3144 2.4
      vertex 27.4723 -20.3144 37.4
    endloop
  endfacet
  facet normal -0.970068 0.242835 0
    outer loop
      vertex 27.0769 -21.4196 2.4
      vertex 27.1722 -21.0389 37.4
      vertex 27.1722 -21.0389 2.4
    endloop
  endfacet
  facet normal -0.970068 0.242835 0
    outer loop
      vertex 27.1722 -21.0389 37.4
      vertex 27.0769 -21.4196 2.4
      vertex 27.0769 -21.4196 37.4
    endloop
  endfacet
  facet normal -0.989176 0.146733 0
    outer loop
      vertex 27.0193 -21.8079 2.4
      vertex 27.0769 -21.4196 37.4
      vertex 27.0769 -21.4196 2.4
    endloop
  endfacet
  facet normal -0.989176 0.146733 0
    outer loop
      vertex 27.0769 -21.4196 37.4
      vertex 27.0193 -21.8079 2.4
      vertex 27.0193 -21.8079 37.4
    endloop
  endfacet
  facet normal -0.242835 -0.970068 0
    outer loop
      vertex 29.8389 -26.0278 2.4
      vertex 30.2196 -26.1231 37.4
      vertex 29.8389 -26.0278 37.4
    endloop
  endfacet
  facet normal -0.242835 -0.970068 -0
    outer loop
      vertex 30.2196 -26.1231 37.4
      vertex 29.8389 -26.0278 2.4
      vertex 30.2196 -26.1231 2.4
    endloop
  endfacet
  facet normal -0.146733 -0.989176 0
    outer loop
      vertex 30.2196 -26.1231 2.4
      vertex 30.6079 -26.1807 37.4
      vertex 30.2196 -26.1231 37.4
    endloop
  endfacet
  facet normal -0.146733 -0.989176 -0
    outer loop
      vertex 30.6079 -26.1807 37.4
      vertex 30.2196 -26.1231 2.4
      vertex 30.6079 -26.1807 2.4
    endloop
  endfacet
  facet normal -0.671607 -0.740908 0
    outer loop
      vertex 28.1716 -25.0284 2.4
      vertex 28.4624 -25.292 37.4
      vertex 28.1716 -25.0284 37.4
    endloop
  endfacet
  facet normal -0.671607 -0.740908 -0
    outer loop
      vertex 28.4624 -25.292 37.4
      vertex 28.1716 -25.0284 2.4
      vertex 28.4624 -25.292 2.4
    endloop
  endfacet
  facet normal -0.42744 -0.904044 0
    outer loop
      vertex 29.1144 -25.7277 2.4
      vertex 29.4693 -25.8955 37.4
      vertex 29.1144 -25.7277 37.4
    endloop
  endfacet
  facet normal -0.42744 -0.904044 -0
    outer loop
      vertex 29.4693 -25.8955 37.4
      vertex 29.1144 -25.7277 2.4
      vertex 29.4693 -25.8955 2.4
    endloop
  endfacet
  facet normal -0.85774 -0.514084 0
    outer loop
      vertex 27.6741 -24.4223 2.4
      vertex 27.4723 -24.0856 37.4
      vertex 27.4723 -24.0856 2.4
    endloop
  endfacet
  facet normal -0.85774 -0.514084 0
    outer loop
      vertex 27.4723 -24.0856 37.4
      vertex 27.6741 -24.4223 2.4
      vertex 27.6741 -24.4223 37.4
    endloop
  endfacet
  facet normal -0.803137 -0.595794 0
    outer loop
      vertex 27.908 -24.7376 2.4
      vertex 27.6741 -24.4223 37.4
      vertex 27.6741 -24.4223 2.4
    endloop
  endfacet
  facet normal -0.803137 -0.595794 0
    outer loop
      vertex 27.6741 -24.4223 37.4
      vertex 27.908 -24.7376 2.4
      vertex 27.908 -24.7376 37.4
    endloop
  endfacet
  facet normal -0.970068 -0.242835 0
    outer loop
      vertex 27.1722 -23.3611 2.4
      vertex 27.0769 -22.9804 37.4
      vertex 27.0769 -22.9804 2.4
    endloop
  endfacet
  facet normal -0.970068 -0.242835 0
    outer loop
      vertex 27.0769 -22.9804 37.4
      vertex 27.1722 -23.3611 2.4
      vertex 27.1722 -23.3611 37.4
    endloop
  endfacet
  facet normal 0.0491626 -0.998791 0
    outer loop
      vertex 31 -26.2 2.4
      vertex 31.3921 -26.1807 37.4
      vertex 31 -26.2 37.4
    endloop
  endfacet
  facet normal 0.0491626 -0.998791 0
    outer loop
      vertex 31.3921 -26.1807 37.4
      vertex 31 -26.2 2.4
      vertex 31.3921 -26.1807 2.4
    endloop
  endfacet
  facet normal -0.595794 -0.803137 0
    outer loop
      vertex 28.4624 -25.292 2.4
      vertex 28.7777 -25.5259 37.4
      vertex 28.4624 -25.292 37.4
    endloop
  endfacet
  facet normal -0.595794 -0.803137 -0
    outer loop
      vertex 28.7777 -25.5259 37.4
      vertex 28.4624 -25.292 2.4
      vertex 28.7777 -25.5259 2.4
    endloop
  endfacet
  facet normal -0.740908 -0.671607 0
    outer loop
      vertex 28.1716 -25.0284 2.4
      vertex 27.908 -24.7376 37.4
      vertex 27.908 -24.7376 2.4
    endloop
  endfacet
  facet normal -0.740908 -0.671607 0
    outer loop
      vertex 27.908 -24.7376 37.4
      vertex 28.1716 -25.0284 2.4
      vertex 28.1716 -25.0284 37.4
    endloop
  endfacet
  facet normal -0.514084 -0.85774 0
    outer loop
      vertex 28.7777 -25.5259 2.4
      vertex 29.1144 -25.7277 37.4
      vertex 28.7777 -25.5259 37.4
    endloop
  endfacet
  facet normal -0.514084 -0.85774 -0
    outer loop
      vertex 29.1144 -25.7277 37.4
      vertex 28.7777 -25.5259 2.4
      vertex 29.1144 -25.7277 2.4
    endloop
  endfacet
  facet normal -0.904044 -0.42744 0
    outer loop
      vertex 27.4723 -24.0856 2.4
      vertex 27.3045 -23.7307 37.4
      vertex 27.3045 -23.7307 2.4
    endloop
  endfacet
  facet normal -0.904044 -0.42744 0
    outer loop
      vertex 27.3045 -23.7307 37.4
      vertex 27.4723 -24.0856 2.4
      vertex 27.4723 -24.0856 37.4
    endloop
  endfacet
  facet normal -0.707107 0.707107 0
    outer loop
      vertex -35 32.8 2.4
      vertex -34.5 33.3 37.4
      vertex -34.5 33.3 2.4
    endloop
  endfacet
  facet normal -0.707107 0.707107 0
    outer loop
      vertex -34.5 33.3 37.4
      vertex -35 32.8 2.4
      vertex -35 32.8 37.4
    endloop
  endfacet
  facet normal -0.132068 -0.991241 0
    outer loop
      vertex -35 25.8 2.4
      vertex -31.3921 25.3193 37.4
      vertex -35 25.8 37.4
    endloop
  endfacet
  facet normal -0.132068 -0.991241 -0
    outer loop
      vertex -31.3921 25.3193 37.4
      vertex -35 25.8 2.4
      vertex -31.3921 25.3193 2.4
    endloop
  endfacet
  facet normal 0.85774 -0.514084 0
    outer loop
      vertex -27.6741 27.0777 37.4
      vertex -27.4723 27.4144 2.4
      vertex -27.4723 27.4144 37.4
    endloop
  endfacet
  facet normal 0.85774 -0.514084 0
    outer loop
      vertex -27.4723 27.4144 2.4
      vertex -27.6741 27.0777 37.4
      vertex -27.6741 27.0777 2.4
    endloop
  endfacet
  facet normal 0.0491626 -0.998791 0
    outer loop
      vertex -31 25.3 2.4
      vertex -30.6079 25.3193 37.4
      vertex -31 25.3 37.4
    endloop
  endfacet
  facet normal 0.0491626 -0.998791 0
    outer loop
      vertex -30.6079 25.3193 37.4
      vertex -31 25.3 2.4
      vertex -30.6079 25.3193 2.4
    endloop
  endfacet
  facet normal 0.970068 -0.242835 0
    outer loop
      vertex -27.1722 28.1389 37.4
      vertex -27.0769 28.5196 2.4
      vertex -27.0769 28.5196 37.4
    endloop
  endfacet
  facet normal 0.970068 -0.242835 0
    outer loop
      vertex -27.0769 28.5196 2.4
      vertex -27.1722 28.1389 37.4
      vertex -27.1722 28.1389 2.4
    endloop
  endfacet
  facet normal -0.0491626 -0.998791 0
    outer loop
      vertex -31.3921 25.3193 2.4
      vertex -31 25.3 37.4
      vertex -31.3921 25.3193 37.4
    endloop
  endfacet
  facet normal -0.0491626 -0.998791 -0
    outer loop
      vertex -31 25.3 37.4
      vertex -31.3921 25.3193 2.4
      vertex -31 25.3 2.4
    endloop
  endfacet
  facet normal 0.991241 0.132068 0
    outer loop
      vertex -27.0193 29.6921 37.4
      vertex -27.5 33.3 2.4
      vertex -27.5 33.3 37.4
    endloop
  endfacet
  facet normal 0.991241 0.132068 0
    outer loop
      vertex -27.5 33.3 2.4
      vertex -27.0193 29.6921 37.4
      vertex -27.0193 29.6921 2.4
    endloop
  endfacet
  facet normal 0.998791 0.0491626 0
    outer loop
      vertex -27 29.3 37.4
      vertex -27.0193 29.6921 2.4
      vertex -27.0193 29.6921 37.4
    endloop
  endfacet
  facet normal 0.998791 0.0491626 0
    outer loop
      vertex -27.0193 29.6921 2.4
      vertex -27 29.3 37.4
      vertex -27 29.3 2.4
    endloop
  endfacet
  facet normal 0.989176 -0.146733 0
    outer loop
      vertex -27.0769 28.5196 37.4
      vertex -27.0193 28.9079 2.4
      vertex -27.0193 28.9079 37.4
    endloop
  endfacet
  facet normal 0.989176 -0.146733 0
    outer loop
      vertex -27.0193 28.9079 2.4
      vertex -27.0769 28.5196 37.4
      vertex -27.0769 28.5196 2.4
    endloop
  endfacet
  facet normal 0.337014 -0.9415 0
    outer loop
      vertex -29.8389 25.4722 2.4
      vertex -29.4693 25.6045 37.4
      vertex -29.8389 25.4722 37.4
    endloop
  endfacet
  facet normal 0.337014 -0.9415 0
    outer loop
      vertex -29.4693 25.6045 37.4
      vertex -29.8389 25.4722 2.4
      vertex -29.4693 25.6045 2.4
    endloop
  endfacet
  facet normal 0.242835 -0.970068 0
    outer loop
      vertex -30.2196 25.3769 2.4
      vertex -29.8389 25.4722 37.4
      vertex -30.2196 25.3769 37.4
    endloop
  endfacet
  facet normal 0.242835 -0.970068 0
    outer loop
      vertex -29.8389 25.4722 37.4
      vertex -30.2196 25.3769 2.4
      vertex -29.8389 25.4722 2.4
    endloop
  endfacet
  facet normal 0.146733 -0.989176 0
    outer loop
      vertex -30.6079 25.3193 2.4
      vertex -30.2196 25.3769 37.4
      vertex -30.6079 25.3193 37.4
    endloop
  endfacet
  facet normal 0.146733 -0.989176 0
    outer loop
      vertex -30.2196 25.3769 37.4
      vertex -30.6079 25.3193 2.4
      vertex -30.2196 25.3769 2.4
    endloop
  endfacet
  facet normal 0.904044 -0.42744 0
    outer loop
      vertex -27.4723 27.4144 37.4
      vertex -27.3045 27.7693 2.4
      vertex -27.3045 27.7693 37.4
    endloop
  endfacet
  facet normal 0.904044 -0.42744 0
    outer loop
      vertex -27.3045 27.7693 2.4
      vertex -27.4723 27.4144 37.4
      vertex -27.4723 27.4144 2.4
    endloop
  endfacet
  facet normal 0.998791 -0.0491626 0
    outer loop
      vertex -27.0193 28.9079 37.4
      vertex -27 29.3 2.4
      vertex -27 29.3 37.4
    endloop
  endfacet
  facet normal 0.998791 -0.0491626 0
    outer loop
      vertex -27 29.3 2.4
      vertex -27.0193 28.9079 37.4
      vertex -27.0193 28.9079 2.4
    endloop
  endfacet
  facet normal 0.740908 -0.671607 0
    outer loop
      vertex -28.1716 26.4716 37.4
      vertex -27.908 26.7624 2.4
      vertex -27.908 26.7624 37.4
    endloop
  endfacet
  facet normal 0.740908 -0.671607 0
    outer loop
      vertex -27.908 26.7624 2.4
      vertex -28.1716 26.4716 37.4
      vertex -28.1716 26.4716 2.4
    endloop
  endfacet
  facet normal 0.671607 -0.740908 0
    outer loop
      vertex -28.4624 26.208 2.4
      vertex -28.1716 26.4716 37.4
      vertex -28.4624 26.208 37.4
    endloop
  endfacet
  facet normal 0.671607 -0.740908 0
    outer loop
      vertex -28.1716 26.4716 37.4
      vertex -28.4624 26.208 2.4
      vertex -28.1716 26.4716 2.4
    endloop
  endfacet
  facet normal 0.42744 -0.904044 0
    outer loop
      vertex -29.4693 25.6045 2.4
      vertex -29.1144 25.7723 37.4
      vertex -29.4693 25.6045 37.4
    endloop
  endfacet
  facet normal 0.42744 -0.904044 0
    outer loop
      vertex -29.1144 25.7723 37.4
      vertex -29.4693 25.6045 2.4
      vertex -29.1144 25.7723 2.4
    endloop
  endfacet
  facet normal 0.9415 -0.337014 0
    outer loop
      vertex -27.3045 27.7693 37.4
      vertex -27.1722 28.1389 2.4
      vertex -27.1722 28.1389 37.4
    endloop
  endfacet
  facet normal 0.9415 -0.337014 0
    outer loop
      vertex -27.1722 28.1389 2.4
      vertex -27.3045 27.7693 37.4
      vertex -27.3045 27.7693 2.4
    endloop
  endfacet
  facet normal 0.803137 -0.595794 0
    outer loop
      vertex -27.908 26.7624 37.4
      vertex -27.6741 27.0777 2.4
      vertex -27.6741 27.0777 37.4
    endloop
  endfacet
  facet normal 0.803137 -0.595794 0
    outer loop
      vertex -27.6741 27.0777 2.4
      vertex -27.908 26.7624 37.4
      vertex -27.908 26.7624 2.4
    endloop
  endfacet
  facet normal 0.595794 -0.803137 0
    outer loop
      vertex -28.7777 25.9741 2.4
      vertex -28.4624 26.208 37.4
      vertex -28.7777 25.9741 37.4
    endloop
  endfacet
  facet normal 0.595794 -0.803137 0
    outer loop
      vertex -28.4624 26.208 37.4
      vertex -28.7777 25.9741 2.4
      vertex -28.4624 26.208 2.4
    endloop
  endfacet
  facet normal 0.514084 -0.85774 0
    outer loop
      vertex -29.1144 25.7723 2.4
      vertex -28.7777 25.9741 37.4
      vertex -29.1144 25.7723 37.4
    endloop
  endfacet
  facet normal 0.514084 -0.85774 0
    outer loop
      vertex -28.7777 25.9741 37.4
      vertex -29.1144 25.7723 2.4
      vertex -28.7777 25.9741 2.4
    endloop
  endfacet
  facet normal -0.989176 -0.146733 0
    outer loop
      vertex 27.0769 28.5196 2.4
      vertex 27.0193 28.9079 37.4
      vertex 27.0193 28.9079 2.4
    endloop
  endfacet
  facet normal -0.989176 -0.146733 0
    outer loop
      vertex 27.0193 28.9079 37.4
      vertex 27.0769 28.5196 2.4
      vertex 27.0769 28.5196 37.4
    endloop
  endfacet
  facet normal -0.998791 0.0491626 0
    outer loop
      vertex 27 29.3 2.4
      vertex 27.0193 29.6921 37.4
      vertex 27.0193 29.6921 2.4
    endloop
  endfacet
  facet normal -0.998791 0.0491626 0
    outer loop
      vertex 27.0193 29.6921 37.4
      vertex 27 29.3 2.4
      vertex 27 29.3 37.4
    endloop
  endfacet
  facet normal -0.998791 -0.0491626 0
    outer loop
      vertex 27.0193 28.9079 2.4
      vertex 27 29.3 37.4
      vertex 27 29.3 2.4
    endloop
  endfacet
  facet normal -0.998791 -0.0491626 0
    outer loop
      vertex 27 29.3 37.4
      vertex 27.0193 28.9079 2.4
      vertex 27.0193 28.9079 37.4
    endloop
  endfacet
  facet normal 0.132068 -0.991241 0
    outer loop
      vertex 31.3921 25.3193 2.4
      vertex 35 25.8 37.4
      vertex 31.3921 25.3193 37.4
    endloop
  endfacet
  facet normal 0.132068 -0.991241 0
    outer loop
      vertex 35 25.8 37.4
      vertex 31.3921 25.3193 2.4
      vertex 35 25.8 2.4
    endloop
  endfacet
  facet normal 0.707107 0.707107 0
    outer loop
      vertex 35 32.8 37.4
      vertex 34.5 33.3 2.4
      vertex 34.5 33.3 37.4
    endloop
  endfacet
  facet normal 0.707107 0.707107 0
    outer loop
      vertex 34.5 33.3 2.4
      vertex 35 32.8 37.4
      vertex 35 32.8 2.4
    endloop
  endfacet
  facet normal -0.991241 0.132068 0
    outer loop
      vertex 27.0193 29.6921 2.4
      vertex 27.5 33.3 37.4
      vertex 27.5 33.3 2.4
    endloop
  endfacet
  facet normal -0.991241 0.132068 0
    outer loop
      vertex 27.5 33.3 37.4
      vertex 27.0193 29.6921 2.4
      vertex 27.0193 29.6921 37.4
    endloop
  endfacet
  facet normal -0.337014 -0.9415 0
    outer loop
      vertex 29.4693 25.6045 2.4
      vertex 29.8389 25.4722 37.4
      vertex 29.4693 25.6045 37.4
    endloop
  endfacet
  facet normal -0.337014 -0.9415 -0
    outer loop
      vertex 29.8389 25.4722 37.4
      vertex 29.4693 25.6045 2.4
      vertex 29.8389 25.4722 2.4
    endloop
  endfacet
  facet normal -0.904044 -0.42744 0
    outer loop
      vertex 27.4723 27.4144 2.4
      vertex 27.3045 27.7693 37.4
      vertex 27.3045 27.7693 2.4
    endloop
  endfacet
  facet normal -0.904044 -0.42744 0
    outer loop
      vertex 27.3045 27.7693 37.4
      vertex 27.4723 27.4144 2.4
      vertex 27.4723 27.4144 37.4
    endloop
  endfacet
  facet normal -0.242835 -0.970068 0
    outer loop
      vertex 29.8389 25.4722 2.4
      vertex 30.2196 25.3769 37.4
      vertex 29.8389 25.4722 37.4
    endloop
  endfacet
  facet normal -0.242835 -0.970068 -0
    outer loop
      vertex 30.2196 25.3769 37.4
      vertex 29.8389 25.4722 2.4
      vertex 30.2196 25.3769 2.4
    endloop
  endfacet
  facet normal -0.0491626 -0.998791 0
    outer loop
      vertex 30.6079 25.3193 2.4
      vertex 31 25.3 37.4
      vertex 30.6079 25.3193 37.4
    endloop
  endfacet
  facet normal -0.0491626 -0.998791 -0
    outer loop
      vertex 31 25.3 37.4
      vertex 30.6079 25.3193 2.4
      vertex 31 25.3 2.4
    endloop
  endfacet
  facet normal -0.671607 -0.740908 0
    outer loop
      vertex 28.1716 26.4716 2.4
      vertex 28.4624 26.208 37.4
      vertex 28.1716 26.4716 37.4
    endloop
  endfacet
  facet normal -0.671607 -0.740908 -0
    outer loop
      vertex 28.4624 26.208 37.4
      vertex 28.1716 26.4716 2.4
      vertex 28.4624 26.208 2.4
    endloop
  endfacet
  facet normal -0.42744 -0.904044 0
    outer loop
      vertex 29.1144 25.7723 2.4
      vertex 29.4693 25.6045 37.4
      vertex 29.1144 25.7723 37.4
    endloop
  endfacet
  facet normal -0.42744 -0.904044 -0
    outer loop
      vertex 29.4693 25.6045 37.4
      vertex 29.1144 25.7723 2.4
      vertex 29.4693 25.6045 2.4
    endloop
  endfacet
  facet normal -0.85774 -0.514084 0
    outer loop
      vertex 27.6741 27.0777 2.4
      vertex 27.4723 27.4144 37.4
      vertex 27.4723 27.4144 2.4
    endloop
  endfacet
  facet normal -0.85774 -0.514084 0
    outer loop
      vertex 27.4723 27.4144 37.4
      vertex 27.6741 27.0777 2.4
      vertex 27.6741 27.0777 37.4
    endloop
  endfacet
  facet normal -0.970068 -0.242835 0
    outer loop
      vertex 27.1722 28.1389 2.4
      vertex 27.0769 28.5196 37.4
      vertex 27.0769 28.5196 2.4
    endloop
  endfacet
  facet normal -0.970068 -0.242835 0
    outer loop
      vertex 27.0769 28.5196 37.4
      vertex 27.1722 28.1389 2.4
      vertex 27.1722 28.1389 37.4
    endloop
  endfacet
  facet normal -0.146733 -0.989176 0
    outer loop
      vertex 30.2196 25.3769 2.4
      vertex 30.6079 25.3193 37.4
      vertex 30.2196 25.3769 37.4
    endloop
  endfacet
  facet normal -0.146733 -0.989176 -0
    outer loop
      vertex 30.6079 25.3193 37.4
      vertex 30.2196 25.3769 2.4
      vertex 30.6079 25.3193 2.4
    endloop
  endfacet
  facet normal 0.0491626 -0.998791 0
    outer loop
      vertex 31 25.3 2.4
      vertex 31.3921 25.3193 37.4
      vertex 31 25.3 37.4
    endloop
  endfacet
  facet normal 0.0491626 -0.998791 0
    outer loop
      vertex 31.3921 25.3193 37.4
      vertex 31 25.3 2.4
      vertex 31.3921 25.3193 2.4
    endloop
  endfacet
  facet normal -0.595794 -0.803137 0
    outer loop
      vertex 28.4624 26.208 2.4
      vertex 28.7777 25.9741 37.4
      vertex 28.4624 26.208 37.4
    endloop
  endfacet
  facet normal -0.595794 -0.803137 -0
    outer loop
      vertex 28.7777 25.9741 37.4
      vertex 28.4624 26.208 2.4
      vertex 28.7777 25.9741 2.4
    endloop
  endfacet
  facet normal -0.803137 -0.595794 0
    outer loop
      vertex 27.908 26.7624 2.4
      vertex 27.6741 27.0777 37.4
      vertex 27.6741 27.0777 2.4
    endloop
  endfacet
  facet normal -0.803137 -0.595794 0
    outer loop
      vertex 27.6741 27.0777 37.4
      vertex 27.908 26.7624 2.4
      vertex 27.908 26.7624 37.4
    endloop
  endfacet
  facet normal -0.9415 -0.337014 0
    outer loop
      vertex 27.3045 27.7693 2.4
      vertex 27.1722 28.1389 37.4
      vertex 27.1722 28.1389 2.4
    endloop
  endfacet
  facet normal -0.9415 -0.337014 0
    outer loop
      vertex 27.1722 28.1389 37.4
      vertex 27.3045 27.7693 2.4
      vertex 27.3045 27.7693 37.4
    endloop
  endfacet
  facet normal -0.514084 -0.85774 0
    outer loop
      vertex 28.7777 25.9741 2.4
      vertex 29.1144 25.7723 37.4
      vertex 28.7777 25.9741 37.4
    endloop
  endfacet
  facet normal -0.514084 -0.85774 -0
    outer loop
      vertex 29.1144 25.7723 37.4
      vertex 28.7777 25.9741 2.4
      vertex 29.1144 25.7723 2.4
    endloop
  endfacet
  facet normal -0.740908 -0.671607 0
    outer loop
      vertex 28.1716 26.4716 2.4
      vertex 27.908 26.7624 37.4
      vertex 27.908 26.7624 2.4
    endloop
  endfacet
  facet normal -0.740908 -0.671607 0
    outer loop
      vertex 27.908 26.7624 37.4
      vertex 28.1716 26.4716 2.4
      vertex 28.1716 26.4716 37.4
    endloop
  endfacet
  facet normal -1 0 0
    outer loop
      vertex 1.7 -37.7 14.7
      vertex 1.7 -35.7 22.7
      vertex 1.7 -35.7 14.7
    endloop
  endfacet
  facet normal -1 -0 0
    outer loop
      vertex 1.7 -35.7 22.7
      vertex 1.7 -37.7 14.7
      vertex 1.7 -37.7 22.7
    endloop
  endfacet
  facet normal -0 0 1
    outer loop
      vertex 1.7 -35.7 22.7
      vertex 4.2 -37.7 22.7
      vertex 4.2 -35.7 22.7
    endloop
  endfacet
  facet normal 0 0 1
    outer loop
      vertex 4.2 -37.7 22.7
      vertex 1.7 -35.7 22.7
      vertex 1.7 -37.7 22.7
    endloop
  endfacet
  facet normal 1 -0 0
    outer loop
      vertex 4.2 -37.7 22.7
      vertex 4.2 -35.7 14.7
      vertex 4.2 -35.7 22.7
    endloop
  endfacet
  facet normal 1 0 0
    outer loop
      vertex 4.2 -35.7 14.7
      vertex 4.2 -37.7 22.7
      vertex 4.2 -37.7 14.7
    endloop
  endfacet
  facet normal 0 0 -1
    outer loop
      vertex 1.7 -37.7 14.7
      vertex 4.2 -35.7 14.7
      vertex 4.2 -37.7 14.7
    endloop
  endfacet
  facet normal -0 0 -1
    outer loop
      vertex 4.2 -35.7 14.7
      vertex 1.7 -37.7 14.7
      vertex 1.7 -35.7 14.7
    endloop
  endfacet
  facet normal 0 -1 0
    outer loop
      vertex 1.7 -37.7 14.7
      vertex 4.2 -37.7 22.7
      vertex 1.7 -37.7 22.7
    endloop
  endfacet
  facet normal 0 -1 -0
    outer loop
      vertex 4.2 -37.7 22.7
      vertex 1.7 -37.7 14.7
      vertex 4.2 -37.7 14.7
    endloop
  endfacet
  facet normal -1 0 0
    outer loop
      vertex 29.8 -37.7 14.7
      vertex 29.8 -35.7 22.7
      vertex 29.8 -35.7 14.7
    endloop
  endfacet
  facet normal -1 -0 0
    outer loop
      vertex 29.8 -35.7 22.7
      vertex 29.8 -37.7 14.7
      vertex 29.8 -37.7 22.7
    endloop
  endfacet
  facet normal -0 0 1
    outer loop
      vertex 29.8 -35.7 22.7
      vertex 32.3 -37.7 22.7
      vertex 32.3 -35.7 22.7
    endloop
  endfacet
  facet normal 0 0 1
    outer loop
      vertex 32.3 -37.7 22.7
      vertex 29.8 -35.7 22.7
      vertex 29.8 -37.7 22.7
    endloop
  endfacet
  facet normal 1 -0 0
    outer loop
      vertex 32.3 -37.7 22.7
      vertex 32.3 -35.7 14.7
      vertex 32.3 -35.7 22.7
    endloop
  endfacet
  facet normal 1 0 0
    outer loop
      vertex 32.3 -35.7 14.7
      vertex 32.3 -37.7 22.7
      vertex 32.3 -37.7 14.7
    endloop
  endfacet
  facet normal 0 0 -1
    outer loop
      vertex 29.8 -37.7 14.7
      vertex 32.3 -35.7 14.7
      vertex 32.3 -37.7 14.7
    endloop
  endfacet
  facet normal -0 0 -1
    outer loop
      vertex 32.3 -35.7 14.7
      vertex 29.8 -37.7 14.7
      vertex 29.8 -35.7 14.7
    endloop
  endfacet
  facet normal 0 -1 0
    outer loop
      vertex 29.8 -37.7 14.7
      vertex 32.3 -37.7 22.7
      vertex 29.8 -37.7 22.7
    endloop
  endfacet
  facet normal 0 -1 -0
    outer loop
      vertex 32.3 -37.7 22.7
      vertex 29.8 -37.7 14.7
      vertex 32.3 -37.7 14.7
    endloop
  endfacet
  facet normal -1 0 0
    outer loop
      vertex 4.7 -37.7 5.9
      vertex 4.7 -35.7 8.4
      vertex 4.7 -35.7 5.9
    endloop
  endfacet
  facet normal -1 -0 0
    outer loop
      vertex 4.7 -35.7 8.4
      vertex 4.7 -37.7 5.9
      vertex 4.7 -37.7 8.4
    endloop
  endfacet
  facet normal -0 0 1
    outer loop
      vertex 4.7 -35.7 8.4
      vertex 9.7 -37.7 8.4
      vertex 9.7 -35.7 8.4
    endloop
  endfacet
  facet normal 0 0 1
    outer loop
      vertex 9.7 -37.7 8.4
      vertex 4.7 -35.7 8.4
      vertex 4.7 -37.7 8.4
    endloop
  endfacet
  facet normal 1 -0 0
    outer loop
      vertex 9.7 -37.7 8.4
      vertex 9.7 -35.7 5.9
      vertex 9.7 -35.7 8.4
    endloop
  endfacet
  facet normal 1 0 0
    outer loop
      vertex 9.7 -35.7 5.9
      vertex 9.7 -37.7 8.4
      vertex 9.7 -37.7 5.9
    endloop
  endfacet
  facet normal 0 0 -1
    outer loop
      vertex 4.7 -37.7 5.9
      vertex 9.7 -35.7 5.9
      vertex 9.7 -37.7 5.9
    endloop
  endfacet
  facet normal -0 0 -1
    outer loop
      vertex 9.7 -35.7 5.9
      vertex 4.7 -37.7 5.9
      vertex 4.7 -35.7 5.9
    endloop
  endfacet
  facet normal 0 -1 0
    outer loop
      vertex 4.7 -37.7 5.9
      vertex 9.7 -37.7 8.4
      vertex 4.7 -37.7 8.4
    endloop
  endfacet
  facet normal 0 -1 -0
    outer loop
      vertex 9.7 -37.7 8.4
      vertex 4.7 -37.7 5.9
      vertex 9.7 -37.7 5.9
    endloop
  endfacet
  facet normal -1 0 0
    outer loop
      vertex 24.3 -37.7 5.9
      vertex 24.3 -35.7 8.4
      vertex 24.3 -35.7 5.9
    endloop
  endfacet
  facet normal -1 -0 0
    outer loop
      vertex 24.3 -35.7 8.4
      vertex 24.3 -37.7 5.9
      vertex 24.3 -37.7 8.4
    endloop
  endfacet
  facet normal -0 0 1
    outer loop
      vertex 24.3 -35.7 8.4
      vertex 29.3 -37.7 8.4
      vertex 29.3 -35.7 8.4
    endloop
  endfacet
  facet normal 0 0 1
    outer loop
      vertex 29.3 -37.7 8.4
      vertex 24.3 -35.7 8.4
      vertex 24.3 -37.7 8.4
    endloop
  endfacet
  facet normal 1 -0 0
    outer loop
      vertex 29.3 -37.7 8.4
      vertex 29.3 -35.7 5.9
      vertex 29.3 -35.7 8.4
    endloop
  endfacet
  facet normal 1 0 0
    outer loop
      vertex 29.3 -35.7 5.9
      vertex 29.3 -37.7 8.4
      vertex 29.3 -37.7 5.9
    endloop
  endfacet
  facet normal 0 0 -1
    outer loop
      vertex 24.3 -37.7 5.9
      vertex 29.3 -35.7 5.9
      vertex 29.3 -37.7 5.9
    endloop
  endfacet
  facet normal -0 0 -1
    outer loop
      vertex 29.3 -35.7 5.9
      vertex 24.3 -37.7 5.9
      vertex 24.3 -35.7 5.9
    endloop
  endfacet
  facet normal 0 -1 0
    outer loop
      vertex 24.3 -37.7 5.9
      vertex 29.3 -37.7 8.4
      vertex 24.3 -37.7 8.4
    endloop
  endfacet
  facet normal 0 -1 -0
    outer loop
      vertex 29.3 -37.7 8.4
      vertex 24.3 -37.7 5.9
      vertex 29.3 -37.7 5.9
    endloop
  endfacet
  facet normal -1 0 0
    outer loop
      vertex 13 -37.7 29
      vertex 13 -35.7 31.5
      vertex 13 -35.7 29
    endloop
  endfacet
  facet normal -1 -0 0
    outer loop
      vertex 13 -35.7 31.5
      vertex 13 -37.7 29
      vertex 13 -37.7 31.5
    endloop
  endfacet
  facet normal -0 0 1
    outer loop
      vertex 13 -35.7 31.5
      vertex 21 -37.7 31.5
      vertex 21 -35.7 31.5
    endloop
  endfacet
  facet normal 0 0 1
    outer loop
      vertex 21 -37.7 31.5
      vertex 13 -35.7 31.5
      vertex 13 -37.7 31.5
    endloop
  endfacet
  facet normal 1 -0 0
    outer loop
      vertex 21 -37.7 31.5
      vertex 21 -35.7 29
      vertex 21 -35.7 31.5
    endloop
  endfacet
  facet normal 1 0 0
    outer loop
      vertex 21 -35.7 29
      vertex 21 -37.7 31.5
      vertex 21 -37.7 29
    endloop
  endfacet
  facet normal 0 0 -1
    outer loop
      vertex 13 -37.7 29
      vertex 21 -35.7 29
      vertex 21 -37.7 29
    endloop
  endfacet
  facet normal -0 0 -1
    outer loop
      vertex 21 -35.7 29
      vertex 13 -37.7 29
      vertex 13 -35.7 29
    endloop
  endfacet
  facet normal 0 -1 0
    outer loop
      vertex 13 -37.7 29
      vertex 21 -37.7 31.5
      vertex 13 -37.7 31.5
    endloop
  endfacet
  facet normal 0 -1 -0
    outer loop
      vertex 21 -37.7 31.5
      vertex 13 -37.7 29
      vertex 21 -37.7 29
    endloop
  endfacet
  facet normal -1 0 0
    outer loop
      vertex -32.3 -37.7 18.9
      vertex -32.3 -35.7 26.9
      vertex -32.3 -35.7 18.9
    endloop
  endfacet
  facet normal -1 -0 0
    outer loop
      vertex -32.3 -35.7 26.9
      vertex -32.3 -37.7 18.9
      vertex -32.3 -37.7 26.9
    endloop
  endfacet
  facet normal -0 0 1
    outer loop
      vertex -32.3 -35.7 26.9
      vertex -29.8 -37.7 26.9
      vertex -29.8 -35.7 26.9
    endloop
  endfacet
  facet normal 0 0 1
    outer loop
      vertex -29.8 -37.7 26.9
      vertex -32.3 -35.7 26.9
      vertex -32.3 -37.7 26.9
    endloop
  endfacet
  facet normal 1 -0 0
    outer loop
      vertex -29.8 -37.7 26.9
      vertex -29.8 -35.7 18.9
      vertex -29.8 -35.7 26.9
    endloop
  endfacet
  facet normal 1 0 0
    outer loop
      vertex -29.8 -35.7 18.9
      vertex -29.8 -37.7 26.9
      vertex -29.8 -37.7 18.9
    endloop
  endfacet
  facet normal 0 0 -1
    outer loop
      vertex -32.3 -37.7 18.9
      vertex -29.8 -35.7 18.9
      vertex -29.8 -37.7 18.9
    endloop
  endfacet
  facet normal -0 0 -1
    outer loop
      vertex -29.8 -35.7 18.9
      vertex -32.3 -37.7 18.9
      vertex -32.3 -35.7 18.9
    endloop
  endfacet
  facet normal 0 -1 0
    outer loop
      vertex -32.3 -37.7 18.9
      vertex -29.8 -37.7 26.9
      vertex -32.3 -37.7 26.9
    endloop
  endfacet
  facet normal 0 -1 -0
    outer loop
      vertex -29.8 -37.7 26.9
      vertex -32.3 -37.7 18.9
      vertex -29.8 -37.7 18.9
    endloop
  endfacet
  facet normal -1 0 0
    outer loop
      vertex -4.2 -37.7 18.9
      vertex -4.2 -35.7 26.9
      vertex -4.2 -35.7 18.9
    endloop
  endfacet
  facet normal -1 -0 0
    outer loop
      vertex -4.2 -35.7 26.9
      vertex -4.2 -37.7 18.9
      vertex -4.2 -37.7 26.9
    endloop
  endfacet
  facet normal -0 0 1
    outer loop
      vertex -4.2 -35.7 26.9
      vertex -1.7 -37.7 26.9
      vertex -1.7 -35.7 26.9
    endloop
  endfacet
  facet normal 0 0 1
    outer loop
      vertex -1.7 -37.7 26.9
      vertex -4.2 -35.7 26.9
      vertex -4.2 -37.7 26.9
    endloop
  endfacet
  facet normal 1 -0 0
    outer loop
      vertex -1.7 -37.7 26.9
      vertex -1.7 -35.7 18.9
      vertex -1.7 -35.7 26.9
    endloop
  endfacet
  facet normal 1 0 0
    outer loop
      vertex -1.7 -35.7 18.9
      vertex -1.7 -37.7 26.9
      vertex -1.7 -37.7 18.9
    endloop
  endfacet
  facet normal 0 0 -1
    outer loop
      vertex -4.2 -37.7 18.9
      vertex -1.7 -35.7 18.9
      vertex -1.7 -37.7 18.9
    endloop
  endfacet
  facet normal -0 0 -1
    outer loop
      vertex -1.7 -35.7 18.9
      vertex -4.2 -37.7 18.9
      vertex -4.2 -35.7 18.9
    endloop
  endfacet
  facet normal 0 -1 0
    outer loop
      vertex -4.2 -37.7 18.9
      vertex -1.7 -37.7 26.9
      vertex -4.2 -37.7 26.9
    endloop
  endfacet
  facet normal 0 -1 -0
    outer loop
      vertex -1.7 -37.7 26.9
      vertex -4.2 -37.7 18.9
      vertex -1.7 -37.7 18.9
    endloop
  endfacet
  facet normal -1 0 0
    outer loop
      vertex -29.3 -37.7 10.1
      vertex -29.3 -35.7 12.6
      vertex -29.3 -35.7 10.1
    endloop
  endfacet
  facet normal -1 -0 0
    outer loop
      vertex -29.3 -35.7 12.6
      vertex -29.3 -37.7 10.1
      vertex -29.3 -37.7 12.6
    endloop
  endfacet
  facet normal -0 0 1
    outer loop
      vertex -29.3 -35.7 12.6
      vertex -24.3 -37.7 12.6
      vertex -24.3 -35.7 12.6
    endloop
  endfacet
  facet normal 0 0 1
    outer loop
      vertex -24.3 -37.7 12.6
      vertex -29.3 -35.7 12.6
      vertex -29.3 -37.7 12.6
    endloop
  endfacet
  facet normal 1 -0 0
    outer loop
      vertex -24.3 -37.7 12.6
      vertex -24.3 -35.7 10.1
      vertex -24.3 -35.7 12.6
    endloop
  endfacet
  facet normal 1 0 0
    outer loop
      vertex -24.3 -35.7 10.1
      vertex -24.3 -37.7 12.6
      vertex -24.3 -37.7 10.1
    endloop
  endfacet
  facet normal 0 0 -1
    outer loop
      vertex -29.3 -37.7 10.1
      vertex -24.3 -35.7 10.1
      vertex -24.3 -37.7 10.1
    endloop
  endfacet
  facet normal -0 0 -1
    outer loop
      vertex -24.3 -35.7 10.1
      vertex -29.3 -37.7 10.1
      vertex -29.3 -35.7 10.1
    endloop
  endfacet
  facet normal 0 -1 0
    outer loop
      vertex -29.3 -37.7 10.1
      vertex -24.3 -37.7 12.6
      vertex -29.3 -37.7 12.6
    endloop
  endfacet
  facet normal 0 -1 -0
    outer loop
      vertex -24.3 -37.7 12.6
      vertex -29.3 -37.7 10.1
      vertex -24.3 -37.7 10.1
    endloop
  endfacet
  facet normal -1 0 0
    outer loop
      vertex -9.7 -37.7 10.1
      vertex -9.7 -35.7 12.6
      vertex -9.7 -35.7 10.1
    endloop
  endfacet
  facet normal -1 -0 0
    outer loop
      vertex -9.7 -35.7 12.6
      vertex -9.7 -37.7 10.1
      vertex -9.7 -37.7 12.6
    endloop
  endfacet
  facet normal -0 0 1
    outer loop
      vertex -9.7 -35.7 12.6
      vertex -4.7 -37.7 12.6
      vertex -4.7 -35.7 12.6
    endloop
  endfacet
  facet normal 0 0 1
    outer loop
      vertex -4.7 -37.7 12.6
      vertex -9.7 -35.7 12.6
      vertex -9.7 -37.7 12.6
    endloop
  endfacet
  facet normal 1 -0 0
    outer loop
      vertex -4.7 -37.7 12.6
      vertex -4.7 -35.7 10.1
      vertex -4.7 -35.7 12.6
    endloop
  endfacet
  facet normal 1 0 0
    outer loop
      vertex -4.7 -35.7 10.1
      vertex -4.7 -37.7 12.6
      vertex -4.7 -37.7 10.1
    endloop
  endfacet
  facet normal 0 0 -1
    outer loop
      vertex -9.7 -37.7 10.1
      vertex -4.7 -35.7 10.1
      vertex -4.7 -37.7 10.1
    endloop
  endfacet
  facet normal -0 0 -1
    outer loop
      vertex -4.7 -35.7 10.1
      vertex -9.7 -37.7 10.1
      vertex -9.7 -35.7 10.1
    endloop
  endfacet
  facet normal 0 -1 0
    outer loop
      vertex -9.7 -37.7 10.1
      vertex -4.7 -37.7 12.6
      vertex -9.7 -37.7 12.6
    endloop
  endfacet
  facet normal 0 -1 -0
    outer loop
      vertex -4.7 -37.7 12.6
      vertex -9.7 -37.7 10.1
      vertex -4.7 -37.7 10.1
    endloop
  endfacet
  facet normal -1 0 0
    outer loop
      vertex -21 -37.7 33.2
      vertex -21 -35.7 35.7
      vertex -21 -35.7 33.2
    endloop
  endfacet
  facet normal -1 -0 0
    outer loop
      vertex -21 -35.7 35.7
      vertex -21 -37.7 33.2
      vertex -21 -37.7 35.7
    endloop
  endfacet
  facet normal -0 0 1
    outer loop
      vertex -21 -35.7 35.7
      vertex -13 -37.7 35.7
      vertex -13 -35.7 35.7
    endloop
  endfacet
  facet normal 0 0 1
    outer loop
      vertex -13 -37.7 35.7
      vertex -21 -35.7 35.7
      vertex -21 -37.7 35.7
    endloop
  endfacet
  facet normal 1 -0 0
    outer loop
      vertex -13 -37.7 35.7
      vertex -13 -35.7 33.2
      vertex -13 -35.7 35.7
    endloop
  endfacet
  facet normal 1 0 0
    outer loop
      vertex -13 -35.7 33.2
      vertex -13 -37.7 35.7
      vertex -13 -37.7 33.2
    endloop
  endfacet
  facet normal 0 0 -1
    outer loop
      vertex -21 -37.7 33.2
      vertex -13 -35.7 33.2
      vertex -13 -37.7 33.2
    endloop
  endfacet
  facet normal -0 0 -1
    outer loop
      vertex -13 -35.7 33.2
      vertex -21 -37.7 33.2
      vertex -21 -35.7 33.2
    endloop
  endfacet
  facet normal 0 -1 0
    outer loop
      vertex -21 -37.7 33.2
      vertex -13 -37.7 35.7
      vertex -21 -37.7 35.7
    endloop
  endfacet
  facet normal 0 -1 -0
    outer loop
      vertex -13 -37.7 35.7
      vertex -21 -37.7 33.2
      vertex -13 -37.7 33.2
    endloop
  endfacet
  facet normal -1 0 0
    outer loop
      vertex -1.5 -65.7 7.7
      vertex -1.5 -35.7 33.9
      vertex -1.5 -35.7 7.7
    endloop
  endfacet
  facet normal -1 -0 0
    outer loop
      vertex -1.5 -35.7 33.9
      vertex -1.5 -65.7 7.7
      vertex -1.5 -65.7 33.9
    endloop
  endfacet
  facet normal -0 0 1
    outer loop
      vertex -1.5 -35.7 33.9
      vertex 1.5 -65.7 33.9
      vertex 1.5 -35.7 33.9
    endloop
  endfacet
  facet normal 0 0 1
    outer loop
      vertex 1.5 -65.7 33.9
      vertex -1.5 -35.7 33.9
      vertex -1.5 -65.7 33.9
    endloop
  endfacet
  facet normal 1 -0 0
    outer loop
      vertex 1.5 -65.7 33.9
      vertex 1.5 -35.7 7.7
      vertex 1.5 -35.7 33.9
    endloop
  endfacet
  facet normal 1 0 0
    outer loop
      vertex 1.5 -35.7 7.7
      vertex 1.5 -65.7 33.9
      vertex 1.5 -65.7 7.7
    endloop
  endfacet
  facet normal 0 0 -1
    outer loop
      vertex -1.5 -65.7 7.7
      vertex 1.5 -35.7 7.7
      vertex 1.5 -65.7 7.7
    endloop
  endfacet
  facet normal -0 0 -1
    outer loop
      vertex 1.5 -35.7 7.7
      vertex -1.5 -65.7 7.7
      vertex -1.5 -35.7 7.7
    endloop
  endfacet
  facet normal 0 -1 0
    outer loop
      vertex -1.5 -65.7 7.7
      vertex 1.5 -65.7 33.9
      vertex -1.5 -65.7 33.9
    endloop
  endfacet
  facet normal 0 -1 -0
    outer loop
      vertex 1.5 -65.7 33.9
      vertex -1.5 -65.7 7.7
      vertex 1.5 -65.7 7.7
    endloop
  endfacet
  facet normal -0.998803 -0.0489209 0
    outer loop
      vertex -29.75 -22.2 28.4
      vertex -29.756 -22.0775 37.4
      vertex -29.756 -22.0775 28.4
    endloop
  endfacet
  facet normal -0.998803 -0.0489209 0
    outer loop
      vertex -29.756 -22.0775 37.4
      vertex -29.75 -22.2 28.4
      vertex -29.75 -22.2 37.4
    endloop
  endfacet
  facet normal 0.998803 -0.0489209 0
    outer loop
      vertex -32.25 -22.2 37.4
      vertex -32.244 -22.0775 28.4
      vertex -32.244 -22.0775 37.4
    endloop
  endfacet
  facet normal 0.998803 -0.0489209 0
    outer loop
      vertex -32.244 -22.0775 28.4
      vertex -32.25 -22.2 37.4
      vertex -32.25 -22.2 28.4
    endloop
  endfacet
  facet normal 0.0489209 -0.998803 0
    outer loop
      vertex -31.1225 -20.956 28.4
      vertex -31 -20.95 37.4
      vertex -31.1225 -20.956 37.4
    endloop
  endfacet
  facet normal 0.0489209 -0.998803 0
    outer loop
      vertex -31 -20.95 37.4
      vertex -31.1225 -20.956 28.4
      vertex -31 -20.95 28.4
    endloop
  endfacet
  facet normal -0.671617 -0.740898 0
    outer loop
      vertex -30.207 -21.2337 28.4
      vertex -30.1161 -21.3161 37.4
      vertex -30.207 -21.2337 37.4
    endloop
  endfacet
  facet normal -0.671617 -0.740898 -0
    outer loop
      vertex -30.1161 -21.3161 37.4
      vertex -30.207 -21.2337 28.4
      vertex -30.1161 -21.3161 28.4
    endloop
  endfacet
  facet normal 0.671617 -0.740898 0
    outer loop
      vertex -31.8839 -21.3161 28.4
      vertex -31.793 -21.2337 37.4
      vertex -31.8839 -21.3161 37.4
    endloop
  endfacet
  facet normal 0.671617 -0.740898 0
    outer loop
      vertex -31.793 -21.2337 37.4
      vertex -31.8839 -21.3161 28.4
      vertex -31.793 -21.2337 28.4
    endloop
  endfacet
  facet normal 0.33742 -0.941354 0
    outer loop
      vertex -31.4784 -21.0452 28.4
      vertex -31.3629 -21.0038 37.4
      vertex -31.4784 -21.0452 37.4
    endloop
  endfacet
  facet normal 0.33742 -0.941354 0
    outer loop
      vertex -31.3629 -21.0038 37.4
      vertex -31.4784 -21.0452 28.4
      vertex -31.3629 -21.0038 28.4
    endloop
  endfacet
  facet normal -0.903688 -0.428192 0
    outer loop
      vertex -29.8451 -21.7216 28.4
      vertex -29.8976 -21.6108 37.4
      vertex -29.8976 -21.6108 28.4
    endloop
  endfacet
  facet normal -0.903688 -0.428192 0
    outer loop
      vertex -29.8976 -21.6108 37.4
      vertex -29.8451 -21.7216 28.4
      vertex -29.8451 -21.7216 37.4
    endloop
  endfacet
  facet normal -0.33742 -0.941354 0
    outer loop
      vertex -30.6371 -21.0038 28.4
      vertex -30.5216 -21.0452 37.4
      vertex -30.6371 -21.0038 37.4
    endloop
  endfacet
  facet normal -0.33742 -0.941354 -0
    outer loop
      vertex -30.5216 -21.0452 37.4
      vertex -30.6371 -21.0038 28.4
      vertex -30.5216 -21.0452 28.4
    endloop
  endfacet
  facet normal -0.514016 -0.85778 0
    outer loop
      vertex -30.4108 -21.0976 28.4
      vertex -30.3055 -21.1607 37.4
      vertex -30.4108 -21.0976 37.4
    endloop
  endfacet
  facet normal -0.514016 -0.85778 -0
    outer loop
      vertex -30.3055 -21.1607 37.4
      vertex -30.4108 -21.0976 28.4
      vertex -30.3055 -21.1607 28.4
    endloop
  endfacet
  facet normal 0.903688 -0.428192 0
    outer loop
      vertex -32.1549 -21.7216 37.4
      vertex -32.1024 -21.6108 28.4
      vertex -32.1024 -21.6108 37.4
    endloop
  endfacet
  facet normal 0.903688 -0.428192 0
    outer loop
      vertex -32.1024 -21.6108 28.4
      vertex -32.1549 -21.7216 37.4
      vertex -32.1549 -21.7216 28.4
    endloop
  endfacet
  facet normal 0.242919 -0.970047 0
    outer loop
      vertex -31.3629 -21.0038 28.4
      vertex -31.2439 -20.974 37.4
      vertex -31.3629 -21.0038 37.4
    endloop
  endfacet
  facet normal 0.242919 -0.970047 0
    outer loop
      vertex -31.2439 -20.974 37.4
      vertex -31.3629 -21.0038 28.4
      vertex -31.2439 -20.974 28.4
    endloop
  endfacet
  facet normal 0.740898 0.671617 0
    outer loop
      vertex -31.8839 -23.0839 37.4
      vertex -31.9663 -22.993 28.4
      vertex -31.9663 -22.993 37.4
    endloop
  endfacet
  facet normal 0.740898 0.671617 0
    outer loop
      vertex -31.9663 -22.993 28.4
      vertex -31.8839 -23.0839 37.4
      vertex -31.8839 -23.0839 28.4
    endloop
  endfacet
  facet normal 0 0 1
    outer loop
      vertex -29.756 -22.0775 28.4
      vertex -29.756 -22.3225 28.4
      vertex -29.75 -22.2 28.4
    endloop
  endfacet
  facet normal 0 0 1
    outer loop
      vertex -29.774 -21.9561 28.4
      vertex -29.756 -22.3225 28.4
      vertex -29.756 -22.0775 28.4
    endloop
  endfacet
  facet normal 0 0 1
    outer loop
      vertex -29.774 -21.9561 28.4
      vertex -29.774 -22.4439 28.4
      vertex -29.756 -22.3225 28.4
    endloop
  endfacet
  facet normal 0 0 1
    outer loop
      vertex -29.8038 -21.8371 28.4
      vertex -29.774 -22.4439 28.4
      vertex -29.774 -21.9561 28.4
    endloop
  endfacet
  facet normal 0 0 1
    outer loop
      vertex -29.8038 -21.8371 28.4
      vertex -29.8038 -22.5629 28.4
      vertex -29.774 -22.4439 28.4
    endloop
  endfacet
  facet normal 0 0 1
    outer loop
      vertex -29.8451 -21.7216 28.4
      vertex -29.8038 -22.5629 28.4
      vertex -29.8038 -21.8371 28.4
    endloop
  endfacet
  facet normal 0 0 1
    outer loop
      vertex -29.8451 -21.7216 28.4
      vertex -29.8451 -22.6784 28.4
      vertex -29.8038 -22.5629 28.4
    endloop
  endfacet
  facet normal 0 0 1
    outer loop
      vertex -29.8976 -21.6108 28.4
      vertex -29.8451 -22.6784 28.4
      vertex -29.8451 -21.7216 28.4
    endloop
  endfacet
  facet normal 0 0 1
    outer loop
      vertex -29.8976 -21.6108 28.4
      vertex -29.8976 -22.7892 28.4
      vertex -29.8451 -22.6784 28.4
    endloop
  endfacet
  facet normal 0 0 1
    outer loop
      vertex -29.9607 -21.5055 28.4
      vertex -29.8976 -22.7892 28.4
      vertex -29.8976 -21.6108 28.4
    endloop
  endfacet
  facet normal 0 0 1
    outer loop
      vertex -29.9607 -21.5055 28.4
      vertex -29.9607 -22.8945 28.4
      vertex -29.8976 -22.7892 28.4
    endloop
  endfacet
  facet normal 0 0 1
    outer loop
      vertex -30.0337 -21.407 28.4
      vertex -29.9607 -22.8945 28.4
      vertex -29.9607 -21.5055 28.4
    endloop
  endfacet
  facet normal 0 0 1
    outer loop
      vertex -30.0337 -21.407 28.4
      vertex -30.0337 -22.993 28.4
      vertex -29.9607 -22.8945 28.4
    endloop
  endfacet
  facet normal 0 0 1
    outer loop
      vertex -30.1161 -21.3161 28.4
      vertex -30.0337 -22.993 28.4
      vertex -30.0337 -21.407 28.4
    endloop
  endfacet
  facet normal 0 0 1
    outer loop
      vertex -30.1161 -21.3161 28.4
      vertex -30.1161 -23.0839 28.4
      vertex -30.0337 -22.993 28.4
    endloop
  endfacet
  facet normal 0 0 1
    outer loop
      vertex -30.207 -21.2337 28.4
      vertex -30.1161 -23.0839 28.4
      vertex -30.1161 -21.3161 28.4
    endloop
  endfacet
  facet normal 0 0 1
    outer loop
      vertex -30.207 -21.2337 28.4
      vertex -30.207 -23.1663 28.4
      vertex -30.1161 -23.0839 28.4
    endloop
  endfacet
  facet normal 0 0 1
    outer loop
      vertex -30.3055 -21.1607 28.4
      vertex -30.207 -23.1663 28.4
      vertex -30.207 -21.2337 28.4
    endloop
  endfacet
  facet normal 0 0 1
    outer loop
      vertex -30.3055 -21.1607 28.4
      vertex -30.3055 -23.2393 28.4
      vertex -30.207 -23.1663 28.4
    endloop
  endfacet
  facet normal 0 0 1
    outer loop
      vertex -30.4108 -21.0976 28.4
      vertex -30.3055 -23.2393 28.4
      vertex -30.3055 -21.1607 28.4
    endloop
  endfacet
  facet normal 0 0 1
    outer loop
      vertex -30.4108 -21.0976 28.4
      vertex -30.4108 -23.3024 28.4
      vertex -30.3055 -23.2393 28.4
    endloop
  endfacet
  facet normal 0 0 1
    outer loop
      vertex -30.5216 -21.0452 28.4
      vertex -30.4108 -23.3024 28.4
      vertex -30.4108 -21.0976 28.4
    endloop
  endfacet
  facet normal 0 0 1
    outer loop
      vertex -30.5216 -21.0452 28.4
      vertex -30.5216 -23.3548 28.4
      vertex -30.4108 -23.3024 28.4
    endloop
  endfacet
  facet normal 0 0 1
    outer loop
      vertex -30.6371 -21.0038 28.4
      vertex -30.5216 -23.3548 28.4
      vertex -30.5216 -21.0452 28.4
    endloop
  endfacet
  facet normal 0 0 1
    outer loop
      vertex -30.6371 -21.0038 28.4
      vertex -30.6371 -23.3962 28.4
      vertex -30.5216 -23.3548 28.4
    endloop
  endfacet
  facet normal 0 0 1
    outer loop
      vertex -30.7561 -20.974 28.4
      vertex -30.6371 -23.3962 28.4
      vertex -30.6371 -21.0038 28.4
    endloop
  endfacet
  facet normal 0 0 1
    outer loop
      vertex -30.7561 -20.974 28.4
      vertex -30.7561 -23.426 28.4
      vertex -30.6371 -23.3962 28.4
    endloop
  endfacet
  facet normal 0 0 1
    outer loop
      vertex -30.8775 -20.956 28.4
      vertex -30.7561 -23.426 28.4
      vertex -30.7561 -20.974 28.4
    endloop
  endfacet
  facet normal 0 0 1
    outer loop
      vertex -30.8775 -20.956 28.4
      vertex -30.8775 -23.444 28.4
      vertex -30.7561 -23.426 28.4
    endloop
  endfacet
  facet normal 0 0 1
    outer loop
      vertex -31 -20.95 28.4
      vertex -30.8775 -23.444 28.4
      vertex -30.8775 -20.956 28.4
    endloop
  endfacet
  facet normal 0 0 1
    outer loop
      vertex -31 -20.95 28.4
      vertex -31 -23.45 28.4
      vertex -30.8775 -23.444 28.4
    endloop
  endfacet
  facet normal -0 0 1
    outer loop
      vertex -31.1225 -20.956 28.4
      vertex -31 -23.45 28.4
      vertex -31 -20.95 28.4
    endloop
  endfacet
  facet normal 0 0 1
    outer loop
      vertex -31.1225 -20.956 28.4
      vertex -31.1225 -23.444 28.4
      vertex -31 -23.45 28.4
    endloop
  endfacet
  facet normal -0 0 1
    outer loop
      vertex -31.2439 -20.974 28.4
      vertex -31.1225 -23.444 28.4
      vertex -31.1225 -20.956 28.4
    endloop
  endfacet
  facet normal 0 0 1
    outer loop
      vertex -31.2439 -20.974 28.4
      vertex -31.2439 -23.426 28.4
      vertex -31.1225 -23.444 28.4
    endloop
  endfacet
  facet normal -0 0 1
    outer loop
      vertex -31.3629 -21.0038 28.4
      vertex -31.2439 -23.426 28.4
      vertex -31.2439 -20.974 28.4
    endloop
  endfacet
  facet normal 0 0 1
    outer loop
      vertex -31.3629 -21.0038 28.4
      vertex -31.3629 -23.3962 28.4
      vertex -31.2439 -23.426 28.4
    endloop
  endfacet
  facet normal -0 0 1
    outer loop
      vertex -31.4784 -21.0452 28.4
      vertex -31.3629 -23.3962 28.4
      vertex -31.3629 -21.0038 28.4
    endloop
  endfacet
  facet normal 0 0 1
    outer loop
      vertex -31.4784 -21.0452 28.4
      vertex -31.4784 -23.3548 28.4
      vertex -31.3629 -23.3962 28.4
    endloop
  endfacet
  facet normal -0 0 1
    outer loop
      vertex -31.5892 -21.0976 28.4
      vertex -31.4784 -23.3548 28.4
      vertex -31.4784 -21.0452 28.4
    endloop
  endfacet
  facet normal 0 0 1
    outer loop
      vertex -31.5892 -21.0976 28.4
      vertex -31.5892 -23.3024 28.4
      vertex -31.4784 -23.3548 28.4
    endloop
  endfacet
  facet normal -0 0 1
    outer loop
      vertex -31.6945 -21.1607 28.4
      vertex -31.5892 -23.3024 28.4
      vertex -31.5892 -21.0976 28.4
    endloop
  endfacet
  facet normal 0 0 1
    outer loop
      vertex -31.6945 -21.1607 28.4
      vertex -31.6945 -23.2393 28.4
      vertex -31.5892 -23.3024 28.4
    endloop
  endfacet
  facet normal -0 0 1
    outer loop
      vertex -31.793 -21.2337 28.4
      vertex -31.6945 -23.2393 28.4
      vertex -31.6945 -21.1607 28.4
    endloop
  endfacet
  facet normal 0 0 1
    outer loop
      vertex -31.793 -21.2337 28.4
      vertex -31.793 -23.1663 28.4
      vertex -31.6945 -23.2393 28.4
    endloop
  endfacet
  facet normal -0 0 1
    outer loop
      vertex -31.8839 -21.3161 28.4
      vertex -31.793 -23.1663 28.4
      vertex -31.793 -21.2337 28.4
    endloop
  endfacet
  facet normal 0 0 1
    outer loop
      vertex -31.8839 -21.3161 28.4
      vertex -31.8839 -23.0839 28.4
      vertex -31.793 -23.1663 28.4
    endloop
  endfacet
  facet normal -0 0 1
    outer loop
      vertex -31.9663 -21.407 28.4
      vertex -31.8839 -23.0839 28.4
      vertex -31.8839 -21.3161 28.4
    endloop
  endfacet
  facet normal 0 0 1
    outer loop
      vertex -31.9663 -21.407 28.4
      vertex -31.9663 -22.993 28.4
      vertex -31.8839 -23.0839 28.4
    endloop
  endfacet
  facet normal -0 0 1
    outer loop
      vertex -32.0393 -21.5055 28.4
      vertex -31.9663 -22.993 28.4
      vertex -31.9663 -21.407 28.4
    endloop
  endfacet
  facet normal 0 0 1
    outer loop
      vertex -32.0393 -21.5055 28.4
      vertex -32.0393 -22.8945 28.4
      vertex -31.9663 -22.993 28.4
    endloop
  endfacet
  facet normal -0 0 1
    outer loop
      vertex -32.1024 -21.6108 28.4
      vertex -32.0393 -22.8945 28.4
      vertex -32.0393 -21.5055 28.4
    endloop
  endfacet
  facet normal 0 0 1
    outer loop
      vertex -32.1024 -21.6108 28.4
      vertex -32.1024 -22.7892 28.4
      vertex -32.0393 -22.8945 28.4
    endloop
  endfacet
  facet normal -0 0 1
    outer loop
      vertex -32.1549 -21.7216 28.4
      vertex -32.1024 -22.7892 28.4
      vertex -32.1024 -21.6108 28.4
    endloop
  endfacet
  facet normal 0 0 1
    outer loop
      vertex -32.1549 -21.7216 28.4
      vertex -32.1549 -22.6784 28.4
      vertex -32.1024 -22.7892 28.4
    endloop
  endfacet
  facet normal -0 0 1
    outer loop
      vertex -32.1962 -21.8371 28.4
      vertex -32.1549 -22.6784 28.4
      vertex -32.1549 -21.7216 28.4
    endloop
  endfacet
  facet normal 0 0 1
    outer loop
      vertex -32.1962 -21.8371 28.4
      vertex -32.1962 -22.5629 28.4
      vertex -32.1549 -22.6784 28.4
    endloop
  endfacet
  facet normal -0 0 1
    outer loop
      vertex -32.226 -21.9561 28.4
      vertex -32.1962 -22.5629 28.4
      vertex -32.1962 -21.8371 28.4
    endloop
  endfacet
  facet normal 0 0 1
    outer loop
      vertex -32.226 -21.9561 28.4
      vertex -32.226 -22.4439 28.4
      vertex -32.1962 -22.5629 28.4
    endloop
  endfacet
  facet normal -0 0 1
    outer loop
      vertex -32.244 -22.0775 28.4
      vertex -32.226 -22.4439 28.4
      vertex -32.226 -21.9561 28.4
    endloop
  endfacet
  facet normal 0 0 1
    outer loop
      vertex -32.244 -22.0775 28.4
      vertex -32.244 -22.3225 28.4
      vertex -32.226 -22.4439 28.4
    endloop
  endfacet
  facet normal 0 -0 1
    outer loop
      vertex -32.244 -22.3225 28.4
      vertex -32.244 -22.0775 28.4
      vertex -32.25 -22.2 28.4
    endloop
  endfacet
  facet normal -0.970047 -0.242919 0
    outer loop
      vertex -29.774 -21.9561 28.4
      vertex -29.8038 -21.8371 37.4
      vertex -29.8038 -21.8371 28.4
    endloop
  endfacet
  facet normal -0.970047 -0.242919 0
    outer loop
      vertex -29.8038 -21.8371 37.4
      vertex -29.774 -21.9561 28.4
      vertex -29.774 -21.9561 37.4
    endloop
  endfacet
  facet normal -0.989186 -0.146667 0
    outer loop
      vertex -29.756 -22.0775 28.4
      vertex -29.774 -21.9561 37.4
      vertex -29.774 -21.9561 28.4
    endloop
  endfacet
  facet normal -0.989186 -0.146667 0
    outer loop
      vertex -29.774 -21.9561 37.4
      vertex -29.756 -22.0775 28.4
      vertex -29.756 -22.0775 37.4
    endloop
  endfacet
  facet normal -0.941613 -0.336698 0
    outer loop
      vertex -29.8038 -21.8371 28.4
      vertex -29.8451 -21.7216 37.4
      vertex -29.8451 -21.7216 28.4
    endloop
  endfacet
  facet normal -0.941613 -0.336698 0
    outer loop
      vertex -29.8451 -21.7216 37.4
      vertex -29.8038 -21.8371 28.4
      vertex -29.8038 -21.8371 37.4
    endloop
  endfacet
  facet normal -0.803413 -0.595423 0
    outer loop
      vertex -29.9607 -21.5055 28.4
      vertex -30.0337 -21.407 37.4
      vertex -30.0337 -21.407 28.4
    endloop
  endfacet
  facet normal -0.803413 -0.595423 0
    outer loop
      vertex -30.0337 -21.407 37.4
      vertex -29.9607 -21.5055 28.4
      vertex -29.9607 -21.5055 37.4
    endloop
  endfacet
  facet normal -0.740898 -0.671617 0
    outer loop
      vertex -30.0337 -21.407 28.4
      vertex -30.1161 -21.3161 37.4
      vertex -30.1161 -21.3161 28.4
    endloop
  endfacet
  facet normal -0.740898 -0.671617 0
    outer loop
      vertex -30.1161 -21.3161 37.4
      vertex -30.0337 -21.407 28.4
      vertex -30.0337 -21.407 37.4
    endloop
  endfacet
  facet normal -0.85778 -0.514016 0
    outer loop
      vertex -29.8976 -21.6108 28.4
      vertex -29.9607 -21.5055 37.4
      vertex -29.9607 -21.5055 28.4
    endloop
  endfacet
  facet normal -0.85778 -0.514016 0
    outer loop
      vertex -29.9607 -21.5055 37.4
      vertex -29.8976 -21.6108 28.4
      vertex -29.8976 -21.6108 37.4
    endloop
  endfacet
  facet normal -0.146667 -0.989186 0
    outer loop
      vertex -30.8775 -20.956 28.4
      vertex -30.7561 -20.974 37.4
      vertex -30.8775 -20.956 37.4
    endloop
  endfacet
  facet normal -0.146667 -0.989186 -0
    outer loop
      vertex -30.7561 -20.974 37.4
      vertex -30.8775 -20.956 28.4
      vertex -30.7561 -20.974 28.4
    endloop
  endfacet
  facet normal -0.242919 -0.970047 0
    outer loop
      vertex -30.7561 -20.974 28.4
      vertex -30.6371 -21.0038 37.4
      vertex -30.7561 -20.974 37.4
    endloop
  endfacet
  facet normal -0.242919 -0.970047 -0
    outer loop
      vertex -30.6371 -21.0038 37.4
      vertex -30.7561 -20.974 28.4
      vertex -30.6371 -21.0038 28.4
    endloop
  endfacet
  facet normal -0.0489209 -0.998803 0
    outer loop
      vertex -31 -20.95 28.4
      vertex -30.8775 -20.956 37.4
      vertex -31 -20.95 37.4
    endloop
  endfacet
  facet normal -0.0489209 -0.998803 -0
    outer loop
      vertex -30.8775 -20.956 37.4
      vertex -31 -20.95 28.4
      vertex -30.8775 -20.956 28.4
    endloop
  endfacet
  facet normal -0.427525 -0.904003 0
    outer loop
      vertex -30.5216 -21.0452 28.4
      vertex -30.4108 -21.0976 37.4
      vertex -30.5216 -21.0452 37.4
    endloop
  endfacet
  facet normal -0.427525 -0.904003 -0
    outer loop
      vertex -30.4108 -21.0976 37.4
      vertex -30.5216 -21.0452 28.4
      vertex -30.4108 -21.0976 28.4
    endloop
  endfacet
  facet normal -0.595423 -0.803413 0
    outer loop
      vertex -30.3055 -21.1607 28.4
      vertex -30.207 -21.2337 37.4
      vertex -30.3055 -21.1607 37.4
    endloop
  endfacet
  facet normal -0.595423 -0.803413 -0
    outer loop
      vertex -30.207 -21.2337 37.4
      vertex -30.3055 -21.1607 28.4
      vertex -30.207 -21.2337 28.4
    endloop
  endfacet
  facet normal 0.970047 -0.242919 0
    outer loop
      vertex -32.226 -21.9561 37.4
      vertex -32.1962 -21.8371 28.4
      vertex -32.1962 -21.8371 37.4
    endloop
  endfacet
  facet normal 0.970047 -0.242919 0
    outer loop
      vertex -32.1962 -21.8371 28.4
      vertex -32.226 -21.9561 37.4
      vertex -32.226 -21.9561 28.4
    endloop
  endfacet
  facet normal 0.803413 -0.595423 0
    outer loop
      vertex -32.0393 -21.5055 37.4
      vertex -31.9663 -21.407 28.4
      vertex -31.9663 -21.407 37.4
    endloop
  endfacet
  facet normal 0.803413 -0.595423 0
    outer loop
      vertex -31.9663 -21.407 28.4
      vertex -32.0393 -21.5055 37.4
      vertex -32.0393 -21.5055 28.4
    endloop
  endfacet
  facet normal 0.740898 -0.671617 0
    outer loop
      vertex -31.9663 -21.407 37.4
      vertex -31.8839 -21.3161 28.4
      vertex -31.8839 -21.3161 37.4
    endloop
  endfacet
  facet normal 0.740898 -0.671617 0
    outer loop
      vertex -31.8839 -21.3161 28.4
      vertex -31.9663 -21.407 37.4
      vertex -31.9663 -21.407 28.4
    endloop
  endfacet
  facet normal 0.85778 -0.514016 0
    outer loop
      vertex -32.1024 -21.6108 37.4
      vertex -32.0393 -21.5055 28.4
      vertex -32.0393 -21.5055 37.4
    endloop
  endfacet
  facet normal 0.85778 -0.514016 0
    outer loop
      vertex -32.0393 -21.5055 28.4
      vertex -32.1024 -21.6108 37.4
      vertex -32.1024 -21.6108 28.4
    endloop
  endfacet
  facet normal 0.941613 -0.336698 0
    outer loop
      vertex -32.1962 -21.8371 37.4
      vertex -32.1549 -21.7216 28.4
      vertex -32.1549 -21.7216 37.4
    endloop
  endfacet
  facet normal 0.941613 -0.336698 0
    outer loop
      vertex -32.1549 -21.7216 28.4
      vertex -32.1962 -21.8371 37.4
      vertex -32.1962 -21.8371 28.4
    endloop
  endfacet
  facet normal 0.989186 -0.146667 0
    outer loop
      vertex -32.244 -22.0775 37.4
      vertex -32.226 -21.9561 28.4
      vertex -32.226 -21.9561 37.4
    endloop
  endfacet
  facet normal 0.989186 -0.146667 0
    outer loop
      vertex -32.226 -21.9561 28.4
      vertex -32.244 -22.0775 37.4
      vertex -32.244 -22.0775 28.4
    endloop
  endfacet
  facet normal 0.514016 -0.85778 0
    outer loop
      vertex -31.6945 -21.1607 28.4
      vertex -31.5892 -21.0976 37.4
      vertex -31.6945 -21.1607 37.4
    endloop
  endfacet
  facet normal 0.514016 -0.85778 0
    outer loop
      vertex -31.5892 -21.0976 37.4
      vertex -31.6945 -21.1607 28.4
      vertex -31.5892 -21.0976 28.4
    endloop
  endfacet
  facet normal 0.427525 -0.904003 0
    outer loop
      vertex -31.5892 -21.0976 28.4
      vertex -31.4784 -21.0452 37.4
      vertex -31.5892 -21.0976 37.4
    endloop
  endfacet
  facet normal 0.427525 -0.904003 0
    outer loop
      vertex -31.4784 -21.0452 37.4
      vertex -31.5892 -21.0976 28.4
      vertex -31.4784 -21.0452 28.4
    endloop
  endfacet
  facet normal 0.595423 -0.803413 0
    outer loop
      vertex -31.793 -21.2337 28.4
      vertex -31.6945 -21.1607 37.4
      vertex -31.793 -21.2337 37.4
    endloop
  endfacet
  facet normal 0.595423 -0.803413 0
    outer loop
      vertex -31.6945 -21.1607 37.4
      vertex -31.793 -21.2337 28.4
      vertex -31.6945 -21.1607 28.4
    endloop
  endfacet
  facet normal 0.146667 -0.989186 0
    outer loop
      vertex -31.2439 -20.974 28.4
      vertex -31.1225 -20.956 37.4
      vertex -31.2439 -20.974 37.4
    endloop
  endfacet
  facet normal 0.146667 -0.989186 0
    outer loop
      vertex -31.1225 -20.956 37.4
      vertex -31.2439 -20.974 28.4
      vertex -31.1225 -20.956 28.4
    endloop
  endfacet
  facet normal -0.0489209 0.998803 0
    outer loop
      vertex -30.8775 -23.444 28.4
      vertex -31 -23.45 37.4
      vertex -30.8775 -23.444 37.4
    endloop
  endfacet
  facet normal -0.0489209 0.998803 0
    outer loop
      vertex -31 -23.45 37.4
      vertex -30.8775 -23.444 28.4
      vertex -31 -23.45 28.4
    endloop
  endfacet
  facet normal -0.242919 0.970047 0
    outer loop
      vertex -30.6371 -23.3962 28.4
      vertex -30.7561 -23.426 37.4
      vertex -30.6371 -23.3962 37.4
    endloop
  endfacet
  facet normal -0.242919 0.970047 0
    outer loop
      vertex -30.7561 -23.426 37.4
      vertex -30.6371 -23.3962 28.4
      vertex -30.7561 -23.426 28.4
    endloop
  endfacet
  facet normal -0.595423 0.803413 0
    outer loop
      vertex -30.207 -23.1663 28.4
      vertex -30.3055 -23.2393 37.4
      vertex -30.207 -23.1663 37.4
    endloop
  endfacet
  facet normal -0.595423 0.803413 0
    outer loop
      vertex -30.3055 -23.2393 37.4
      vertex -30.207 -23.1663 28.4
      vertex -30.3055 -23.2393 28.4
    endloop
  endfacet
  facet normal -0.427525 0.904003 0
    outer loop
      vertex -30.4108 -23.3024 28.4
      vertex -30.5216 -23.3548 37.4
      vertex -30.4108 -23.3024 37.4
    endloop
  endfacet
  facet normal -0.427525 0.904003 0
    outer loop
      vertex -30.5216 -23.3548 37.4
      vertex -30.4108 -23.3024 28.4
      vertex -30.5216 -23.3548 28.4
    endloop
  endfacet
  facet normal -0.740898 0.671617 0
    outer loop
      vertex -30.1161 -23.0839 28.4
      vertex -30.0337 -22.993 37.4
      vertex -30.0337 -22.993 28.4
    endloop
  endfacet
  facet normal -0.740898 0.671617 0
    outer loop
      vertex -30.0337 -22.993 37.4
      vertex -30.1161 -23.0839 28.4
      vertex -30.1161 -23.0839 37.4
    endloop
  endfacet
  facet normal -0.85778 0.514016 0
    outer loop
      vertex -29.9607 -22.8945 28.4
      vertex -29.8976 -22.7892 37.4
      vertex -29.8976 -22.7892 28.4
    endloop
  endfacet
  facet normal -0.85778 0.514016 0
    outer loop
      vertex -29.8976 -22.7892 37.4
      vertex -29.9607 -22.8945 28.4
      vertex -29.9607 -22.8945 37.4
    endloop
  endfacet
  facet normal -0.941613 0.336698 0
    outer loop
      vertex -29.8451 -22.6784 28.4
      vertex -29.8038 -22.5629 37.4
      vertex -29.8038 -22.5629 28.4
    endloop
  endfacet
  facet normal -0.941613 0.336698 0
    outer loop
      vertex -29.8038 -22.5629 37.4
      vertex -29.8451 -22.6784 28.4
      vertex -29.8451 -22.6784 37.4
    endloop
  endfacet
  facet normal -0.970047 0.242919 0
    outer loop
      vertex -29.8038 -22.5629 28.4
      vertex -29.774 -22.4439 37.4
      vertex -29.774 -22.4439 28.4
    endloop
  endfacet
  facet normal -0.970047 0.242919 0
    outer loop
      vertex -29.774 -22.4439 37.4
      vertex -29.8038 -22.5629 28.4
      vertex -29.8038 -22.5629 37.4
    endloop
  endfacet
  facet normal -0.998803 0.0489209 0
    outer loop
      vertex -29.756 -22.3225 28.4
      vertex -29.75 -22.2 37.4
      vertex -29.75 -22.2 28.4
    endloop
  endfacet
  facet normal -0.998803 0.0489209 0
    outer loop
      vertex -29.75 -22.2 37.4
      vertex -29.756 -22.3225 28.4
      vertex -29.756 -22.3225 37.4
    endloop
  endfacet
  facet normal 0.671617 0.740898 -0
    outer loop
      vertex -31.793 -23.1663 28.4
      vertex -31.8839 -23.0839 37.4
      vertex -31.793 -23.1663 37.4
    endloop
  endfacet
  facet normal 0.671617 0.740898 0
    outer loop
      vertex -31.8839 -23.0839 37.4
      vertex -31.793 -23.1663 28.4
      vertex -31.8839 -23.0839 28.4
    endloop
  endfacet
  facet normal 0.514016 0.85778 -0
    outer loop
      vertex -31.5892 -23.3024 28.4
      vertex -31.6945 -23.2393 37.4
      vertex -31.5892 -23.3024 37.4
    endloop
  endfacet
  facet normal 0.514016 0.85778 0
    outer loop
      vertex -31.6945 -23.2393 37.4
      vertex -31.5892 -23.3024 28.4
      vertex -31.6945 -23.2393 28.4
    endloop
  endfacet
  facet normal 0.33742 0.941354 -0
    outer loop
      vertex -31.3629 -23.3962 28.4
      vertex -31.4784 -23.3548 37.4
      vertex -31.3629 -23.3962 37.4
    endloop
  endfacet
  facet normal 0.33742 0.941354 0
    outer loop
      vertex -31.4784 -23.3548 37.4
      vertex -31.3629 -23.3962 28.4
      vertex -31.4784 -23.3548 28.4
    endloop
  endfacet
  facet normal 0.146667 0.989186 -0
    outer loop
      vertex -31.1225 -23.444 28.4
      vertex -31.2439 -23.426 37.4
      vertex -31.1225 -23.444 37.4
    endloop
  endfacet
  facet normal 0.146667 0.989186 0
    outer loop
      vertex -31.2439 -23.426 37.4
      vertex -31.1225 -23.444 28.4
      vertex -31.2439 -23.426 28.4
    endloop
  endfacet
  facet normal 0.85778 0.514016 0
    outer loop
      vertex -32.0393 -22.8945 37.4
      vertex -32.1024 -22.7892 28.4
      vertex -32.1024 -22.7892 37.4
    endloop
  endfacet
  facet normal 0.85778 0.514016 0
    outer loop
      vertex -32.1024 -22.7892 28.4
      vertex -32.0393 -22.8945 37.4
      vertex -32.0393 -22.8945 28.4
    endloop
  endfacet
  facet normal 0.903688 0.428192 0
    outer loop
      vertex -32.1024 -22.7892 37.4
      vertex -32.1549 -22.6784 28.4
      vertex -32.1549 -22.6784 37.4
    endloop
  endfacet
  facet normal 0.903688 0.428192 0
    outer loop
      vertex -32.1549 -22.6784 28.4
      vertex -32.1024 -22.7892 37.4
      vertex -32.1024 -22.7892 28.4
    endloop
  endfacet
  facet normal 0.803413 0.595423 0
    outer loop
      vertex -31.9663 -22.993 37.4
      vertex -32.0393 -22.8945 28.4
      vertex -32.0393 -22.8945 37.4
    endloop
  endfacet
  facet normal 0.803413 0.595423 0
    outer loop
      vertex -32.0393 -22.8945 28.4
      vertex -31.9663 -22.993 37.4
      vertex -31.9663 -22.993 28.4
    endloop
  endfacet
  facet normal 0.970047 0.242919 0
    outer loop
      vertex -32.1962 -22.5629 37.4
      vertex -32.226 -22.4439 28.4
      vertex -32.226 -22.4439 37.4
    endloop
  endfacet
  facet normal 0.970047 0.242919 0
    outer loop
      vertex -32.226 -22.4439 28.4
      vertex -32.1962 -22.5629 37.4
      vertex -32.1962 -22.5629 28.4
    endloop
  endfacet
  facet normal 0.941613 0.336698 0
    outer loop
      vertex -32.1549 -22.6784 37.4
      vertex -32.1962 -22.5629 28.4
      vertex -32.1962 -22.5629 37.4
    endloop
  endfacet
  facet normal 0.941613 0.336698 0
    outer loop
      vertex -32.1962 -22.5629 28.4
      vertex -32.1549 -22.6784 37.4
      vertex -32.1549 -22.6784 28.4
    endloop
  endfacet
  facet normal 0.998803 0.0489209 0
    outer loop
      vertex -32.244 -22.3225 37.4
      vertex -32.25 -22.2 28.4
      vertex -32.25 -22.2 37.4
    endloop
  endfacet
  facet normal 0.998803 0.0489209 0
    outer loop
      vertex -32.25 -22.2 28.4
      vertex -32.244 -22.3225 37.4
      vertex -32.244 -22.3225 28.4
    endloop
  endfacet
  facet normal -0.146667 0.989186 0
    outer loop
      vertex -30.7561 -23.426 28.4
      vertex -30.8775 -23.444 37.4
      vertex -30.7561 -23.426 37.4
    endloop
  endfacet
  facet normal -0.146667 0.989186 0
    outer loop
      vertex -30.8775 -23.444 37.4
      vertex -30.7561 -23.426 28.4
      vertex -30.8775 -23.444 28.4
    endloop
  endfacet
  facet normal -0.33742 0.941354 0
    outer loop
      vertex -30.5216 -23.3548 28.4
      vertex -30.6371 -23.3962 37.4
      vertex -30.5216 -23.3548 37.4
    endloop
  endfacet
  facet normal -0.33742 0.941354 0
    outer loop
      vertex -30.6371 -23.3962 37.4
      vertex -30.5216 -23.3548 28.4
      vertex -30.6371 -23.3962 28.4
    endloop
  endfacet
  facet normal -0.671617 0.740898 0
    outer loop
      vertex -30.1161 -23.0839 28.4
      vertex -30.207 -23.1663 37.4
      vertex -30.1161 -23.0839 37.4
    endloop
  endfacet
  facet normal -0.671617 0.740898 0
    outer loop
      vertex -30.207 -23.1663 37.4
      vertex -30.1161 -23.0839 28.4
      vertex -30.207 -23.1663 28.4
    endloop
  endfacet
  facet normal -0.514016 0.85778 0
    outer loop
      vertex -30.3055 -23.2393 28.4
      vertex -30.4108 -23.3024 37.4
      vertex -30.3055 -23.2393 37.4
    endloop
  endfacet
  facet normal -0.514016 0.85778 0
    outer loop
      vertex -30.4108 -23.3024 37.4
      vertex -30.3055 -23.2393 28.4
      vertex -30.4108 -23.3024 28.4
    endloop
  endfacet
  facet normal -0.803413 0.595423 0
    outer loop
      vertex -30.0337 -22.993 28.4
      vertex -29.9607 -22.8945 37.4
      vertex -29.9607 -22.8945 28.4
    endloop
  endfacet
  facet normal -0.803413 0.595423 0
    outer loop
      vertex -29.9607 -22.8945 37.4
      vertex -30.0337 -22.993 28.4
      vertex -30.0337 -22.993 37.4
    endloop
  endfacet
  facet normal -0.903688 0.428192 0
    outer loop
      vertex -29.8976 -22.7892 28.4
      vertex -29.8451 -22.6784 37.4
      vertex -29.8451 -22.6784 28.4
    endloop
  endfacet
  facet normal -0.903688 0.428192 0
    outer loop
      vertex -29.8451 -22.6784 37.4
      vertex -29.8976 -22.7892 28.4
      vertex -29.8976 -22.7892 37.4
    endloop
  endfacet
  facet normal 0.595423 0.803413 -0
    outer loop
      vertex -31.6945 -23.2393 28.4
      vertex -31.793 -23.1663 37.4
      vertex -31.6945 -23.2393 37.4
    endloop
  endfacet
  facet normal 0.595423 0.803413 0
    outer loop
      vertex -31.793 -23.1663 37.4
      vertex -31.6945 -23.2393 28.4
      vertex -31.793 -23.1663 28.4
    endloop
  endfacet
  facet normal 0.427525 0.904003 -0
    outer loop
      vertex -31.4784 -23.3548 28.4
      vertex -31.5892 -23.3024 37.4
      vertex -31.4784 -23.3548 37.4
    endloop
  endfacet
  facet normal 0.427525 0.904003 0
    outer loop
      vertex -31.5892 -23.3024 37.4
      vertex -31.4784 -23.3548 28.4
      vertex -31.5892 -23.3024 28.4
    endloop
  endfacet
  facet normal 0.242919 0.970047 -0
    outer loop
      vertex -31.2439 -23.426 28.4
      vertex -31.3629 -23.3962 37.4
      vertex -31.2439 -23.426 37.4
    endloop
  endfacet
  facet normal 0.242919 0.970047 0
    outer loop
      vertex -31.3629 -23.3962 37.4
      vertex -31.2439 -23.426 28.4
      vertex -31.3629 -23.3962 28.4
    endloop
  endfacet
  facet normal 0.0489209 0.998803 -0
    outer loop
      vertex -31 -23.45 28.4
      vertex -31.1225 -23.444 37.4
      vertex -31 -23.45 37.4
    endloop
  endfacet
  facet normal 0.0489209 0.998803 0
    outer loop
      vertex -31.1225 -23.444 37.4
      vertex -31 -23.45 28.4
      vertex -31.1225 -23.444 28.4
    endloop
  endfacet
  facet normal 0.989186 0.146667 0
    outer loop
      vertex -32.226 -22.4439 37.4
      vertex -32.244 -22.3225 28.4
      vertex -32.244 -22.3225 37.4
    endloop
  endfacet
  facet normal 0.989186 0.146667 0
    outer loop
      vertex -32.244 -22.3225 28.4
      vertex -32.226 -22.4439 37.4
      vertex -32.226 -22.4439 28.4
    endloop
  endfacet
  facet normal -0.989186 0.146667 0
    outer loop
      vertex -29.774 -22.4439 28.4
      vertex -29.756 -22.3225 37.4
      vertex -29.756 -22.3225 28.4
    endloop
  endfacet
  facet normal -0.989186 0.146667 0
    outer loop
      vertex -29.756 -22.3225 37.4
      vertex -29.774 -22.4439 28.4
      vertex -29.774 -22.4439 37.4
    endloop
  endfacet
  facet normal -0.998803 -0.0489209 0
    outer loop
      vertex 32.25 -22.2 28.4
      vertex 32.244 -22.0775 37.4
      vertex 32.244 -22.0775 28.4
    endloop
  endfacet
  facet normal -0.998803 -0.0489209 0
    outer loop
      vertex 32.244 -22.0775 37.4
      vertex 32.25 -22.2 28.4
      vertex 32.25 -22.2 37.4
    endloop
  endfacet
  facet normal 0.0489209 -0.998803 0
    outer loop
      vertex 30.8775 -20.956 28.4
      vertex 31 -20.95 37.4
      vertex 30.8775 -20.956 37.4
    endloop
  endfacet
  facet normal 0.0489209 -0.998803 0
    outer loop
      vertex 31 -20.95 37.4
      vertex 30.8775 -20.956 28.4
      vertex 31 -20.95 28.4
    endloop
  endfacet
  facet normal -0.0489209 0.998803 0
    outer loop
      vertex 31.1225 -23.444 28.4
      vertex 31 -23.45 37.4
      vertex 31.1225 -23.444 37.4
    endloop
  endfacet
  facet normal -0.0489209 0.998803 0
    outer loop
      vertex 31 -23.45 37.4
      vertex 31.1225 -23.444 28.4
      vertex 31 -23.45 28.4
    endloop
  endfacet
  facet normal -0.671617 -0.740898 0
    outer loop
      vertex 31.793 -21.2337 28.4
      vertex 31.8839 -21.3161 37.4
      vertex 31.793 -21.2337 37.4
    endloop
  endfacet
  facet normal -0.671617 -0.740898 -0
    outer loop
      vertex 31.8839 -21.3161 37.4
      vertex 31.793 -21.2337 28.4
      vertex 31.8839 -21.3161 28.4
    endloop
  endfacet
  facet normal 0.740898 -0.671617 0
    outer loop
      vertex 30.0337 -21.407 37.4
      vertex 30.1161 -21.3161 28.4
      vertex 30.1161 -21.3161 37.4
    endloop
  endfacet
  facet normal 0.740898 -0.671617 0
    outer loop
      vertex 30.1161 -21.3161 28.4
      vertex 30.0337 -21.407 37.4
      vertex 30.0337 -21.407 28.4
    endloop
  endfacet
  facet normal 0.427525 -0.904003 0
    outer loop
      vertex 30.4108 -21.0976 28.4
      vertex 30.5216 -21.0452 37.4
      vertex 30.4108 -21.0976 37.4
    endloop
  endfacet
  facet normal 0.427525 -0.904003 0
    outer loop
      vertex 30.5216 -21.0452 37.4
      vertex 30.4108 -21.0976 28.4
      vertex 30.5216 -21.0452 28.4
    endloop
  endfacet
  facet normal -0.903688 -0.428192 0
    outer loop
      vertex 32.1549 -21.7216 28.4
      vertex 32.1024 -21.6108 37.4
      vertex 32.1024 -21.6108 28.4
    endloop
  endfacet
  facet normal -0.903688 -0.428192 0
    outer loop
      vertex 32.1024 -21.6108 37.4
      vertex 32.1549 -21.7216 28.4
      vertex 32.1549 -21.7216 37.4
    endloop
  endfacet
  facet normal -0.33742 -0.941354 0
    outer loop
      vertex 31.3629 -21.0038 28.4
      vertex 31.4784 -21.0452 37.4
      vertex 31.3629 -21.0038 37.4
    endloop
  endfacet
  facet normal -0.33742 -0.941354 -0
    outer loop
      vertex 31.4784 -21.0452 37.4
      vertex 31.3629 -21.0038 28.4
      vertex 31.4784 -21.0452 28.4
    endloop
  endfacet
  facet normal -0.514016 -0.85778 0
    outer loop
      vertex 31.5892 -21.0976 28.4
      vertex 31.6945 -21.1607 37.4
      vertex 31.5892 -21.0976 37.4
    endloop
  endfacet
  facet normal -0.514016 -0.85778 -0
    outer loop
      vertex 31.6945 -21.1607 37.4
      vertex 31.5892 -21.0976 28.4
      vertex 31.6945 -21.1607 28.4
    endloop
  endfacet
  facet normal 0.941613 -0.336698 0
    outer loop
      vertex 29.8038 -21.8371 37.4
      vertex 29.8451 -21.7216 28.4
      vertex 29.8451 -21.7216 37.4
    endloop
  endfacet
  facet normal 0.941613 -0.336698 0
    outer loop
      vertex 29.8451 -21.7216 28.4
      vertex 29.8038 -21.8371 37.4
      vertex 29.8038 -21.8371 28.4
    endloop
  endfacet
  facet normal 0.242919 -0.970047 0
    outer loop
      vertex 30.6371 -21.0038 28.4
      vertex 30.7561 -20.974 37.4
      vertex 30.6371 -21.0038 37.4
    endloop
  endfacet
  facet normal 0.242919 -0.970047 0
    outer loop
      vertex 30.7561 -20.974 37.4
      vertex 30.6371 -21.0038 28.4
      vertex 30.7561 -20.974 28.4
    endloop
  endfacet
  facet normal -0.989186 0.146667 0
    outer loop
      vertex 32.226 -22.4439 28.4
      vertex 32.244 -22.3225 37.4
      vertex 32.244 -22.3225 28.4
    endloop
  endfacet
  facet normal -0.989186 0.146667 0
    outer loop
      vertex 32.244 -22.3225 37.4
      vertex 32.226 -22.4439 28.4
      vertex 32.226 -22.4439 37.4
    endloop
  endfacet
  facet normal 0.740898 0.671617 0
    outer loop
      vertex 30.1161 -23.0839 37.4
      vertex 30.0337 -22.993 28.4
      vertex 30.0337 -22.993 37.4
    endloop
  endfacet
  facet normal 0.740898 0.671617 0
    outer loop
      vertex 30.0337 -22.993 28.4
      vertex 30.1161 -23.0839 37.4
      vertex 30.1161 -23.0839 28.4
    endloop
  endfacet
  facet normal -0.146667 0.989186 0
    outer loop
      vertex 31.2439 -23.426 28.4
      vertex 31.1225 -23.444 37.4
      vertex 31.2439 -23.426 37.4
    endloop
  endfacet
  facet normal -0.146667 0.989186 0
    outer loop
      vertex 31.1225 -23.444 37.4
      vertex 31.2439 -23.426 28.4
      vertex 31.1225 -23.444 28.4
    endloop
  endfacet
  facet normal -0.970047 -0.242919 0
    outer loop
      vertex 32.226 -21.9561 28.4
      vertex 32.1962 -21.8371 37.4
      vertex 32.1962 -21.8371 28.4
    endloop
  endfacet
  facet normal -0.970047 -0.242919 0
    outer loop
      vertex 32.1962 -21.8371 37.4
      vertex 32.226 -21.9561 28.4
      vertex 32.226 -21.9561 37.4
    endloop
  endfacet
  facet normal -0.989186 -0.146667 0
    outer loop
      vertex 32.244 -22.0775 28.4
      vertex 32.226 -21.9561 37.4
      vertex 32.226 -21.9561 28.4
    endloop
  endfacet
  facet normal -0.989186 -0.146667 0
    outer loop
      vertex 32.226 -21.9561 37.4
      vertex 32.244 -22.0775 28.4
      vertex 32.244 -22.0775 37.4
    endloop
  endfacet
  facet normal -0.941613 -0.336698 0
    outer loop
      vertex 32.1962 -21.8371 28.4
      vertex 32.1549 -21.7216 37.4
      vertex 32.1549 -21.7216 28.4
    endloop
  endfacet
  facet normal -0.941613 -0.336698 0
    outer loop
      vertex 32.1549 -21.7216 37.4
      vertex 32.1962 -21.8371 28.4
      vertex 32.1962 -21.8371 37.4
    endloop
  endfacet
  facet normal -0.803413 -0.595423 0
    outer loop
      vertex 32.0393 -21.5055 28.4
      vertex 31.9663 -21.407 37.4
      vertex 31.9663 -21.407 28.4
    endloop
  endfacet
  facet normal -0.803413 -0.595423 0
    outer loop
      vertex 31.9663 -21.407 37.4
      vertex 32.0393 -21.5055 28.4
      vertex 32.0393 -21.5055 37.4
    endloop
  endfacet
  facet normal -0.740898 -0.671617 0
    outer loop
      vertex 31.9663 -21.407 28.4
      vertex 31.8839 -21.3161 37.4
      vertex 31.8839 -21.3161 28.4
    endloop
  endfacet
  facet normal -0.740898 -0.671617 0
    outer loop
      vertex 31.8839 -21.3161 37.4
      vertex 31.9663 -21.407 28.4
      vertex 31.9663 -21.407 37.4
    endloop
  endfacet
  facet normal -0.85778 -0.514016 0
    outer loop
      vertex 32.1024 -21.6108 28.4
      vertex 32.0393 -21.5055 37.4
      vertex 32.0393 -21.5055 28.4
    endloop
  endfacet
  facet normal -0.85778 -0.514016 0
    outer loop
      vertex 32.0393 -21.5055 37.4
      vertex 32.1024 -21.6108 28.4
      vertex 32.1024 -21.6108 37.4
    endloop
  endfacet
  facet normal -0.146667 -0.989186 0
    outer loop
      vertex 31.1225 -20.956 28.4
      vertex 31.2439 -20.974 37.4
      vertex 31.1225 -20.956 37.4
    endloop
  endfacet
  facet normal -0.146667 -0.989186 -0
    outer loop
      vertex 31.2439 -20.974 37.4
      vertex 31.1225 -20.956 28.4
      vertex 31.2439 -20.974 28.4
    endloop
  endfacet
  facet normal -0.242919 -0.970047 0
    outer loop
      vertex 31.2439 -20.974 28.4
      vertex 31.3629 -21.0038 37.4
      vertex 31.2439 -20.974 37.4
    endloop
  endfacet
  facet normal -0.242919 -0.970047 -0
    outer loop
      vertex 31.3629 -21.0038 37.4
      vertex 31.2439 -20.974 28.4
      vertex 31.3629 -21.0038 28.4
    endloop
  endfacet
  facet normal -0.0489209 -0.998803 0
    outer loop
      vertex 31 -20.95 28.4
      vertex 31.1225 -20.956 37.4
      vertex 31 -20.95 37.4
    endloop
  endfacet
  facet normal -0.0489209 -0.998803 -0
    outer loop
      vertex 31.1225 -20.956 37.4
      vertex 31 -20.95 28.4
      vertex 31.1225 -20.956 28.4
    endloop
  endfacet
  facet normal -0.427525 -0.904003 0
    outer loop
      vertex 31.4784 -21.0452 28.4
      vertex 31.5892 -21.0976 37.4
      vertex 31.4784 -21.0452 37.4
    endloop
  endfacet
  facet normal -0.427525 -0.904003 -0
    outer loop
      vertex 31.5892 -21.0976 37.4
      vertex 31.4784 -21.0452 28.4
      vertex 31.5892 -21.0976 28.4
    endloop
  endfacet
  facet normal -0.595423 -0.803413 0
    outer loop
      vertex 31.6945 -21.1607 28.4
      vertex 31.793 -21.2337 37.4
      vertex 31.6945 -21.1607 37.4
    endloop
  endfacet
  facet normal -0.595423 -0.803413 -0
    outer loop
      vertex 31.793 -21.2337 37.4
      vertex 31.6945 -21.1607 28.4
      vertex 31.793 -21.2337 28.4
    endloop
  endfacet
  facet normal 0.989186 -0.146667 0
    outer loop
      vertex 29.756 -22.0775 37.4
      vertex 29.774 -21.9561 28.4
      vertex 29.774 -21.9561 37.4
    endloop
  endfacet
  facet normal 0.989186 -0.146667 0
    outer loop
      vertex 29.774 -21.9561 28.4
      vertex 29.756 -22.0775 37.4
      vertex 29.756 -22.0775 28.4
    endloop
  endfacet
  facet normal 0 0 1
    outer loop
      vertex 32.244 -22.0775 28.4
      vertex 32.244 -22.3225 28.4
      vertex 32.25 -22.2 28.4
    endloop
  endfacet
  facet normal 0 0 1
    outer loop
      vertex 32.226 -21.9561 28.4
      vertex 32.244 -22.3225 28.4
      vertex 32.244 -22.0775 28.4
    endloop
  endfacet
  facet normal 0 0 1
    outer loop
      vertex 32.226 -21.9561 28.4
      vertex 32.226 -22.4439 28.4
      vertex 32.244 -22.3225 28.4
    endloop
  endfacet
  facet normal 0 0 1
    outer loop
      vertex 32.1962 -21.8371 28.4
      vertex 32.226 -22.4439 28.4
      vertex 32.226 -21.9561 28.4
    endloop
  endfacet
  facet normal 0 0 1
    outer loop
      vertex 32.1962 -21.8371 28.4
      vertex 32.1962 -22.5629 28.4
      vertex 32.226 -22.4439 28.4
    endloop
  endfacet
  facet normal 0 0 1
    outer loop
      vertex 32.1549 -21.7216 28.4
      vertex 32.1962 -22.5629 28.4
      vertex 32.1962 -21.8371 28.4
    endloop
  endfacet
  facet normal 0 0 1
    outer loop
      vertex 32.1549 -21.7216 28.4
      vertex 32.1549 -22.6784 28.4
      vertex 32.1962 -22.5629 28.4
    endloop
  endfacet
  facet normal 0 0 1
    outer loop
      vertex 32.1024 -21.6108 28.4
      vertex 32.1549 -22.6784 28.4
      vertex 32.1549 -21.7216 28.4
    endloop
  endfacet
  facet normal 0 0 1
    outer loop
      vertex 32.1024 -21.6108 28.4
      vertex 32.1024 -22.7892 28.4
      vertex 32.1549 -22.6784 28.4
    endloop
  endfacet
  facet normal 0 0 1
    outer loop
      vertex 32.0393 -21.5055 28.4
      vertex 32.1024 -22.7892 28.4
      vertex 32.1024 -21.6108 28.4
    endloop
  endfacet
  facet normal 0 0 1
    outer loop
      vertex 32.0393 -21.5055 28.4
      vertex 32.0393 -22.8945 28.4
      vertex 32.1024 -22.7892 28.4
    endloop
  endfacet
  facet normal 0 0 1
    outer loop
      vertex 31.9663 -21.407 28.4
      vertex 32.0393 -22.8945 28.4
      vertex 32.0393 -21.5055 28.4
    endloop
  endfacet
  facet normal 0 0 1
    outer loop
      vertex 31.9663 -21.407 28.4
      vertex 31.9663 -22.993 28.4
      vertex 32.0393 -22.8945 28.4
    endloop
  endfacet
  facet normal 0 0 1
    outer loop
      vertex 31.8839 -21.3161 28.4
      vertex 31.9663 -22.993 28.4
      vertex 31.9663 -21.407 28.4
    endloop
  endfacet
  facet normal 0 0 1
    outer loop
      vertex 31.8839 -21.3161 28.4
      vertex 31.8839 -23.0839 28.4
      vertex 31.9663 -22.993 28.4
    endloop
  endfacet
  facet normal 0 0 1
    outer loop
      vertex 31.793 -21.2337 28.4
      vertex 31.8839 -23.0839 28.4
      vertex 31.8839 -21.3161 28.4
    endloop
  endfacet
  facet normal 0 0 1
    outer loop
      vertex 31.793 -21.2337 28.4
      vertex 31.793 -23.1663 28.4
      vertex 31.8839 -23.0839 28.4
    endloop
  endfacet
  facet normal 0 0 1
    outer loop
      vertex 31.6945 -21.1607 28.4
      vertex 31.793 -23.1663 28.4
      vertex 31.793 -21.2337 28.4
    endloop
  endfacet
  facet normal 0 0 1
    outer loop
      vertex 31.6945 -21.1607 28.4
      vertex 31.6945 -23.2393 28.4
      vertex 31.793 -23.1663 28.4
    endloop
  endfacet
  facet normal 0 0 1
    outer loop
      vertex 31.5892 -21.0976 28.4
      vertex 31.6945 -23.2393 28.4
      vertex 31.6945 -21.1607 28.4
    endloop
  endfacet
  facet normal 0 0 1
    outer loop
      vertex 31.5892 -21.0976 28.4
      vertex 31.5892 -23.3024 28.4
      vertex 31.6945 -23.2393 28.4
    endloop
  endfacet
  facet normal 0 0 1
    outer loop
      vertex 31.4784 -21.0452 28.4
      vertex 31.5892 -23.3024 28.4
      vertex 31.5892 -21.0976 28.4
    endloop
  endfacet
  facet normal 0 0 1
    outer loop
      vertex 31.4784 -21.0452 28.4
      vertex 31.4784 -23.3548 28.4
      vertex 31.5892 -23.3024 28.4
    endloop
  endfacet
  facet normal 0 0 1
    outer loop
      vertex 31.3629 -21.0038 28.4
      vertex 31.4784 -23.3548 28.4
      vertex 31.4784 -21.0452 28.4
    endloop
  endfacet
  facet normal 0 0 1
    outer loop
      vertex 31.3629 -21.0038 28.4
      vertex 31.3629 -23.3962 28.4
      vertex 31.4784 -23.3548 28.4
    endloop
  endfacet
  facet normal 0 0 1
    outer loop
      vertex 31.2439 -20.974 28.4
      vertex 31.3629 -23.3962 28.4
      vertex 31.3629 -21.0038 28.4
    endloop
  endfacet
  facet normal 0 0 1
    outer loop
      vertex 31.2439 -20.974 28.4
      vertex 31.2439 -23.426 28.4
      vertex 31.3629 -23.3962 28.4
    endloop
  endfacet
  facet normal 0 0 1
    outer loop
      vertex 31.1225 -20.956 28.4
      vertex 31.2439 -23.426 28.4
      vertex 31.2439 -20.974 28.4
    endloop
  endfacet
  facet normal 0 0 1
    outer loop
      vertex 31.1225 -20.956 28.4
      vertex 31.1225 -23.444 28.4
      vertex 31.2439 -23.426 28.4
    endloop
  endfacet
  facet normal 0 0 1
    outer loop
      vertex 31 -20.95 28.4
      vertex 31.1225 -23.444 28.4
      vertex 31.1225 -20.956 28.4
    endloop
  endfacet
  facet normal 0 0 1
    outer loop
      vertex 31 -20.95 28.4
      vertex 31 -23.45 28.4
      vertex 31.1225 -23.444 28.4
    endloop
  endfacet
  facet normal -0 0 1
    outer loop
      vertex 30.8775 -20.956 28.4
      vertex 31 -23.45 28.4
      vertex 31 -20.95 28.4
    endloop
  endfacet
  facet normal 0 0 1
    outer loop
      vertex 30.8775 -20.956 28.4
      vertex 30.8775 -23.444 28.4
      vertex 31 -23.45 28.4
    endloop
  endfacet
  facet normal -0 0 1
    outer loop
      vertex 30.7561 -20.974 28.4
      vertex 30.8775 -23.444 28.4
      vertex 30.8775 -20.956 28.4
    endloop
  endfacet
  facet normal 0 0 1
    outer loop
      vertex 30.7561 -20.974 28.4
      vertex 30.7561 -23.426 28.4
      vertex 30.8775 -23.444 28.4
    endloop
  endfacet
  facet normal -0 0 1
    outer loop
      vertex 30.6371 -21.0038 28.4
      vertex 30.7561 -23.426 28.4
      vertex 30.7561 -20.974 28.4
    endloop
  endfacet
  facet normal 0 0 1
    outer loop
      vertex 30.6371 -21.0038 28.4
      vertex 30.6371 -23.3962 28.4
      vertex 30.7561 -23.426 28.4
    endloop
  endfacet
  facet normal -0 0 1
    outer loop
      vertex 30.5216 -21.0452 28.4
      vertex 30.6371 -23.3962 28.4
      vertex 30.6371 -21.0038 28.4
    endloop
  endfacet
  facet normal 0 0 1
    outer loop
      vertex 30.5216 -21.0452 28.4
      vertex 30.5216 -23.3548 28.4
      vertex 30.6371 -23.3962 28.4
    endloop
  endfacet
  facet normal -0 0 1
    outer loop
      vertex 30.4108 -21.0976 28.4
      vertex 30.5216 -23.3548 28.4
      vertex 30.5216 -21.0452 28.4
    endloop
  endfacet
  facet normal 0 0 1
    outer loop
      vertex 30.4108 -21.0976 28.4
      vertex 30.4108 -23.3024 28.4
      vertex 30.5216 -23.3548 28.4
    endloop
  endfacet
  facet normal -0 0 1
    outer loop
      vertex 30.3055 -21.1607 28.4
      vertex 30.4108 -23.3024 28.4
      vertex 30.4108 -21.0976 28.4
    endloop
  endfacet
  facet normal 0 0 1
    outer loop
      vertex 30.3055 -21.1607 28.4
      vertex 30.3055 -23.2393 28.4
      vertex 30.4108 -23.3024 28.4
    endloop
  endfacet
  facet normal -0 0 1
    outer loop
      vertex 30.207 -21.2337 28.4
      vertex 30.3055 -23.2393 28.4
      vertex 30.3055 -21.1607 28.4
    endloop
  endfacet
  facet normal 0 0 1
    outer loop
      vertex 30.207 -21.2337 28.4
      vertex 30.207 -23.1663 28.4
      vertex 30.3055 -23.2393 28.4
    endloop
  endfacet
  facet normal -0 0 1
    outer loop
      vertex 30.1161 -21.3161 28.4
      vertex 30.207 -23.1663 28.4
      vertex 30.207 -21.2337 28.4
    endloop
  endfacet
  facet normal 0 0 1
    outer loop
      vertex 30.1161 -21.3161 28.4
      vertex 30.1161 -23.0839 28.4
      vertex 30.207 -23.1663 28.4
    endloop
  endfacet
  facet normal -0 0 1
    outer loop
      vertex 30.0337 -21.407 28.4
      vertex 30.1161 -23.0839 28.4
      vertex 30.1161 -21.3161 28.4
    endloop
  endfacet
  facet normal 0 0 1
    outer loop
      vertex 30.0337 -21.407 28.4
      vertex 30.0337 -22.993 28.4
      vertex 30.1161 -23.0839 28.4
    endloop
  endfacet
  facet normal -0 0 1
    outer loop
      vertex 29.9607 -21.5055 28.4
      vertex 30.0337 -22.993 28.4
      vertex 30.0337 -21.407 28.4
    endloop
  endfacet
  facet normal 0 0 1
    outer loop
      vertex 29.9607 -21.5055 28.4
      vertex 29.9607 -22.8945 28.4
      vertex 30.0337 -22.993 28.4
    endloop
  endfacet
  facet normal -0 0 1
    outer loop
      vertex 29.8976 -21.6108 28.4
      vertex 29.9607 -22.8945 28.4
      vertex 29.9607 -21.5055 28.4
    endloop
  endfacet
  facet normal 0 0 1
    outer loop
      vertex 29.8976 -21.6108 28.4
      vertex 29.8976 -22.7892 28.4
      vertex 29.9607 -22.8945 28.4
    endloop
  endfacet
  facet normal -0 0 1
    outer loop
      vertex 29.8451 -21.7216 28.4
      vertex 29.8976 -22.7892 28.4
      vertex 29.8976 -21.6108 28.4
    endloop
  endfacet
  facet normal 0 0 1
    outer loop
      vertex 29.8451 -21.7216 28.4
      vertex 29.8451 -22.6784 28.4
      vertex 29.8976 -22.7892 28.4
    endloop
  endfacet
  facet normal -0 0 1
    outer loop
      vertex 29.8038 -21.8371 28.4
      vertex 29.8451 -22.6784 28.4
      vertex 29.8451 -21.7216 28.4
    endloop
  endfacet
  facet normal 0 0 1
    outer loop
      vertex 29.8038 -21.8371 28.4
      vertex 29.8038 -22.5629 28.4
      vertex 29.8451 -22.6784 28.4
    endloop
  endfacet
  facet normal -0 0 1
    outer loop
      vertex 29.774 -21.9561 28.4
      vertex 29.8038 -22.5629 28.4
      vertex 29.8038 -21.8371 28.4
    endloop
  endfacet
  facet normal 0 0 1
    outer loop
      vertex 29.774 -21.9561 28.4
      vertex 29.774 -22.4439 28.4
      vertex 29.8038 -22.5629 28.4
    endloop
  endfacet
  facet normal -0 0 1
    outer loop
      vertex 29.756 -22.0775 28.4
      vertex 29.774 -22.4439 28.4
      vertex 29.774 -21.9561 28.4
    endloop
  endfacet
  facet normal 0 0 1
    outer loop
      vertex 29.756 -22.0775 28.4
      vertex 29.756 -22.3225 28.4
      vertex 29.774 -22.4439 28.4
    endloop
  endfacet
  facet normal 0 -0 1
    outer loop
      vertex 29.756 -22.3225 28.4
      vertex 29.756 -22.0775 28.4
      vertex 29.75 -22.2 28.4
    endloop
  endfacet
  facet normal 0.85778 -0.514016 0
    outer loop
      vertex 29.8976 -21.6108 37.4
      vertex 29.9607 -21.5055 28.4
      vertex 29.9607 -21.5055 37.4
    endloop
  endfacet
  facet normal 0.85778 -0.514016 0
    outer loop
      vertex 29.9607 -21.5055 28.4
      vertex 29.8976 -21.6108 37.4
      vertex 29.8976 -21.6108 28.4
    endloop
  endfacet
  facet normal 0.803413 -0.595423 0
    outer loop
      vertex 29.9607 -21.5055 37.4
      vertex 30.0337 -21.407 28.4
      vertex 30.0337 -21.407 37.4
    endloop
  endfacet
  facet normal 0.803413 -0.595423 0
    outer loop
      vertex 30.0337 -21.407 28.4
      vertex 29.9607 -21.5055 37.4
      vertex 29.9607 -21.5055 28.4
    endloop
  endfacet
  facet normal 0.903688 -0.428192 0
    outer loop
      vertex 29.8451 -21.7216 37.4
      vertex 29.8976 -21.6108 28.4
      vertex 29.8976 -21.6108 37.4
    endloop
  endfacet
  facet normal 0.903688 -0.428192 0
    outer loop
      vertex 29.8976 -21.6108 28.4
      vertex 29.8451 -21.7216 37.4
      vertex 29.8451 -21.7216 28.4
    endloop
  endfacet
  facet normal 0.970047 -0.242919 0
    outer loop
      vertex 29.774 -21.9561 37.4
      vertex 29.8038 -21.8371 28.4
      vertex 29.8038 -21.8371 37.4
    endloop
  endfacet
  facet normal 0.970047 -0.242919 0
    outer loop
      vertex 29.8038 -21.8371 28.4
      vertex 29.774 -21.9561 37.4
      vertex 29.774 -21.9561 28.4
    endloop
  endfacet
  facet normal 0.998803 -0.0489209 0
    outer loop
      vertex 29.75 -22.2 37.4
      vertex 29.756 -22.0775 28.4
      vertex 29.756 -22.0775 37.4
    endloop
  endfacet
  facet normal 0.998803 -0.0489209 0
    outer loop
      vertex 29.756 -22.0775 28.4
      vertex 29.75 -22.2 37.4
      vertex 29.75 -22.2 28.4
    endloop
  endfacet
  facet normal 0.595423 -0.803413 0
    outer loop
      vertex 30.207 -21.2337 28.4
      vertex 30.3055 -21.1607 37.4
      vertex 30.207 -21.2337 37.4
    endloop
  endfacet
  facet normal 0.595423 -0.803413 0
    outer loop
      vertex 30.3055 -21.1607 37.4
      vertex 30.207 -21.2337 28.4
      vertex 30.3055 -21.1607 28.4
    endloop
  endfacet
  facet normal 0.514016 -0.85778 0
    outer loop
      vertex 30.3055 -21.1607 28.4
      vertex 30.4108 -21.0976 37.4
      vertex 30.3055 -21.1607 37.4
    endloop
  endfacet
  facet normal 0.514016 -0.85778 0
    outer loop
      vertex 30.4108 -21.0976 37.4
      vertex 30.3055 -21.1607 28.4
      vertex 30.4108 -21.0976 28.4
    endloop
  endfacet
  facet normal 0.671617 -0.740898 0
    outer loop
      vertex 30.1161 -21.3161 28.4
      vertex 30.207 -21.2337 37.4
      vertex 30.1161 -21.3161 37.4
    endloop
  endfacet
  facet normal 0.671617 -0.740898 0
    outer loop
      vertex 30.207 -21.2337 37.4
      vertex 30.1161 -21.3161 28.4
      vertex 30.207 -21.2337 28.4
    endloop
  endfacet
  facet normal 0.33742 -0.941354 0
    outer loop
      vertex 30.5216 -21.0452 28.4
      vertex 30.6371 -21.0038 37.4
      vertex 30.5216 -21.0452 37.4
    endloop
  endfacet
  facet normal 0.33742 -0.941354 0
    outer loop
      vertex 30.6371 -21.0038 37.4
      vertex 30.5216 -21.0452 28.4
      vertex 30.6371 -21.0038 28.4
    endloop
  endfacet
  facet normal 0.146667 -0.989186 0
    outer loop
      vertex 30.7561 -20.974 28.4
      vertex 30.8775 -20.956 37.4
      vertex 30.7561 -20.974 37.4
    endloop
  endfacet
  facet normal 0.146667 -0.989186 0
    outer loop
      vertex 30.8775 -20.956 37.4
      vertex 30.7561 -20.974 28.4
      vertex 30.8775 -20.956 28.4
    endloop
  endfacet
  facet normal -0.998803 0.0489209 0
    outer loop
      vertex 32.244 -22.3225 28.4
      vertex 32.25 -22.2 37.4
      vertex 32.25 -22.2 28.4
    endloop
  endfacet
  facet normal -0.998803 0.0489209 0
    outer loop
      vertex 32.25 -22.2 37.4
      vertex 32.244 -22.3225 28.4
      vertex 32.244 -22.3225 37.4
    endloop
  endfacet
  facet normal -0.740898 0.671617 0
    outer loop
      vertex 31.8839 -23.0839 28.4
      vertex 31.9663 -22.993 37.4
      vertex 31.9663 -22.993 28.4
    endloop
  endfacet
  facet normal -0.740898 0.671617 0
    outer loop
      vertex 31.9663 -22.993 37.4
      vertex 31.8839 -23.0839 28.4
      vertex 31.8839 -23.0839 37.4
    endloop
  endfacet
  facet normal -0.427525 0.904003 0
    outer loop
      vertex 31.5892 -23.3024 28.4
      vertex 31.4784 -23.3548 37.4
      vertex 31.5892 -23.3024 37.4
    endloop
  endfacet
  facet normal -0.427525 0.904003 0
    outer loop
      vertex 31.4784 -23.3548 37.4
      vertex 31.5892 -23.3024 28.4
      vertex 31.4784 -23.3548 28.4
    endloop
  endfacet
  facet normal 0.998803 0.0489209 0
    outer loop
      vertex 29.756 -22.3225 37.4
      vertex 29.75 -22.2 28.4
      vertex 29.75 -22.2 37.4
    endloop
  endfacet
  facet normal 0.998803 0.0489209 0
    outer loop
      vertex 29.75 -22.2 28.4
      vertex 29.756 -22.3225 37.4
      vertex 29.756 -22.3225 28.4
    endloop
  endfacet
  facet normal -0.941613 0.336698 0
    outer loop
      vertex 32.1549 -22.6784 28.4
      vertex 32.1962 -22.5629 37.4
      vertex 32.1962 -22.5629 28.4
    endloop
  endfacet
  facet normal -0.941613 0.336698 0
    outer loop
      vertex 32.1962 -22.5629 37.4
      vertex 32.1549 -22.6784 28.4
      vertex 32.1549 -22.6784 37.4
    endloop
  endfacet
  facet normal -0.970047 0.242919 0
    outer loop
      vertex 32.1962 -22.5629 28.4
      vertex 32.226 -22.4439 37.4
      vertex 32.226 -22.4439 28.4
    endloop
  endfacet
  facet normal -0.970047 0.242919 0
    outer loop
      vertex 32.226 -22.4439 37.4
      vertex 32.1962 -22.5629 28.4
      vertex 32.1962 -22.5629 37.4
    endloop
  endfacet
  facet normal -0.514016 0.85778 0
    outer loop
      vertex 31.6945 -23.2393 28.4
      vertex 31.5892 -23.3024 37.4
      vertex 31.6945 -23.2393 37.4
    endloop
  endfacet
  facet normal -0.514016 0.85778 0
    outer loop
      vertex 31.5892 -23.3024 37.4
      vertex 31.6945 -23.2393 28.4
      vertex 31.5892 -23.3024 28.4
    endloop
  endfacet
  facet normal -0.903688 0.428192 0
    outer loop
      vertex 32.1024 -22.7892 28.4
      vertex 32.1549 -22.6784 37.4
      vertex 32.1549 -22.6784 28.4
    endloop
  endfacet
  facet normal -0.903688 0.428192 0
    outer loop
      vertex 32.1549 -22.6784 37.4
      vertex 32.1024 -22.7892 28.4
      vertex 32.1024 -22.7892 37.4
    endloop
  endfacet
  facet normal -0.803413 0.595423 0
    outer loop
      vertex 31.9663 -22.993 28.4
      vertex 32.0393 -22.8945 37.4
      vertex 32.0393 -22.8945 28.4
    endloop
  endfacet
  facet normal -0.803413 0.595423 0
    outer loop
      vertex 32.0393 -22.8945 37.4
      vertex 31.9663 -22.993 28.4
      vertex 31.9663 -22.993 37.4
    endloop
  endfacet
  facet normal 0.941613 0.336698 0
    outer loop
      vertex 29.8451 -22.6784 37.4
      vertex 29.8038 -22.5629 28.4
      vertex 29.8038 -22.5629 37.4
    endloop
  endfacet
  facet normal 0.941613 0.336698 0
    outer loop
      vertex 29.8038 -22.5629 28.4
      vertex 29.8451 -22.6784 37.4
      vertex 29.8451 -22.6784 28.4
    endloop
  endfacet
  facet normal -0.33742 0.941354 0
    outer loop
      vertex 31.4784 -23.3548 28.4
      vertex 31.3629 -23.3962 37.4
      vertex 31.4784 -23.3548 37.4
    endloop
  endfacet
  facet normal -0.33742 0.941354 0
    outer loop
      vertex 31.3629 -23.3962 37.4
      vertex 31.4784 -23.3548 28.4
      vertex 31.3629 -23.3962 28.4
    endloop
  endfacet
  facet normal -0.242919 0.970047 0
    outer loop
      vertex 31.3629 -23.3962 28.4
      vertex 31.2439 -23.426 37.4
      vertex 31.3629 -23.3962 37.4
    endloop
  endfacet
  facet normal -0.242919 0.970047 0
    outer loop
      vertex 31.2439 -23.426 37.4
      vertex 31.3629 -23.3962 28.4
      vertex 31.2439 -23.426 28.4
    endloop
  endfacet
  facet normal -0.85778 0.514016 0
    outer loop
      vertex 32.0393 -22.8945 28.4
      vertex 32.1024 -22.7892 37.4
      vertex 32.1024 -22.7892 28.4
    endloop
  endfacet
  facet normal -0.85778 0.514016 0
    outer loop
      vertex 32.1024 -22.7892 37.4
      vertex 32.0393 -22.8945 28.4
      vertex 32.0393 -22.8945 37.4
    endloop
  endfacet
  facet normal 0.0489209 0.998803 -0
    outer loop
      vertex 31 -23.45 28.4
      vertex 30.8775 -23.444 37.4
      vertex 31 -23.45 37.4
    endloop
  endfacet
  facet normal 0.0489209 0.998803 0
    outer loop
      vertex 30.8775 -23.444 37.4
      vertex 31 -23.45 28.4
      vertex 30.8775 -23.444 28.4
    endloop
  endfacet
  facet normal 0.803413 0.595423 0
    outer loop
      vertex 30.0337 -22.993 37.4
      vertex 29.9607 -22.8945 28.4
      vertex 29.9607 -22.8945 37.4
    endloop
  endfacet
  facet normal 0.803413 0.595423 0
    outer loop
      vertex 29.9607 -22.8945 28.4
      vertex 30.0337 -22.993 37.4
      vertex 30.0337 -22.993 28.4
    endloop
  endfacet
  facet normal 0.671617 0.740898 -0
    outer loop
      vertex 30.207 -23.1663 28.4
      vertex 30.1161 -23.0839 37.4
      vertex 30.207 -23.1663 37.4
    endloop
  endfacet
  facet normal 0.671617 0.740898 0
    outer loop
      vertex 30.1161 -23.0839 37.4
      vertex 30.207 -23.1663 28.4
      vertex 30.1161 -23.0839 28.4
    endloop
  endfacet
  facet normal 0.903688 0.428192 0
    outer loop
      vertex 29.8976 -22.7892 37.4
      vertex 29.8451 -22.6784 28.4
      vertex 29.8451 -22.6784 37.4
    endloop
  endfacet
  facet normal 0.903688 0.428192 0
    outer loop
      vertex 29.8451 -22.6784 28.4
      vertex 29.8976 -22.7892 37.4
      vertex 29.8976 -22.7892 28.4
    endloop
  endfacet
  facet normal 0.970047 0.242919 0
    outer loop
      vertex 29.8038 -22.5629 37.4
      vertex 29.774 -22.4439 28.4
      vertex 29.774 -22.4439 37.4
    endloop
  endfacet
  facet normal 0.970047 0.242919 0
    outer loop
      vertex 29.774 -22.4439 28.4
      vertex 29.8038 -22.5629 37.4
      vertex 29.8038 -22.5629 28.4
    endloop
  endfacet
  facet normal 0.989186 0.146667 0
    outer loop
      vertex 29.774 -22.4439 37.4
      vertex 29.756 -22.3225 28.4
      vertex 29.756 -22.3225 37.4
    endloop
  endfacet
  facet normal 0.989186 0.146667 0
    outer loop
      vertex 29.756 -22.3225 28.4
      vertex 29.774 -22.4439 37.4
      vertex 29.774 -22.4439 28.4
    endloop
  endfacet
  facet normal -0.671617 0.740898 0
    outer loop
      vertex 31.8839 -23.0839 28.4
      vertex 31.793 -23.1663 37.4
      vertex 31.8839 -23.0839 37.4
    endloop
  endfacet
  facet normal -0.671617 0.740898 0
    outer loop
      vertex 31.793 -23.1663 37.4
      vertex 31.8839 -23.0839 28.4
      vertex 31.793 -23.1663 28.4
    endloop
  endfacet
  facet normal -0.595423 0.803413 0
    outer loop
      vertex 31.793 -23.1663 28.4
      vertex 31.6945 -23.2393 37.4
      vertex 31.793 -23.1663 37.4
    endloop
  endfacet
  facet normal -0.595423 0.803413 0
    outer loop
      vertex 31.6945 -23.2393 37.4
      vertex 31.793 -23.1663 28.4
      vertex 31.6945 -23.2393 28.4
    endloop
  endfacet
  facet normal 0.242919 0.970047 -0
    outer loop
      vertex 30.7561 -23.426 28.4
      vertex 30.6371 -23.3962 37.4
      vertex 30.7561 -23.426 37.4
    endloop
  endfacet
  facet normal 0.242919 0.970047 0
    outer loop
      vertex 30.6371 -23.3962 37.4
      vertex 30.7561 -23.426 28.4
      vertex 30.6371 -23.3962 28.4
    endloop
  endfacet
  facet normal 0.595423 0.803413 -0
    outer loop
      vertex 30.3055 -23.2393 28.4
      vertex 30.207 -23.1663 37.4
      vertex 30.3055 -23.2393 37.4
    endloop
  endfacet
  facet normal 0.595423 0.803413 0
    outer loop
      vertex 30.207 -23.1663 37.4
      vertex 30.3055 -23.2393 28.4
      vertex 30.207 -23.1663 28.4
    endloop
  endfacet
  facet normal 0.85778 0.514016 0
    outer loop
      vertex 29.9607 -22.8945 37.4
      vertex 29.8976 -22.7892 28.4
      vertex 29.8976 -22.7892 37.4
    endloop
  endfacet
  facet normal 0.85778 0.514016 0
    outer loop
      vertex 29.8976 -22.7892 28.4
      vertex 29.9607 -22.8945 37.4
      vertex 29.9607 -22.8945 28.4
    endloop
  endfacet
  facet normal 0.146667 0.989186 -0
    outer loop
      vertex 30.8775 -23.444 28.4
      vertex 30.7561 -23.426 37.4
      vertex 30.8775 -23.444 37.4
    endloop
  endfacet
  facet normal 0.146667 0.989186 0
    outer loop
      vertex 30.7561 -23.426 37.4
      vertex 30.8775 -23.444 28.4
      vertex 30.7561 -23.426 28.4
    endloop
  endfacet
  facet normal 0.427525 0.904003 -0
    outer loop
      vertex 30.5216 -23.3548 28.4
      vertex 30.4108 -23.3024 37.4
      vertex 30.5216 -23.3548 37.4
    endloop
  endfacet
  facet normal 0.427525 0.904003 0
    outer loop
      vertex 30.4108 -23.3024 37.4
      vertex 30.5216 -23.3548 28.4
      vertex 30.4108 -23.3024 28.4
    endloop
  endfacet
  facet normal 0.514016 0.85778 -0
    outer loop
      vertex 30.4108 -23.3024 28.4
      vertex 30.3055 -23.2393 37.4
      vertex 30.4108 -23.3024 37.4
    endloop
  endfacet
  facet normal 0.514016 0.85778 0
    outer loop
      vertex 30.3055 -23.2393 37.4
      vertex 30.4108 -23.3024 28.4
      vertex 30.3055 -23.2393 28.4
    endloop
  endfacet
  facet normal 0.33742 0.941354 -0
    outer loop
      vertex 30.6371 -23.3962 28.4
      vertex 30.5216 -23.3548 37.4
      vertex 30.6371 -23.3962 37.4
    endloop
  endfacet
  facet normal 0.33742 0.941354 0
    outer loop
      vertex 30.5216 -23.3548 37.4
      vertex 30.6371 -23.3962 28.4
      vertex 30.5216 -23.3548 28.4
    endloop
  endfacet
  facet normal -0.998803 -0.0489209 0
    outer loop
      vertex -29.75 29.3 28.4
      vertex -29.756 29.4225 37.4
      vertex -29.756 29.4225 28.4
    endloop
  endfacet
  facet normal -0.998803 -0.0489209 0
    outer loop
      vertex -29.756 29.4225 37.4
      vertex -29.75 29.3 28.4
      vertex -29.75 29.3 37.4
    endloop
  endfacet
  facet normal 0.998803 -0.0489209 0
    outer loop
      vertex -32.25 29.3 37.4
      vertex -32.244 29.4225 28.4
      vertex -32.244 29.4225 37.4
    endloop
  endfacet
  facet normal 0.998803 -0.0489209 0
    outer loop
      vertex -32.244 29.4225 28.4
      vertex -32.25 29.3 37.4
      vertex -32.25 29.3 28.4
    endloop
  endfacet
  facet normal 0.0489209 -0.998803 0
    outer loop
      vertex -31.1225 30.544 28.4
      vertex -31 30.55 37.4
      vertex -31.1225 30.544 37.4
    endloop
  endfacet
  facet normal 0.0489209 -0.998803 0
    outer loop
      vertex -31 30.55 37.4
      vertex -31.1225 30.544 28.4
      vertex -31 30.55 28.4
    endloop
  endfacet
  facet normal -0.671617 -0.740898 0
    outer loop
      vertex -30.207 30.2663 28.4
      vertex -30.1161 30.1839 37.4
      vertex -30.207 30.2663 37.4
    endloop
  endfacet
  facet normal -0.671617 -0.740898 -0
    outer loop
      vertex -30.1161 30.1839 37.4
      vertex -30.207 30.2663 28.4
      vertex -30.1161 30.1839 28.4
    endloop
  endfacet
  facet normal 0.671617 -0.740898 0
    outer loop
      vertex -31.8839 30.1839 28.4
      vertex -31.793 30.2663 37.4
      vertex -31.8839 30.1839 37.4
    endloop
  endfacet
  facet normal 0.671617 -0.740898 0
    outer loop
      vertex -31.793 30.2663 37.4
      vertex -31.8839 30.1839 28.4
      vertex -31.793 30.2663 28.4
    endloop
  endfacet
  facet normal 0.33742 -0.941354 0
    outer loop
      vertex -31.4784 30.4548 28.4
      vertex -31.3629 30.4962 37.4
      vertex -31.4784 30.4548 37.4
    endloop
  endfacet
  facet normal 0.33742 -0.941354 0
    outer loop
      vertex -31.3629 30.4962 37.4
      vertex -31.4784 30.4548 28.4
      vertex -31.3629 30.4962 28.4
    endloop
  endfacet
  facet normal -0.903688 -0.428192 0
    outer loop
      vertex -29.8451 29.7784 28.4
      vertex -29.8976 29.8892 37.4
      vertex -29.8976 29.8892 28.4
    endloop
  endfacet
  facet normal -0.903688 -0.428192 0
    outer loop
      vertex -29.8976 29.8892 37.4
      vertex -29.8451 29.7784 28.4
      vertex -29.8451 29.7784 37.4
    endloop
  endfacet
  facet normal -0.33742 -0.941354 0
    outer loop
      vertex -30.6371 30.4962 28.4
      vertex -30.5216 30.4548 37.4
      vertex -30.6371 30.4962 37.4
    endloop
  endfacet
  facet normal -0.33742 -0.941354 -0
    outer loop
      vertex -30.5216 30.4548 37.4
      vertex -30.6371 30.4962 28.4
      vertex -30.5216 30.4548 28.4
    endloop
  endfacet
  facet normal -0.514016 -0.85778 0
    outer loop
      vertex -30.4108 30.4024 28.4
      vertex -30.3055 30.3393 37.4
      vertex -30.4108 30.4024 37.4
    endloop
  endfacet
  facet normal -0.514016 -0.85778 -0
    outer loop
      vertex -30.3055 30.3393 37.4
      vertex -30.4108 30.4024 28.4
      vertex -30.3055 30.3393 28.4
    endloop
  endfacet
  facet normal 0.903688 -0.428192 0
    outer loop
      vertex -32.1549 29.7784 37.4
      vertex -32.1024 29.8892 28.4
      vertex -32.1024 29.8892 37.4
    endloop
  endfacet
  facet normal 0.903688 -0.428192 0
    outer loop
      vertex -32.1024 29.8892 28.4
      vertex -32.1549 29.7784 37.4
      vertex -32.1549 29.7784 28.4
    endloop
  endfacet
  facet normal 0.242919 -0.970047 0
    outer loop
      vertex -31.3629 30.4962 28.4
      vertex -31.2439 30.526 37.4
      vertex -31.3629 30.4962 37.4
    endloop
  endfacet
  facet normal 0.242919 -0.970047 0
    outer loop
      vertex -31.2439 30.526 37.4
      vertex -31.3629 30.4962 28.4
      vertex -31.2439 30.526 28.4
    endloop
  endfacet
  facet normal 0 0 1
    outer loop
      vertex -29.756 29.4225 28.4
      vertex -29.756 29.1775 28.4
      vertex -29.75 29.3 28.4
    endloop
  endfacet
  facet normal 0 0 1
    outer loop
      vertex -29.774 29.5439 28.4
      vertex -29.756 29.1775 28.4
      vertex -29.756 29.4225 28.4
    endloop
  endfacet
  facet normal 0 0 1
    outer loop
      vertex -29.774 29.5439 28.4
      vertex -29.774 29.0561 28.4
      vertex -29.756 29.1775 28.4
    endloop
  endfacet
  facet normal 0 0 1
    outer loop
      vertex -29.8038 29.6629 28.4
      vertex -29.774 29.0561 28.4
      vertex -29.774 29.5439 28.4
    endloop
  endfacet
  facet normal 0 0 1
    outer loop
      vertex -29.8038 29.6629 28.4
      vertex -29.8038 28.9371 28.4
      vertex -29.774 29.0561 28.4
    endloop
  endfacet
  facet normal 0 0 1
    outer loop
      vertex -29.8451 29.7784 28.4
      vertex -29.8038 28.9371 28.4
      vertex -29.8038 29.6629 28.4
    endloop
  endfacet
  facet normal 0 0 1
    outer loop
      vertex -29.8451 29.7784 28.4
      vertex -29.8451 28.8216 28.4
      vertex -29.8038 28.9371 28.4
    endloop
  endfacet
  facet normal 0 0 1
    outer loop
      vertex -29.8976 29.8892 28.4
      vertex -29.8451 28.8216 28.4
      vertex -29.8451 29.7784 28.4
    endloop
  endfacet
  facet normal 0 0 1
    outer loop
      vertex -29.8976 29.8892 28.4
      vertex -29.8976 28.7108 28.4
      vertex -29.8451 28.8216 28.4
    endloop
  endfacet
  facet normal 0 0 1
    outer loop
      vertex -29.9607 29.9945 28.4
      vertex -29.8976 28.7108 28.4
      vertex -29.8976 29.8892 28.4
    endloop
  endfacet
  facet normal 0 0 1
    outer loop
      vertex -29.9607 29.9945 28.4
      vertex -29.9607 28.6055 28.4
      vertex -29.8976 28.7108 28.4
    endloop
  endfacet
  facet normal 0 0 1
    outer loop
      vertex -30.0337 30.093 28.4
      vertex -29.9607 28.6055 28.4
      vertex -29.9607 29.9945 28.4
    endloop
  endfacet
  facet normal 0 0 1
    outer loop
      vertex -30.0337 30.093 28.4
      vertex -30.0337 28.507 28.4
      vertex -29.9607 28.6055 28.4
    endloop
  endfacet
  facet normal 0 0 1
    outer loop
      vertex -30.1161 30.1839 28.4
      vertex -30.0337 28.507 28.4
      vertex -30.0337 30.093 28.4
    endloop
  endfacet
  facet normal 0 0 1
    outer loop
      vertex -30.1161 30.1839 28.4
      vertex -30.1161 28.4161 28.4
      vertex -30.0337 28.507 28.4
    endloop
  endfacet
  facet normal 0 0 1
    outer loop
      vertex -30.207 30.2663 28.4
      vertex -30.1161 28.4161 28.4
      vertex -30.1161 30.1839 28.4
    endloop
  endfacet
  facet normal 0 0 1
    outer loop
      vertex -30.207 30.2663 28.4
      vertex -30.207 28.3337 28.4
      vertex -30.1161 28.4161 28.4
    endloop
  endfacet
  facet normal 0 0 1
    outer loop
      vertex -30.3055 30.3393 28.4
      vertex -30.207 28.3337 28.4
      vertex -30.207 30.2663 28.4
    endloop
  endfacet
  facet normal 0 0 1
    outer loop
      vertex -30.3055 30.3393 28.4
      vertex -30.3055 28.2607 28.4
      vertex -30.207 28.3337 28.4
    endloop
  endfacet
  facet normal 0 0 1
    outer loop
      vertex -30.4108 30.4024 28.4
      vertex -30.3055 28.2607 28.4
      vertex -30.3055 30.3393 28.4
    endloop
  endfacet
  facet normal 0 0 1
    outer loop
      vertex -30.4108 30.4024 28.4
      vertex -30.4108 28.1976 28.4
      vertex -30.3055 28.2607 28.4
    endloop
  endfacet
  facet normal 0 0 1
    outer loop
      vertex -30.5216 30.4548 28.4
      vertex -30.4108 28.1976 28.4
      vertex -30.4108 30.4024 28.4
    endloop
  endfacet
  facet normal 0 0 1
    outer loop
      vertex -30.5216 30.4548 28.4
      vertex -30.5216 28.1451 28.4
      vertex -30.4108 28.1976 28.4
    endloop
  endfacet
  facet normal 0 0 1
    outer loop
      vertex -30.6371 30.4962 28.4
      vertex -30.5216 28.1451 28.4
      vertex -30.5216 30.4548 28.4
    endloop
  endfacet
  facet normal 0 0 1
    outer loop
      vertex -30.6371 30.4962 28.4
      vertex -30.6371 28.1038 28.4
      vertex -30.5216 28.1451 28.4
    endloop
  endfacet
  facet normal 0 0 1
    outer loop
      vertex -30.7561 30.526 28.4
      vertex -30.6371 28.1038 28.4
      vertex -30.6371 30.4962 28.4
    endloop
  endfacet
  facet normal 0 0 1
    outer loop
      vertex -30.7561 30.526 28.4
      vertex -30.7561 28.074 28.4
      vertex -30.6371 28.1038 28.4
    endloop
  endfacet
  facet normal 0 0 1
    outer loop
      vertex -30.8775 30.544 28.4
      vertex -30.7561 28.074 28.4
      vertex -30.7561 30.526 28.4
    endloop
  endfacet
  facet normal 0 0 1
    outer loop
      vertex -30.8775 30.544 28.4
      vertex -30.8775 28.056 28.4
      vertex -30.7561 28.074 28.4
    endloop
  endfacet
  facet normal 0 0 1
    outer loop
      vertex -31 30.55 28.4
      vertex -30.8775 28.056 28.4
      vertex -30.8775 30.544 28.4
    endloop
  endfacet
  facet normal 0 0 1
    outer loop
      vertex -31 30.55 28.4
      vertex -31 28.05 28.4
      vertex -30.8775 28.056 28.4
    endloop
  endfacet
  facet normal -0 0 1
    outer loop
      vertex -31.1225 30.544 28.4
      vertex -31 28.05 28.4
      vertex -31 30.55 28.4
    endloop
  endfacet
  facet normal 0 0 1
    outer loop
      vertex -31.1225 30.544 28.4
      vertex -31.1225 28.056 28.4
      vertex -31 28.05 28.4
    endloop
  endfacet
  facet normal -0 0 1
    outer loop
      vertex -31.2439 30.526 28.4
      vertex -31.1225 28.056 28.4
      vertex -31.1225 30.544 28.4
    endloop
  endfacet
  facet normal 0 0 1
    outer loop
      vertex -31.2439 30.526 28.4
      vertex -31.2439 28.074 28.4
      vertex -31.1225 28.056 28.4
    endloop
  endfacet
  facet normal -0 0 1
    outer loop
      vertex -31.3629 30.4962 28.4
      vertex -31.2439 28.074 28.4
      vertex -31.2439 30.526 28.4
    endloop
  endfacet
  facet normal 0 0 1
    outer loop
      vertex -31.3629 30.4962 28.4
      vertex -31.3629 28.1038 28.4
      vertex -31.2439 28.074 28.4
    endloop
  endfacet
  facet normal -0 0 1
    outer loop
      vertex -31.4784 30.4548 28.4
      vertex -31.3629 28.1038 28.4
      vertex -31.3629 30.4962 28.4
    endloop
  endfacet
  facet normal 0 0 1
    outer loop
      vertex -31.4784 30.4548 28.4
      vertex -31.4784 28.1451 28.4
      vertex -31.3629 28.1038 28.4
    endloop
  endfacet
  facet normal -0 0 1
    outer loop
      vertex -31.5892 30.4024 28.4
      vertex -31.4784 28.1451 28.4
      vertex -31.4784 30.4548 28.4
    endloop
  endfacet
  facet normal 0 0 1
    outer loop
      vertex -31.5892 30.4024 28.4
      vertex -31.5892 28.1976 28.4
      vertex -31.4784 28.1451 28.4
    endloop
  endfacet
  facet normal -0 0 1
    outer loop
      vertex -31.6945 30.3393 28.4
      vertex -31.5892 28.1976 28.4
      vertex -31.5892 30.4024 28.4
    endloop
  endfacet
  facet normal 0 0 1
    outer loop
      vertex -31.6945 30.3393 28.4
      vertex -31.6945 28.2607 28.4
      vertex -31.5892 28.1976 28.4
    endloop
  endfacet
  facet normal -0 0 1
    outer loop
      vertex -31.793 30.2663 28.4
      vertex -31.6945 28.2607 28.4
      vertex -31.6945 30.3393 28.4
    endloop
  endfacet
  facet normal 0 0 1
    outer loop
      vertex -31.793 30.2663 28.4
      vertex -31.793 28.3337 28.4
      vertex -31.6945 28.2607 28.4
    endloop
  endfacet
  facet normal -0 0 1
    outer loop
      vertex -31.8839 30.1839 28.4
      vertex -31.793 28.3337 28.4
      vertex -31.793 30.2663 28.4
    endloop
  endfacet
  facet normal 0 0 1
    outer loop
      vertex -31.8839 30.1839 28.4
      vertex -31.8839 28.4161 28.4
      vertex -31.793 28.3337 28.4
    endloop
  endfacet
  facet normal -0 0 1
    outer loop
      vertex -31.9663 30.093 28.4
      vertex -31.8839 28.4161 28.4
      vertex -31.8839 30.1839 28.4
    endloop
  endfacet
  facet normal 0 0 1
    outer loop
      vertex -31.9663 30.093 28.4
      vertex -31.9663 28.507 28.4
      vertex -31.8839 28.4161 28.4
    endloop
  endfacet
  facet normal -0 0 1
    outer loop
      vertex -32.0393 29.9945 28.4
      vertex -31.9663 28.507 28.4
      vertex -31.9663 30.093 28.4
    endloop
  endfacet
  facet normal 0 0 1
    outer loop
      vertex -32.0393 29.9945 28.4
      vertex -32.0393 28.6055 28.4
      vertex -31.9663 28.507 28.4
    endloop
  endfacet
  facet normal -0 0 1
    outer loop
      vertex -32.1024 29.8892 28.4
      vertex -32.0393 28.6055 28.4
      vertex -32.0393 29.9945 28.4
    endloop
  endfacet
  facet normal 0 0 1
    outer loop
      vertex -32.1024 29.8892 28.4
      vertex -32.1024 28.7108 28.4
      vertex -32.0393 28.6055 28.4
    endloop
  endfacet
  facet normal -0 0 1
    outer loop
      vertex -32.1549 29.7784 28.4
      vertex -32.1024 28.7108 28.4
      vertex -32.1024 29.8892 28.4
    endloop
  endfacet
  facet normal 0 0 1
    outer loop
      vertex -32.1549 29.7784 28.4
      vertex -32.1549 28.8216 28.4
      vertex -32.1024 28.7108 28.4
    endloop
  endfacet
  facet normal -0 0 1
    outer loop
      vertex -32.1962 29.6629 28.4
      vertex -32.1549 28.8216 28.4
      vertex -32.1549 29.7784 28.4
    endloop
  endfacet
  facet normal 0 0 1
    outer loop
      vertex -32.1962 29.6629 28.4
      vertex -32.1962 28.9371 28.4
      vertex -32.1549 28.8216 28.4
    endloop
  endfacet
  facet normal -0 0 1
    outer loop
      vertex -32.226 29.5439 28.4
      vertex -32.1962 28.9371 28.4
      vertex -32.1962 29.6629 28.4
    endloop
  endfacet
  facet normal 0 0 1
    outer loop
      vertex -32.226 29.5439 28.4
      vertex -32.226 29.0561 28.4
      vertex -32.1962 28.9371 28.4
    endloop
  endfacet
  facet normal -0 0 1
    outer loop
      vertex -32.244 29.4225 28.4
      vertex -32.226 29.0561 28.4
      vertex -32.226 29.5439 28.4
    endloop
  endfacet
  facet normal 0 0 1
    outer loop
      vertex -32.244 29.4225 28.4
      vertex -32.244 29.1775 28.4
      vertex -32.226 29.0561 28.4
    endloop
  endfacet
  facet normal 0 -0 1
    outer loop
      vertex -32.244 29.1775 28.4
      vertex -32.244 29.4225 28.4
      vertex -32.25 29.3 28.4
    endloop
  endfacet
  facet normal -0.970047 -0.242919 0
    outer loop
      vertex -29.774 29.5439 28.4
      vertex -29.8038 29.6629 37.4
      vertex -29.8038 29.6629 28.4
    endloop
  endfacet
  facet normal -0.970047 -0.242919 0
    outer loop
      vertex -29.8038 29.6629 37.4
      vertex -29.774 29.5439 28.4
      vertex -29.774 29.5439 37.4
    endloop
  endfacet
  facet normal -0.989186 -0.146667 0
    outer loop
      vertex -29.756 29.4225 28.4
      vertex -29.774 29.5439 37.4
      vertex -29.774 29.5439 28.4
    endloop
  endfacet
  facet normal -0.989186 -0.146667 0
    outer loop
      vertex -29.774 29.5439 37.4
      vertex -29.756 29.4225 28.4
      vertex -29.756 29.4225 37.4
    endloop
  endfacet
  facet normal -0.941613 -0.336698 0
    outer loop
      vertex -29.8038 29.6629 28.4
      vertex -29.8451 29.7784 37.4
      vertex -29.8451 29.7784 28.4
    endloop
  endfacet
  facet normal -0.941613 -0.336698 0
    outer loop
      vertex -29.8451 29.7784 37.4
      vertex -29.8038 29.6629 28.4
      vertex -29.8038 29.6629 37.4
    endloop
  endfacet
  facet normal -0.803413 -0.595423 0
    outer loop
      vertex -29.9607 29.9945 28.4
      vertex -30.0337 30.093 37.4
      vertex -30.0337 30.093 28.4
    endloop
  endfacet
  facet normal -0.803413 -0.595423 0
    outer loop
      vertex -30.0337 30.093 37.4
      vertex -29.9607 29.9945 28.4
      vertex -29.9607 29.9945 37.4
    endloop
  endfacet
  facet normal -0.740898 -0.671617 0
    outer loop
      vertex -30.0337 30.093 28.4
      vertex -30.1161 30.1839 37.4
      vertex -30.1161 30.1839 28.4
    endloop
  endfacet
  facet normal -0.740898 -0.671617 0
    outer loop
      vertex -30.1161 30.1839 37.4
      vertex -30.0337 30.093 28.4
      vertex -30.0337 30.093 37.4
    endloop
  endfacet
  facet normal -0.85778 -0.514016 0
    outer loop
      vertex -29.8976 29.8892 28.4
      vertex -29.9607 29.9945 37.4
      vertex -29.9607 29.9945 28.4
    endloop
  endfacet
  facet normal -0.85778 -0.514016 0
    outer loop
      vertex -29.9607 29.9945 37.4
      vertex -29.8976 29.8892 28.4
      vertex -29.8976 29.8892 37.4
    endloop
  endfacet
  facet normal -0.146667 -0.989186 0
    outer loop
      vertex -30.8775 30.544 28.4
      vertex -30.7561 30.526 37.4
      vertex -30.8775 30.544 37.4
    endloop
  endfacet
  facet normal -0.146667 -0.989186 -0
    outer loop
      vertex -30.7561 30.526 37.4
      vertex -30.8775 30.544 28.4
      vertex -30.7561 30.526 28.4
    endloop
  endfacet
  facet normal -0.242919 -0.970047 0
    outer loop
      vertex -30.7561 30.526 28.4
      vertex -30.6371 30.4962 37.4
      vertex -30.7561 30.526 37.4
    endloop
  endfacet
  facet normal -0.242919 -0.970047 -0
    outer loop
      vertex -30.6371 30.4962 37.4
      vertex -30.7561 30.526 28.4
      vertex -30.6371 30.4962 28.4
    endloop
  endfacet
  facet normal -0.0489209 -0.998803 0
    outer loop
      vertex -31 30.55 28.4
      vertex -30.8775 30.544 37.4
      vertex -31 30.55 37.4
    endloop
  endfacet
  facet normal -0.0489209 -0.998803 -0
    outer loop
      vertex -30.8775 30.544 37.4
      vertex -31 30.55 28.4
      vertex -30.8775 30.544 28.4
    endloop
  endfacet
  facet normal -0.427525 -0.904003 0
    outer loop
      vertex -30.5216 30.4548 28.4
      vertex -30.4108 30.4024 37.4
      vertex -30.5216 30.4548 37.4
    endloop
  endfacet
  facet normal -0.427525 -0.904003 -0
    outer loop
      vertex -30.4108 30.4024 37.4
      vertex -30.5216 30.4548 28.4
      vertex -30.4108 30.4024 28.4
    endloop
  endfacet
  facet normal -0.595423 -0.803413 0
    outer loop
      vertex -30.3055 30.3393 28.4
      vertex -30.207 30.2663 37.4
      vertex -30.3055 30.3393 37.4
    endloop
  endfacet
  facet normal -0.595423 -0.803413 -0
    outer loop
      vertex -30.207 30.2663 37.4
      vertex -30.3055 30.3393 28.4
      vertex -30.207 30.2663 28.4
    endloop
  endfacet
  facet normal 0.970047 -0.242919 0
    outer loop
      vertex -32.226 29.5439 37.4
      vertex -32.1962 29.6629 28.4
      vertex -32.1962 29.6629 37.4
    endloop
  endfacet
  facet normal 0.970047 -0.242919 0
    outer loop
      vertex -32.1962 29.6629 28.4
      vertex -32.226 29.5439 37.4
      vertex -32.226 29.5439 28.4
    endloop
  endfacet
  facet normal 0.803413 -0.595423 0
    outer loop
      vertex -32.0393 29.9945 37.4
      vertex -31.9663 30.093 28.4
      vertex -31.9663 30.093 37.4
    endloop
  endfacet
  facet normal 0.803413 -0.595423 0
    outer loop
      vertex -31.9663 30.093 28.4
      vertex -32.0393 29.9945 37.4
      vertex -32.0393 29.9945 28.4
    endloop
  endfacet
  facet normal 0.740898 -0.671617 0
    outer loop
      vertex -31.9663 30.093 37.4
      vertex -31.8839 30.1839 28.4
      vertex -31.8839 30.1839 37.4
    endloop
  endfacet
  facet normal 0.740898 -0.671617 0
    outer loop
      vertex -31.8839 30.1839 28.4
      vertex -31.9663 30.093 37.4
      vertex -31.9663 30.093 28.4
    endloop
  endfacet
  facet normal 0.85778 -0.514016 0
    outer loop
      vertex -32.1024 29.8892 37.4
      vertex -32.0393 29.9945 28.4
      vertex -32.0393 29.9945 37.4
    endloop
  endfacet
  facet normal 0.85778 -0.514016 0
    outer loop
      vertex -32.0393 29.9945 28.4
      vertex -32.1024 29.8892 37.4
      vertex -32.1024 29.8892 28.4
    endloop
  endfacet
  facet normal 0.941613 -0.336698 0
    outer loop
      vertex -32.1962 29.6629 37.4
      vertex -32.1549 29.7784 28.4
      vertex -32.1549 29.7784 37.4
    endloop
  endfacet
  facet normal 0.941613 -0.336698 0
    outer loop
      vertex -32.1549 29.7784 28.4
      vertex -32.1962 29.6629 37.4
      vertex -32.1962 29.6629 28.4
    endloop
  endfacet
  facet normal 0.989186 -0.146667 0
    outer loop
      vertex -32.244 29.4225 37.4
      vertex -32.226 29.5439 28.4
      vertex -32.226 29.5439 37.4
    endloop
  endfacet
  facet normal 0.989186 -0.146667 0
    outer loop
      vertex -32.226 29.5439 28.4
      vertex -32.244 29.4225 37.4
      vertex -32.244 29.4225 28.4
    endloop
  endfacet
  facet normal 0.514016 -0.85778 0
    outer loop
      vertex -31.6945 30.3393 28.4
      vertex -31.5892 30.4024 37.4
      vertex -31.6945 30.3393 37.4
    endloop
  endfacet
  facet normal 0.514016 -0.85778 0
    outer loop
      vertex -31.5892 30.4024 37.4
      vertex -31.6945 30.3393 28.4
      vertex -31.5892 30.4024 28.4
    endloop
  endfacet
  facet normal 0.427525 -0.904003 0
    outer loop
      vertex -31.5892 30.4024 28.4
      vertex -31.4784 30.4548 37.4
      vertex -31.5892 30.4024 37.4
    endloop
  endfacet
  facet normal 0.427525 -0.904003 0
    outer loop
      vertex -31.4784 30.4548 37.4
      vertex -31.5892 30.4024 28.4
      vertex -31.4784 30.4548 28.4
    endloop
  endfacet
  facet normal 0.595423 -0.803413 0
    outer loop
      vertex -31.793 30.2663 28.4
      vertex -31.6945 30.3393 37.4
      vertex -31.793 30.2663 37.4
    endloop
  endfacet
  facet normal 0.595423 -0.803413 0
    outer loop
      vertex -31.6945 30.3393 37.4
      vertex -31.793 30.2663 28.4
      vertex -31.6945 30.3393 28.4
    endloop
  endfacet
  facet normal 0.146667 -0.989186 0
    outer loop
      vertex -31.2439 30.526 28.4
      vertex -31.1225 30.544 37.4
      vertex -31.2439 30.526 37.4
    endloop
  endfacet
  facet normal 0.146667 -0.989186 0
    outer loop
      vertex -31.1225 30.544 37.4
      vertex -31.2439 30.526 28.4
      vertex -31.1225 30.544 28.4
    endloop
  endfacet
  facet normal -0.998803 0.0489209 0
    outer loop
      vertex -29.756 29.1775 28.4
      vertex -29.75 29.3 37.4
      vertex -29.75 29.3 28.4
    endloop
  endfacet
  facet normal -0.998803 0.0489209 0
    outer loop
      vertex -29.75 29.3 37.4
      vertex -29.756 29.1775 28.4
      vertex -29.756 29.1775 37.4
    endloop
  endfacet
  facet normal -0.0489209 0.998803 0
    outer loop
      vertex -30.8775 28.056 28.4
      vertex -31 28.05 37.4
      vertex -30.8775 28.056 37.4
    endloop
  endfacet
  facet normal -0.0489209 0.998803 0
    outer loop
      vertex -31 28.05 37.4
      vertex -30.8775 28.056 28.4
      vertex -31 28.05 28.4
    endloop
  endfacet
  facet normal -0.242919 0.970047 0
    outer loop
      vertex -30.6371 28.1038 28.4
      vertex -30.7561 28.074 37.4
      vertex -30.6371 28.1038 37.4
    endloop
  endfacet
  facet normal -0.242919 0.970047 0
    outer loop
      vertex -30.7561 28.074 37.4
      vertex -30.6371 28.1038 28.4
      vertex -30.7561 28.074 28.4
    endloop
  endfacet
  facet normal -0.595423 0.803413 0
    outer loop
      vertex -30.207 28.3337 28.4
      vertex -30.3055 28.2607 37.4
      vertex -30.207 28.3337 37.4
    endloop
  endfacet
  facet normal -0.595423 0.803413 0
    outer loop
      vertex -30.3055 28.2607 37.4
      vertex -30.207 28.3337 28.4
      vertex -30.3055 28.2607 28.4
    endloop
  endfacet
  facet normal -0.428192 0.903688 0
    outer loop
      vertex -30.4108 28.1976 28.4
      vertex -30.5216 28.1451 37.4
      vertex -30.4108 28.1976 37.4
    endloop
  endfacet
  facet normal -0.428192 0.903688 0
    outer loop
      vertex -30.5216 28.1451 37.4
      vertex -30.4108 28.1976 28.4
      vertex -30.5216 28.1451 28.4
    endloop
  endfacet
  facet normal -0.740898 0.671617 0
    outer loop
      vertex -30.1161 28.4161 28.4
      vertex -30.0337 28.507 37.4
      vertex -30.0337 28.507 28.4
    endloop
  endfacet
  facet normal -0.740898 0.671617 0
    outer loop
      vertex -30.0337 28.507 37.4
      vertex -30.1161 28.4161 28.4
      vertex -30.1161 28.4161 37.4
    endloop
  endfacet
  facet normal -0.85778 0.514016 0
    outer loop
      vertex -29.9607 28.6055 28.4
      vertex -29.8976 28.7108 37.4
      vertex -29.8976 28.7108 28.4
    endloop
  endfacet
  facet normal -0.85778 0.514016 0
    outer loop
      vertex -29.8976 28.7108 37.4
      vertex -29.9607 28.6055 28.4
      vertex -29.9607 28.6055 37.4
    endloop
  endfacet
  facet normal -0.941613 0.336698 0
    outer loop
      vertex -29.8451 28.8216 28.4
      vertex -29.8038 28.9371 37.4
      vertex -29.8038 28.9371 28.4
    endloop
  endfacet
  facet normal -0.941613 0.336698 0
    outer loop
      vertex -29.8038 28.9371 37.4
      vertex -29.8451 28.8216 28.4
      vertex -29.8451 28.8216 37.4
    endloop
  endfacet
  facet normal -0.989186 0.146667 0
    outer loop
      vertex -29.774 29.0561 28.4
      vertex -29.756 29.1775 37.4
      vertex -29.756 29.1775 28.4
    endloop
  endfacet
  facet normal -0.989186 0.146667 0
    outer loop
      vertex -29.756 29.1775 37.4
      vertex -29.774 29.0561 28.4
      vertex -29.774 29.0561 37.4
    endloop
  endfacet
  facet normal 0.671617 0.740898 -0
    outer loop
      vertex -31.793 28.3337 28.4
      vertex -31.8839 28.4161 37.4
      vertex -31.793 28.3337 37.4
    endloop
  endfacet
  facet normal 0.671617 0.740898 0
    outer loop
      vertex -31.8839 28.4161 37.4
      vertex -31.793 28.3337 28.4
      vertex -31.8839 28.4161 28.4
    endloop
  endfacet
  facet normal 0.514016 0.85778 -0
    outer loop
      vertex -31.5892 28.1976 28.4
      vertex -31.6945 28.2607 37.4
      vertex -31.5892 28.1976 37.4
    endloop
  endfacet
  facet normal 0.514016 0.85778 0
    outer loop
      vertex -31.6945 28.2607 37.4
      vertex -31.5892 28.1976 28.4
      vertex -31.6945 28.2607 28.4
    endloop
  endfacet
  facet normal 0.336698 0.941613 -0
    outer loop
      vertex -31.3629 28.1038 28.4
      vertex -31.4784 28.1451 37.4
      vertex -31.3629 28.1038 37.4
    endloop
  endfacet
  facet normal 0.336698 0.941613 0
    outer loop
      vertex -31.4784 28.1451 37.4
      vertex -31.3629 28.1038 28.4
      vertex -31.4784 28.1451 28.4
    endloop
  endfacet
  facet normal 0.146667 0.989186 -0
    outer loop
      vertex -31.1225 28.056 28.4
      vertex -31.2439 28.074 37.4
      vertex -31.1225 28.056 37.4
    endloop
  endfacet
  facet normal 0.146667 0.989186 0
    outer loop
      vertex -31.2439 28.074 37.4
      vertex -31.1225 28.056 28.4
      vertex -31.2439 28.074 28.4
    endloop
  endfacet
  facet normal 0.903688 0.428192 0
    outer loop
      vertex -32.1024 28.7108 37.4
      vertex -32.1549 28.8216 28.4
      vertex -32.1549 28.8216 37.4
    endloop
  endfacet
  facet normal 0.903688 0.428192 0
    outer loop
      vertex -32.1549 28.8216 28.4
      vertex -32.1024 28.7108 37.4
      vertex -32.1024 28.7108 28.4
    endloop
  endfacet
  facet normal 0.803413 0.595423 0
    outer loop
      vertex -31.9663 28.507 37.4
      vertex -32.0393 28.6055 28.4
      vertex -32.0393 28.6055 37.4
    endloop
  endfacet
  facet normal 0.803413 0.595423 0
    outer loop
      vertex -32.0393 28.6055 28.4
      vertex -31.9663 28.507 37.4
      vertex -31.9663 28.507 28.4
    endloop
  endfacet
  facet normal 0.970047 0.242919 0
    outer loop
      vertex -32.1962 28.9371 37.4
      vertex -32.226 29.0561 28.4
      vertex -32.226 29.0561 37.4
    endloop
  endfacet
  facet normal 0.970047 0.242919 0
    outer loop
      vertex -32.226 29.0561 28.4
      vertex -32.1962 28.9371 37.4
      vertex -32.1962 28.9371 28.4
    endloop
  endfacet
  facet normal 0.998803 0.0489209 0
    outer loop
      vertex -32.244 29.1775 37.4
      vertex -32.25 29.3 28.4
      vertex -32.25 29.3 37.4
    endloop
  endfacet
  facet normal 0.998803 0.0489209 0
    outer loop
      vertex -32.25 29.3 28.4
      vertex -32.244 29.1775 37.4
      vertex -32.244 29.1775 28.4
    endloop
  endfacet
  facet normal -0.146667 0.989186 0
    outer loop
      vertex -30.7561 28.074 28.4
      vertex -30.8775 28.056 37.4
      vertex -30.7561 28.074 37.4
    endloop
  endfacet
  facet normal -0.146667 0.989186 0
    outer loop
      vertex -30.8775 28.056 37.4
      vertex -30.7561 28.074 28.4
      vertex -30.8775 28.056 28.4
    endloop
  endfacet
  facet normal -0.336698 0.941613 0
    outer loop
      vertex -30.5216 28.1451 28.4
      vertex -30.6371 28.1038 37.4
      vertex -30.5216 28.1451 37.4
    endloop
  endfacet
  facet normal -0.336698 0.941613 0
    outer loop
      vertex -30.6371 28.1038 37.4
      vertex -30.5216 28.1451 28.4
      vertex -30.6371 28.1038 28.4
    endloop
  endfacet
  facet normal -0.671617 0.740898 0
    outer loop
      vertex -30.1161 28.4161 28.4
      vertex -30.207 28.3337 37.4
      vertex -30.1161 28.4161 37.4
    endloop
  endfacet
  facet normal -0.671617 0.740898 0
    outer loop
      vertex -30.207 28.3337 37.4
      vertex -30.1161 28.4161 28.4
      vertex -30.207 28.3337 28.4
    endloop
  endfacet
  facet normal -0.514016 0.85778 0
    outer loop
      vertex -30.3055 28.2607 28.4
      vertex -30.4108 28.1976 37.4
      vertex -30.3055 28.2607 37.4
    endloop
  endfacet
  facet normal -0.514016 0.85778 0
    outer loop
      vertex -30.4108 28.1976 37.4
      vertex -30.3055 28.2607 28.4
      vertex -30.4108 28.1976 28.4
    endloop
  endfacet
  facet normal -0.803413 0.595423 0
    outer loop
      vertex -30.0337 28.507 28.4
      vertex -29.9607 28.6055 37.4
      vertex -29.9607 28.6055 28.4
    endloop
  endfacet
  facet normal -0.803413 0.595423 0
    outer loop
      vertex -29.9607 28.6055 37.4
      vertex -30.0337 28.507 28.4
      vertex -30.0337 28.507 37.4
    endloop
  endfacet
  facet normal -0.903688 0.428192 0
    outer loop
      vertex -29.8976 28.7108 28.4
      vertex -29.8451 28.8216 37.4
      vertex -29.8451 28.8216 28.4
    endloop
  endfacet
  facet normal -0.903688 0.428192 0
    outer loop
      vertex -29.8451 28.8216 37.4
      vertex -29.8976 28.7108 28.4
      vertex -29.8976 28.7108 37.4
    endloop
  endfacet
  facet normal -0.970047 0.242919 0
    outer loop
      vertex -29.8038 28.9371 28.4
      vertex -29.774 29.0561 37.4
      vertex -29.774 29.0561 28.4
    endloop
  endfacet
  facet normal -0.970047 0.242919 0
    outer loop
      vertex -29.774 29.0561 37.4
      vertex -29.8038 28.9371 28.4
      vertex -29.8038 28.9371 37.4
    endloop
  endfacet
  facet normal 0.595423 0.803413 -0
    outer loop
      vertex -31.6945 28.2607 28.4
      vertex -31.793 28.3337 37.4
      vertex -31.6945 28.2607 37.4
    endloop
  endfacet
  facet normal 0.595423 0.803413 0
    outer loop
      vertex -31.793 28.3337 37.4
      vertex -31.6945 28.2607 28.4
      vertex -31.793 28.3337 28.4
    endloop
  endfacet
  facet normal 0.428192 0.903688 -0
    outer loop
      vertex -31.4784 28.1451 28.4
      vertex -31.5892 28.1976 37.4
      vertex -31.4784 28.1451 37.4
    endloop
  endfacet
  facet normal 0.428192 0.903688 0
    outer loop
      vertex -31.5892 28.1976 37.4
      vertex -31.4784 28.1451 28.4
      vertex -31.5892 28.1976 28.4
    endloop
  endfacet
  facet normal 0.242919 0.970047 -0
    outer loop
      vertex -31.2439 28.074 28.4
      vertex -31.3629 28.1038 37.4
      vertex -31.2439 28.074 37.4
    endloop
  endfacet
  facet normal 0.242919 0.970047 0
    outer loop
      vertex -31.3629 28.1038 37.4
      vertex -31.2439 28.074 28.4
      vertex -31.3629 28.1038 28.4
    endloop
  endfacet
  facet normal 0.0489209 0.998803 -0
    outer loop
      vertex -31 28.05 28.4
      vertex -31.1225 28.056 37.4
      vertex -31 28.05 37.4
    endloop
  endfacet
  facet normal 0.0489209 0.998803 0
    outer loop
      vertex -31.1225 28.056 37.4
      vertex -31 28.05 28.4
      vertex -31.1225 28.056 28.4
    endloop
  endfacet
  facet normal 0.85778 0.514016 0
    outer loop
      vertex -32.0393 28.6055 37.4
      vertex -32.1024 28.7108 28.4
      vertex -32.1024 28.7108 37.4
    endloop
  endfacet
  facet normal 0.85778 0.514016 0
    outer loop
      vertex -32.1024 28.7108 28.4
      vertex -32.0393 28.6055 37.4
      vertex -32.0393 28.6055 28.4
    endloop
  endfacet
  facet normal 0.740898 0.671617 0
    outer loop
      vertex -31.8839 28.4161 37.4
      vertex -31.9663 28.507 28.4
      vertex -31.9663 28.507 37.4
    endloop
  endfacet
  facet normal 0.740898 0.671617 0
    outer loop
      vertex -31.9663 28.507 28.4
      vertex -31.8839 28.4161 37.4
      vertex -31.8839 28.4161 28.4
    endloop
  endfacet
  facet normal 0.941613 0.336698 0
    outer loop
      vertex -32.1549 28.8216 37.4
      vertex -32.1962 28.9371 28.4
      vertex -32.1962 28.9371 37.4
    endloop
  endfacet
  facet normal 0.941613 0.336698 0
    outer loop
      vertex -32.1962 28.9371 28.4
      vertex -32.1549 28.8216 37.4
      vertex -32.1549 28.8216 28.4
    endloop
  endfacet
  facet normal 0.989186 0.146667 0
    outer loop
      vertex -32.226 29.0561 37.4
      vertex -32.244 29.1775 28.4
      vertex -32.244 29.1775 37.4
    endloop
  endfacet
  facet normal 0.989186 0.146667 0
    outer loop
      vertex -32.244 29.1775 28.4
      vertex -32.226 29.0561 37.4
      vertex -32.226 29.0561 28.4
    endloop
  endfacet
  facet normal -0.998803 -0.0489209 0
    outer loop
      vertex 32.25 29.3 28.4
      vertex 32.244 29.4225 37.4
      vertex 32.244 29.4225 28.4
    endloop
  endfacet
  facet normal -0.998803 -0.0489209 0
    outer loop
      vertex 32.244 29.4225 37.4
      vertex 32.25 29.3 28.4
      vertex 32.25 29.3 37.4
    endloop
  endfacet
  facet normal 0.0489209 -0.998803 0
    outer loop
      vertex 30.8775 30.544 28.4
      vertex 31 30.55 37.4
      vertex 30.8775 30.544 37.4
    endloop
  endfacet
  facet normal 0.0489209 -0.998803 0
    outer loop
      vertex 31 30.55 37.4
      vertex 30.8775 30.544 28.4
      vertex 31 30.55 28.4
    endloop
  endfacet
  facet normal -0.0489209 0.998803 0
    outer loop
      vertex 31.1225 28.056 28.4
      vertex 31 28.05 37.4
      vertex 31.1225 28.056 37.4
    endloop
  endfacet
  facet normal -0.0489209 0.998803 0
    outer loop
      vertex 31 28.05 37.4
      vertex 31.1225 28.056 28.4
      vertex 31 28.05 28.4
    endloop
  endfacet
  facet normal -0.671617 -0.740898 0
    outer loop
      vertex 31.793 30.2663 28.4
      vertex 31.8839 30.1839 37.4
      vertex 31.793 30.2663 37.4
    endloop
  endfacet
  facet normal -0.671617 -0.740898 -0
    outer loop
      vertex 31.8839 30.1839 37.4
      vertex 31.793 30.2663 28.4
      vertex 31.8839 30.1839 28.4
    endloop
  endfacet
  facet normal 0.740898 -0.671617 0
    outer loop
      vertex 30.0337 30.093 37.4
      vertex 30.1161 30.1839 28.4
      vertex 30.1161 30.1839 37.4
    endloop
  endfacet
  facet normal 0.740898 -0.671617 0
    outer loop
      vertex 30.1161 30.1839 28.4
      vertex 30.0337 30.093 37.4
      vertex 30.0337 30.093 28.4
    endloop
  endfacet
  facet normal 0.427525 -0.904003 0
    outer loop
      vertex 30.4108 30.4024 28.4
      vertex 30.5216 30.4548 37.4
      vertex 30.4108 30.4024 37.4
    endloop
  endfacet
  facet normal 0.427525 -0.904003 0
    outer loop
      vertex 30.5216 30.4548 37.4
      vertex 30.4108 30.4024 28.4
      vertex 30.5216 30.4548 28.4
    endloop
  endfacet
  facet normal -0.85778 0.514016 0
    outer loop
      vertex 32.0393 28.6055 28.4
      vertex 32.1024 28.7108 37.4
      vertex 32.1024 28.7108 28.4
    endloop
  endfacet
  facet normal -0.85778 0.514016 0
    outer loop
      vertex 32.1024 28.7108 37.4
      vertex 32.0393 28.6055 28.4
      vertex 32.0393 28.6055 37.4
    endloop
  endfacet
  facet normal -0.903688 -0.428192 0
    outer loop
      vertex 32.1549 29.7784 28.4
      vertex 32.1024 29.8892 37.4
      vertex 32.1024 29.8892 28.4
    endloop
  endfacet
  facet normal -0.903688 -0.428192 0
    outer loop
      vertex 32.1024 29.8892 37.4
      vertex 32.1549 29.7784 28.4
      vertex 32.1549 29.7784 37.4
    endloop
  endfacet
  facet normal -0.33742 -0.941354 0
    outer loop
      vertex 31.3629 30.4962 28.4
      vertex 31.4784 30.4548 37.4
      vertex 31.3629 30.4962 37.4
    endloop
  endfacet
  facet normal -0.33742 -0.941354 -0
    outer loop
      vertex 31.4784 30.4548 37.4
      vertex 31.3629 30.4962 28.4
      vertex 31.4784 30.4548 28.4
    endloop
  endfacet
  facet normal -0.514016 -0.85778 0
    outer loop
      vertex 31.5892 30.4024 28.4
      vertex 31.6945 30.3393 37.4
      vertex 31.5892 30.4024 37.4
    endloop
  endfacet
  facet normal -0.514016 -0.85778 -0
    outer loop
      vertex 31.6945 30.3393 37.4
      vertex 31.5892 30.4024 28.4
      vertex 31.6945 30.3393 28.4
    endloop
  endfacet
  facet normal 0.941613 -0.336698 0
    outer loop
      vertex 29.8038 29.6629 37.4
      vertex 29.8451 29.7784 28.4
      vertex 29.8451 29.7784 37.4
    endloop
  endfacet
  facet normal 0.941613 -0.336698 0
    outer loop
      vertex 29.8451 29.7784 28.4
      vertex 29.8038 29.6629 37.4
      vertex 29.8038 29.6629 28.4
    endloop
  endfacet
  facet normal 0.242919 -0.970047 0
    outer loop
      vertex 30.6371 30.4962 28.4
      vertex 30.7561 30.526 37.4
      vertex 30.6371 30.4962 37.4
    endloop
  endfacet
  facet normal 0.242919 -0.970047 0
    outer loop
      vertex 30.7561 30.526 37.4
      vertex 30.6371 30.4962 28.4
      vertex 30.7561 30.526 28.4
    endloop
  endfacet
  facet normal -0.989186 0.146667 0
    outer loop
      vertex 32.226 29.0561 28.4
      vertex 32.244 29.1775 37.4
      vertex 32.244 29.1775 28.4
    endloop
  endfacet
  facet normal -0.989186 0.146667 0
    outer loop
      vertex 32.244 29.1775 37.4
      vertex 32.226 29.0561 28.4
      vertex 32.226 29.0561 37.4
    endloop
  endfacet
  facet normal -0.146667 0.989186 0
    outer loop
      vertex 31.2439 28.074 28.4
      vertex 31.1225 28.056 37.4
      vertex 31.2439 28.074 37.4
    endloop
  endfacet
  facet normal -0.146667 0.989186 0
    outer loop
      vertex 31.1225 28.056 37.4
      vertex 31.2439 28.074 28.4
      vertex 31.1225 28.056 28.4
    endloop
  endfacet
  facet normal -0.970047 -0.242919 0
    outer loop
      vertex 32.226 29.5439 28.4
      vertex 32.1962 29.6629 37.4
      vertex 32.1962 29.6629 28.4
    endloop
  endfacet
  facet normal -0.970047 -0.242919 0
    outer loop
      vertex 32.1962 29.6629 37.4
      vertex 32.226 29.5439 28.4
      vertex 32.226 29.5439 37.4
    endloop
  endfacet
  facet normal -0.989186 -0.146667 0
    outer loop
      vertex 32.244 29.4225 28.4
      vertex 32.226 29.5439 37.4
      vertex 32.226 29.5439 28.4
    endloop
  endfacet
  facet normal -0.989186 -0.146667 0
    outer loop
      vertex 32.226 29.5439 37.4
      vertex 32.244 29.4225 28.4
      vertex 32.244 29.4225 37.4
    endloop
  endfacet
  facet normal -0.941613 -0.336698 0
    outer loop
      vertex 32.1962 29.6629 28.4
      vertex 32.1549 29.7784 37.4
      vertex 32.1549 29.7784 28.4
    endloop
  endfacet
  facet normal -0.941613 -0.336698 0
    outer loop
      vertex 32.1549 29.7784 37.4
      vertex 32.1962 29.6629 28.4
      vertex 32.1962 29.6629 37.4
    endloop
  endfacet
  facet normal -0.803413 -0.595423 0
    outer loop
      vertex 32.0393 29.9945 28.4
      vertex 31.9663 30.093 37.4
      vertex 31.9663 30.093 28.4
    endloop
  endfacet
  facet normal -0.803413 -0.595423 0
    outer loop
      vertex 31.9663 30.093 37.4
      vertex 32.0393 29.9945 28.4
      vertex 32.0393 29.9945 37.4
    endloop
  endfacet
  facet normal -0.740898 -0.671617 0
    outer loop
      vertex 31.9663 30.093 28.4
      vertex 31.8839 30.1839 37.4
      vertex 31.8839 30.1839 28.4
    endloop
  endfacet
  facet normal -0.740898 -0.671617 0
    outer loop
      vertex 31.8839 30.1839 37.4
      vertex 31.9663 30.093 28.4
      vertex 31.9663 30.093 37.4
    endloop
  endfacet
  facet normal -0.85778 -0.514016 0
    outer loop
      vertex 32.1024 29.8892 28.4
      vertex 32.0393 29.9945 37.4
      vertex 32.0393 29.9945 28.4
    endloop
  endfacet
  facet normal -0.85778 -0.514016 0
    outer loop
      vertex 32.0393 29.9945 37.4
      vertex 32.1024 29.8892 28.4
      vertex 32.1024 29.8892 37.4
    endloop
  endfacet
  facet normal -0.146667 -0.989186 0
    outer loop
      vertex 31.1225 30.544 28.4
      vertex 31.2439 30.526 37.4
      vertex 31.1225 30.544 37.4
    endloop
  endfacet
  facet normal -0.146667 -0.989186 -0
    outer loop
      vertex 31.2439 30.526 37.4
      vertex 31.1225 30.544 28.4
      vertex 31.2439 30.526 28.4
    endloop
  endfacet
  facet normal -0.242919 -0.970047 0
    outer loop
      vertex 31.2439 30.526 28.4
      vertex 31.3629 30.4962 37.4
      vertex 31.2439 30.526 37.4
    endloop
  endfacet
  facet normal -0.242919 -0.970047 -0
    outer loop
      vertex 31.3629 30.4962 37.4
      vertex 31.2439 30.526 28.4
      vertex 31.3629 30.4962 28.4
    endloop
  endfacet
  facet normal -0.0489209 -0.998803 0
    outer loop
      vertex 31 30.55 28.4
      vertex 31.1225 30.544 37.4
      vertex 31 30.55 37.4
    endloop
  endfacet
  facet normal -0.0489209 -0.998803 -0
    outer loop
      vertex 31.1225 30.544 37.4
      vertex 31 30.55 28.4
      vertex 31.1225 30.544 28.4
    endloop
  endfacet
  facet normal -0.427525 -0.904003 0
    outer loop
      vertex 31.4784 30.4548 28.4
      vertex 31.5892 30.4024 37.4
      vertex 31.4784 30.4548 37.4
    endloop
  endfacet
  facet normal -0.427525 -0.904003 -0
    outer loop
      vertex 31.5892 30.4024 37.4
      vertex 31.4784 30.4548 28.4
      vertex 31.5892 30.4024 28.4
    endloop
  endfacet
  facet normal -0.595423 -0.803413 0
    outer loop
      vertex 31.6945 30.3393 28.4
      vertex 31.793 30.2663 37.4
      vertex 31.6945 30.3393 37.4
    endloop
  endfacet
  facet normal -0.595423 -0.803413 -0
    outer loop
      vertex 31.793 30.2663 37.4
      vertex 31.6945 30.3393 28.4
      vertex 31.793 30.2663 28.4
    endloop
  endfacet
  facet normal 0.989186 -0.146667 0
    outer loop
      vertex 29.756 29.4225 37.4
      vertex 29.774 29.5439 28.4
      vertex 29.774 29.5439 37.4
    endloop
  endfacet
  facet normal 0.989186 -0.146667 0
    outer loop
      vertex 29.774 29.5439 28.4
      vertex 29.756 29.4225 37.4
      vertex 29.756 29.4225 28.4
    endloop
  endfacet
  facet normal 0 0 1
    outer loop
      vertex 32.244 29.4225 28.4
      vertex 32.244 29.1775 28.4
      vertex 32.25 29.3 28.4
    endloop
  endfacet
  facet normal 0 0 1
    outer loop
      vertex 32.226 29.5439 28.4
      vertex 32.244 29.1775 28.4
      vertex 32.244 29.4225 28.4
    endloop
  endfacet
  facet normal 0 0 1
    outer loop
      vertex 32.226 29.5439 28.4
      vertex 32.226 29.0561 28.4
      vertex 32.244 29.1775 28.4
    endloop
  endfacet
  facet normal 0 0 1
    outer loop
      vertex 32.1962 29.6629 28.4
      vertex 32.226 29.0561 28.4
      vertex 32.226 29.5439 28.4
    endloop
  endfacet
  facet normal 0 0 1
    outer loop
      vertex 32.1962 29.6629 28.4
      vertex 32.1962 28.9371 28.4
      vertex 32.226 29.0561 28.4
    endloop
  endfacet
  facet normal 0 0 1
    outer loop
      vertex 32.1549 29.7784 28.4
      vertex 32.1962 28.9371 28.4
      vertex 32.1962 29.6629 28.4
    endloop
  endfacet
  facet normal 0 0 1
    outer loop
      vertex 32.1549 29.7784 28.4
      vertex 32.1549 28.8216 28.4
      vertex 32.1962 28.9371 28.4
    endloop
  endfacet
  facet normal 0 0 1
    outer loop
      vertex 32.1024 29.8892 28.4
      vertex 32.1549 28.8216 28.4
      vertex 32.1549 29.7784 28.4
    endloop
  endfacet
  facet normal 0 0 1
    outer loop
      vertex 32.1024 29.8892 28.4
      vertex 32.1024 28.7108 28.4
      vertex 32.1549 28.8216 28.4
    endloop
  endfacet
  facet normal 0 0 1
    outer loop
      vertex 32.0393 29.9945 28.4
      vertex 32.1024 28.7108 28.4
      vertex 32.1024 29.8892 28.4
    endloop
  endfacet
  facet normal 0 0 1
    outer loop
      vertex 32.0393 29.9945 28.4
      vertex 32.0393 28.6055 28.4
      vertex 32.1024 28.7108 28.4
    endloop
  endfacet
  facet normal 0 0 1
    outer loop
      vertex 31.9663 30.093 28.4
      vertex 32.0393 28.6055 28.4
      vertex 32.0393 29.9945 28.4
    endloop
  endfacet
  facet normal 0 0 1
    outer loop
      vertex 31.9663 30.093 28.4
      vertex 31.9663 28.507 28.4
      vertex 32.0393 28.6055 28.4
    endloop
  endfacet
  facet normal 0 0 1
    outer loop
      vertex 31.8839 30.1839 28.4
      vertex 31.9663 28.507 28.4
      vertex 31.9663 30.093 28.4
    endloop
  endfacet
  facet normal 0 0 1
    outer loop
      vertex 31.8839 30.1839 28.4
      vertex 31.8839 28.4161 28.4
      vertex 31.9663 28.507 28.4
    endloop
  endfacet
  facet normal 0 0 1
    outer loop
      vertex 31.793 30.2663 28.4
      vertex 31.8839 28.4161 28.4
      vertex 31.8839 30.1839 28.4
    endloop
  endfacet
  facet normal 0 0 1
    outer loop
      vertex 31.793 30.2663 28.4
      vertex 31.793 28.3337 28.4
      vertex 31.8839 28.4161 28.4
    endloop
  endfacet
  facet normal 0 0 1
    outer loop
      vertex 31.6945 30.3393 28.4
      vertex 31.793 28.3337 28.4
      vertex 31.793 30.2663 28.4
    endloop
  endfacet
  facet normal 0 0 1
    outer loop
      vertex 31.6945 30.3393 28.4
      vertex 31.6945 28.2607 28.4
      vertex 31.793 28.3337 28.4
    endloop
  endfacet
  facet normal 0 0 1
    outer loop
      vertex 31.5892 30.4024 28.4
      vertex 31.6945 28.2607 28.4
      vertex 31.6945 30.3393 28.4
    endloop
  endfacet
  facet normal 0 0 1
    outer loop
      vertex 31.5892 30.4024 28.4
      vertex 31.5892 28.1976 28.4
      vertex 31.6945 28.2607 28.4
    endloop
  endfacet
  facet normal 0 0 1
    outer loop
      vertex 31.4784 30.4548 28.4
      vertex 31.5892 28.1976 28.4
      vertex 31.5892 30.4024 28.4
    endloop
  endfacet
  facet normal 0 0 1
    outer loop
      vertex 31.4784 30.4548 28.4
      vertex 31.4784 28.1451 28.4
      vertex 31.5892 28.1976 28.4
    endloop
  endfacet
  facet normal 0 0 1
    outer loop
      vertex 31.3629 30.4962 28.4
      vertex 31.4784 28.1451 28.4
      vertex 31.4784 30.4548 28.4
    endloop
  endfacet
  facet normal 0 0 1
    outer loop
      vertex 31.3629 30.4962 28.4
      vertex 31.3629 28.1038 28.4
      vertex 31.4784 28.1451 28.4
    endloop
  endfacet
  facet normal 0 0 1
    outer loop
      vertex 31.2439 30.526 28.4
      vertex 31.3629 28.1038 28.4
      vertex 31.3629 30.4962 28.4
    endloop
  endfacet
  facet normal 0 0 1
    outer loop
      vertex 31.2439 30.526 28.4
      vertex 31.2439 28.074 28.4
      vertex 31.3629 28.1038 28.4
    endloop
  endfacet
  facet normal 0 0 1
    outer loop
      vertex 31.1225 30.544 28.4
      vertex 31.2439 28.074 28.4
      vertex 31.2439 30.526 28.4
    endloop
  endfacet
  facet normal 0 0 1
    outer loop
      vertex 31.1225 30.544 28.4
      vertex 31.1225 28.056 28.4
      vertex 31.2439 28.074 28.4
    endloop
  endfacet
  facet normal 0 0 1
    outer loop
      vertex 31 30.55 28.4
      vertex 31.1225 28.056 28.4
      vertex 31.1225 30.544 28.4
    endloop
  endfacet
  facet normal 0 0 1
    outer loop
      vertex 31 30.55 28.4
      vertex 31 28.05 28.4
      vertex 31.1225 28.056 28.4
    endloop
  endfacet
  facet normal -0 0 1
    outer loop
      vertex 30.8775 30.544 28.4
      vertex 31 28.05 28.4
      vertex 31 30.55 28.4
    endloop
  endfacet
  facet normal 0 0 1
    outer loop
      vertex 30.8775 30.544 28.4
      vertex 30.8775 28.056 28.4
      vertex 31 28.05 28.4
    endloop
  endfacet
  facet normal -0 0 1
    outer loop
      vertex 30.7561 30.526 28.4
      vertex 30.8775 28.056 28.4
      vertex 30.8775 30.544 28.4
    endloop
  endfacet
  facet normal 0 0 1
    outer loop
      vertex 30.7561 30.526 28.4
      vertex 30.7561 28.074 28.4
      vertex 30.8775 28.056 28.4
    endloop
  endfacet
  facet normal -0 0 1
    outer loop
      vertex 30.6371 30.4962 28.4
      vertex 30.7561 28.074 28.4
      vertex 30.7561 30.526 28.4
    endloop
  endfacet
  facet normal 0 0 1
    outer loop
      vertex 30.6371 30.4962 28.4
      vertex 30.6371 28.1038 28.4
      vertex 30.7561 28.074 28.4
    endloop
  endfacet
  facet normal -0 0 1
    outer loop
      vertex 30.5216 30.4548 28.4
      vertex 30.6371 28.1038 28.4
      vertex 30.6371 30.4962 28.4
    endloop
  endfacet
  facet normal 0 0 1
    outer loop
      vertex 30.5216 30.4548 28.4
      vertex 30.5216 28.1451 28.4
      vertex 30.6371 28.1038 28.4
    endloop
  endfacet
  facet normal -0 0 1
    outer loop
      vertex 30.4108 30.4024 28.4
      vertex 30.5216 28.1451 28.4
      vertex 30.5216 30.4548 28.4
    endloop
  endfacet
  facet normal 0 0 1
    outer loop
      vertex 30.4108 30.4024 28.4
      vertex 30.4108 28.1976 28.4
      vertex 30.5216 28.1451 28.4
    endloop
  endfacet
  facet normal -0 0 1
    outer loop
      vertex 30.3055 30.3393 28.4
      vertex 30.4108 28.1976 28.4
      vertex 30.4108 30.4024 28.4
    endloop
  endfacet
  facet normal 0 0 1
    outer loop
      vertex 30.3055 30.3393 28.4
      vertex 30.3055 28.2607 28.4
      vertex 30.4108 28.1976 28.4
    endloop
  endfacet
  facet normal -0 0 1
    outer loop
      vertex 30.207 30.2663 28.4
      vertex 30.3055 28.2607 28.4
      vertex 30.3055 30.3393 28.4
    endloop
  endfacet
  facet normal 0 0 1
    outer loop
      vertex 30.207 30.2663 28.4
      vertex 30.207 28.3337 28.4
      vertex 30.3055 28.2607 28.4
    endloop
  endfacet
  facet normal -0 0 1
    outer loop
      vertex 30.1161 30.1839 28.4
      vertex 30.207 28.3337 28.4
      vertex 30.207 30.2663 28.4
    endloop
  endfacet
  facet normal 0 0 1
    outer loop
      vertex 30.1161 30.1839 28.4
      vertex 30.1161 28.4161 28.4
      vertex 30.207 28.3337 28.4
    endloop
  endfacet
  facet normal -0 0 1
    outer loop
      vertex 30.0337 30.093 28.4
      vertex 30.1161 28.4161 28.4
      vertex 30.1161 30.1839 28.4
    endloop
  endfacet
  facet normal 0 0 1
    outer loop
      vertex 30.0337 30.093 28.4
      vertex 30.0337 28.507 28.4
      vertex 30.1161 28.4161 28.4
    endloop
  endfacet
  facet normal -0 0 1
    outer loop
      vertex 29.9607 29.9945 28.4
      vertex 30.0337 28.507 28.4
      vertex 30.0337 30.093 28.4
    endloop
  endfacet
  facet normal 0 0 1
    outer loop
      vertex 29.9607 29.9945 28.4
      vertex 29.9607 28.6055 28.4
      vertex 30.0337 28.507 28.4
    endloop
  endfacet
  facet normal -0 0 1
    outer loop
      vertex 29.8976 29.8892 28.4
      vertex 29.9607 28.6055 28.4
      vertex 29.9607 29.9945 28.4
    endloop
  endfacet
  facet normal 0 0 1
    outer loop
      vertex 29.8976 29.8892 28.4
      vertex 29.8976 28.7108 28.4
      vertex 29.9607 28.6055 28.4
    endloop
  endfacet
  facet normal -0 0 1
    outer loop
      vertex 29.8451 29.7784 28.4
      vertex 29.8976 28.7108 28.4
      vertex 29.8976 29.8892 28.4
    endloop
  endfacet
  facet normal 0 0 1
    outer loop
      vertex 29.8451 29.7784 28.4
      vertex 29.8451 28.8216 28.4
      vertex 29.8976 28.7108 28.4
    endloop
  endfacet
  facet normal -0 0 1
    outer loop
      vertex 29.8038 29.6629 28.4
      vertex 29.8451 28.8216 28.4
      vertex 29.8451 29.7784 28.4
    endloop
  endfacet
  facet normal 0 0 1
    outer loop
      vertex 29.8038 29.6629 28.4
      vertex 29.8038 28.9371 28.4
      vertex 29.8451 28.8216 28.4
    endloop
  endfacet
  facet normal -0 0 1
    outer loop
      vertex 29.774 29.5439 28.4
      vertex 29.8038 28.9371 28.4
      vertex 29.8038 29.6629 28.4
    endloop
  endfacet
  facet normal 0 0 1
    outer loop
      vertex 29.774 29.5439 28.4
      vertex 29.774 29.0561 28.4
      vertex 29.8038 28.9371 28.4
    endloop
  endfacet
  facet normal -0 0 1
    outer loop
      vertex 29.756 29.4225 28.4
      vertex 29.774 29.0561 28.4
      vertex 29.774 29.5439 28.4
    endloop
  endfacet
  facet normal 0 0 1
    outer loop
      vertex 29.756 29.4225 28.4
      vertex 29.756 29.1775 28.4
      vertex 29.774 29.0561 28.4
    endloop
  endfacet
  facet normal 0 -0 1
    outer loop
      vertex 29.756 29.1775 28.4
      vertex 29.756 29.4225 28.4
      vertex 29.75 29.3 28.4
    endloop
  endfacet
  facet normal 0.85778 -0.514016 0
    outer loop
      vertex 29.8976 29.8892 37.4
      vertex 29.9607 29.9945 28.4
      vertex 29.9607 29.9945 37.4
    endloop
  endfacet
  facet normal 0.85778 -0.514016 0
    outer loop
      vertex 29.9607 29.9945 28.4
      vertex 29.8976 29.8892 37.4
      vertex 29.8976 29.8892 28.4
    endloop
  endfacet
  facet normal 0.803413 -0.595423 0
    outer loop
      vertex 29.9607 29.9945 37.4
      vertex 30.0337 30.093 28.4
      vertex 30.0337 30.093 37.4
    endloop
  endfacet
  facet normal 0.803413 -0.595423 0
    outer loop
      vertex 30.0337 30.093 28.4
      vertex 29.9607 29.9945 37.4
      vertex 29.9607 29.9945 28.4
    endloop
  endfacet
  facet normal 0.903688 -0.428192 0
    outer loop
      vertex 29.8451 29.7784 37.4
      vertex 29.8976 29.8892 28.4
      vertex 29.8976 29.8892 37.4
    endloop
  endfacet
  facet normal 0.903688 -0.428192 0
    outer loop
      vertex 29.8976 29.8892 28.4
      vertex 29.8451 29.7784 37.4
      vertex 29.8451 29.7784 28.4
    endloop
  endfacet
  facet normal 0.970047 -0.242919 0
    outer loop
      vertex 29.774 29.5439 37.4
      vertex 29.8038 29.6629 28.4
      vertex 29.8038 29.6629 37.4
    endloop
  endfacet
  facet normal 0.970047 -0.242919 0
    outer loop
      vertex 29.8038 29.6629 28.4
      vertex 29.774 29.5439 37.4
      vertex 29.774 29.5439 28.4
    endloop
  endfacet
  facet normal 0.998803 -0.0489209 0
    outer loop
      vertex 29.75 29.3 37.4
      vertex 29.756 29.4225 28.4
      vertex 29.756 29.4225 37.4
    endloop
  endfacet
  facet normal 0.998803 -0.0489209 0
    outer loop
      vertex 29.756 29.4225 28.4
      vertex 29.75 29.3 37.4
      vertex 29.75 29.3 28.4
    endloop
  endfacet
  facet normal 0.595423 -0.803413 0
    outer loop
      vertex 30.207 30.2663 28.4
      vertex 30.3055 30.3393 37.4
      vertex 30.207 30.2663 37.4
    endloop
  endfacet
  facet normal 0.595423 -0.803413 0
    outer loop
      vertex 30.3055 30.3393 37.4
      vertex 30.207 30.2663 28.4
      vertex 30.3055 30.3393 28.4
    endloop
  endfacet
  facet normal 0.514016 -0.85778 0
    outer loop
      vertex 30.3055 30.3393 28.4
      vertex 30.4108 30.4024 37.4
      vertex 30.3055 30.3393 37.4
    endloop
  endfacet
  facet normal 0.514016 -0.85778 0
    outer loop
      vertex 30.4108 30.4024 37.4
      vertex 30.3055 30.3393 28.4
      vertex 30.4108 30.4024 28.4
    endloop
  endfacet
  facet normal 0.671617 -0.740898 0
    outer loop
      vertex 30.1161 30.1839 28.4
      vertex 30.207 30.2663 37.4
      vertex 30.1161 30.1839 37.4
    endloop
  endfacet
  facet normal 0.671617 -0.740898 0
    outer loop
      vertex 30.207 30.2663 37.4
      vertex 30.1161 30.1839 28.4
      vertex 30.207 30.2663 28.4
    endloop
  endfacet
  facet normal 0.33742 -0.941354 0
    outer loop
      vertex 30.5216 30.4548 28.4
      vertex 30.6371 30.4962 37.4
      vertex 30.5216 30.4548 37.4
    endloop
  endfacet
  facet normal 0.33742 -0.941354 0
    outer loop
      vertex 30.6371 30.4962 37.4
      vertex 30.5216 30.4548 28.4
      vertex 30.6371 30.4962 28.4
    endloop
  endfacet
  facet normal 0.146667 -0.989186 0
    outer loop
      vertex 30.7561 30.526 28.4
      vertex 30.8775 30.544 37.4
      vertex 30.7561 30.526 37.4
    endloop
  endfacet
  facet normal 0.146667 -0.989186 0
    outer loop
      vertex 30.8775 30.544 37.4
      vertex 30.7561 30.526 28.4
      vertex 30.8775 30.544 28.4
    endloop
  endfacet
  facet normal -0.998803 0.0489209 0
    outer loop
      vertex 32.244 29.1775 28.4
      vertex 32.25 29.3 37.4
      vertex 32.25 29.3 28.4
    endloop
  endfacet
  facet normal -0.998803 0.0489209 0
    outer loop
      vertex 32.25 29.3 37.4
      vertex 32.244 29.1775 28.4
      vertex 32.244 29.1775 37.4
    endloop
  endfacet
  facet normal -0.740898 0.671617 0
    outer loop
      vertex 31.8839 28.4161 28.4
      vertex 31.9663 28.507 37.4
      vertex 31.9663 28.507 28.4
    endloop
  endfacet
  facet normal -0.740898 0.671617 0
    outer loop
      vertex 31.9663 28.507 37.4
      vertex 31.8839 28.4161 28.4
      vertex 31.8839 28.4161 37.4
    endloop
  endfacet
  facet normal 0.998803 0.0489209 0
    outer loop
      vertex 29.756 29.1775 37.4
      vertex 29.75 29.3 28.4
      vertex 29.75 29.3 37.4
    endloop
  endfacet
  facet normal 0.998803 0.0489209 0
    outer loop
      vertex 29.75 29.3 28.4
      vertex 29.756 29.1775 37.4
      vertex 29.756 29.1775 28.4
    endloop
  endfacet
  facet normal -0.970047 0.242919 0
    outer loop
      vertex 32.1962 28.9371 28.4
      vertex 32.226 29.0561 37.4
      vertex 32.226 29.0561 28.4
    endloop
  endfacet
  facet normal -0.970047 0.242919 0
    outer loop
      vertex 32.226 29.0561 37.4
      vertex 32.1962 28.9371 28.4
      vertex 32.1962 28.9371 37.4
    endloop
  endfacet
  facet normal -0.514016 0.85778 0
    outer loop
      vertex 31.6945 28.2607 28.4
      vertex 31.5892 28.1976 37.4
      vertex 31.6945 28.2607 37.4
    endloop
  endfacet
  facet normal -0.514016 0.85778 0
    outer loop
      vertex 31.5892 28.1976 37.4
      vertex 31.6945 28.2607 28.4
      vertex 31.5892 28.1976 28.4
    endloop
  endfacet
  facet normal -0.903688 0.428192 0
    outer loop
      vertex 32.1024 28.7108 28.4
      vertex 32.1549 28.8216 37.4
      vertex 32.1549 28.8216 28.4
    endloop
  endfacet
  facet normal -0.903688 0.428192 0
    outer loop
      vertex 32.1549 28.8216 37.4
      vertex 32.1024 28.7108 28.4
      vertex 32.1024 28.7108 37.4
    endloop
  endfacet
  facet normal -0.803413 0.595423 0
    outer loop
      vertex 31.9663 28.507 28.4
      vertex 32.0393 28.6055 37.4
      vertex 32.0393 28.6055 28.4
    endloop
  endfacet
  facet normal -0.803413 0.595423 0
    outer loop
      vertex 32.0393 28.6055 37.4
      vertex 31.9663 28.507 28.4
      vertex 31.9663 28.507 37.4
    endloop
  endfacet
  facet normal 0.146667 0.989186 -0
    outer loop
      vertex 30.8775 28.056 28.4
      vertex 30.7561 28.074 37.4
      vertex 30.8775 28.056 37.4
    endloop
  endfacet
  facet normal 0.146667 0.989186 0
    outer loop
      vertex 30.7561 28.074 37.4
      vertex 30.8775 28.056 28.4
      vertex 30.7561 28.074 28.4
    endloop
  endfacet
  facet normal 0.740898 0.671617 0
    outer loop
      vertex 30.1161 28.4161 37.4
      vertex 30.0337 28.507 28.4
      vertex 30.0337 28.507 37.4
    endloop
  endfacet
  facet normal 0.740898 0.671617 0
    outer loop
      vertex 30.0337 28.507 28.4
      vertex 30.1161 28.4161 37.4
      vertex 30.1161 28.4161 28.4
    endloop
  endfacet
  facet normal 0.941613 0.336698 0
    outer loop
      vertex 29.8451 28.8216 37.4
      vertex 29.8038 28.9371 28.4
      vertex 29.8038 28.9371 37.4
    endloop
  endfacet
  facet normal 0.941613 0.336698 0
    outer loop
      vertex 29.8038 28.9371 28.4
      vertex 29.8451 28.8216 37.4
      vertex 29.8451 28.8216 28.4
    endloop
  endfacet
  facet normal -0.428192 0.903688 0
    outer loop
      vertex 31.5892 28.1976 28.4
      vertex 31.4784 28.1451 37.4
      vertex 31.5892 28.1976 37.4
    endloop
  endfacet
  facet normal -0.428192 0.903688 0
    outer loop
      vertex 31.4784 28.1451 37.4
      vertex 31.5892 28.1976 28.4
      vertex 31.4784 28.1451 28.4
    endloop
  endfacet
  facet normal -0.336698 0.941613 0
    outer loop
      vertex 31.4784 28.1451 28.4
      vertex 31.3629 28.1038 37.4
      vertex 31.4784 28.1451 37.4
    endloop
  endfacet
  facet normal -0.336698 0.941613 0
    outer loop
      vertex 31.3629 28.1038 37.4
      vertex 31.4784 28.1451 28.4
      vertex 31.3629 28.1038 28.4
    endloop
  endfacet
  facet normal -0.242919 0.970047 0
    outer loop
      vertex 31.3629 28.1038 28.4
      vertex 31.2439 28.074 37.4
      vertex 31.3629 28.1038 37.4
    endloop
  endfacet
  facet normal -0.242919 0.970047 0
    outer loop
      vertex 31.2439 28.074 37.4
      vertex 31.3629 28.1038 28.4
      vertex 31.2439 28.074 28.4
    endloop
  endfacet
  facet normal -0.941613 0.336698 0
    outer loop
      vertex 32.1549 28.8216 28.4
      vertex 32.1962 28.9371 37.4
      vertex 32.1962 28.9371 28.4
    endloop
  endfacet
  facet normal -0.941613 0.336698 0
    outer loop
      vertex 32.1962 28.9371 37.4
      vertex 32.1549 28.8216 28.4
      vertex 32.1549 28.8216 37.4
    endloop
  endfacet
  facet normal 0.0489209 0.998803 -0
    outer loop
      vertex 31 28.05 28.4
      vertex 30.8775 28.056 37.4
      vertex 31 28.05 37.4
    endloop
  endfacet
  facet normal 0.0489209 0.998803 0
    outer loop
      vertex 30.8775 28.056 37.4
      vertex 31 28.05 28.4
      vertex 30.8775 28.056 28.4
    endloop
  endfacet
  facet normal 0.336698 0.941613 -0
    outer loop
      vertex 30.6371 28.1038 28.4
      vertex 30.5216 28.1451 37.4
      vertex 30.6371 28.1038 37.4
    endloop
  endfacet
  facet normal 0.336698 0.941613 0
    outer loop
      vertex 30.5216 28.1451 37.4
      vertex 30.6371 28.1038 28.4
      vertex 30.5216 28.1451 28.4
    endloop
  endfacet
  facet normal 0.671617 0.740898 -0
    outer loop
      vertex 30.207 28.3337 28.4
      vertex 30.1161 28.4161 37.4
      vertex 30.207 28.3337 37.4
    endloop
  endfacet
  facet normal 0.671617 0.740898 0
    outer loop
      vertex 30.1161 28.4161 37.4
      vertex 30.207 28.3337 28.4
      vertex 30.1161 28.4161 28.4
    endloop
  endfacet
  facet normal 0.903688 0.428192 0
    outer loop
      vertex 29.8976 28.7108 37.4
      vertex 29.8451 28.8216 28.4
      vertex 29.8451 28.8216 37.4
    endloop
  endfacet
  facet normal 0.903688 0.428192 0
    outer loop
      vertex 29.8451 28.8216 28.4
      vertex 29.8976 28.7108 37.4
      vertex 29.8976 28.7108 28.4
    endloop
  endfacet
  facet normal 0.970047 0.242919 0
    outer loop
      vertex 29.8038 28.9371 37.4
      vertex 29.774 29.0561 28.4
      vertex 29.774 29.0561 37.4
    endloop
  endfacet
  facet normal 0.970047 0.242919 0
    outer loop
      vertex 29.774 29.0561 28.4
      vertex 29.8038 28.9371 37.4
      vertex 29.8038 28.9371 28.4
    endloop
  endfacet
  facet normal 0.989186 0.146667 0
    outer loop
      vertex 29.774 29.0561 37.4
      vertex 29.756 29.1775 28.4
      vertex 29.756 29.1775 37.4
    endloop
  endfacet
  facet normal 0.989186 0.146667 0
    outer loop
      vertex 29.756 29.1775 28.4
      vertex 29.774 29.0561 37.4
      vertex 29.774 29.0561 28.4
    endloop
  endfacet
  facet normal -0.671617 0.740898 0
    outer loop
      vertex 31.8839 28.4161 28.4
      vertex 31.793 28.3337 37.4
      vertex 31.8839 28.4161 37.4
    endloop
  endfacet
  facet normal -0.671617 0.740898 0
    outer loop
      vertex 31.793 28.3337 37.4
      vertex 31.8839 28.4161 28.4
      vertex 31.793 28.3337 28.4
    endloop
  endfacet
  facet normal -0.595423 0.803413 0
    outer loop
      vertex 31.793 28.3337 28.4
      vertex 31.6945 28.2607 37.4
      vertex 31.793 28.3337 37.4
    endloop
  endfacet
  facet normal -0.595423 0.803413 0
    outer loop
      vertex 31.6945 28.2607 37.4
      vertex 31.793 28.3337 28.4
      vertex 31.6945 28.2607 28.4
    endloop
  endfacet
  facet normal 0.242919 0.970047 -0
    outer loop
      vertex 30.7561 28.074 28.4
      vertex 30.6371 28.1038 37.4
      vertex 30.7561 28.074 37.4
    endloop
  endfacet
  facet normal 0.242919 0.970047 0
    outer loop
      vertex 30.6371 28.1038 37.4
      vertex 30.7561 28.074 28.4
      vertex 30.6371 28.1038 28.4
    endloop
  endfacet
  facet normal 0.595423 0.803413 -0
    outer loop
      vertex 30.3055 28.2607 28.4
      vertex 30.207 28.3337 37.4
      vertex 30.3055 28.2607 37.4
    endloop
  endfacet
  facet normal 0.595423 0.803413 0
    outer loop
      vertex 30.207 28.3337 37.4
      vertex 30.3055 28.2607 28.4
      vertex 30.207 28.3337 28.4
    endloop
  endfacet
  facet normal 0.803413 0.595423 0
    outer loop
      vertex 30.0337 28.507 37.4
      vertex 29.9607 28.6055 28.4
      vertex 29.9607 28.6055 37.4
    endloop
  endfacet
  facet normal 0.803413 0.595423 0
    outer loop
      vertex 29.9607 28.6055 28.4
      vertex 30.0337 28.507 37.4
      vertex 30.0337 28.507 28.4
    endloop
  endfacet
  facet normal 0.85778 0.514016 0
    outer loop
      vertex 29.9607 28.6055 37.4
      vertex 29.8976 28.7108 28.4
      vertex 29.8976 28.7108 37.4
    endloop
  endfacet
  facet normal 0.85778 0.514016 0
    outer loop
      vertex 29.8976 28.7108 28.4
      vertex 29.9607 28.6055 37.4
      vertex 29.9607 28.6055 28.4
    endloop
  endfacet
  facet normal 0.428192 0.903688 -0
    outer loop
      vertex 30.5216 28.1451 28.4
      vertex 30.4108 28.1976 37.4
      vertex 30.5216 28.1451 37.4
    endloop
  endfacet
  facet normal 0.428192 0.903688 0
    outer loop
      vertex 30.4108 28.1976 37.4
      vertex 30.5216 28.1451 28.4
      vertex 30.4108 28.1976 28.4
    endloop
  endfacet
  facet normal 0.514016 0.85778 -0
    outer loop
      vertex 30.4108 28.1976 28.4
      vertex 30.3055 28.2607 37.4
      vertex 30.4108 28.1976 37.4
    endloop
  endfacet
  facet normal 0.514016 0.85778 0
    outer loop
      vertex 30.3055 28.2607 37.4
      vertex 30.4108 28.1976 28.4
      vertex 30.3055 28.2607 28.4
    endloop
  endfacet
  facet normal -0.970083 -0.242775 0
    outer loop
      vertex -15.8327 -7.16835 1.54
      vertex -15.8732 -7.00652 2.4
      vertex -15.8732 -7.00652 1.54
    endloop
  endfacet
  facet normal -0.970083 -0.242775 0
    outer loop
      vertex -15.8732 -7.00652 2.4
      vertex -15.8327 -7.16835 1.54
      vertex -15.8327 -7.16835 2.4
    endloop
  endfacet
  facet normal -0.998791 -0.0491513 0
    outer loop
      vertex -15.8 -7.5 1.54
      vertex -15.8082 -7.33337 2.4
      vertex -15.8082 -7.33337 1.54
    endloop
  endfacet
  facet normal -0.998791 -0.0491513 0
    outer loop
      vertex -15.8082 -7.33337 2.4
      vertex -15.8 -7.5 1.54
      vertex -15.8 -7.5 2.4
    endloop
  endfacet
  facet normal 0.998791 -0.0491513 0
    outer loop
      vertex -19.2 -7.5 2.4
      vertex -19.1918 -7.33337 1.54
      vertex -19.1918 -7.33337 2.4
    endloop
  endfacet
  facet normal 0.998791 -0.0491513 0
    outer loop
      vertex -19.1918 -7.33337 1.54
      vertex -19.2 -7.5 2.4
      vertex -19.2 -7.5 1.54
    endloop
  endfacet
  facet normal -0.0491004 -0.998794 0
    outer loop
      vertex -17.5 -5.8 1.54
      vertex -17.3334 -5.80819 2.4
      vertex -17.5 -5.8 2.4
    endloop
  endfacet
  facet normal -0.0491004 -0.998794 -0
    outer loop
      vertex -17.3334 -5.80819 2.4
      vertex -17.5 -5.8 1.54
      vertex -17.3334 -5.80819 1.54
    endloop
  endfacet
  facet normal -0.67161 -0.740905 0
    outer loop
      vertex -16.4215 -6.18588 1.54
      vertex -16.2979 -6.29792 2.4
      vertex -16.4215 -6.18588 2.4
    endloop
  endfacet
  facet normal -0.67161 -0.740905 -0
    outer loop
      vertex -16.2979 -6.29792 2.4
      vertex -16.4215 -6.18588 1.54
      vertex -16.2979 -6.29792 1.54
    endloop
  endfacet
  facet normal 0.67161 -0.740905 0
    outer loop
      vertex -18.7021 -6.29792 1.54
      vertex -18.5785 -6.18588 2.4
      vertex -18.7021 -6.29792 2.4
    endloop
  endfacet
  facet normal 0.67161 -0.740905 0
    outer loop
      vertex -18.5785 -6.18588 2.4
      vertex -18.7021 -6.29792 1.54
      vertex -18.5785 -6.18588 1.54
    endloop
  endfacet
  facet normal 0.33683 -0.941566 0
    outer loop
      vertex -18.1506 -5.9294 1.54
      vertex -17.9935 -5.8732 2.4
      vertex -18.1506 -5.9294 2.4
    endloop
  endfacet
  facet normal 0.33683 -0.941566 0
    outer loop
      vertex -17.9935 -5.8732 2.4
      vertex -18.1506 -5.9294 1.54
      vertex -17.9935 -5.8732 1.54
    endloop
  endfacet
  facet normal 0.803154 0.595772 0
    outer loop
      vertex -18.8141 -8.57847 2.4
      vertex -18.9135 -8.44447 1.54
      vertex -18.9135 -8.44447 2.4
    endloop
  endfacet
  facet normal 0.803154 0.595772 0
    outer loop
      vertex -18.9135 -8.44447 1.54
      vertex -18.8141 -8.57847 2.4
      vertex -18.8141 -8.57847 1.54
    endloop
  endfacet
  facet normal -0.941552 -0.336868 0
    outer loop
      vertex -15.8732 -7.00652 1.54
      vertex -15.9294 -6.84944 2.4
      vertex -15.9294 -6.84944 1.54
    endloop
  endfacet
  facet normal -0.941552 -0.336868 0
    outer loop
      vertex -15.9294 -6.84944 2.4
      vertex -15.8732 -7.00652 1.54
      vertex -15.8732 -7.00652 2.4
    endloop
  endfacet
  facet normal -0.427589 -0.903973 0
    outer loop
      vertex -16.8494 -5.9294 1.54
      vertex -16.6986 -6.00073 2.4
      vertex -16.8494 -5.9294 2.4
    endloop
  endfacet
  facet normal -0.427589 -0.903973 -0
    outer loop
      vertex -16.6986 -6.00073 2.4
      vertex -16.8494 -5.9294 1.54
      vertex -16.6986 -6.00073 1.54
    endloop
  endfacet
  facet normal -0.595695 -0.803211 0
    outer loop
      vertex -16.5555 -6.0865 1.54
      vertex -16.4215 -6.18588 2.4
      vertex -16.5555 -6.0865 2.4
    endloop
  endfacet
  facet normal -0.595695 -0.803211 -0
    outer loop
      vertex -16.4215 -6.18588 2.4
      vertex -16.5555 -6.0865 1.54
      vertex -16.4215 -6.18588 1.54
    endloop
  endfacet
  facet normal 0.857636 -0.514258 0
    outer loop
      vertex -18.9993 -6.69862 2.4
      vertex -18.9135 -6.55553 1.54
      vertex -18.9135 -6.55553 2.4
    endloop
  endfacet
  facet normal 0.857636 -0.514258 0
    outer loop
      vertex -18.9135 -6.55553 1.54
      vertex -18.9993 -6.69862 2.4
      vertex -18.9993 -6.69862 1.54
    endloop
  endfacet
  facet normal 0.803154 -0.595772 0
    outer loop
      vertex -18.9135 -6.55553 2.4
      vertex -18.8141 -6.42153 1.54
      vertex -18.8141 -6.42153 2.4
    endloop
  endfacet
  facet normal 0.803154 -0.595772 0
    outer loop
      vertex -18.8141 -6.42153 1.54
      vertex -18.9135 -6.55553 2.4
      vertex -18.9135 -6.55553 1.54
    endloop
  endfacet
  facet normal -0.904054 0.427419 0
    outer loop
      vertex -16.0007 -8.30137 1.54
      vertex -15.9294 -8.15056 2.4
      vertex -15.9294 -8.15056 1.54
    endloop
  endfacet
  facet normal -0.904054 0.427419 0
    outer loop
      vertex -15.9294 -8.15056 2.4
      vertex -16.0007 -8.30137 1.54
      vertex -16.0007 -8.30137 2.4
    endloop
  endfacet
  facet normal -0.242987 0.97003 0
    outer loop
      vertex -17.0065 -9.1268 1.54
      vertex -17.1683 -9.16733 2.4
      vertex -17.0065 -9.1268 2.4
    endloop
  endfacet
  facet normal -0.242987 0.97003 0
    outer loop
      vertex -17.1683 -9.16733 2.4
      vertex -17.0065 -9.1268 1.54
      vertex -17.1683 -9.16733 1.54
    endloop
  endfacet
  facet normal -0.741051 0.671448 0
    outer loop
      vertex -16.2979 -8.70208 1.54
      vertex -16.1859 -8.57847 2.4
      vertex -16.1859 -8.57847 1.54
    endloop
  endfacet
  facet normal -0.741051 0.671448 0
    outer loop
      vertex -16.1859 -8.57847 2.4
      vertex -16.2979 -8.70208 1.54
      vertex -16.2979 -8.70208 2.4
    endloop
  endfacet
  facet normal -0.970083 0.242775 0
    outer loop
      vertex -15.8732 -7.99348 1.54
      vertex -15.8327 -7.83165 2.4
      vertex -15.8327 -7.83165 1.54
    endloop
  endfacet
  facet normal -0.970083 0.242775 0
    outer loop
      vertex -15.8327 -7.83165 2.4
      vertex -15.8732 -7.99348 1.54
      vertex -15.8732 -7.99348 2.4
    endloop
  endfacet
  facet normal 0.336883 0.941546 -0
    outer loop
      vertex -17.9935 -9.1268 1.54
      vertex -18.1506 -9.07059 2.4
      vertex -17.9935 -9.1268 2.4
    endloop
  endfacet
  facet normal 0.336883 0.941546 0
    outer loop
      vertex -18.1506 -9.07059 2.4
      vertex -17.9935 -9.1268 1.54
      vertex -18.1506 -9.07059 1.54
    endloop
  endfacet
  facet normal 0.514099 0.857731 -0
    outer loop
      vertex -18.3014 -8.99927 1.54
      vertex -18.4445 -8.9135 2.4
      vertex -18.3014 -8.99927 2.4
    endloop
  endfacet
  facet normal 0.514099 0.857731 0
    outer loop
      vertex -18.4445 -8.9135 2.4
      vertex -18.3014 -8.99927 1.54
      vertex -18.4445 -8.9135 1.54
    endloop
  endfacet
  facet normal 0.970083 0.242775 0
    outer loop
      vertex -19.1268 -7.99348 2.4
      vertex -19.1673 -7.83165 1.54
      vertex -19.1673 -7.83165 2.4
    endloop
  endfacet
  facet normal 0.970083 0.242775 0
    outer loop
      vertex -19.1673 -7.83165 1.54
      vertex -19.1268 -7.99348 2.4
      vertex -19.1268 -7.99348 1.54
    endloop
  endfacet
  facet normal -0.904065 -0.427396 0
    outer loop
      vertex -15.9294 -6.84944 1.54
      vertex -16.0007 -6.69862 2.4
      vertex -16.0007 -6.69862 1.54
    endloop
  endfacet
  facet normal -0.904065 -0.427396 0
    outer loop
      vertex -16.0007 -6.69862 2.4
      vertex -15.9294 -6.84944 1.54
      vertex -15.9294 -6.84944 2.4
    endloop
  endfacet
  facet normal -0.857636 -0.514258 0
    outer loop
      vertex -16.0007 -6.69862 1.54
      vertex -16.0865 -6.55553 2.4
      vertex -16.0865 -6.55553 1.54
    endloop
  endfacet
  facet normal -0.857636 -0.514258 0
    outer loop
      vertex -16.0865 -6.55553 2.4
      vertex -16.0007 -6.69862 1.54
      vertex -16.0007 -6.69862 2.4
    endloop
  endfacet
  facet normal -0.803154 -0.595772 0
    outer loop
      vertex -16.0865 -6.55553 1.54
      vertex -16.1859 -6.42153 2.4
      vertex -16.1859 -6.42153 1.54
    endloop
  endfacet
  facet normal -0.803154 -0.595772 0
    outer loop
      vertex -16.1859 -6.42153 2.4
      vertex -16.0865 -6.55553 1.54
      vertex -16.0865 -6.55553 2.4
    endloop
  endfacet
  facet normal -0.243043 -0.970015 0
    outer loop
      vertex -17.1683 -5.83266 1.54
      vertex -17.0065 -5.8732 2.4
      vertex -17.1683 -5.83266 2.4
    endloop
  endfacet
  facet normal -0.243043 -0.970015 -0
    outer loop
      vertex -17.0065 -5.8732 2.4
      vertex -17.1683 -5.83266 1.54
      vertex -17.0065 -5.8732 1.54
    endloop
  endfacet
  facet normal -0.514099 -0.857731 0
    outer loop
      vertex -16.6986 -6.00073 1.54
      vertex -16.5555 -6.0865 2.4
      vertex -16.6986 -6.00073 2.4
    endloop
  endfacet
  facet normal -0.514099 -0.857731 -0
    outer loop
      vertex -16.5555 -6.0865 2.4
      vertex -16.6986 -6.00073 1.54
      vertex -16.5555 -6.0865 1.54
    endloop
  endfacet
  facet normal 0.904065 -0.427396 0
    outer loop
      vertex -19.0706 -6.84944 2.4
      vertex -18.9993 -6.69862 1.54
      vertex -18.9993 -6.69862 2.4
    endloop
  endfacet
  facet normal 0.904065 -0.427396 0
    outer loop
      vertex -18.9993 -6.69862 1.54
      vertex -19.0706 -6.84944 2.4
      vertex -19.0706 -6.84944 1.54
    endloop
  endfacet
  facet normal 0.970083 -0.242775 0
    outer loop
      vertex -19.1673 -7.16835 2.4
      vertex -19.1268 -7.00652 1.54
      vertex -19.1268 -7.00652 2.4
    endloop
  endfacet
  facet normal 0.970083 -0.242775 0
    outer loop
      vertex -19.1268 -7.00652 1.54
      vertex -19.1673 -7.16835 2.4
      vertex -19.1673 -7.16835 1.54
    endloop
  endfacet
  facet normal 0.514099 -0.857731 0
    outer loop
      vertex -18.4445 -6.0865 1.54
      vertex -18.3014 -6.00073 2.4
      vertex -18.4445 -6.0865 2.4
    endloop
  endfacet
  facet normal 0.514099 -0.857731 0
    outer loop
      vertex -18.3014 -6.00073 2.4
      vertex -18.4445 -6.0865 1.54
      vertex -18.3014 -6.00073 1.54
    endloop
  endfacet
  facet normal 0.0491004 -0.998794 0
    outer loop
      vertex -17.6666 -5.80819 1.54
      vertex -17.5 -5.8 2.4
      vertex -17.6666 -5.80819 2.4
    endloop
  endfacet
  facet normal 0.0491004 -0.998794 0
    outer loop
      vertex -17.5 -5.8 2.4
      vertex -17.6666 -5.80819 1.54
      vertex -17.5 -5.8 1.54
    endloop
  endfacet
  facet normal 0.146612 -0.989194 0
    outer loop
      vertex -17.8317 -5.83266 1.54
      vertex -17.6666 -5.80819 2.4
      vertex -17.8317 -5.83266 2.4
    endloop
  endfacet
  facet normal 0.146612 -0.989194 0
    outer loop
      vertex -17.6666 -5.80819 2.4
      vertex -17.8317 -5.83266 1.54
      vertex -17.6666 -5.80819 1.54
    endloop
  endfacet
  facet normal -0.0491004 0.998794 0
    outer loop
      vertex -17.3334 -9.19181 1.54
      vertex -17.5 -9.2 2.4
      vertex -17.3334 -9.19181 2.4
    endloop
  endfacet
  facet normal -0.0491004 0.998794 0
    outer loop
      vertex -17.5 -9.2 2.4
      vertex -17.3334 -9.19181 1.54
      vertex -17.5 -9.2 1.54
    endloop
  endfacet
  facet normal -0.14667 0.989185 0
    outer loop
      vertex -17.1683 -9.16733 1.54
      vertex -17.3334 -9.19181 2.4
      vertex -17.1683 -9.16733 2.4
    endloop
  endfacet
  facet normal -0.14667 0.989185 0
    outer loop
      vertex -17.3334 -9.19181 2.4
      vertex -17.1683 -9.16733 1.54
      vertex -17.3334 -9.19181 1.54
    endloop
  endfacet
  facet normal -0.514099 0.857731 0
    outer loop
      vertex -16.5555 -8.9135 1.54
      vertex -16.6986 -8.99927 2.4
      vertex -16.5555 -8.9135 2.4
    endloop
  endfacet
  facet normal -0.514099 0.857731 0
    outer loop
      vertex -16.6986 -8.99927 2.4
      vertex -16.5555 -8.9135 1.54
      vertex -16.6986 -8.99927 1.54
    endloop
  endfacet
  facet normal -0.67161 0.740905 0
    outer loop
      vertex -16.2979 -8.70208 1.54
      vertex -16.4215 -8.81412 2.4
      vertex -16.2979 -8.70208 2.4
    endloop
  endfacet
  facet normal -0.67161 0.740905 0
    outer loop
      vertex -16.4215 -8.81412 2.4
      vertex -16.2979 -8.70208 1.54
      vertex -16.4215 -8.81412 1.54
    endloop
  endfacet
  facet normal -0.803154 0.595772 0
    outer loop
      vertex -16.1859 -8.57847 1.54
      vertex -16.0865 -8.44447 2.4
      vertex -16.0865 -8.44447 1.54
    endloop
  endfacet
  facet normal -0.803154 0.595772 0
    outer loop
      vertex -16.0865 -8.44447 2.4
      vertex -16.1859 -8.57847 1.54
      vertex -16.1859 -8.57847 2.4
    endloop
  endfacet
  facet normal -0.857652 0.514231 0
    outer loop
      vertex -16.0865 -8.44447 1.54
      vertex -16.0007 -8.30137 2.4
      vertex -16.0007 -8.30137 1.54
    endloop
  endfacet
  facet normal -0.857652 0.514231 0
    outer loop
      vertex -16.0007 -8.30137 2.4
      vertex -16.0865 -8.44447 1.54
      vertex -16.0865 -8.44447 2.4
    endloop
  endfacet
  facet normal 0.14667 0.989185 -0
    outer loop
      vertex -17.6666 -9.19181 1.54
      vertex -17.8317 -9.16733 2.4
      vertex -17.6666 -9.19181 2.4
    endloop
  endfacet
  facet normal 0.14667 0.989185 0
    outer loop
      vertex -17.8317 -9.16733 2.4
      vertex -17.6666 -9.19181 1.54
      vertex -17.8317 -9.16733 1.54
    endloop
  endfacet
  facet normal 0.67161 0.740905 -0
    outer loop
      vertex -18.5785 -8.81412 1.54
      vertex -18.7021 -8.70208 2.4
      vertex -18.5785 -8.81412 2.4
    endloop
  endfacet
  facet normal 0.67161 0.740905 0
    outer loop
      vertex -18.7021 -8.70208 2.4
      vertex -18.5785 -8.81412 1.54
      vertex -18.7021 -8.70208 1.54
    endloop
  endfacet
  facet normal 0.42754 0.903996 -0
    outer loop
      vertex -18.1506 -9.07059 1.54
      vertex -18.3014 -8.99927 2.4
      vertex -18.1506 -9.07059 2.4
    endloop
  endfacet
  facet normal 0.42754 0.903996 0
    outer loop
      vertex -18.3014 -8.99927 2.4
      vertex -18.1506 -9.07059 1.54
      vertex -18.3014 -8.99927 1.54
    endloop
  endfacet
  facet normal 0.0491004 0.998794 -0
    outer loop
      vertex -17.5 -9.2 1.54
      vertex -17.6666 -9.19181 2.4
      vertex -17.5 -9.2 2.4
    endloop
  endfacet
  facet normal 0.0491004 0.998794 0
    outer loop
      vertex -17.6666 -9.19181 2.4
      vertex -17.5 -9.2 1.54
      vertex -17.6666 -9.19181 1.54
    endloop
  endfacet
  facet normal 0.595695 0.803211 -0
    outer loop
      vertex -18.4445 -8.9135 1.54
      vertex -18.5785 -8.81412 2.4
      vertex -18.4445 -8.9135 2.4
    endloop
  endfacet
  facet normal 0.595695 0.803211 0
    outer loop
      vertex -18.5785 -8.81412 2.4
      vertex -18.4445 -8.9135 1.54
      vertex -18.5785 -8.81412 1.54
    endloop
  endfacet
  facet normal 0.904054 0.427419 0
    outer loop
      vertex -18.9993 -8.30137 2.4
      vertex -19.0706 -8.15056 1.54
      vertex -19.0706 -8.15056 2.4
    endloop
  endfacet
  facet normal 0.904054 0.427419 0
    outer loop
      vertex -19.0706 -8.15056 1.54
      vertex -18.9993 -8.30137 2.4
      vertex -18.9993 -8.30137 1.54
    endloop
  endfacet
  facet normal 0.998791 0.0491513 0
    outer loop
      vertex -19.1918 -7.66663 2.4
      vertex -19.2 -7.5 1.54
      vertex -19.2 -7.5 2.4
    endloop
  endfacet
  facet normal 0.998791 0.0491513 0
    outer loop
      vertex -19.2 -7.5 1.54
      vertex -19.1918 -7.66663 2.4
      vertex -19.1918 -7.66663 1.54
    endloop
  endfacet
  facet normal -0.989158 -0.146857 0
    outer loop
      vertex -15.8082 -7.33337 1.54
      vertex -15.8327 -7.16835 2.4
      vertex -15.8327 -7.16835 1.54
    endloop
  endfacet
  facet normal -0.989158 -0.146857 0
    outer loop
      vertex -15.8327 -7.16835 2.4
      vertex -15.8082 -7.33337 1.54
      vertex -15.8082 -7.33337 2.4
    endloop
  endfacet
  facet normal -0.741051 -0.671448 0
    outer loop
      vertex -16.1859 -6.42153 1.54
      vertex -16.2979 -6.29792 2.4
      vertex -16.2979 -6.29792 1.54
    endloop
  endfacet
  facet normal -0.741051 -0.671448 0
    outer loop
      vertex -16.2979 -6.29792 2.4
      vertex -16.1859 -6.42153 1.54
      vertex -16.1859 -6.42153 2.4
    endloop
  endfacet
  facet normal -0.146612 -0.989194 0
    outer loop
      vertex -17.3334 -5.80819 1.54
      vertex -17.1683 -5.83266 2.4
      vertex -17.3334 -5.80819 2.4
    endloop
  endfacet
  facet normal -0.146612 -0.989194 -0
    outer loop
      vertex -17.1683 -5.83266 2.4
      vertex -17.3334 -5.80819 1.54
      vertex -17.1683 -5.83266 1.54
    endloop
  endfacet
  facet normal -0.33683 -0.941566 0
    outer loop
      vertex -17.0065 -5.8732 1.54
      vertex -16.8494 -5.9294 2.4
      vertex -17.0065 -5.8732 2.4
    endloop
  endfacet
  facet normal -0.33683 -0.941566 -0
    outer loop
      vertex -16.8494 -5.9294 2.4
      vertex -17.0065 -5.8732 1.54
      vertex -16.8494 -5.9294 1.54
    endloop
  endfacet
  facet normal 0.741051 -0.671448 0
    outer loop
      vertex -18.8141 -6.42153 2.4
      vertex -18.7021 -6.29792 1.54
      vertex -18.7021 -6.29792 2.4
    endloop
  endfacet
  facet normal 0.741051 -0.671448 0
    outer loop
      vertex -18.7021 -6.29792 1.54
      vertex -18.8141 -6.42153 2.4
      vertex -18.8141 -6.42153 1.54
    endloop
  endfacet
  facet normal 0.989158 -0.146857 0
    outer loop
      vertex -19.1918 -7.33337 2.4
      vertex -19.1673 -7.16835 1.54
      vertex -19.1673 -7.16835 2.4
    endloop
  endfacet
  facet normal 0.989158 -0.146857 0
    outer loop
      vertex -19.1673 -7.16835 1.54
      vertex -19.1918 -7.33337 2.4
      vertex -19.1918 -7.33337 1.54
    endloop
  endfacet
  facet normal 0.941552 -0.336868 0
    outer loop
      vertex -19.1268 -7.00652 2.4
      vertex -19.0706 -6.84944 1.54
      vertex -19.0706 -6.84944 2.4
    endloop
  endfacet
  facet normal 0.941552 -0.336868 0
    outer loop
      vertex -19.0706 -6.84944 1.54
      vertex -19.1268 -7.00652 2.4
      vertex -19.1268 -7.00652 1.54
    endloop
  endfacet
  facet normal 0.595695 -0.803211 0
    outer loop
      vertex -18.5785 -6.18588 1.54
      vertex -18.4445 -6.0865 2.4
      vertex -18.5785 -6.18588 2.4
    endloop
  endfacet
  facet normal 0.595695 -0.803211 0
    outer loop
      vertex -18.4445 -6.0865 2.4
      vertex -18.5785 -6.18588 1.54
      vertex -18.4445 -6.0865 1.54
    endloop
  endfacet
  facet normal 0.427589 -0.903973 0
    outer loop
      vertex -18.3014 -6.00073 1.54
      vertex -18.1506 -5.9294 2.4
      vertex -18.3014 -6.00073 2.4
    endloop
  endfacet
  facet normal 0.427589 -0.903973 0
    outer loop
      vertex -18.1506 -5.9294 2.4
      vertex -18.3014 -6.00073 1.54
      vertex -18.1506 -5.9294 1.54
    endloop
  endfacet
  facet normal 0.243043 -0.970015 0
    outer loop
      vertex -17.9935 -5.8732 1.54
      vertex -17.8317 -5.83266 2.4
      vertex -17.9935 -5.8732 2.4
    endloop
  endfacet
  facet normal 0.243043 -0.970015 0
    outer loop
      vertex -17.8317 -5.83266 2.4
      vertex -17.9935 -5.8732 1.54
      vertex -17.8317 -5.83266 1.54
    endloop
  endfacet
  facet normal -0.42754 0.903996 0
    outer loop
      vertex -16.6986 -8.99927 1.54
      vertex -16.8494 -9.07059 2.4
      vertex -16.6986 -8.99927 2.4
    endloop
  endfacet
  facet normal -0.42754 0.903996 0
    outer loop
      vertex -16.8494 -9.07059 2.4
      vertex -16.6986 -8.99927 1.54
      vertex -16.8494 -9.07059 1.54
    endloop
  endfacet
  facet normal -0.336883 0.941546 0
    outer loop
      vertex -16.8494 -9.07059 1.54
      vertex -17.0065 -9.1268 2.4
      vertex -16.8494 -9.07059 2.4
    endloop
  endfacet
  facet normal -0.336883 0.941546 0
    outer loop
      vertex -17.0065 -9.1268 2.4
      vertex -16.8494 -9.07059 1.54
      vertex -17.0065 -9.1268 1.54
    endloop
  endfacet
  facet normal -0.595695 0.803211 0
    outer loop
      vertex -16.4215 -8.81412 1.54
      vertex -16.5555 -8.9135 2.4
      vertex -16.4215 -8.81412 2.4
    endloop
  endfacet
  facet normal -0.595695 0.803211 0
    outer loop
      vertex -16.5555 -8.9135 2.4
      vertex -16.4215 -8.81412 1.54
      vertex -16.5555 -8.9135 1.54
    endloop
  endfacet
  facet normal -0.941552 0.336868 0
    outer loop
      vertex -15.9294 -8.15056 1.54
      vertex -15.8732 -7.99348 2.4
      vertex -15.8732 -7.99348 1.54
    endloop
  endfacet
  facet normal -0.941552 0.336868 0
    outer loop
      vertex -15.8732 -7.99348 2.4
      vertex -15.9294 -8.15056 1.54
      vertex -15.9294 -8.15056 2.4
    endloop
  endfacet
  facet normal -0.989158 0.146857 0
    outer loop
      vertex -15.8327 -7.83165 1.54
      vertex -15.8082 -7.66663 2.4
      vertex -15.8082 -7.66663 1.54
    endloop
  endfacet
  facet normal -0.989158 0.146857 0
    outer loop
      vertex -15.8082 -7.66663 2.4
      vertex -15.8327 -7.83165 1.54
      vertex -15.8327 -7.83165 2.4
    endloop
  endfacet
  facet normal -0.998791 0.0491513 0
    outer loop
      vertex -15.8082 -7.66663 1.54
      vertex -15.8 -7.5 2.4
      vertex -15.8 -7.5 1.54
    endloop
  endfacet
  facet normal -0.998791 0.0491513 0
    outer loop
      vertex -15.8 -7.5 2.4
      vertex -15.8082 -7.66663 1.54
      vertex -15.8082 -7.66663 2.4
    endloop
  endfacet
  facet normal 0.242987 0.97003 -0
    outer loop
      vertex -17.8317 -9.16733 1.54
      vertex -17.9935 -9.1268 2.4
      vertex -17.8317 -9.16733 2.4
    endloop
  endfacet
  facet normal 0.242987 0.97003 0
    outer loop
      vertex -17.9935 -9.1268 2.4
      vertex -17.8317 -9.16733 1.54
      vertex -17.9935 -9.1268 1.54
    endloop
  endfacet
  facet normal 0.741051 0.671448 0
    outer loop
      vertex -18.7021 -8.70208 2.4
      vertex -18.8141 -8.57847 1.54
      vertex -18.8141 -8.57847 2.4
    endloop
  endfacet
  facet normal 0.741051 0.671448 0
    outer loop
      vertex -18.8141 -8.57847 1.54
      vertex -18.7021 -8.70208 2.4
      vertex -18.7021 -8.70208 1.54
    endloop
  endfacet
  facet normal 0.857652 0.514231 0
    outer loop
      vertex -18.9135 -8.44447 2.4
      vertex -18.9993 -8.30137 1.54
      vertex -18.9993 -8.30137 2.4
    endloop
  endfacet
  facet normal 0.857652 0.514231 0
    outer loop
      vertex -18.9993 -8.30137 1.54
      vertex -18.9135 -8.44447 2.4
      vertex -18.9135 -8.44447 1.54
    endloop
  endfacet
  facet normal 0.989158 0.146857 0
    outer loop
      vertex -19.1673 -7.83165 2.4
      vertex -19.1918 -7.66663 1.54
      vertex -19.1918 -7.66663 2.4
    endloop
  endfacet
  facet normal 0.989158 0.146857 0
    outer loop
      vertex -19.1918 -7.66663 1.54
      vertex -19.1673 -7.83165 2.4
      vertex -19.1673 -7.83165 1.54
    endloop
  endfacet
  facet normal 0.941552 0.336868 0
    outer loop
      vertex -19.0706 -8.15056 2.4
      vertex -19.1268 -7.99348 1.54
      vertex -19.1268 -7.99348 2.4
    endloop
  endfacet
  facet normal 0.941552 0.336868 0
    outer loop
      vertex -19.1268 -7.99348 1.54
      vertex -19.0706 -8.15056 2.4
      vertex -19.0706 -8.15056 1.54
    endloop
  endfacet
  facet normal -0.706683 -0.0346085 -0.706683
    outer loop
      vertex -14.2755 -7.1835 0
      vertex -14.26 -7.5 0
      vertex -15.8 -7.5 1.54
    endloop
  endfacet
  facet normal -0.699875 -0.103826 -0.706679
    outer loop
      vertex -14.3223 -6.86791 0
      vertex -14.2758 -7.18136 0
      vertex -15.8327 -7.16835 1.54
    endloop
  endfacet
  facet normal 0.0346085 0.706683 -0.706683
    outer loop
      vertex -17.5 -9.2 1.54
      vertex -17.5 -10.74 0
      vertex -17.8165 -10.7245 0
    endloop
  endfacet
  facet normal 0.524132 -0.475266 -0.706688
    outer loop
      vertex -19.7917 -5.20977 0
      vertex -18.8141 -6.42153 1.54
      vertex -20.0046 -5.44456 0
    endloop
  endfacet
  facet normal 0.421477 -0.568303 -0.706674
    outer loop
      vertex -19.3009 -4.80668 0
      vertex -18.4445 -6.0865 1.54
      vertex -18.5785 -6.18588 1.54
    endloop
  endfacet
  facet normal 0.409878 -0.576391 -0.706946
    outer loop
      vertex -18.4445 -6.0865 1.54
      vertex -19.3009 -4.80668 0
      vertex -19.3 -4.80604 0
    endloop
  endfacet
  facet normal 0.568262 -0.421532 -0.706675
    outer loop
      vertex -18.9135 -6.55553 1.54
      vertex -20.1933 -5.69909 0
      vertex -18.8141 -6.42153 1.54
    endloop
  endfacet
  facet normal 0.549615 -0.447361 -0.705543
    outer loop
      vertex -20.1933 -5.69909 0
      vertex -18.9135 -6.55553 1.54
      vertex -20.194 -5.69995 0
    endloop
  endfacet
  facet normal 0.706683 -0.0346085 -0.706683
    outer loop
      vertex -20.7245 -7.1835 0
      vertex -19.2 -7.5 1.54
      vertex -20.74 -7.5 0
    endloop
  endfacet
  facet normal 0.666207 0.238258 -0.706683
    outer loop
      vertex -19.0706 -8.15056 1.54
      vertex -20.4934 -8.73989 0
      vertex -20.6001 -8.44154 0
    endloop
  endfacet
  facet normal -0.524143 0.475256 -0.706687
    outer loop
      vertex -14.9954 -9.55543 0
      vertex -15.2083 -9.79023 0
      vertex -16.1859 -8.57847 1.54
    endloop
  endfacet
  facet normal 0.6396 -0.302541 -0.706669
    outer loop
      vertex -20.3574 -5.97267 0
      vertex -18.9993 -6.69862 1.54
      vertex -20.4929 -6.25913 0
    endloop
  endfacet
  facet normal 0.47519 0.524219 -0.706675
    outer loop
      vertex -19.7902 -9.79175 0
      vertex -18.7021 -8.70208 1.54
      vertex -18.5785 -8.81412 1.54
    endloop
  endfacet
  facet normal 0.47336 0.525956 -0.706612
    outer loop
      vertex -18.7021 -8.70208 1.54
      vertex -19.7902 -9.79175 0
      vertex -19.791 -9.79103 0
    endloop
  endfacet
  facet normal -0.103788 -0.699881 -0.706679
    outer loop
      vertex -16.8679 -4.32225 0
      vertex -17.1683 -5.83266 1.54
      vertex -17.1814 -4.27576 0
    endloop
  endfacet
  facet normal -0.37367 -0.60054 -0.70691
    outer loop
      vertex -16.5555 -6.0865 1.54
      vertex -15.7009 -4.80548 0
      vertex -15.7 -4.80604 0
    endloop
  endfacet
  facet normal -0.363745 -0.606878 -0.706675
    outer loop
      vertex -15.7009 -4.80548 0
      vertex -16.5555 -6.0865 1.54
      vertex -16.6986 -6.00073 1.54
    endloop
  endfacet
  facet normal -0.421511 -0.568282 -0.706671
    outer loop
      vertex -15.6991 -4.80668 0
      vertex -15.4446 -4.99545 0
      vertex -16.4215 -6.18588 1.54
    endloop
  endfacet
  facet normal -0.568366 -0.421367 -0.70669
    outer loop
      vertex -14.9954 -5.44456 0
      vertex -14.8067 -5.69909 0
      vertex -16.1859 -6.42153 1.54
    endloop
  endfacet
  facet normal -0.68633 -0.171923 -0.706678
    outer loop
      vertex -14.3993 -6.56052 0
      vertex -14.3223 -6.86791 0
      vertex -15.8327 -7.16835 1.54
    endloop
  endfacet
  facet normal -0.659328 -0.25856 -0.705999
    outer loop
      vertex -15.8732 -7.00652 1.54
      vertex -14.3999 -6.55846 0
      vertex -14.3995 -6.55948 0
    endloop
  endfacet
  facet normal -0.666183 -0.238347 -0.706676
    outer loop
      vertex -14.3999 -6.55846 0
      vertex -15.8732 -7.00652 1.54
      vertex -15.9294 -6.84944 1.54
    endloop
  endfacet
  facet normal -0.238223 0.666221 -0.706682
    outer loop
      vertex -16.2601 -10.4934 0
      vertex -16.5585 -10.6001 0
      vertex -16.8494 -9.07059 1.54
    endloop
  endfacet
  facet normal -0.630844 0.321859 -0.706004
    outer loop
      vertex -14.5071 -8.74087 0
      vertex -15.9294 -8.15056 1.54
      vertex -14.5066 -8.73989 0
    endloop
  endfacet
  facet normal -0.639648 0.302413 -0.706681
    outer loop
      vertex -15.9294 -8.15056 1.54
      vertex -14.5071 -8.74087 0
      vertex -16.0007 -8.30137 1.54
    endloop
  endfacet
  facet normal -0.624223 0.335604 -0.705489
    outer loop
      vertex -16.0865 -8.44447 1.54
      vertex -14.8055 -9.29912 0
      vertex -14.806 -9.30005 0
    endloop
  endfacet
  facet normal -0.606818 0.363836 -0.706679
    outer loop
      vertex -14.8055 -9.29912 0
      vertex -16.0865 -8.44447 1.54
      vertex -16.0007 -8.30137 1.54
    endloop
  endfacet
  facet normal -0.666207 0.238258 -0.706683
    outer loop
      vertex -14.3999 -8.44154 0
      vertex -14.5066 -8.73989 0
      vertex -15.9294 -8.15056 1.54
    endloop
  endfacet
  facet normal -0.706683 0.0346085 -0.706683
    outer loop
      vertex -14.26 -7.5 0
      vertex -14.2755 -7.8165 0
      vertex -15.8 -7.5 1.54
    endloop
  endfacet
  facet normal 0.568366 -0.421367 -0.70669
    outer loop
      vertex -20.0046 -5.44456 0
      vertex -18.8141 -6.42153 1.54
      vertex -20.1933 -5.69909 0
    endloop
  endfacet
  facet normal 0.111818 -0.698861 -0.706463
    outer loop
      vertex -17.6666 -5.80819 1.54
      vertex -17.8186 -4.27576 0
      vertex -17.8176 -4.2756 0
    endloop
  endfacet
  facet normal 0.103732 -0.699885 -0.706683
    outer loop
      vertex -17.8186 -4.27576 0
      vertex -17.6666 -5.80819 1.54
      vertex -17.8317 -5.83266 1.54
    endloop
  endfacet
  facet normal 0.475145 -0.524267 -0.70667
    outer loop
      vertex -19.5554 -4.99545 0
      vertex -18.5785 -6.18588 1.54
      vertex -19.7902 -5.20825 0
    endloop
  endfacet
  facet normal 0.639655 -0.302396 -0.706681
    outer loop
      vertex -19.0706 -6.84944 1.54
      vertex -20.4929 -6.25913 0
      vertex -18.9993 -6.69862 1.54
    endloop
  endfacet
  facet normal 0.629604 -0.324538 -0.705885
    outer loop
      vertex -20.4929 -6.25913 0
      vertex -19.0706 -6.84944 1.54
      vertex -20.4934 -6.2601 0
    endloop
  endfacet
  facet normal 0.686379 -0.171775 -0.706666
    outer loop
      vertex -20.6007 -6.56052 0
      vertex -19.1268 -7.00652 1.54
      vertex -19.1673 -7.16835 1.54
    endloop
  endfacet
  facet normal 0.696279 -0.1339 -0.705172
    outer loop
      vertex -19.1268 -7.00652 1.54
      vertex -20.6007 -6.56052 0
      vertex -20.6005 -6.55948 0
    endloop
  endfacet
  facet normal 0.68633 -0.171923 -0.706678
    outer loop
      vertex -20.6007 -6.56052 0
      vertex -19.1673 -7.16835 1.54
      vertex -20.6777 -6.86791 0
    endloop
  endfacet
  facet normal -0.0640191 0.70421 -0.707099
    outer loop
      vertex -17.1835 -10.7245 0
      vertex -17.3334 -9.19181 1.54
      vertex -17.1824 -10.7244 0
    endloop
  endfacet
  facet normal -0.0347395 0.706666 -0.706694
    outer loop
      vertex -17.3334 -9.19181 1.54
      vertex -17.1835 -10.7245 0
      vertex -17.5 -9.2 1.54
    endloop
  endfacet
  facet normal 0.475201 0.524206 -0.706676
    outer loop
      vertex -18.5785 -8.81412 1.54
      vertex -19.5554 -10.0046 0
      vertex -19.7902 -9.79175 0
    endloop
  endfacet
  facet normal 0.421406 0.568352 -0.706677
    outer loop
      vertex -18.5785 -8.81412 1.54
      vertex -19.3009 -10.1933 0
      vertex -19.5554 -10.0046 0
    endloop
  endfacet
  facet normal 0.639648 0.302413 -0.706681
    outer loop
      vertex -20.4929 -8.74087 0
      vertex -19.0706 -8.15056 1.54
      vertex -18.9993 -8.30137 1.54
    endloop
  endfacet
  facet normal 0.630844 0.321859 -0.706004
    outer loop
      vertex -19.0706 -8.15056 1.54
      vertex -20.4929 -8.74087 0
      vertex -20.4934 -8.73989 0
    endloop
  endfacet
  facet normal -0.171918 -0.686331 -0.706678
    outer loop
      vertex -16.8679 -4.32225 0
      vertex -16.5605 -4.39925 0
      vertex -17.1683 -5.83266 1.54
    endloop
  endfacet
  facet normal -0.302534 -0.639593 -0.706678
    outer loop
      vertex -16.8494 -5.9294 1.54
      vertex -16.2591 -4.50709 0
      vertex -16.6986 -6.00073 1.54
    endloop
  endfacet
  facet normal -0.295615 -0.642641 -0.706841
    outer loop
      vertex -16.2591 -4.50709 0
      vertex -16.8494 -5.9294 1.54
      vertex -16.2601 -4.50663 0
    endloop
  endfacet
  facet normal -0.524132 -0.475266 -0.706688
    outer loop
      vertex -15.2083 -5.20977 0
      vertex -14.9954 -5.44456 0
      vertex -16.1859 -6.42153 1.54
    endloop
  endfacet
  facet normal -0.606891 -0.363733 -0.706669
    outer loop
      vertex -14.8055 -5.70087 0
      vertex -14.6426 -5.97267 0
      vertex -16.0007 -6.69862 1.54
    endloop
  endfacet
  facet normal -0.363746 -0.606877 -0.706675
    outer loop
      vertex -15.9727 -4.64257 0
      vertex -15.7009 -4.80548 0
      vertex -16.6986 -6.00073 1.54
    endloop
  endfacet
  facet normal -0.421477 -0.568303 -0.706674
    outer loop
      vertex -16.5555 -6.0865 1.54
      vertex -15.6991 -4.80668 0
      vertex -16.4215 -6.18588 1.54
    endloop
  endfacet
  facet normal -0.409878 -0.576391 -0.706946
    outer loop
      vertex -15.6991 -4.80668 0
      vertex -16.5555 -6.0865 1.54
      vertex -15.7 -4.80604 0
    endloop
  endfacet
  facet normal -0.524328 -0.475081 -0.706667
    outer loop
      vertex -16.2979 -6.29792 1.54
      vertex -15.2083 -5.20977 0
      vertex -16.1859 -6.42153 1.54
    endloop
  endfacet
  facet normal -0.532747 -0.466154 -0.706316
    outer loop
      vertex -15.2083 -5.20977 0
      vertex -16.2979 -6.29792 1.54
      vertex -15.209 -5.20897 0
    endloop
  endfacet
  facet normal -0.475145 -0.524267 -0.70667
    outer loop
      vertex -15.4446 -4.99545 0
      vertex -15.2098 -5.20825 0
      vertex -16.4215 -6.18588 1.54
    endloop
  endfacet
  facet normal -0.666209 -0.238251 -0.706684
    outer loop
      vertex -14.5066 -6.2601 0
      vertex -14.3999 -6.55846 0
      vertex -15.9294 -6.84944 1.54
    endloop
  endfacet
  facet normal -0.696198 -0.131358 -0.705729
    outer loop
      vertex -15.8082 -7.33337 1.54
      vertex -14.2758 -7.18136 0
      vertex -14.2756 -7.18242 0
    endloop
  endfacet
  facet normal -0.69987 -0.103907 -0.706672
    outer loop
      vertex -14.2758 -7.18136 0
      vertex -15.8082 -7.33337 1.54
      vertex -15.8327 -7.16835 1.54
    endloop
  endfacet
  facet normal -0.17192 0.686339 -0.70667
    outer loop
      vertex -16.5605 -10.6007 0
      vertex -16.8679 -10.6777 0
      vertex -17.1683 -9.16733 1.54
    endloop
  endfacet
  facet normal -0.103811 0.699886 -0.70667
    outer loop
      vertex -17.1683 -9.16733 1.54
      vertex -16.8679 -10.6777 0
      vertex -17.1814 -10.7242 0
    endloop
  endfacet
  facet normal -0.363733 0.606891 -0.706669
    outer loop
      vertex -15.7009 -10.1945 0
      vertex -15.9727 -10.3574 0
      vertex -16.6986 -8.99927 1.54
    endloop
  endfacet
  facet normal -0.434687 0.558883 -0.706185
    outer loop
      vertex -16.5555 -8.9135 1.54
      vertex -15.6991 -10.1933 0
      vertex -15.7 -10.194 0
    endloop
  endfacet
  facet normal -0.421479 0.568306 -0.706671
    outer loop
      vertex -15.6991 -10.1933 0
      vertex -16.5555 -8.9135 1.54
      vertex -16.4215 -8.81412 1.54
    endloop
  endfacet
  facet normal -0.302591 0.639573 -0.706672
    outer loop
      vertex -15.9727 -10.3574 0
      vertex -16.2591 -10.4929 0
      vertex -16.6986 -8.99927 1.54
    endloop
  endfacet
  facet normal -0.475201 0.524206 -0.706676
    outer loop
      vertex -15.2098 -9.79175 0
      vertex -15.4446 -10.0046 0
      vertex -16.4215 -8.81412 1.54
    endloop
  endfacet
  facet normal -0.568358 0.421378 -0.706689
    outer loop
      vertex -14.8067 -9.30091 0
      vertex -14.9954 -9.55543 0
      vertex -16.1859 -8.57847 1.54
    endloop
  endfacet
  facet normal -0.549615 0.447361 -0.705543
    outer loop
      vertex -14.8067 -9.30091 0
      vertex -16.0865 -8.44447 1.54
      vertex -14.806 -9.30005 0
    endloop
  endfacet
  facet normal -0.568262 0.421532 -0.706675
    outer loop
      vertex -16.0865 -8.44447 1.54
      vertex -14.8067 -9.30091 0
      vertex -16.1859 -8.57847 1.54
    endloop
  endfacet
  facet normal -0.696279 0.1339 -0.705172
    outer loop
      vertex -15.8732 -7.99348 1.54
      vertex -14.3993 -8.43948 0
      vertex -14.3995 -8.44052 0
    endloop
  endfacet
  facet normal -0.686379 0.171775 -0.706666
    outer loop
      vertex -14.3993 -8.43948 0
      vertex -15.8732 -7.99348 1.54
      vertex -15.8327 -7.83165 1.54
    endloop
  endfacet
  facet normal -0.68633 0.171923 -0.706678
    outer loop
      vertex -14.3223 -8.13209 0
      vertex -14.3993 -8.43948 0
      vertex -15.8327 -7.83165 1.54
    endloop
  endfacet
  facet normal 0.363746 -0.606877 -0.706675
    outer loop
      vertex -19.0273 -4.64257 0
      vertex -18.3014 -6.00073 1.54
      vertex -19.2991 -4.80548 0
    endloop
  endfacet
  facet normal 0.171961 -0.686316 -0.706682
    outer loop
      vertex -17.9935 -5.8732 1.54
      vertex -18.4395 -4.39925 0
      vertex -17.8317 -5.83266 1.54
    endloop
  endfacet
  facet normal 0.178004 -0.684632 -0.70682
    outer loop
      vertex -18.4395 -4.39925 0
      vertex -17.9935 -5.8732 1.54
      vertex -18.4405 -4.39951 0
    endloop
  endfacet
  facet normal 0.238344 -0.666184 -0.706677
    outer loop
      vertex -18.4415 -4.39987 0
      vertex -18.1506 -5.9294 1.54
      vertex -18.7399 -4.50663 0
    endloop
  endfacet
  facet normal -0.178004 -0.684632 -0.70682
    outer loop
      vertex -17.0065 -5.8732 1.54
      vertex -16.5605 -4.39925 0
      vertex -16.5595 -4.39951 0
    endloop
  endfacet
  facet normal -0.171961 -0.686316 -0.706682
    outer loop
      vertex -16.5605 -4.39925 0
      vertex -17.0065 -5.8732 1.54
      vertex -17.1683 -5.83266 1.54
    endloop
  endfacet
  facet normal 0.03472 -0.70668 -0.70668
    outer loop
      vertex -17.5 -4.26 0
      vertex -17.5 -5.8 1.54
      vertex -17.8165 -4.27555 0
    endloop
  endfacet
  facet normal 0.421511 -0.568282 -0.706671
    outer loop
      vertex -19.3009 -4.80668 0
      vertex -18.5785 -6.18588 1.54
      vertex -19.5554 -4.99545 0
    endloop
  endfacet
  facet normal 0.47519 -0.524219 -0.706675
    outer loop
      vertex -18.7021 -6.29792 1.54
      vertex -19.7902 -5.20825 0
      vertex -18.5785 -6.18588 1.54
    endloop
  endfacet
  facet normal 0.47336 -0.525956 -0.706612
    outer loop
      vertex -19.7902 -5.20825 0
      vertex -18.7021 -6.29792 1.54
      vertex -19.791 -5.20897 0
    endloop
  endfacet
  facet normal 0.524328 -0.475081 -0.706667
    outer loop
      vertex -19.7917 -5.20977 0
      vertex -18.7021 -6.29792 1.54
      vertex -18.8141 -6.42153 1.54
    endloop
  endfacet
  facet normal 0.532747 -0.466154 -0.706316
    outer loop
      vertex -18.7021 -6.29792 1.54
      vertex -19.7917 -5.20977 0
      vertex -19.791 -5.20897 0
    endloop
  endfacet
  facet normal 0.606805 -0.363854 -0.706681
    outer loop
      vertex -20.1945 -5.70087 0
      vertex -18.9135 -6.55553 1.54
      vertex -18.9993 -6.69862 1.54
    endloop
  endfacet
  facet normal 0.622568 -0.338352 -0.70564
    outer loop
      vertex -18.9135 -6.55553 1.54
      vertex -20.1945 -5.70087 0
      vertex -20.194 -5.69995 0
    endloop
  endfacet
  facet normal 0.606891 -0.363733 -0.706669
    outer loop
      vertex -20.1945 -5.70087 0
      vertex -18.9993 -6.69862 1.54
      vertex -20.3574 -5.97267 0
    endloop
  endfacet
  facet normal 0.666183 -0.238347 -0.706676
    outer loop
      vertex -19.1268 -7.00652 1.54
      vertex -20.6001 -6.55846 0
      vertex -19.0706 -6.84944 1.54
    endloop
  endfacet
  facet normal 0.659328 -0.25856 -0.705999
    outer loop
      vertex -20.6001 -6.55846 0
      vertex -19.1268 -7.00652 1.54
      vertex -20.6005 -6.55948 0
    endloop
  endfacet
  facet normal 0.666209 -0.238251 -0.706684
    outer loop
      vertex -20.4934 -6.2601 0
      vertex -19.0706 -6.84944 1.54
      vertex -20.6001 -6.55846 0
    endloop
  endfacet
  facet normal 0.699875 -0.103826 -0.706679
    outer loop
      vertex -20.6777 -6.86791 0
      vertex -19.1673 -7.16835 1.54
      vertex -20.7242 -7.18136 0
    endloop
  endfacet
  facet normal 0.302591 0.639573 -0.706672
    outer loop
      vertex -18.3014 -8.99927 1.54
      vertex -18.7409 -10.4929 0
      vertex -19.0273 -10.3574 0
    endloop
  endfacet
  facet normal 0.17192 0.686339 -0.70667
    outer loop
      vertex -17.8317 -9.16733 1.54
      vertex -18.1321 -10.6777 0
      vertex -18.4395 -10.6007 0
    endloop
  endfacet
  facet normal 0.568358 0.421378 -0.706689
    outer loop
      vertex -18.8141 -8.57847 1.54
      vertex -20.0046 -9.55543 0
      vertex -20.1933 -9.30091 0
    endloop
  endfacet
  facet normal 0.696279 0.1339 -0.705172
    outer loop
      vertex -20.6007 -8.43948 0
      vertex -19.1268 -7.99348 1.54
      vertex -20.6005 -8.44052 0
    endloop
  endfacet
  facet normal 0.686379 0.171775 -0.706666
    outer loop
      vertex -19.1268 -7.99348 1.54
      vertex -20.6007 -8.43948 0
      vertex -19.1673 -7.83165 1.54
    endloop
  endfacet
  facet normal -0.302553 -0.639586 -0.706677
    outer loop
      vertex -16.2591 -4.50709 0
      vertex -15.9727 -4.64257 0
      vertex -16.6986 -6.00073 1.54
    endloop
  endfacet
  facet normal -0.629604 -0.324538 -0.705885
    outer loop
      vertex -15.9294 -6.84944 1.54
      vertex -14.5071 -6.25913 0
      vertex -14.5066 -6.2601 0
    endloop
  endfacet
  facet normal -0.639655 -0.302396 -0.706681
    outer loop
      vertex -14.5071 -6.25913 0
      vertex -15.9294 -6.84944 1.54
      vertex -16.0007 -6.69862 1.54
    endloop
  endfacet
  facet normal -0.6396 -0.302541 -0.706669
    outer loop
      vertex -14.6426 -5.97267 0
      vertex -14.5071 -6.25913 0
      vertex -16.0007 -6.69862 1.54
    endloop
  endfacet
  facet normal -0.47336 -0.525956 -0.706612
    outer loop
      vertex -16.2979 -6.29792 1.54
      vertex -15.2098 -5.20825 0
      vertex -15.209 -5.20897 0
    endloop
  endfacet
  facet normal -0.47519 -0.524219 -0.706675
    outer loop
      vertex -15.2098 -5.20825 0
      vertex -16.2979 -6.29792 1.54
      vertex -16.4215 -6.18588 1.54
    endloop
  endfacet
  facet normal -0.686379 -0.171775 -0.706666
    outer loop
      vertex -15.8732 -7.00652 1.54
      vertex -14.3993 -6.56052 0
      vertex -15.8327 -7.16835 1.54
    endloop
  endfacet
  facet normal -0.696279 -0.1339 -0.705172
    outer loop
      vertex -14.3993 -6.56052 0
      vertex -15.8732 -7.00652 1.54
      vertex -14.3995 -6.55948 0
    endloop
  endfacet
  facet normal -0.706662 -0.0347754 -0.706696
    outer loop
      vertex -15.8082 -7.33337 1.54
      vertex -14.2755 -7.1835 0
      vertex -15.8 -7.5 1.54
    endloop
  endfacet
  facet normal -0.704097 -0.0651942 -0.707104
    outer loop
      vertex -14.2755 -7.1835 0
      vertex -15.8082 -7.33337 1.54
      vertex -14.2756 -7.18242 0
    endloop
  endfacet
  facet normal -0.0346085 0.706683 -0.706683
    outer loop
      vertex -17.5 -9.2 1.54
      vertex -17.1835 -10.7245 0
      vertex -17.5 -10.74 0
    endloop
  endfacet
  facet normal -0.316624 0.633248 -0.70622
    outer loop
      vertex -16.8494 -9.07059 1.54
      vertex -16.2591 -10.4929 0
      vertex -16.2601 -10.4934 0
    endloop
  endfacet
  facet normal -0.302499 0.639608 -0.706679
    outer loop
      vertex -16.2591 -10.4929 0
      vertex -16.8494 -9.07059 1.54
      vertex -16.6986 -8.99927 1.54
    endloop
  endfacet
  facet normal -0.421406 0.568352 -0.706677
    outer loop
      vertex -15.4446 -10.0046 0
      vertex -15.6991 -10.1933 0
      vertex -16.4215 -8.81412 1.54
    endloop
  endfacet
  facet normal -0.606891 0.363733 -0.706669
    outer loop
      vertex -14.6426 -9.02732 0
      vertex -14.8055 -9.29912 0
      vertex -16.0007 -8.30137 1.54
    endloop
  endfacet
  facet normal -0.639596 0.302549 -0.706669
    outer loop
      vertex -14.5071 -8.74087 0
      vertex -14.6426 -9.02732 0
      vertex -16.0007 -8.30137 1.54
    endloop
  endfacet
  facet normal -0.699875 0.103826 -0.706679
    outer loop
      vertex -14.2758 -7.81864 0
      vertex -14.3223 -8.13209 0
      vertex -15.8327 -7.83165 1.54
    endloop
  endfacet
  facet normal -0.69637 0.130163 -0.705781
    outer loop
      vertex -14.2758 -7.81864 0
      vertex -15.8082 -7.66663 1.54
      vertex -14.2756 -7.81757 0
    endloop
  endfacet
  facet normal -0.69987 0.103907 -0.706672
    outer loop
      vertex -15.8082 -7.66663 1.54
      vertex -14.2758 -7.81864 0
      vertex -15.8327 -7.83165 1.54
    endloop
  endfacet
  facet normal 0.171918 -0.686331 -0.706678
    outer loop
      vertex -18.1321 -4.32225 0
      vertex -17.8317 -5.83266 1.54
      vertex -18.4395 -4.39925 0
    endloop
  endfacet
  facet normal 0.103788 -0.699881 -0.706679
    outer loop
      vertex -17.8186 -4.27576 0
      vertex -17.8317 -5.83266 1.54
      vertex -18.1321 -4.32225 0
    endloop
  endfacet
  facet normal 0.363745 -0.606878 -0.706675
    outer loop
      vertex -18.4445 -6.0865 1.54
      vertex -19.2991 -4.80548 0
      vertex -18.3014 -6.00073 1.54
    endloop
  endfacet
  facet normal 0.37367 -0.60054 -0.70691
    outer loop
      vertex -19.2991 -4.80548 0
      vertex -18.4445 -6.0865 1.54
      vertex -19.3 -4.80604 0
    endloop
  endfacet
  facet normal 0.238319 -0.66619 -0.706679
    outer loop
      vertex -18.4415 -4.39987 0
      vertex -17.9935 -5.8732 1.54
      vertex -18.1506 -5.9294 1.54
    endloop
  endfacet
  facet normal 0.239668 -0.665743 -0.706643
    outer loop
      vertex -17.9935 -5.8732 1.54
      vertex -18.4415 -4.39987 0
      vertex -18.4405 -4.39951 0
    endloop
  endfacet
  facet normal 0.03474 -0.706678 -0.706682
    outer loop
      vertex -17.6666 -5.80819 1.54
      vertex -17.8165 -4.27555 0
      vertex -17.5 -5.8 1.54
    endloop
  endfacet
  facet normal 0.0321303 -0.706867 -0.706616
    outer loop
      vertex -17.8165 -4.27555 0
      vertex -17.6666 -5.80819 1.54
      vertex -17.8176 -4.2756 0
    endloop
  endfacet
  facet normal -0.103732 -0.699885 -0.706683
    outer loop
      vertex -17.3334 -5.80819 1.54
      vertex -17.1814 -4.27576 0
      vertex -17.1683 -5.83266 1.54
    endloop
  endfacet
  facet normal -0.111818 -0.698861 -0.706463
    outer loop
      vertex -17.1814 -4.27576 0
      vertex -17.3334 -5.80819 1.54
      vertex -17.1824 -4.2756 0
    endloop
  endfacet
  facet normal -0.03472 -0.70668 -0.70668
    outer loop
      vertex -17.5 -4.26 0
      vertex -17.1835 -4.27555 0
      vertex -17.5 -5.8 1.54
    endloop
  endfacet
  facet normal 0.69987 -0.103907 -0.706672
    outer loop
      vertex -19.1918 -7.33337 1.54
      vertex -20.7242 -7.18136 0
      vertex -19.1673 -7.16835 1.54
    endloop
  endfacet
  facet normal 0.696198 -0.131358 -0.705729
    outer loop
      vertex -20.7242 -7.18136 0
      vertex -19.1918 -7.33337 1.54
      vertex -20.7244 -7.18242 0
    endloop
  endfacet
  facet normal 0.704097 -0.0651942 -0.707104
    outer loop
      vertex -19.1918 -7.33337 1.54
      vertex -20.7245 -7.1835 0
      vertex -20.7244 -7.18242 0
    endloop
  endfacet
  facet normal 0.706662 -0.0347754 -0.706696
    outer loop
      vertex -20.7245 -7.1835 0
      vertex -19.1918 -7.33337 1.54
      vertex -19.2 -7.5 1.54
    endloop
  endfacet
  facet normal 0.103811 0.699886 -0.70667
    outer loop
      vertex -17.8317 -9.16733 1.54
      vertex -17.8186 -10.7242 0
      vertex -18.1321 -10.6777 0
    endloop
  endfacet
  facet normal 0.171924 0.686338 -0.70667
    outer loop
      vertex -18.4395 -10.6007 0
      vertex -17.9935 -9.1268 1.54
      vertex -17.8317 -9.16733 1.54
    endloop
  endfacet
  facet normal 0.139002 0.69501 -0.705435
    outer loop
      vertex -17.9935 -9.1268 1.54
      vertex -18.4395 -10.6007 0
      vertex -18.4405 -10.6005 0
    endloop
  endfacet
  facet normal 0.434687 0.558883 -0.706185
    outer loop
      vertex -19.3009 -10.1933 0
      vertex -18.4445 -8.9135 1.54
      vertex -19.3 -10.194 0
    endloop
  endfacet
  facet normal 0.421479 0.568306 -0.706671
    outer loop
      vertex -18.4445 -8.9135 1.54
      vertex -19.3009 -10.1933 0
      vertex -18.5785 -8.81412 1.54
    endloop
  endfacet
  facet normal 0.363733 0.606891 -0.706669
    outer loop
      vertex -18.3014 -8.99927 1.54
      vertex -19.0273 -10.3574 0
      vertex -19.2991 -10.1945 0
    endloop
  endfacet
  facet normal 0.706683 0.0346085 -0.706683
    outer loop
      vertex -19.2 -7.5 1.54
      vertex -20.7245 -7.8165 0
      vertex -20.74 -7.5 0
    endloop
  endfacet
  facet normal 0.68633 0.171923 -0.706678
    outer loop
      vertex -19.1673 -7.83165 1.54
      vertex -20.6007 -8.43948 0
      vertex -20.6777 -8.13209 0
    endloop
  endfacet
  facet normal 0.666183 0.238347 -0.706676
    outer loop
      vertex -20.6001 -8.44154 0
      vertex -19.1268 -7.99348 1.54
      vertex -19.0706 -8.15056 1.54
    endloop
  endfacet
  facet normal 0.659328 0.25856 -0.705999
    outer loop
      vertex -19.1268 -7.99348 1.54
      vertex -20.6001 -8.44154 0
      vertex -20.6005 -8.44052 0
    endloop
  endfacet
  facet normal 0.606891 0.363733 -0.706669
    outer loop
      vertex -18.9993 -8.30137 1.54
      vertex -20.1945 -9.29912 0
      vertex -20.3574 -9.02732 0
    endloop
  endfacet
  facet normal 0.639596 0.302549 -0.706669
    outer loop
      vertex -18.9993 -8.30137 1.54
      vertex -20.3574 -9.02732 0
      vertex -20.4929 -8.74087 0
    endloop
  endfacet
  facet normal 0.524143 0.475256 -0.706687
    outer loop
      vertex -18.8141 -8.57847 1.54
      vertex -19.7917 -9.79023 0
      vertex -20.0046 -9.55543 0
    endloop
  endfacet
  facet normal 0.532747 0.466154 -0.706316
    outer loop
      vertex -19.7917 -9.79023 0
      vertex -18.7021 -8.70208 1.54
      vertex -19.791 -9.79103 0
    endloop
  endfacet
  facet normal 0.524328 0.475081 -0.706667
    outer loop
      vertex -18.7021 -8.70208 1.54
      vertex -19.7917 -9.79023 0
      vertex -18.8141 -8.57847 1.54
    endloop
  endfacet
  facet normal -0.238344 -0.666184 -0.706677
    outer loop
      vertex -16.5585 -4.39987 0
      vertex -16.2601 -4.50663 0
      vertex -16.8494 -5.9294 1.54
    endloop
  endfacet
  facet normal -0.238319 -0.66619 -0.706679
    outer loop
      vertex -17.0065 -5.8732 1.54
      vertex -16.5585 -4.39987 0
      vertex -16.8494 -5.9294 1.54
    endloop
  endfacet
  facet normal -0.239668 -0.665743 -0.706643
    outer loop
      vertex -16.5585 -4.39987 0
      vertex -17.0065 -5.8732 1.54
      vertex -16.5595 -4.39951 0
    endloop
  endfacet
  facet normal -0.606805 -0.363854 -0.706681
    outer loop
      vertex -16.0865 -6.55553 1.54
      vertex -14.8055 -5.70087 0
      vertex -16.0007 -6.69862 1.54
    endloop
  endfacet
  facet normal -0.622568 -0.338352 -0.70564
    outer loop
      vertex -14.8055 -5.70087 0
      vertex -16.0865 -6.55553 1.54
      vertex -14.806 -5.69995 0
    endloop
  endfacet
  facet normal -0.549615 -0.447361 -0.705543
    outer loop
      vertex -16.0865 -6.55553 1.54
      vertex -14.8067 -5.69909 0
      vertex -14.806 -5.69995 0
    endloop
  endfacet
  facet normal -0.568262 -0.421532 -0.706675
    outer loop
      vertex -14.8067 -5.69909 0
      vertex -16.0865 -6.55553 1.54
      vertex -16.1859 -6.42153 1.54
    endloop
  endfacet
  facet normal 0.0347395 0.706666 -0.706694
    outer loop
      vertex -17.8165 -10.7245 0
      vertex -17.6666 -9.19181 1.54
      vertex -17.5 -9.2 1.54
    endloop
  endfacet
  facet normal 0.0640191 0.70421 -0.707099
    outer loop
      vertex -17.6666 -9.19181 1.54
      vertex -17.8165 -10.7245 0
      vertex -17.8176 -10.7244 0
    endloop
  endfacet
  facet normal -0.139002 0.69501 -0.705435
    outer loop
      vertex -16.5605 -10.6007 0
      vertex -17.0065 -9.1268 1.54
      vertex -16.5595 -10.6005 0
    endloop
  endfacet
  facet normal -0.171924 0.686338 -0.70667
    outer loop
      vertex -17.0065 -9.1268 1.54
      vertex -16.5605 -10.6007 0
      vertex -17.1683 -9.16733 1.54
    endloop
  endfacet
  facet normal -0.263099 0.657747 -0.705796
    outer loop
      vertex -17.0065 -9.1268 1.54
      vertex -16.5585 -10.6001 0
      vertex -16.5595 -10.6005 0
    endloop
  endfacet
  facet normal -0.238359 0.666184 -0.706671
    outer loop
      vertex -16.5585 -10.6001 0
      vertex -17.0065 -9.1268 1.54
      vertex -16.8494 -9.07059 1.54
    endloop
  endfacet
  facet normal -0.343979 0.619162 -0.705916
    outer loop
      vertex -15.7009 -10.1945 0
      vertex -16.5555 -8.9135 1.54
      vertex -15.7 -10.194 0
    endloop
  endfacet
  facet normal -0.363747 0.606881 -0.706671
    outer loop
      vertex -16.5555 -8.9135 1.54
      vertex -15.7009 -10.1945 0
      vertex -16.6986 -8.99927 1.54
    endloop
  endfacet
  facet normal -0.47336 0.525956 -0.706612
    outer loop
      vertex -15.2098 -9.79175 0
      vertex -16.2979 -8.70208 1.54
      vertex -15.209 -9.79103 0
    endloop
  endfacet
  facet normal -0.47519 0.524219 -0.706675
    outer loop
      vertex -16.2979 -8.70208 1.54
      vertex -15.2098 -9.79175 0
      vertex -16.4215 -8.81412 1.54
    endloop
  endfacet
  facet normal -0.532747 0.466154 -0.706316
    outer loop
      vertex -16.2979 -8.70208 1.54
      vertex -15.2083 -9.79023 0
      vertex -15.209 -9.79103 0
    endloop
  endfacet
  facet normal -0.524328 0.475081 -0.706667
    outer loop
      vertex -15.2083 -9.79023 0
      vertex -16.2979 -8.70208 1.54
      vertex -16.1859 -8.57847 1.54
    endloop
  endfacet
  facet normal -0.659328 0.25856 -0.705999
    outer loop
      vertex -14.3999 -8.44154 0
      vertex -15.8732 -7.99348 1.54
      vertex -14.3995 -8.44052 0
    endloop
  endfacet
  facet normal -0.666183 0.238347 -0.706676
    outer loop
      vertex -15.8732 -7.99348 1.54
      vertex -14.3999 -8.44154 0
      vertex -15.9294 -8.15056 1.54
    endloop
  endfacet
  facet normal -0.70404 0.0657981 -0.707106
    outer loop
      vertex -15.8082 -7.66663 1.54
      vertex -14.2755 -7.8165 0
      vertex -14.2756 -7.81757 0
    endloop
  endfacet
  facet normal -0.706662 0.0347754 -0.706696
    outer loop
      vertex -14.2755 -7.8165 0
      vertex -15.8082 -7.66663 1.54
      vertex -15.8 -7.5 1.54
    endloop
  endfacet
  facet normal 0.302534 -0.639593 -0.706678
    outer loop
      vertex -18.7409 -4.50709 0
      vertex -18.1506 -5.9294 1.54
      vertex -18.3014 -6.00073 1.54
    endloop
  endfacet
  facet normal 0.295615 -0.642641 -0.706841
    outer loop
      vertex -18.1506 -5.9294 1.54
      vertex -18.7409 -4.50709 0
      vertex -18.7399 -4.50663 0
    endloop
  endfacet
  facet normal 0.302553 -0.639586 -0.706677
    outer loop
      vertex -18.7409 -4.50709 0
      vertex -18.3014 -6.00073 1.54
      vertex -19.0273 -4.64257 0
    endloop
  endfacet
  facet normal -0.0321303 -0.706867 -0.706616
    outer loop
      vertex -17.3334 -5.80819 1.54
      vertex -17.1835 -4.27555 0
      vertex -17.1824 -4.2756 0
    endloop
  endfacet
  facet normal -0.03474 -0.706678 -0.706682
    outer loop
      vertex -17.1835 -4.27555 0
      vertex -17.3334 -5.80819 1.54
      vertex -17.5 -5.8 1.54
    endloop
  endfacet
  facet normal 0.316624 0.633248 -0.70622
    outer loop
      vertex -18.7409 -10.4929 0
      vertex -18.1506 -9.07059 1.54
      vertex -18.7399 -10.4934 0
    endloop
  endfacet
  facet normal 0.302499 0.639608 -0.706679
    outer loop
      vertex -18.1506 -9.07059 1.54
      vertex -18.7409 -10.4929 0
      vertex -18.3014 -8.99927 1.54
    endloop
  endfacet
  facet normal 0.238223 0.666221 -0.706682
    outer loop
      vertex -18.1506 -9.07059 1.54
      vertex -18.4415 -10.6001 0
      vertex -18.7399 -10.4934 0
    endloop
  endfacet
  facet normal 0.363747 0.606881 -0.706671
    outer loop
      vertex -19.2991 -10.1945 0
      vertex -18.4445 -8.9135 1.54
      vertex -18.3014 -8.99927 1.54
    endloop
  endfacet
  facet normal 0.343979 0.619162 -0.705916
    outer loop
      vertex -18.4445 -8.9135 1.54
      vertex -19.2991 -10.1945 0
      vertex -19.3 -10.194 0
    endloop
  endfacet
  facet normal 0.699875 0.103826 -0.706679
    outer loop
      vertex -19.1673 -7.83165 1.54
      vertex -20.6777 -8.13209 0
      vertex -20.7242 -7.81864 0
    endloop
  endfacet
  facet normal 0.624223 0.335604 -0.705489
    outer loop
      vertex -20.1945 -9.29912 0
      vertex -18.9135 -8.44447 1.54
      vertex -20.194 -9.30005 0
    endloop
  endfacet
  facet normal 0.606818 0.363836 -0.706679
    outer loop
      vertex -18.9135 -8.44447 1.54
      vertex -20.1945 -9.29912 0
      vertex -18.9993 -8.30137 1.54
    endloop
  endfacet
  facet normal 0.568262 0.421532 -0.706675
    outer loop
      vertex -20.1933 -9.30091 0
      vertex -18.9135 -8.44447 1.54
      vertex -18.8141 -8.57847 1.54
    endloop
  endfacet
  facet normal 0.549615 0.447361 -0.705543
    outer loop
      vertex -18.9135 -8.44447 1.54
      vertex -20.1933 -9.30091 0
      vertex -20.194 -9.30005 0
    endloop
  endfacet
  facet normal -0.139016 0.695079 -0.705365
    outer loop
      vertex -17.3334 -9.19181 1.54
      vertex -17.1814 -10.7242 0
      vertex -17.1824 -10.7244 0
    endloop
  endfacet
  facet normal -0.103775 0.699889 -0.706673
    outer loop
      vertex -17.1814 -10.7242 0
      vertex -17.3334 -9.19181 1.54
      vertex -17.1683 -9.16733 1.54
    endloop
  endfacet
  facet normal 0.139016 0.695079 -0.705365
    outer loop
      vertex -17.8186 -10.7242 0
      vertex -17.6666 -9.19181 1.54
      vertex -17.8176 -10.7244 0
    endloop
  endfacet
  facet normal 0.103775 0.699889 -0.706673
    outer loop
      vertex -17.6666 -9.19181 1.54
      vertex -17.8186 -10.7242 0
      vertex -17.8317 -9.16733 1.54
    endloop
  endfacet
  facet normal 0.263099 0.657747 -0.705796
    outer loop
      vertex -18.4415 -10.6001 0
      vertex -17.9935 -9.1268 1.54
      vertex -18.4405 -10.6005 0
    endloop
  endfacet
  facet normal 0.238359 0.666184 -0.706671
    outer loop
      vertex -17.9935 -9.1268 1.54
      vertex -18.4415 -10.6001 0
      vertex -18.1506 -9.07059 1.54
    endloop
  endfacet
  facet normal 0.70404 0.0657981 -0.707106
    outer loop
      vertex -20.7245 -7.8165 0
      vertex -19.1918 -7.66663 1.54
      vertex -20.7244 -7.81757 0
    endloop
  endfacet
  facet normal 0.706662 0.0347754 -0.706696
    outer loop
      vertex -19.1918 -7.66663 1.54
      vertex -20.7245 -7.8165 0
      vertex -19.2 -7.5 1.54
    endloop
  endfacet
  facet normal 0.69987 0.103907 -0.706672
    outer loop
      vertex -20.7242 -7.81864 0
      vertex -19.1918 -7.66663 1.54
      vertex -19.1673 -7.83165 1.54
    endloop
  endfacet
  facet normal 0.69637 0.130163 -0.705781
    outer loop
      vertex -19.1918 -7.66663 1.54
      vertex -20.7242 -7.81864 0
      vertex -20.7244 -7.81757 0
    endloop
  endfacet
  facet normal -0.998791 -0.0491602 0
    outer loop
      vertex -15.8 27.5 1.54
      vertex -15.8082 27.6666 2.4
      vertex -15.8082 27.6666 1.54
    endloop
  endfacet
  facet normal -0.998791 -0.0491602 0
    outer loop
      vertex -15.8082 27.6666 2.4
      vertex -15.8 27.5 1.54
      vertex -15.8 27.5 2.4
    endloop
  endfacet
  facet normal 0.0491602 -0.998791 0
    outer loop
      vertex -17.6666 29.1918 1.54
      vertex -17.5 29.2 2.4
      vertex -17.6666 29.1918 2.4
    endloop
  endfacet
  facet normal 0.0491602 -0.998791 0
    outer loop
      vertex -17.5 29.2 2.4
      vertex -17.6666 29.1918 1.54
      vertex -17.5 29.2 1.54
    endloop
  endfacet
  facet normal -0.0491602 0.998791 0
    outer loop
      vertex -17.3334 25.8082 1.54
      vertex -17.5 25.8 2.4
      vertex -17.3334 25.8082 2.4
    endloop
  endfacet
  facet normal -0.0491602 0.998791 0
    outer loop
      vertex -17.5 25.8 2.4
      vertex -17.3334 25.8082 1.54
      vertex -17.5 25.8 1.54
    endloop
  endfacet
  facet normal -0.671478 -0.741024 0
    outer loop
      vertex -16.4215 28.8141 1.54
      vertex -16.2979 28.7021 2.4
      vertex -16.4215 28.8141 2.4
    endloop
  endfacet
  facet normal -0.671478 -0.741024 -0
    outer loop
      vertex -16.2979 28.7021 2.4
      vertex -16.4215 28.8141 1.54
      vertex -16.2979 28.7021 1.54
    endloop
  endfacet
  facet normal 0.741024 -0.671478 0
    outer loop
      vertex -18.8141 28.5785 2.4
      vertex -18.7021 28.7021 1.54
      vertex -18.7021 28.7021 2.4
    endloop
  endfacet
  facet normal 0.741024 -0.671478 0
    outer loop
      vertex -18.7021 28.7021 1.54
      vertex -18.8141 28.5785 2.4
      vertex -18.8141 28.5785 1.54
    endloop
  endfacet
  facet normal 0.427442 -0.904043 0
    outer loop
      vertex -18.3014 28.9993 1.54
      vertex -18.1506 29.0706 2.4
      vertex -18.3014 28.9993 2.4
    endloop
  endfacet
  facet normal 0.427442 -0.904043 0
    outer loop
      vertex -18.1506 29.0706 2.4
      vertex -18.3014 28.9993 1.54
      vertex -18.1506 29.0706 1.54
    endloop
  endfacet
  facet normal -0.857652 0.514231 0
    outer loop
      vertex -16.0865 26.5555 1.54
      vertex -16.0007 26.6986 2.4
      vertex -16.0007 26.6986 1.54
    endloop
  endfacet
  facet normal -0.857652 0.514231 0
    outer loop
      vertex -16.0007 26.6986 2.4
      vertex -16.0865 26.5555 1.54
      vertex -16.0865 26.5555 2.4
    endloop
  endfacet
  facet normal -0.904043 -0.427442 0
    outer loop
      vertex -15.9294 28.1506 1.54
      vertex -16.0007 28.3014 2.4
      vertex -16.0007 28.3014 1.54
    endloop
  endfacet
  facet normal -0.904043 -0.427442 0
    outer loop
      vertex -16.0007 28.3014 2.4
      vertex -15.9294 28.1506 1.54
      vertex -15.9294 28.1506 2.4
    endloop
  endfacet
  facet normal -0.33683 -0.941566 0
    outer loop
      vertex -17.0065 29.1268 1.54
      vertex -16.8494 29.0706 2.4
      vertex -17.0065 29.1268 2.4
    endloop
  endfacet
  facet normal -0.33683 -0.941566 -0
    outer loop
      vertex -16.8494 29.0706 2.4
      vertex -17.0065 29.1268 1.54
      vertex -16.8494 29.0706 1.54
    endloop
  endfacet
  facet normal -0.514231 -0.857652 0
    outer loop
      vertex -16.6986 28.9993 1.54
      vertex -16.5555 28.9135 2.4
      vertex -16.6986 28.9993 2.4
    endloop
  endfacet
  facet normal -0.514231 -0.857652 -0
    outer loop
      vertex -16.5555 28.9135 2.4
      vertex -16.6986 28.9993 1.54
      vertex -16.5555 28.9135 1.54
    endloop
  endfacet
  facet normal 0.941566 -0.33683 0
    outer loop
      vertex -19.1268 27.9935 2.4
      vertex -19.0706 28.1506 1.54
      vertex -19.0706 28.1506 2.4
    endloop
  endfacet
  facet normal 0.941566 -0.33683 0
    outer loop
      vertex -19.0706 28.1506 1.54
      vertex -19.1268 27.9935 2.4
      vertex -19.1268 27.9935 1.54
    endloop
  endfacet
  facet normal 0.242818 -0.970072 0
    outer loop
      vertex -17.9935 29.1268 1.54
      vertex -17.8317 29.1673 2.4
      vertex -17.9935 29.1268 2.4
    endloop
  endfacet
  facet normal 0.242818 -0.970072 0
    outer loop
      vertex -17.8317 29.1673 2.4
      vertex -17.9935 29.1268 1.54
      vertex -17.8317 29.1673 1.54
    endloop
  endfacet
  facet normal -0.146788 0.989168 0
    outer loop
      vertex -17.1683 25.8327 1.54
      vertex -17.3334 25.8082 2.4
      vertex -17.1683 25.8327 2.4
    endloop
  endfacet
  facet normal -0.146788 0.989168 0
    outer loop
      vertex -17.3334 25.8082 2.4
      vertex -17.1683 25.8327 1.54
      vertex -17.3334 25.8082 1.54
    endloop
  endfacet
  facet normal -0.970072 -0.242818 0
    outer loop
      vertex -15.8327 27.8317 1.54
      vertex -15.8732 27.9935 2.4
      vertex -15.8732 27.9935 1.54
    endloop
  endfacet
  facet normal -0.970072 -0.242818 0
    outer loop
      vertex -15.8732 27.9935 2.4
      vertex -15.8327 27.8317 1.54
      vertex -15.8327 27.8317 2.4
    endloop
  endfacet
  facet normal -0.989168 -0.146788 0
    outer loop
      vertex -15.8082 27.6666 1.54
      vertex -15.8327 27.8317 2.4
      vertex -15.8327 27.8317 1.54
    endloop
  endfacet
  facet normal -0.989168 -0.146788 0
    outer loop
      vertex -15.8327 27.8317 2.4
      vertex -15.8082 27.6666 1.54
      vertex -15.8082 27.6666 2.4
    endloop
  endfacet
  facet normal -0.941566 -0.33683 0
    outer loop
      vertex -15.8732 27.9935 1.54
      vertex -15.9294 28.1506 2.4
      vertex -15.9294 28.1506 1.54
    endloop
  endfacet
  facet normal -0.941566 -0.33683 0
    outer loop
      vertex -15.9294 28.1506 2.4
      vertex -15.8732 27.9935 1.54
      vertex -15.8732 27.9935 2.4
    endloop
  endfacet
  facet normal -0.803154 -0.595772 0
    outer loop
      vertex -16.0865 28.4445 1.54
      vertex -16.1859 28.5785 2.4
      vertex -16.1859 28.5785 1.54
    endloop
  endfacet
  facet normal -0.803154 -0.595772 0
    outer loop
      vertex -16.1859 28.5785 2.4
      vertex -16.0865 28.4445 1.54
      vertex -16.0865 28.4445 2.4
    endloop
  endfacet
  facet normal -0.741024 -0.671478 0
    outer loop
      vertex -16.1859 28.5785 1.54
      vertex -16.2979 28.7021 2.4
      vertex -16.2979 28.7021 1.54
    endloop
  endfacet
  facet normal -0.741024 -0.671478 0
    outer loop
      vertex -16.2979 28.7021 2.4
      vertex -16.1859 28.5785 1.54
      vertex -16.1859 28.5785 2.4
    endloop
  endfacet
  facet normal -0.857652 -0.514231 0
    outer loop
      vertex -16.0007 28.3014 1.54
      vertex -16.0865 28.4445 2.4
      vertex -16.0865 28.4445 1.54
    endloop
  endfacet
  facet normal -0.857652 -0.514231 0
    outer loop
      vertex -16.0865 28.4445 2.4
      vertex -16.0007 28.3014 1.54
      vertex -16.0007 28.3014 2.4
    endloop
  endfacet
  facet normal -0.146788 -0.989168 0
    outer loop
      vertex -17.3334 29.1918 1.54
      vertex -17.1683 29.1673 2.4
      vertex -17.3334 29.1918 2.4
    endloop
  endfacet
  facet normal -0.146788 -0.989168 -0
    outer loop
      vertex -17.1683 29.1673 2.4
      vertex -17.3334 29.1918 1.54
      vertex -17.1683 29.1673 1.54
    endloop
  endfacet
  facet normal -0.242818 -0.970072 0
    outer loop
      vertex -17.1683 29.1673 1.54
      vertex -17.0065 29.1268 2.4
      vertex -17.1683 29.1673 2.4
    endloop
  endfacet
  facet normal -0.242818 -0.970072 -0
    outer loop
      vertex -17.0065 29.1268 2.4
      vertex -17.1683 29.1673 1.54
      vertex -17.0065 29.1268 1.54
    endloop
  endfacet
  facet normal -0.0491602 -0.998791 0
    outer loop
      vertex -17.5 29.2 1.54
      vertex -17.3334 29.1918 2.4
      vertex -17.5 29.2 2.4
    endloop
  endfacet
  facet normal -0.0491602 -0.998791 -0
    outer loop
      vertex -17.3334 29.1918 2.4
      vertex -17.5 29.2 1.54
      vertex -17.3334 29.1918 1.54
    endloop
  endfacet
  facet normal -0.427442 -0.904043 0
    outer loop
      vertex -16.8494 29.0706 1.54
      vertex -16.6986 28.9993 2.4
      vertex -16.8494 29.0706 2.4
    endloop
  endfacet
  facet normal -0.427442 -0.904043 -0
    outer loop
      vertex -16.6986 28.9993 2.4
      vertex -16.8494 29.0706 1.54
      vertex -16.6986 28.9993 1.54
    endloop
  endfacet
  facet normal -0.595772 -0.803154 0
    outer loop
      vertex -16.5555 28.9135 1.54
      vertex -16.4215 28.8141 2.4
      vertex -16.5555 28.9135 2.4
    endloop
  endfacet
  facet normal -0.595772 -0.803154 -0
    outer loop
      vertex -16.4215 28.8141 2.4
      vertex -16.5555 28.9135 1.54
      vertex -16.4215 28.8141 1.54
    endloop
  endfacet
  facet normal 0.989168 -0.146788 0
    outer loop
      vertex -19.1918 27.6666 2.4
      vertex -19.1673 27.8317 1.54
      vertex -19.1673 27.8317 2.4
    endloop
  endfacet
  facet normal 0.989168 -0.146788 0
    outer loop
      vertex -19.1673 27.8317 1.54
      vertex -19.1918 27.6666 2.4
      vertex -19.1918 27.6666 1.54
    endloop
  endfacet
  facet normal 0.857652 -0.514231 0
    outer loop
      vertex -18.9993 28.3014 2.4
      vertex -18.9135 28.4445 1.54
      vertex -18.9135 28.4445 2.4
    endloop
  endfacet
  facet normal 0.857652 -0.514231 0
    outer loop
      vertex -18.9135 28.4445 1.54
      vertex -18.9993 28.3014 2.4
      vertex -18.9993 28.3014 1.54
    endloop
  endfacet
  facet normal 0.803154 -0.595772 0
    outer loop
      vertex -18.9135 28.4445 2.4
      vertex -18.8141 28.5785 1.54
      vertex -18.8141 28.5785 2.4
    endloop
  endfacet
  facet normal 0.803154 -0.595772 0
    outer loop
      vertex -18.8141 28.5785 1.54
      vertex -18.9135 28.4445 2.4
      vertex -18.9135 28.4445 1.54
    endloop
  endfacet
  facet normal 0.904043 -0.427442 0
    outer loop
      vertex -19.0706 28.1506 2.4
      vertex -18.9993 28.3014 1.54
      vertex -18.9993 28.3014 2.4
    endloop
  endfacet
  facet normal 0.904043 -0.427442 0
    outer loop
      vertex -18.9993 28.3014 1.54
      vertex -19.0706 28.1506 2.4
      vertex -19.0706 28.1506 1.54
    endloop
  endfacet
  facet normal 0.970072 -0.242818 0
    outer loop
      vertex -19.1673 27.8317 2.4
      vertex -19.1268 27.9935 1.54
      vertex -19.1268 27.9935 2.4
    endloop
  endfacet
  facet normal 0.970072 -0.242818 0
    outer loop
      vertex -19.1268 27.9935 1.54
      vertex -19.1673 27.8317 2.4
      vertex -19.1673 27.8317 1.54
    endloop
  endfacet
  facet normal 0.998791 -0.0491602 0
    outer loop
      vertex -19.2 27.5 2.4
      vertex -19.1918 27.6666 1.54
      vertex -19.1918 27.6666 2.4
    endloop
  endfacet
  facet normal 0.998791 -0.0491602 0
    outer loop
      vertex -19.1918 27.6666 1.54
      vertex -19.2 27.5 2.4
      vertex -19.2 27.5 1.54
    endloop
  endfacet
  facet normal 0.595772 -0.803154 0
    outer loop
      vertex -18.5785 28.8141 1.54
      vertex -18.4445 28.9135 2.4
      vertex -18.5785 28.8141 2.4
    endloop
  endfacet
  facet normal 0.595772 -0.803154 0
    outer loop
      vertex -18.4445 28.9135 2.4
      vertex -18.5785 28.8141 1.54
      vertex -18.4445 28.9135 1.54
    endloop
  endfacet
  facet normal 0.514231 -0.857652 0
    outer loop
      vertex -18.4445 28.9135 1.54
      vertex -18.3014 28.9993 2.4
      vertex -18.4445 28.9135 2.4
    endloop
  endfacet
  facet normal 0.514231 -0.857652 0
    outer loop
      vertex -18.3014 28.9993 2.4
      vertex -18.4445 28.9135 1.54
      vertex -18.3014 28.9993 1.54
    endloop
  endfacet
  facet normal 0.671478 -0.741024 0
    outer loop
      vertex -18.7021 28.7021 1.54
      vertex -18.5785 28.8141 2.4
      vertex -18.7021 28.7021 2.4
    endloop
  endfacet
  facet normal 0.671478 -0.741024 0
    outer loop
      vertex -18.5785 28.8141 2.4
      vertex -18.7021 28.7021 1.54
      vertex -18.5785 28.8141 1.54
    endloop
  endfacet
  facet normal 0.33683 -0.941566 0
    outer loop
      vertex -18.1506 29.0706 1.54
      vertex -17.9935 29.1268 2.4
      vertex -18.1506 29.0706 2.4
    endloop
  endfacet
  facet normal 0.33683 -0.941566 0
    outer loop
      vertex -17.9935 29.1268 2.4
      vertex -18.1506 29.0706 1.54
      vertex -17.9935 29.1268 1.54
    endloop
  endfacet
  facet normal 0.146788 -0.989168 0
    outer loop
      vertex -17.8317 29.1673 1.54
      vertex -17.6666 29.1918 2.4
      vertex -17.8317 29.1673 2.4
    endloop
  endfacet
  facet normal 0.146788 -0.989168 0
    outer loop
      vertex -17.6666 29.1918 2.4
      vertex -17.8317 29.1673 1.54
      vertex -17.6666 29.1918 1.54
    endloop
  endfacet
  facet normal -0.998791 0.0491602 0
    outer loop
      vertex -15.8082 27.3334 1.54
      vertex -15.8 27.5 2.4
      vertex -15.8 27.5 1.54
    endloop
  endfacet
  facet normal -0.998791 0.0491602 0
    outer loop
      vertex -15.8 27.5 2.4
      vertex -15.8082 27.3334 1.54
      vertex -15.8082 27.3334 2.4
    endloop
  endfacet
  facet normal -0.741024 0.671478 0
    outer loop
      vertex -16.2979 26.2979 1.54
      vertex -16.1859 26.4215 2.4
      vertex -16.1859 26.4215 1.54
    endloop
  endfacet
  facet normal -0.741024 0.671478 0
    outer loop
      vertex -16.1859 26.4215 2.4
      vertex -16.2979 26.2979 1.54
      vertex -16.2979 26.2979 2.4
    endloop
  endfacet
  facet normal 0.595772 0.803154 -0
    outer loop
      vertex -18.4445 26.0865 1.54
      vertex -18.5785 26.1859 2.4
      vertex -18.4445 26.0865 2.4
    endloop
  endfacet
  facet normal 0.595772 0.803154 0
    outer loop
      vertex -18.5785 26.1859 2.4
      vertex -18.4445 26.0865 1.54
      vertex -18.5785 26.1859 1.54
    endloop
  endfacet
  facet normal 0.857652 0.514231 0
    outer loop
      vertex -18.9135 26.5555 2.4
      vertex -18.9993 26.6986 1.54
      vertex -18.9993 26.6986 2.4
    endloop
  endfacet
  facet normal 0.857652 0.514231 0
    outer loop
      vertex -18.9993 26.6986 1.54
      vertex -18.9135 26.5555 2.4
      vertex -18.9135 26.5555 1.54
    endloop
  endfacet
  facet normal 0.741024 0.671478 0
    outer loop
      vertex -18.7021 26.2979 2.4
      vertex -18.8141 26.4215 1.54
      vertex -18.8141 26.4215 2.4
    endloop
  endfacet
  facet normal 0.741024 0.671478 0
    outer loop
      vertex -18.8141 26.4215 1.54
      vertex -18.7021 26.2979 2.4
      vertex -18.7021 26.2979 1.54
    endloop
  endfacet
  facet normal 0.998791 0.0491602 0
    outer loop
      vertex -19.1918 27.3334 2.4
      vertex -19.2 27.5 1.54
      vertex -19.2 27.5 2.4
    endloop
  endfacet
  facet normal 0.998791 0.0491602 0
    outer loop
      vertex -19.2 27.5 1.54
      vertex -19.1918 27.3334 2.4
      vertex -19.1918 27.3334 1.54
    endloop
  endfacet
  facet normal -0.989168 0.146788 0
    outer loop
      vertex -15.8327 27.1683 1.54
      vertex -15.8082 27.3334 2.4
      vertex -15.8082 27.3334 1.54
    endloop
  endfacet
  facet normal -0.989168 0.146788 0
    outer loop
      vertex -15.8082 27.3334 2.4
      vertex -15.8327 27.1683 1.54
      vertex -15.8327 27.1683 2.4
    endloop
  endfacet
  facet normal -0.970072 0.242818 0
    outer loop
      vertex -15.8732 27.0065 1.54
      vertex -15.8327 27.1683 2.4
      vertex -15.8327 27.1683 1.54
    endloop
  endfacet
  facet normal -0.970072 0.242818 0
    outer loop
      vertex -15.8327 27.1683 2.4
      vertex -15.8732 27.0065 1.54
      vertex -15.8732 27.0065 2.4
    endloop
  endfacet
  facet normal -0.514231 0.857652 0
    outer loop
      vertex -16.5555 26.0865 1.54
      vertex -16.6986 26.0007 2.4
      vertex -16.5555 26.0865 2.4
    endloop
  endfacet
  facet normal -0.514231 0.857652 0
    outer loop
      vertex -16.6986 26.0007 2.4
      vertex -16.5555 26.0865 1.54
      vertex -16.6986 26.0007 1.54
    endloop
  endfacet
  facet normal -0.671478 0.741024 0
    outer loop
      vertex -16.2979 26.2979 1.54
      vertex -16.4215 26.1859 2.4
      vertex -16.2979 26.2979 2.4
    endloop
  endfacet
  facet normal -0.671478 0.741024 0
    outer loop
      vertex -16.4215 26.1859 2.4
      vertex -16.2979 26.2979 1.54
      vertex -16.4215 26.1859 1.54
    endloop
  endfacet
  facet normal -0.904043 0.427442 0
    outer loop
      vertex -16.0007 26.6986 1.54
      vertex -15.9294 26.8494 2.4
      vertex -15.9294 26.8494 1.54
    endloop
  endfacet
  facet normal -0.904043 0.427442 0
    outer loop
      vertex -15.9294 26.8494 2.4
      vertex -16.0007 26.6986 1.54
      vertex -16.0007 26.6986 2.4
    endloop
  endfacet
  facet normal -0.803154 0.595772 0
    outer loop
      vertex -16.1859 26.4215 1.54
      vertex -16.0865 26.5555 2.4
      vertex -16.0865 26.5555 1.54
    endloop
  endfacet
  facet normal -0.803154 0.595772 0
    outer loop
      vertex -16.0865 26.5555 2.4
      vertex -16.1859 26.4215 1.54
      vertex -16.1859 26.4215 2.4
    endloop
  endfacet
  facet normal 0.671478 0.741024 -0
    outer loop
      vertex -18.5785 26.1859 1.54
      vertex -18.7021 26.2979 2.4
      vertex -18.5785 26.1859 2.4
    endloop
  endfacet
  facet normal 0.671478 0.741024 0
    outer loop
      vertex -18.7021 26.2979 2.4
      vertex -18.5785 26.1859 1.54
      vertex -18.7021 26.2979 1.54
    endloop
  endfacet
  facet normal 0.941566 0.33683 0
    outer loop
      vertex -19.0706 26.8494 2.4
      vertex -19.1268 27.0065 1.54
      vertex -19.1268 27.0065 2.4
    endloop
  endfacet
  facet normal 0.941566 0.33683 0
    outer loop
      vertex -19.1268 27.0065 1.54
      vertex -19.0706 26.8494 2.4
      vertex -19.0706 26.8494 1.54
    endloop
  endfacet
  facet normal 0.989168 0.146788 0
    outer loop
      vertex -19.1673 27.1683 2.4
      vertex -19.1918 27.3334 1.54
      vertex -19.1918 27.3334 2.4
    endloop
  endfacet
  facet normal 0.989168 0.146788 0
    outer loop
      vertex -19.1918 27.3334 1.54
      vertex -19.1673 27.1683 2.4
      vertex -19.1673 27.1683 1.54
    endloop
  endfacet
  facet normal -0.427442 0.904043 0
    outer loop
      vertex -16.6986 26.0007 1.54
      vertex -16.8494 25.9294 2.4
      vertex -16.6986 26.0007 2.4
    endloop
  endfacet
  facet normal -0.427442 0.904043 0
    outer loop
      vertex -16.8494 25.9294 2.4
      vertex -16.6986 26.0007 1.54
      vertex -16.8494 25.9294 1.54
    endloop
  endfacet
  facet normal -0.941566 0.33683 0
    outer loop
      vertex -15.9294 26.8494 1.54
      vertex -15.8732 27.0065 2.4
      vertex -15.8732 27.0065 1.54
    endloop
  endfacet
  facet normal -0.941566 0.33683 0
    outer loop
      vertex -15.8732 27.0065 2.4
      vertex -15.9294 26.8494 1.54
      vertex -15.9294 26.8494 2.4
    endloop
  endfacet
  facet normal 0.0491602 0.998791 -0
    outer loop
      vertex -17.5 25.8 1.54
      vertex -17.6666 25.8082 2.4
      vertex -17.5 25.8 2.4
    endloop
  endfacet
  facet normal 0.0491602 0.998791 0
    outer loop
      vertex -17.6666 25.8082 2.4
      vertex -17.5 25.8 1.54
      vertex -17.6666 25.8082 1.54
    endloop
  endfacet
  facet normal 0.146788 0.989168 -0
    outer loop
      vertex -17.6666 25.8082 1.54
      vertex -17.8317 25.8327 2.4
      vertex -17.6666 25.8082 2.4
    endloop
  endfacet
  facet normal 0.146788 0.989168 0
    outer loop
      vertex -17.8317 25.8327 2.4
      vertex -17.6666 25.8082 1.54
      vertex -17.8317 25.8327 1.54
    endloop
  endfacet
  facet normal 0.803154 0.595772 0
    outer loop
      vertex -18.8141 26.4215 2.4
      vertex -18.9135 26.5555 1.54
      vertex -18.9135 26.5555 2.4
    endloop
  endfacet
  facet normal 0.803154 0.595772 0
    outer loop
      vertex -18.9135 26.5555 1.54
      vertex -18.8141 26.4215 2.4
      vertex -18.8141 26.4215 1.54
    endloop
  endfacet
  facet normal 0.904043 0.427442 0
    outer loop
      vertex -18.9993 26.6986 2.4
      vertex -19.0706 26.8494 1.54
      vertex -19.0706 26.8494 2.4
    endloop
  endfacet
  facet normal 0.904043 0.427442 0
    outer loop
      vertex -19.0706 26.8494 1.54
      vertex -18.9993 26.6986 2.4
      vertex -18.9993 26.6986 1.54
    endloop
  endfacet
  facet normal 0.970072 0.242818 0
    outer loop
      vertex -19.1268 27.0065 2.4
      vertex -19.1673 27.1683 1.54
      vertex -19.1673 27.1683 2.4
    endloop
  endfacet
  facet normal 0.970072 0.242818 0
    outer loop
      vertex -19.1673 27.1683 1.54
      vertex -19.1268 27.0065 2.4
      vertex -19.1268 27.0065 1.54
    endloop
  endfacet
  facet normal -0.595772 0.803154 0
    outer loop
      vertex -16.4215 26.1859 1.54
      vertex -16.5555 26.0865 2.4
      vertex -16.4215 26.1859 2.4
    endloop
  endfacet
  facet normal -0.595772 0.803154 0
    outer loop
      vertex -16.5555 26.0865 2.4
      vertex -16.4215 26.1859 1.54
      vertex -16.5555 26.0865 1.54
    endloop
  endfacet
  facet normal 0.427442 0.904043 -0
    outer loop
      vertex -18.1506 25.9294 1.54
      vertex -18.3014 26.0007 2.4
      vertex -18.1506 25.9294 2.4
    endloop
  endfacet
  facet normal 0.427442 0.904043 0
    outer loop
      vertex -18.3014 26.0007 2.4
      vertex -18.1506 25.9294 1.54
      vertex -18.3014 26.0007 1.54
    endloop
  endfacet
  facet normal 0.242818 0.970072 -0
    outer loop
      vertex -17.8317 25.8327 1.54
      vertex -17.9935 25.8732 2.4
      vertex -17.8317 25.8327 2.4
    endloop
  endfacet
  facet normal 0.242818 0.970072 0
    outer loop
      vertex -17.9935 25.8732 2.4
      vertex -17.8317 25.8327 1.54
      vertex -17.9935 25.8732 1.54
    endloop
  endfacet
  facet normal -0.33683 0.941566 0
    outer loop
      vertex -16.8494 25.9294 1.54
      vertex -17.0065 25.8732 2.4
      vertex -16.8494 25.9294 2.4
    endloop
  endfacet
  facet normal -0.33683 0.941566 0
    outer loop
      vertex -17.0065 25.8732 2.4
      vertex -16.8494 25.9294 1.54
      vertex -17.0065 25.8732 1.54
    endloop
  endfacet
  facet normal -0.242818 0.970072 0
    outer loop
      vertex -17.0065 25.8732 1.54
      vertex -17.1683 25.8327 2.4
      vertex -17.0065 25.8732 2.4
    endloop
  endfacet
  facet normal -0.242818 0.970072 0
    outer loop
      vertex -17.1683 25.8327 2.4
      vertex -17.0065 25.8732 1.54
      vertex -17.1683 25.8327 1.54
    endloop
  endfacet
  facet normal 0.33683 0.941566 -0
    outer loop
      vertex -17.9935 25.8732 1.54
      vertex -18.1506 25.9294 2.4
      vertex -17.9935 25.8732 2.4
    endloop
  endfacet
  facet normal 0.33683 0.941566 0
    outer loop
      vertex -18.1506 25.9294 2.4
      vertex -17.9935 25.8732 1.54
      vertex -18.1506 25.9294 1.54
    endloop
  endfacet
  facet normal 0.514231 0.857652 -0
    outer loop
      vertex -18.3014 26.0007 1.54
      vertex -18.4445 26.0865 2.4
      vertex -18.3014 26.0007 2.4
    endloop
  endfacet
  facet normal 0.514231 0.857652 0
    outer loop
      vertex -18.4445 26.0865 2.4
      vertex -18.3014 26.0007 1.54
      vertex -18.4445 26.0865 1.54
    endloop
  endfacet
  facet normal -0.706683 -0.0346085 -0.706683
    outer loop
      vertex -14.2755 27.8165 0
      vertex -14.26 27.5 0
      vertex -15.8 27.5 1.54
    endloop
  endfacet
  facet normal -0.699879 -0.10381 -0.706677
    outer loop
      vertex -14.3223 28.1321 0
      vertex -14.2758 27.8186 0
      vertex -15.8327 27.8317 1.54
    endloop
  endfacet
  facet normal -0.171918 0.686333 -0.706676
    outer loop
      vertex -16.5605 24.3993 0
      vertex -16.8679 24.3223 0
      vertex -17.1683 25.8327 1.54
    endloop
  endfacet
  facet normal -0.466159 -0.532753 -0.706308
    outer loop
      vertex -16.2979 28.7021 1.54
      vertex -15.2098 29.7917 0
      vertex -15.209 29.791 0
    endloop
  endfacet
  facet normal -0.475107 -0.524314 -0.70666
    outer loop
      vertex -15.2098 29.7917 0
      vertex -16.2979 28.7021 1.54
      vertex -16.4215 28.8141 1.54
    endloop
  endfacet
  facet normal -0.421535 -0.568267 -0.706669
    outer loop
      vertex -16.5555 28.9135 1.54
      vertex -15.6991 30.1933 0
      vertex -16.4215 28.8141 1.54
    endloop
  endfacet
  facet normal -0.434687 -0.558883 -0.706185
    outer loop
      vertex -15.6991 30.1933 0
      vertex -16.5555 28.9135 1.54
      vertex -15.7 30.194 0
    endloop
  endfacet
  facet normal 0.10381 -0.699879 -0.706677
    outer loop
      vertex -17.8186 30.7242 0
      vertex -17.8317 29.1673 1.54
      vertex -18.1321 30.6777 0
    endloop
  endfacet
  facet normal 0.568349 -0.421404 -0.706681
    outer loop
      vertex -20.0046 29.5554 0
      vertex -18.8141 28.5785 1.54
      vertex -20.1933 29.3009 0
    endloop
  endfacet
  facet normal 0.524314 -0.475107 -0.70666
    outer loop
      vertex -19.7917 29.7902 0
      vertex -18.7021 28.7021 1.54
      vertex -18.8141 28.5785 1.54
    endloop
  endfacet
  facet normal 0.532753 -0.466159 -0.706308
    outer loop
      vertex -18.7021 28.7021 1.54
      vertex -19.7917 29.7902 0
      vertex -19.791 29.791 0
    endloop
  endfacet
  facet normal 0.706683 -0.0346085 -0.706683
    outer loop
      vertex -20.7245 27.8165 0
      vertex -19.2 27.5 1.54
      vertex -20.74 27.5 0
    endloop
  endfacet
  facet normal 0.666223 0.238224 -0.70668
    outer loop
      vertex -19.0706 26.8494 1.54
      vertex -20.4934 26.2601 0
      vertex -20.6001 26.5585 0
    endloop
  endfacet
  facet normal -0.666223 -0.238224 -0.70668
    outer loop
      vertex -14.5066 28.7399 0
      vertex -14.3999 28.4415 0
      vertex -15.9294 28.1506 1.54
    endloop
  endfacet
  facet normal -0.238224 -0.666223 -0.70668
    outer loop
      vertex -16.5585 30.6001 0
      vertex -16.2601 30.4934 0
      vertex -16.8494 29.0706 1.54
    endloop
  endfacet
  facet normal -0.0346085 -0.706683 -0.706683
    outer loop
      vertex -17.5 30.74 0
      vertex -17.1835 30.7245 0
      vertex -17.5 29.2 1.54
    endloop
  endfacet
  facet normal 0.639641 -0.30243 -0.706679
    outer loop
      vertex -19.0706 28.1506 1.54
      vertex -20.4929 28.7409 0
      vertex -18.9993 28.3014 1.54
    endloop
  endfacet
  facet normal 0.63325 -0.316625 -0.706218
    outer loop
      vertex -20.4929 28.7409 0
      vertex -19.0706 28.1506 1.54
      vertex -20.4934 28.7399 0
    endloop
  endfacet
  facet normal 0.475107 0.524314 -0.70666
    outer loop
      vertex -19.7902 25.2083 0
      vertex -18.7021 26.2979 1.54
      vertex -18.5785 26.1859 1.54
    endloop
  endfacet
  facet normal 0.466159 0.532753 -0.706308
    outer loop
      vertex -18.7021 26.2979 1.54
      vertex -19.7902 25.2083 0
      vertex -19.791 25.209 0
    endloop
  endfacet
  facet normal -0.52415 0.475262 -0.706678
    outer loop
      vertex -14.9954 25.4446 0
      vertex -15.2083 25.2098 0
      vertex -16.1859 26.4215 1.54
    endloop
  endfacet
  facet normal -0.666223 0.238224 -0.70668
    outer loop
      vertex -14.3999 26.5585 0
      vertex -14.5066 26.2601 0
      vertex -15.9294 26.8494 1.54
    endloop
  endfacet
  facet normal -0.639579 -0.302594 -0.706665
    outer loop
      vertex -14.6426 29.0273 0
      vertex -14.5071 28.7409 0
      vertex -16.0007 28.3014 1.54
    endloop
  endfacet
  facet normal -0.686333 -0.171918 -0.706676
    outer loop
      vertex -14.3993 28.4395 0
      vertex -14.3223 28.1321 0
      vertex -15.8327 27.8317 1.54
    endloop
  endfacet
  facet normal -0.657747 -0.263099 -0.705796
    outer loop
      vertex -15.8732 27.9935 1.54
      vertex -14.3999 28.4415 0
      vertex -14.3995 28.4405 0
    endloop
  endfacet
  facet normal -0.666196 -0.238321 -0.706672
    outer loop
      vertex -14.3999 28.4415 0
      vertex -15.8732 27.9935 1.54
      vertex -15.9294 28.1506 1.54
    endloop
  endfacet
  facet normal -0.657747 0.263099 -0.705796
    outer loop
      vertex -14.3999 26.5585 0
      vertex -15.8732 27.0065 1.54
      vertex -14.3995 26.5595 0
    endloop
  endfacet
  facet normal -0.666196 0.238321 -0.706672
    outer loop
      vertex -15.8732 27.0065 1.54
      vertex -14.3999 26.5585 0
      vertex -15.9294 26.8494 1.54
    endloop
  endfacet
  facet normal -0.706683 0.0346085 -0.706683
    outer loop
      vertex -14.26 27.5 0
      vertex -14.2755 27.1835 0
      vertex -15.8 27.5 1.54
    endloop
  endfacet
  facet normal -0.558883 -0.434687 -0.706185
    outer loop
      vertex -16.0865 28.4445 1.54
      vertex -14.8067 29.3009 0
      vertex -14.806 29.3 0
    endloop
  endfacet
  facet normal -0.568267 -0.421535 -0.706669
    outer loop
      vertex -14.8067 29.3009 0
      vertex -16.0865 28.4445 1.54
      vertex -16.1859 28.5785 1.54
    endloop
  endfacet
  facet normal -0.238321 -0.666196 -0.706672
    outer loop
      vertex -17.0065 29.1268 1.54
      vertex -16.5585 30.6001 0
      vertex -16.8494 29.0706 1.54
    endloop
  endfacet
  facet normal -0.263099 -0.657747 -0.705796
    outer loop
      vertex -16.5585 30.6001 0
      vertex -17.0065 29.1268 1.54
      vertex -16.5595 30.6005 0
    endloop
  endfacet
  facet normal -0.171918 -0.686333 -0.706676
    outer loop
      vertex -16.8679 30.6777 0
      vertex -16.5605 30.6007 0
      vertex -17.1683 29.1673 1.54
    endloop
  endfacet
  facet normal 0.171918 -0.686333 -0.706676
    outer loop
      vertex -18.1321 30.6777 0
      vertex -17.8317 29.1673 1.54
      vertex -18.4395 30.6007 0
    endloop
  endfacet
  facet normal -0.0640189 -0.704208 -0.707101
    outer loop
      vertex -17.3334 29.1918 1.54
      vertex -17.1835 30.7245 0
      vertex -17.1824 30.7244 0
    endloop
  endfacet
  facet normal -0.0347816 -0.706661 -0.706697
    outer loop
      vertex -17.1835 30.7245 0
      vertex -17.3334 29.1918 1.54
      vertex -17.5 29.2 1.54
    endloop
  endfacet
  facet normal -0.10381 -0.699879 -0.706677
    outer loop
      vertex -16.8679 30.6777 0
      vertex -17.1683 29.1673 1.54
      vertex -17.1814 30.7242 0
    endloop
  endfacet
  facet normal 0.52415 -0.475262 -0.706678
    outer loop
      vertex -19.7917 29.7902 0
      vertex -18.8141 28.5785 1.54
      vertex -20.0046 29.5554 0
    endloop
  endfacet
  facet normal 0.606823 -0.363839 -0.706673
    outer loop
      vertex -20.1945 29.2991 0
      vertex -18.9135 28.4445 1.54
      vertex -18.9993 28.3014 1.54
    endloop
  endfacet
  facet normal 0.619162 -0.343979 -0.705916
    outer loop
      vertex -18.9135 28.4445 1.54
      vertex -20.1945 29.2991 0
      vertex -20.194 29.3 0
    endloop
  endfacet
  facet normal 0.686371 -0.171805 -0.706667
    outer loop
      vertex -20.6007 28.4395 0
      vertex -19.1268 27.9935 1.54
      vertex -19.1673 27.8317 1.54
    endloop
  endfacet
  facet normal 0.69501 -0.139002 -0.705435
    outer loop
      vertex -19.1268 27.9935 1.54
      vertex -20.6007 28.4395 0
      vertex -20.6005 28.4405 0
    endloop
  endfacet
  facet normal 0.686333 -0.171918 -0.706676
    outer loop
      vertex -20.6007 28.4395 0
      vertex -19.1673 27.8317 1.54
      vertex -20.6777 28.1321 0
    endloop
  endfacet
  facet normal -0.0346085 0.706683 -0.706683
    outer loop
      vertex -17.5 25.8 1.54
      vertex -17.1835 24.2755 0
      vertex -17.5 24.26 0
    endloop
  endfacet
  facet normal 0.475262 0.52415 -0.706678
    outer loop
      vertex -18.5785 26.1859 1.54
      vertex -19.5554 24.9954 0
      vertex -19.7902 25.2083 0
    endloop
  endfacet
  facet normal 0.421404 0.568349 -0.706681
    outer loop
      vertex -18.5785 26.1859 1.54
      vertex -19.3009 24.8067 0
      vertex -19.5554 24.9954 0
    endloop
  endfacet
  facet normal 0.639641 0.30243 -0.706679
    outer loop
      vertex -20.4929 26.2591 0
      vertex -19.0706 26.8494 1.54
      vertex -18.9993 26.6986 1.54
    endloop
  endfacet
  facet normal 0.63325 0.316625 -0.706218
    outer loop
      vertex -19.0706 26.8494 1.54
      vertex -20.4929 26.2591 0
      vertex -20.4934 26.2601 0
    endloop
  endfacet
  facet normal -0.363736 0.606896 -0.706663
    outer loop
      vertex -15.7009 24.8055 0
      vertex -15.9727 24.6426 0
      vertex -16.6986 26.0007 1.54
    endloop
  endfacet
  facet normal -0.10381 0.699879 -0.706677
    outer loop
      vertex -17.1683 25.8327 1.54
      vertex -16.8679 24.3223 0
      vertex -17.1814 24.2758 0
    endloop
  endfacet
  facet normal -0.606896 -0.363736 -0.706663
    outer loop
      vertex -14.8055 29.2991 0
      vertex -14.6426 29.0273 0
      vertex -16.0007 28.3014 1.54
    endloop
  endfacet
  facet normal -0.606823 -0.363839 -0.706673
    outer loop
      vertex -16.0865 28.4445 1.54
      vertex -14.8055 29.2991 0
      vertex -16.0007 28.3014 1.54
    endloop
  endfacet
  facet normal -0.619162 -0.343979 -0.705916
    outer loop
      vertex -14.8055 29.2991 0
      vertex -16.0865 28.4445 1.54
      vertex -14.806 29.3 0
    endloop
  endfacet
  facet normal -0.695077 -0.139015 -0.705367
    outer loop
      vertex -15.8082 27.6666 1.54
      vertex -14.2758 27.8186 0
      vertex -14.2756 27.8176 0
    endloop
  endfacet
  facet normal -0.699876 -0.103858 -0.706673
    outer loop
      vertex -14.2758 27.8186 0
      vertex -15.8082 27.6666 1.54
      vertex -15.8327 27.8317 1.54
    endloop
  endfacet
  facet normal -0.69501 0.139002 -0.705435
    outer loop
      vertex -15.8732 27.0065 1.54
      vertex -14.3993 26.5605 0
      vertex -14.3995 26.5595 0
    endloop
  endfacet
  facet normal -0.686371 0.171805 -0.706667
    outer loop
      vertex -14.3993 26.5605 0
      vertex -15.8732 27.0065 1.54
      vertex -15.8327 27.1683 1.54
    endloop
  endfacet
  facet normal -0.686333 0.171918 -0.706676
    outer loop
      vertex -14.3223 26.8679 0
      vertex -14.3993 26.5605 0
      vertex -15.8327 27.1683 1.54
    endloop
  endfacet
  facet normal -0.568349 -0.421404 -0.706681
    outer loop
      vertex -14.9954 29.5554 0
      vertex -14.8067 29.3009 0
      vertex -16.1859 28.5785 1.54
    endloop
  endfacet
  facet normal -0.52415 -0.475262 -0.706678
    outer loop
      vertex -15.2083 29.7902 0
      vertex -14.9954 29.5554 0
      vertex -16.1859 28.5785 1.54
    endloop
  endfacet
  facet normal -0.363736 -0.606896 -0.706663
    outer loop
      vertex -15.9727 30.3574 0
      vertex -15.7009 30.1945 0
      vertex -16.6986 28.9993 1.54
    endloop
  endfacet
  facet normal -0.343979 -0.619162 -0.705916
    outer loop
      vertex -16.5555 28.9135 1.54
      vertex -15.7009 30.1945 0
      vertex -15.7 30.194 0
    endloop
  endfacet
  facet normal -0.363839 -0.606823 -0.706673
    outer loop
      vertex -15.7009 30.1945 0
      vertex -16.5555 28.9135 1.54
      vertex -16.6986 28.9993 1.54
    endloop
  endfacet
  facet normal -0.421404 -0.568349 -0.706681
    outer loop
      vertex -15.6991 30.1933 0
      vertex -15.4446 30.0046 0
      vertex -16.4215 28.8141 1.54
    endloop
  endfacet
  facet normal -0.475262 -0.52415 -0.706678
    outer loop
      vertex -15.4446 30.0046 0
      vertex -15.2098 29.7917 0
      vertex -16.4215 28.8141 1.54
    endloop
  endfacet
  facet normal -0.103858 -0.699876 -0.706673
    outer loop
      vertex -17.3334 29.1918 1.54
      vertex -17.1814 30.7242 0
      vertex -17.1683 29.1673 1.54
    endloop
  endfacet
  facet normal -0.139015 -0.695077 -0.705367
    outer loop
      vertex -17.1814 30.7242 0
      vertex -17.3334 29.1918 1.54
      vertex -17.1824 30.7244 0
    endloop
  endfacet
  facet normal 0.421404 -0.568349 -0.706681
    outer loop
      vertex -19.3009 30.1933 0
      vertex -18.5785 28.8141 1.54
      vertex -19.5554 30.0046 0
    endloop
  endfacet
  facet normal 0.238224 -0.666223 -0.70668
    outer loop
      vertex -18.4415 30.6001 0
      vertex -18.1506 29.0706 1.54
      vertex -18.7399 30.4934 0
    endloop
  endfacet
  facet normal 0.0346085 -0.706683 -0.706683
    outer loop
      vertex -17.5 30.74 0
      vertex -17.5 29.2 1.54
      vertex -17.8165 30.7245 0
    endloop
  endfacet
  facet normal 0.568267 -0.421535 -0.706669
    outer loop
      vertex -18.9135 28.4445 1.54
      vertex -20.1933 29.3009 0
      vertex -18.8141 28.5785 1.54
    endloop
  endfacet
  facet normal 0.558883 -0.434687 -0.706185
    outer loop
      vertex -20.1933 29.3009 0
      vertex -18.9135 28.4445 1.54
      vertex -20.194 29.3 0
    endloop
  endfacet
  facet normal 0.606896 -0.363736 -0.706663
    outer loop
      vertex -20.1945 29.2991 0
      vertex -18.9993 28.3014 1.54
      vertex -20.3574 29.0273 0
    endloop
  endfacet
  facet normal 0.639579 -0.302594 -0.706665
    outer loop
      vertex -20.3574 29.0273 0
      vertex -18.9993 28.3014 1.54
      vertex -20.4929 28.7409 0
    endloop
  endfacet
  facet normal 0.666196 -0.238321 -0.706672
    outer loop
      vertex -19.1268 27.9935 1.54
      vertex -20.6001 28.4415 0
      vertex -19.0706 28.1506 1.54
    endloop
  endfacet
  facet normal 0.657747 -0.263099 -0.705796
    outer loop
      vertex -20.6001 28.4415 0
      vertex -19.1268 27.9935 1.54
      vertex -20.6005 28.4405 0
    endloop
  endfacet
  facet normal 0.666223 -0.238224 -0.70668
    outer loop
      vertex -20.4934 28.7399 0
      vertex -19.0706 28.1506 1.54
      vertex -20.6001 28.4415 0
    endloop
  endfacet
  facet normal 0.699879 -0.10381 -0.706677
    outer loop
      vertex -20.6777 28.1321 0
      vertex -19.1673 27.8317 1.54
      vertex -20.7242 27.8186 0
    endloop
  endfacet
  facet normal 0.302594 0.639579 -0.706665
    outer loop
      vertex -18.3014 26.0007 1.54
      vertex -18.7409 24.5071 0
      vertex -19.0273 24.6426 0
    endloop
  endfacet
  facet normal 0.171918 0.686333 -0.706676
    outer loop
      vertex -17.8317 25.8327 1.54
      vertex -18.1321 24.3223 0
      vertex -18.4395 24.3993 0
    endloop
  endfacet
  facet normal 0.568349 0.421404 -0.706681
    outer loop
      vertex -18.8141 26.4215 1.54
      vertex -20.0046 25.4446 0
      vertex -20.1933 25.6991 0
    endloop
  endfacet
  facet normal 0.686333 0.171918 -0.706676
    outer loop
      vertex -19.1673 27.1683 1.54
      vertex -20.6007 26.5605 0
      vertex -20.6777 26.8679 0
    endloop
  endfacet
  facet normal -0.316625 0.63325 -0.706218
    outer loop
      vertex -16.8494 25.9294 1.54
      vertex -16.2591 24.5071 0
      vertex -16.2601 24.5066 0
    endloop
  endfacet
  facet normal -0.30243 0.639641 -0.706679
    outer loop
      vertex -16.2591 24.5071 0
      vertex -16.8494 25.9294 1.54
      vertex -16.6986 26.0007 1.54
    endloop
  endfacet
  facet normal -0.475262 0.52415 -0.706678
    outer loop
      vertex -15.2098 25.2083 0
      vertex -15.4446 24.9954 0
      vertex -16.4215 26.1859 1.54
    endloop
  endfacet
  facet normal -0.302594 0.639579 -0.706665
    outer loop
      vertex -15.9727 24.6426 0
      vertex -16.2591 24.5071 0
      vertex -16.6986 26.0007 1.54
    endloop
  endfacet
  facet normal -0.238224 0.666223 -0.70668
    outer loop
      vertex -16.2601 24.5066 0
      vertex -16.5585 24.3999 0
      vertex -16.8494 25.9294 1.54
    endloop
  endfacet
  facet normal -0.0640189 0.704208 -0.707101
    outer loop
      vertex -17.1835 24.2755 0
      vertex -17.3334 25.8082 1.54
      vertex -17.1824 24.2756 0
    endloop
  endfacet
  facet normal -0.0347816 0.706661 -0.706697
    outer loop
      vertex -17.3334 25.8082 1.54
      vertex -17.1835 24.2755 0
      vertex -17.5 25.8 1.54
    endloop
  endfacet
  facet normal -0.619162 0.343979 -0.705916
    outer loop
      vertex -16.0865 26.5555 1.54
      vertex -14.8055 25.7009 0
      vertex -14.806 25.7 0
    endloop
  endfacet
  facet normal -0.606823 0.363839 -0.706673
    outer loop
      vertex -14.8055 25.7009 0
      vertex -16.0865 26.5555 1.54
      vertex -16.0007 26.6986 1.54
    endloop
  endfacet
  facet normal -0.568349 0.421404 -0.706681
    outer loop
      vertex -14.8067 25.6991 0
      vertex -14.9954 25.4446 0
      vertex -16.1859 26.4215 1.54
    endloop
  endfacet
  facet normal -0.558883 0.434687 -0.706185
    outer loop
      vertex -14.8067 25.6991 0
      vertex -16.0865 26.5555 1.54
      vertex -14.806 25.7 0
    endloop
  endfacet
  facet normal -0.568267 0.421535 -0.706669
    outer loop
      vertex -16.0865 26.5555 1.54
      vertex -14.8067 25.6991 0
      vertex -16.1859 26.4215 1.54
    endloop
  endfacet
  facet normal -0.63325 -0.316625 -0.706218
    outer loop
      vertex -15.9294 28.1506 1.54
      vertex -14.5071 28.7409 0
      vertex -14.5066 28.7399 0
    endloop
  endfacet
  facet normal -0.639641 -0.30243 -0.706679
    outer loop
      vertex -14.5071 28.7409 0
      vertex -15.9294 28.1506 1.54
      vertex -16.0007 28.3014 1.54
    endloop
  endfacet
  facet normal -0.686371 -0.171805 -0.706667
    outer loop
      vertex -15.8732 27.9935 1.54
      vertex -14.3993 28.4395 0
      vertex -15.8327 27.8317 1.54
    endloop
  endfacet
  facet normal -0.69501 -0.139002 -0.705435
    outer loop
      vertex -14.3993 28.4395 0
      vertex -15.8732 27.9935 1.54
      vertex -14.3995 28.4405 0
    endloop
  endfacet
  facet normal -0.706661 -0.0347816 -0.706697
    outer loop
      vertex -15.8082 27.6666 1.54
      vertex -14.2755 27.8165 0
      vertex -15.8 27.5 1.54
    endloop
  endfacet
  facet normal -0.704208 -0.0640189 -0.707101
    outer loop
      vertex -14.2755 27.8165 0
      vertex -15.8082 27.6666 1.54
      vertex -14.2756 27.8176 0
    endloop
  endfacet
  facet normal -0.606896 0.363736 -0.706663
    outer loop
      vertex -14.6426 25.9727 0
      vertex -14.8055 25.7009 0
      vertex -16.0007 26.6986 1.54
    endloop
  endfacet
  facet normal -0.639579 0.302594 -0.706665
    outer loop
      vertex -14.5071 26.2591 0
      vertex -14.6426 25.9727 0
      vertex -16.0007 26.6986 1.54
    endloop
  endfacet
  facet normal -0.699879 0.10381 -0.706677
    outer loop
      vertex -14.2758 27.1814 0
      vertex -14.3223 26.8679 0
      vertex -15.8327 27.1683 1.54
    endloop
  endfacet
  facet normal -0.524314 -0.475107 -0.70666
    outer loop
      vertex -16.2979 28.7021 1.54
      vertex -15.2083 29.7902 0
      vertex -16.1859 28.5785 1.54
    endloop
  endfacet
  facet normal -0.532753 -0.466159 -0.706308
    outer loop
      vertex -15.2083 29.7902 0
      vertex -16.2979 28.7021 1.54
      vertex -15.209 29.791 0
    endloop
  endfacet
  facet normal -0.302594 -0.639579 -0.706665
    outer loop
      vertex -16.2591 30.4929 0
      vertex -15.9727 30.3574 0
      vertex -16.6986 28.9993 1.54
    endloop
  endfacet
  facet normal -0.30243 -0.639641 -0.706679
    outer loop
      vertex -16.8494 29.0706 1.54
      vertex -16.2591 30.4929 0
      vertex -16.6986 28.9993 1.54
    endloop
  endfacet
  facet normal -0.316625 -0.63325 -0.706218
    outer loop
      vertex -16.2591 30.4929 0
      vertex -16.8494 29.0706 1.54
      vertex -16.2601 30.4934 0
    endloop
  endfacet
  facet normal -0.139002 -0.69501 -0.705435
    outer loop
      vertex -17.0065 29.1268 1.54
      vertex -16.5605 30.6007 0
      vertex -16.5595 30.6005 0
    endloop
  endfacet
  facet normal -0.171805 -0.686371 -0.706667
    outer loop
      vertex -16.5605 30.6007 0
      vertex -17.0065 29.1268 1.54
      vertex -17.1683 29.1673 1.54
    endloop
  endfacet
  facet normal 0.363736 -0.606896 -0.706663
    outer loop
      vertex -19.0273 30.3574 0
      vertex -18.3014 28.9993 1.54
      vertex -19.2991 30.1945 0
    endloop
  endfacet
  facet normal 0.302594 -0.639579 -0.706665
    outer loop
      vertex -18.7409 30.4929 0
      vertex -18.3014 28.9993 1.54
      vertex -19.0273 30.3574 0
    endloop
  endfacet
  facet normal 0.475262 -0.52415 -0.706678
    outer loop
      vertex -19.5554 30.0046 0
      vertex -18.5785 28.8141 1.54
      vertex -19.7902 29.7917 0
    endloop
  endfacet
  facet normal 0.475107 -0.524314 -0.70666
    outer loop
      vertex -18.7021 28.7021 1.54
      vertex -19.7902 29.7917 0
      vertex -18.5785 28.8141 1.54
    endloop
  endfacet
  facet normal 0.466159 -0.532753 -0.706308
    outer loop
      vertex -19.7902 29.7917 0
      vertex -18.7021 28.7021 1.54
      vertex -19.791 29.791 0
    endloop
  endfacet
  facet normal 0.30243 -0.639641 -0.706679
    outer loop
      vertex -18.7409 30.4929 0
      vertex -18.1506 29.0706 1.54
      vertex -18.3014 28.9993 1.54
    endloop
  endfacet
  facet normal 0.316625 -0.63325 -0.706218
    outer loop
      vertex -18.1506 29.0706 1.54
      vertex -18.7409 30.4929 0
      vertex -18.7399 30.4934 0
    endloop
  endfacet
  facet normal 0.0347816 -0.706661 -0.706697
    outer loop
      vertex -17.6666 29.1918 1.54
      vertex -17.8165 30.7245 0
      vertex -17.5 29.2 1.54
    endloop
  endfacet
  facet normal 0.0640189 -0.704208 -0.707101
    outer loop
      vertex -17.8165 30.7245 0
      vertex -17.6666 29.1918 1.54
      vertex -17.8176 30.7244 0
    endloop
  endfacet
  facet normal 0.139015 -0.695077 -0.705367
    outer loop
      vertex -17.6666 29.1918 1.54
      vertex -17.8186 30.7242 0
      vertex -17.8176 30.7244 0
    endloop
  endfacet
  facet normal 0.103858 -0.699876 -0.706673
    outer loop
      vertex -17.8186 30.7242 0
      vertex -17.6666 29.1918 1.54
      vertex -17.8317 29.1673 1.54
    endloop
  endfacet
  facet normal 0.699876 -0.103858 -0.706673
    outer loop
      vertex -19.1918 27.6666 1.54
      vertex -20.7242 27.8186 0
      vertex -19.1673 27.8317 1.54
    endloop
  endfacet
  facet normal 0.695077 -0.139015 -0.705367
    outer loop
      vertex -20.7242 27.8186 0
      vertex -19.1918 27.6666 1.54
      vertex -20.7244 27.8176 0
    endloop
  endfacet
  facet normal 0.704208 -0.0640189 -0.707101
    outer loop
      vertex -19.1918 27.6666 1.54
      vertex -20.7245 27.8165 0
      vertex -20.7244 27.8176 0
    endloop
  endfacet
  facet normal 0.706661 -0.0347816 -0.706697
    outer loop
      vertex -20.7245 27.8165 0
      vertex -19.1918 27.6666 1.54
      vertex -19.2 27.5 1.54
    endloop
  endfacet
  facet normal 0.10381 0.699879 -0.706677
    outer loop
      vertex -17.8317 25.8327 1.54
      vertex -17.8186 24.2758 0
      vertex -18.1321 24.3223 0
    endloop
  endfacet
  facet normal 0.171805 0.686371 -0.706667
    outer loop
      vertex -18.4395 24.3993 0
      vertex -17.9935 25.8732 1.54
      vertex -17.8317 25.8327 1.54
    endloop
  endfacet
  facet normal 0.139002 0.69501 -0.705435
    outer loop
      vertex -17.9935 25.8732 1.54
      vertex -18.4395 24.3993 0
      vertex -18.4405 24.3995 0
    endloop
  endfacet
  facet normal 0.434687 0.558883 -0.706185
    outer loop
      vertex -19.3009 24.8067 0
      vertex -18.4445 26.0865 1.54
      vertex -19.3 24.806 0
    endloop
  endfacet
  facet normal 0.421535 0.568267 -0.706669
    outer loop
      vertex -18.4445 26.0865 1.54
      vertex -19.3009 24.8067 0
      vertex -18.5785 26.1859 1.54
    endloop
  endfacet
  facet normal 0.363736 0.606896 -0.706663
    outer loop
      vertex -18.3014 26.0007 1.54
      vertex -19.0273 24.6426 0
      vertex -19.2991 24.8055 0
    endloop
  endfacet
  facet normal 0.69501 0.139002 -0.705435
    outer loop
      vertex -20.6007 26.5605 0
      vertex -19.1268 27.0065 1.54
      vertex -20.6005 26.5595 0
    endloop
  endfacet
  facet normal 0.686371 0.171805 -0.706667
    outer loop
      vertex -19.1268 27.0065 1.54
      vertex -20.6007 26.5605 0
      vertex -19.1673 27.1683 1.54
    endloop
  endfacet
  facet normal 0.699879 0.10381 -0.706677
    outer loop
      vertex -19.1673 27.1683 1.54
      vertex -20.6777 26.8679 0
      vertex -20.7242 27.1814 0
    endloop
  endfacet
  facet normal 0.666196 0.238321 -0.706672
    outer loop
      vertex -20.6001 26.5585 0
      vertex -19.1268 27.0065 1.54
      vertex -19.0706 26.8494 1.54
    endloop
  endfacet
  facet normal 0.657747 0.263099 -0.705796
    outer loop
      vertex -19.1268 27.0065 1.54
      vertex -20.6001 26.5585 0
      vertex -20.6005 26.5595 0
    endloop
  endfacet
  facet normal 0.606896 0.363736 -0.706663
    outer loop
      vertex -18.9993 26.6986 1.54
      vertex -20.1945 25.7009 0
      vertex -20.3574 25.9727 0
    endloop
  endfacet
  facet normal 0.639579 0.302594 -0.706665
    outer loop
      vertex -18.9993 26.6986 1.54
      vertex -20.3574 25.9727 0
      vertex -20.4929 26.2591 0
    endloop
  endfacet
  facet normal 0.52415 0.475262 -0.706678
    outer loop
      vertex -18.8141 26.4215 1.54
      vertex -19.7917 25.2098 0
      vertex -20.0046 25.4446 0
    endloop
  endfacet
  facet normal 0.532753 0.466159 -0.706308
    outer loop
      vertex -19.7917 25.2098 0
      vertex -18.7021 26.2979 1.54
      vertex -19.791 25.209 0
    endloop
  endfacet
  facet normal 0.524314 0.475107 -0.70666
    outer loop
      vertex -18.7021 26.2979 1.54
      vertex -19.7917 25.2098 0
      vertex -18.8141 26.4215 1.54
    endloop
  endfacet
  facet normal -0.343979 0.619162 -0.705916
    outer loop
      vertex -15.7009 24.8055 0
      vertex -16.5555 26.0865 1.54
      vertex -15.7 24.806 0
    endloop
  endfacet
  facet normal -0.363839 0.606823 -0.706673
    outer loop
      vertex -16.5555 26.0865 1.54
      vertex -15.7009 24.8055 0
      vertex -16.6986 26.0007 1.54
    endloop
  endfacet
  facet normal -0.421404 0.568349 -0.706681
    outer loop
      vertex -15.4446 24.9954 0
      vertex -15.6991 24.8067 0
      vertex -16.4215 26.1859 1.54
    endloop
  endfacet
  facet normal -0.139002 0.69501 -0.705435
    outer loop
      vertex -16.5605 24.3993 0
      vertex -17.0065 25.8732 1.54
      vertex -16.5595 24.3995 0
    endloop
  endfacet
  facet normal -0.171805 0.686371 -0.706667
    outer loop
      vertex -17.0065 25.8732 1.54
      vertex -16.5605 24.3993 0
      vertex -17.1683 25.8327 1.54
    endloop
  endfacet
  facet normal -0.139015 0.695077 -0.705367
    outer loop
      vertex -17.3334 25.8082 1.54
      vertex -17.1814 24.2758 0
      vertex -17.1824 24.2756 0
    endloop
  endfacet
  facet normal -0.103858 0.699876 -0.706673
    outer loop
      vertex -17.1814 24.2758 0
      vertex -17.3334 25.8082 1.54
      vertex -17.1683 25.8327 1.54
    endloop
  endfacet
  facet normal -0.532753 0.466159 -0.706308
    outer loop
      vertex -16.2979 26.2979 1.54
      vertex -15.2083 25.2098 0
      vertex -15.209 25.209 0
    endloop
  endfacet
  facet normal -0.524314 0.475107 -0.70666
    outer loop
      vertex -15.2083 25.2098 0
      vertex -16.2979 26.2979 1.54
      vertex -16.1859 26.4215 1.54
    endloop
  endfacet
  facet normal -0.63325 0.316625 -0.706218
    outer loop
      vertex -14.5071 26.2591 0
      vertex -15.9294 26.8494 1.54
      vertex -14.5066 26.2601 0
    endloop
  endfacet
  facet normal -0.639641 0.30243 -0.706679
    outer loop
      vertex -15.9294 26.8494 1.54
      vertex -14.5071 26.2591 0
      vertex -16.0007 26.6986 1.54
    endloop
  endfacet
  facet normal -0.695077 0.139015 -0.705367
    outer loop
      vertex -14.2758 27.1814 0
      vertex -15.8082 27.3334 1.54
      vertex -14.2756 27.1824 0
    endloop
  endfacet
  facet normal -0.699876 0.103858 -0.706673
    outer loop
      vertex -15.8082 27.3334 1.54
      vertex -14.2758 27.1814 0
      vertex -15.8327 27.1683 1.54
    endloop
  endfacet
  facet normal -0.704208 0.0640189 -0.707101
    outer loop
      vertex -15.8082 27.3334 1.54
      vertex -14.2755 27.1835 0
      vertex -14.2756 27.1824 0
    endloop
  endfacet
  facet normal -0.706661 0.0347816 -0.706697
    outer loop
      vertex -14.2755 27.1835 0
      vertex -15.8082 27.3334 1.54
      vertex -15.8 27.5 1.54
    endloop
  endfacet
  facet normal 0.363839 -0.606823 -0.706673
    outer loop
      vertex -18.4445 28.9135 1.54
      vertex -19.2991 30.1945 0
      vertex -18.3014 28.9993 1.54
    endloop
  endfacet
  facet normal 0.343979 -0.619162 -0.705916
    outer loop
      vertex -19.2991 30.1945 0
      vertex -18.4445 28.9135 1.54
      vertex -19.3 30.194 0
    endloop
  endfacet
  facet normal 0.421535 -0.568267 -0.706669
    outer loop
      vertex -19.3009 30.1933 0
      vertex -18.4445 28.9135 1.54
      vertex -18.5785 28.8141 1.54
    endloop
  endfacet
  facet normal 0.434687 -0.558883 -0.706185
    outer loop
      vertex -18.4445 28.9135 1.54
      vertex -19.3009 30.1933 0
      vertex -19.3 30.194 0
    endloop
  endfacet
  facet normal 0.171805 -0.686371 -0.706667
    outer loop
      vertex -17.9935 29.1268 1.54
      vertex -18.4395 30.6007 0
      vertex -17.8317 29.1673 1.54
    endloop
  endfacet
  facet normal 0.139002 -0.69501 -0.705435
    outer loop
      vertex -18.4395 30.6007 0
      vertex -17.9935 29.1268 1.54
      vertex -18.4405 30.6005 0
    endloop
  endfacet
  facet normal 0.238321 -0.666196 -0.706672
    outer loop
      vertex -18.4415 30.6001 0
      vertex -17.9935 29.1268 1.54
      vertex -18.1506 29.0706 1.54
    endloop
  endfacet
  facet normal 0.263099 -0.657747 -0.705796
    outer loop
      vertex -17.9935 29.1268 1.54
      vertex -18.4415 30.6001 0
      vertex -18.4405 30.6005 0
    endloop
  endfacet
  facet normal 0.0347816 0.706661 -0.706697
    outer loop
      vertex -17.8165 24.2755 0
      vertex -17.6666 25.8082 1.54
      vertex -17.5 25.8 1.54
    endloop
  endfacet
  facet normal 0.0640189 0.704208 -0.707101
    outer loop
      vertex -17.6666 25.8082 1.54
      vertex -17.8165 24.2755 0
      vertex -17.8176 24.2756 0
    endloop
  endfacet
  facet normal 0.0346085 0.706683 -0.706683
    outer loop
      vertex -17.5 25.8 1.54
      vertex -17.5 24.26 0
      vertex -17.8165 24.2755 0
    endloop
  endfacet
  facet normal 0.316625 0.63325 -0.706218
    outer loop
      vertex -18.7409 24.5071 0
      vertex -18.1506 25.9294 1.54
      vertex -18.7399 24.5066 0
    endloop
  endfacet
  facet normal 0.30243 0.639641 -0.706679
    outer loop
      vertex -18.1506 25.9294 1.54
      vertex -18.7409 24.5071 0
      vertex -18.3014 26.0007 1.54
    endloop
  endfacet
  facet normal 0.238224 0.666223 -0.70668
    outer loop
      vertex -18.1506 25.9294 1.54
      vertex -18.4415 24.3999 0
      vertex -18.7399 24.5066 0
    endloop
  endfacet
  facet normal 0.363839 0.606823 -0.706673
    outer loop
      vertex -19.2991 24.8055 0
      vertex -18.4445 26.0865 1.54
      vertex -18.3014 26.0007 1.54
    endloop
  endfacet
  facet normal 0.343979 0.619162 -0.705916
    outer loop
      vertex -18.4445 26.0865 1.54
      vertex -19.2991 24.8055 0
      vertex -19.3 24.806 0
    endloop
  endfacet
  facet normal 0.706683 0.0346085 -0.706683
    outer loop
      vertex -19.2 27.5 1.54
      vertex -20.7245 27.1835 0
      vertex -20.74 27.5 0
    endloop
  endfacet
  facet normal 0.619162 0.343979 -0.705916
    outer loop
      vertex -20.1945 25.7009 0
      vertex -18.9135 26.5555 1.54
      vertex -20.194 25.7 0
    endloop
  endfacet
  facet normal 0.606823 0.363839 -0.706673
    outer loop
      vertex -18.9135 26.5555 1.54
      vertex -20.1945 25.7009 0
      vertex -18.9993 26.6986 1.54
    endloop
  endfacet
  facet normal 0.568267 0.421535 -0.706669
    outer loop
      vertex -20.1933 25.6991 0
      vertex -18.9135 26.5555 1.54
      vertex -18.8141 26.4215 1.54
    endloop
  endfacet
  facet normal 0.558883 0.434687 -0.706185
    outer loop
      vertex -18.9135 26.5555 1.54
      vertex -20.1933 25.6991 0
      vertex -20.194 25.7 0
    endloop
  endfacet
  facet normal -0.434687 0.558883 -0.706185
    outer loop
      vertex -16.5555 26.0865 1.54
      vertex -15.6991 24.8067 0
      vertex -15.7 24.806 0
    endloop
  endfacet
  facet normal -0.421535 0.568267 -0.706669
    outer loop
      vertex -15.6991 24.8067 0
      vertex -16.5555 26.0865 1.54
      vertex -16.4215 26.1859 1.54
    endloop
  endfacet
  facet normal -0.263099 0.657747 -0.705796
    outer loop
      vertex -17.0065 25.8732 1.54
      vertex -16.5585 24.3999 0
      vertex -16.5595 24.3995 0
    endloop
  endfacet
  facet normal -0.238321 0.666196 -0.706672
    outer loop
      vertex -16.5585 24.3999 0
      vertex -17.0065 25.8732 1.54
      vertex -16.8494 25.9294 1.54
    endloop
  endfacet
  facet normal -0.466159 0.532753 -0.706308
    outer loop
      vertex -15.2098 25.2083 0
      vertex -16.2979 26.2979 1.54
      vertex -15.209 25.209 0
    endloop
  endfacet
  facet normal -0.475107 0.524314 -0.70666
    outer loop
      vertex -16.2979 26.2979 1.54
      vertex -15.2098 25.2083 0
      vertex -16.4215 26.1859 1.54
    endloop
  endfacet
  facet normal 0.139015 0.695077 -0.705367
    outer loop
      vertex -17.8186 24.2758 0
      vertex -17.6666 25.8082 1.54
      vertex -17.8176 24.2756 0
    endloop
  endfacet
  facet normal 0.103858 0.699876 -0.706673
    outer loop
      vertex -17.6666 25.8082 1.54
      vertex -17.8186 24.2758 0
      vertex -17.8317 25.8327 1.54
    endloop
  endfacet
  facet normal 0.263099 0.657747 -0.705796
    outer loop
      vertex -18.4415 24.3999 0
      vertex -17.9935 25.8732 1.54
      vertex -18.4405 24.3995 0
    endloop
  endfacet
  facet normal 0.238321 0.666196 -0.706672
    outer loop
      vertex -17.9935 25.8732 1.54
      vertex -18.4415 24.3999 0
      vertex -18.1506 25.9294 1.54
    endloop
  endfacet
  facet normal 0.704208 0.0640189 -0.707101
    outer loop
      vertex -20.7245 27.1835 0
      vertex -19.1918 27.3334 1.54
      vertex -20.7244 27.1824 0
    endloop
  endfacet
  facet normal 0.706661 0.0347816 -0.706697
    outer loop
      vertex -19.1918 27.3334 1.54
      vertex -20.7245 27.1835 0
      vertex -19.2 27.5 1.54
    endloop
  endfacet
  facet normal 0.699876 0.103858 -0.706673
    outer loop
      vertex -20.7242 27.1814 0
      vertex -19.1918 27.3334 1.54
      vertex -19.1673 27.1683 1.54
    endloop
  endfacet
  facet normal 0.695077 0.139015 -0.705367
    outer loop
      vertex -19.1918 27.3334 1.54
      vertex -20.7242 27.1814 0
      vertex -20.7244 27.1824 0
    endloop
  endfacet
  facet normal -0.998791 -0.0491513 0
    outer loop
      vertex 19.2 -7.5 1.54
      vertex 19.1918 -7.33337 2.4
      vertex 19.1918 -7.33337 1.54
    endloop
  endfacet
  facet normal -0.998791 -0.0491513 0
    outer loop
      vertex 19.1918 -7.33337 2.4
      vertex 19.2 -7.5 1.54
      vertex 19.2 -7.5 2.4
    endloop
  endfacet
  facet normal 0.998791 -0.0491513 0
    outer loop
      vertex 15.8 -7.5 2.4
      vertex 15.8082 -7.33337 1.54
      vertex 15.8082 -7.33337 2.4
    endloop
  endfacet
  facet normal 0.998791 -0.0491513 0
    outer loop
      vertex 15.8082 -7.33337 1.54
      vertex 15.8 -7.5 2.4
      vertex 15.8 -7.5 1.54
    endloop
  endfacet
  facet normal -0.0491004 -0.998794 0
    outer loop
      vertex 17.5 -5.8 1.54
      vertex 17.6666 -5.80819 2.4
      vertex 17.5 -5.8 2.4
    endloop
  endfacet
  facet normal -0.0491004 -0.998794 -0
    outer loop
      vertex 17.6666 -5.80819 2.4
      vertex 17.5 -5.8 1.54
      vertex 17.6666 -5.80819 1.54
    endloop
  endfacet
  facet normal -0.67161 -0.740905 0
    outer loop
      vertex 18.5785 -6.18588 1.54
      vertex 18.7021 -6.29792 2.4
      vertex 18.5785 -6.18588 2.4
    endloop
  endfacet
  facet normal -0.67161 -0.740905 -0
    outer loop
      vertex 18.7021 -6.29792 2.4
      vertex 18.5785 -6.18588 1.54
      vertex 18.7021 -6.29792 1.54
    endloop
  endfacet
  facet normal 0.67161 -0.740905 0
    outer loop
      vertex 16.2979 -6.29792 1.54
      vertex 16.4215 -6.18588 2.4
      vertex 16.2979 -6.29792 2.4
    endloop
  endfacet
  facet normal 0.67161 -0.740905 0
    outer loop
      vertex 16.4215 -6.18588 2.4
      vertex 16.2979 -6.29792 1.54
      vertex 16.4215 -6.18588 1.54
    endloop
  endfacet
  facet normal 0.33683 -0.941566 0
    outer loop
      vertex 16.8494 -5.9294 1.54
      vertex 17.0065 -5.8732 2.4
      vertex 16.8494 -5.9294 2.4
    endloop
  endfacet
  facet normal 0.33683 -0.941566 0
    outer loop
      vertex 17.0065 -5.8732 2.4
      vertex 16.8494 -5.9294 1.54
      vertex 17.0065 -5.8732 1.54
    endloop
  endfacet
  facet normal -0.904065 -0.427396 0
    outer loop
      vertex 19.0706 -6.84944 1.54
      vertex 18.9993 -6.69862 2.4
      vertex 18.9993 -6.69862 1.54
    endloop
  endfacet
  facet normal -0.904065 -0.427396 0
    outer loop
      vertex 18.9993 -6.69862 2.4
      vertex 19.0706 -6.84944 1.54
      vertex 19.0706 -6.84944 2.4
    endloop
  endfacet
  facet normal -0.427589 -0.903973 0
    outer loop
      vertex 18.1506 -5.9294 1.54
      vertex 18.3014 -6.00073 2.4
      vertex 18.1506 -5.9294 2.4
    endloop
  endfacet
  facet normal -0.427589 -0.903973 -0
    outer loop
      vertex 18.3014 -6.00073 2.4
      vertex 18.1506 -5.9294 1.54
      vertex 18.3014 -6.00073 1.54
    endloop
  endfacet
  facet normal -0.514099 -0.857731 0
    outer loop
      vertex 18.3014 -6.00073 1.54
      vertex 18.4445 -6.0865 2.4
      vertex 18.3014 -6.00073 2.4
    endloop
  endfacet
  facet normal -0.514099 -0.857731 -0
    outer loop
      vertex 18.4445 -6.0865 2.4
      vertex 18.3014 -6.00073 1.54
      vertex 18.4445 -6.0865 1.54
    endloop
  endfacet
  facet normal 0.904065 -0.427396 0
    outer loop
      vertex 15.9294 -6.84944 2.4
      vertex 16.0007 -6.69862 1.54
      vertex 16.0007 -6.69862 2.4
    endloop
  endfacet
  facet normal 0.904065 -0.427396 0
    outer loop
      vertex 16.0007 -6.69862 1.54
      vertex 15.9294 -6.84944 2.4
      vertex 15.9294 -6.84944 1.54
    endloop
  endfacet
  facet normal 0.146612 -0.989194 0
    outer loop
      vertex 17.1683 -5.83266 1.54
      vertex 17.3334 -5.80819 2.4
      vertex 17.1683 -5.83266 2.4
    endloop
  endfacet
  facet normal 0.146612 -0.989194 0
    outer loop
      vertex 17.3334 -5.80819 2.4
      vertex 17.1683 -5.83266 1.54
      vertex 17.3334 -5.80819 1.54
    endloop
  endfacet
  facet normal -0.970083 -0.242775 0
    outer loop
      vertex 19.1673 -7.16835 1.54
      vertex 19.1268 -7.00652 2.4
      vertex 19.1268 -7.00652 1.54
    endloop
  endfacet
  facet normal -0.970083 -0.242775 0
    outer loop
      vertex 19.1268 -7.00652 2.4
      vertex 19.1673 -7.16835 1.54
      vertex 19.1673 -7.16835 2.4
    endloop
  endfacet
  facet normal -0.989158 -0.146857 0
    outer loop
      vertex 19.1918 -7.33337 1.54
      vertex 19.1673 -7.16835 2.4
      vertex 19.1673 -7.16835 1.54
    endloop
  endfacet
  facet normal -0.989158 -0.146857 0
    outer loop
      vertex 19.1673 -7.16835 2.4
      vertex 19.1918 -7.33337 1.54
      vertex 19.1918 -7.33337 2.4
    endloop
  endfacet
  facet normal -0.941552 -0.336868 0
    outer loop
      vertex 19.1268 -7.00652 1.54
      vertex 19.0706 -6.84944 2.4
      vertex 19.0706 -6.84944 1.54
    endloop
  endfacet
  facet normal -0.941552 -0.336868 0
    outer loop
      vertex 19.0706 -6.84944 2.4
      vertex 19.1268 -7.00652 1.54
      vertex 19.1268 -7.00652 2.4
    endloop
  endfacet
  facet normal -0.803154 -0.595772 0
    outer loop
      vertex 18.9135 -6.55553 1.54
      vertex 18.8141 -6.42153 2.4
      vertex 18.8141 -6.42153 1.54
    endloop
  endfacet
  facet normal -0.803154 -0.595772 0
    outer loop
      vertex 18.8141 -6.42153 2.4
      vertex 18.9135 -6.55553 1.54
      vertex 18.9135 -6.55553 2.4
    endloop
  endfacet
  facet normal -0.741051 -0.671448 0
    outer loop
      vertex 18.8141 -6.42153 1.54
      vertex 18.7021 -6.29792 2.4
      vertex 18.7021 -6.29792 1.54
    endloop
  endfacet
  facet normal -0.741051 -0.671448 0
    outer loop
      vertex 18.7021 -6.29792 2.4
      vertex 18.8141 -6.42153 1.54
      vertex 18.8141 -6.42153 2.4
    endloop
  endfacet
  facet normal -0.857636 -0.514258 0
    outer loop
      vertex 18.9993 -6.69862 1.54
      vertex 18.9135 -6.55553 2.4
      vertex 18.9135 -6.55553 1.54
    endloop
  endfacet
  facet normal -0.857636 -0.514258 0
    outer loop
      vertex 18.9135 -6.55553 2.4
      vertex 18.9993 -6.69862 1.54
      vertex 18.9993 -6.69862 2.4
    endloop
  endfacet
  facet normal -0.243043 -0.970015 0
    outer loop
      vertex 17.8317 -5.83266 1.54
      vertex 17.9935 -5.8732 2.4
      vertex 17.8317 -5.83266 2.4
    endloop
  endfacet
  facet normal -0.243043 -0.970015 -0
    outer loop
      vertex 17.9935 -5.8732 2.4
      vertex 17.8317 -5.83266 1.54
      vertex 17.9935 -5.8732 1.54
    endloop
  endfacet
  facet normal -0.33683 -0.941566 0
    outer loop
      vertex 17.9935 -5.8732 1.54
      vertex 18.1506 -5.9294 2.4
      vertex 17.9935 -5.8732 2.4
    endloop
  endfacet
  facet normal -0.33683 -0.941566 -0
    outer loop
      vertex 18.1506 -5.9294 2.4
      vertex 17.9935 -5.8732 1.54
      vertex 18.1506 -5.9294 1.54
    endloop
  endfacet
  facet normal -0.146612 -0.989194 0
    outer loop
      vertex 17.6666 -5.80819 1.54
      vertex 17.8317 -5.83266 2.4
      vertex 17.6666 -5.80819 2.4
    endloop
  endfacet
  facet normal -0.146612 -0.989194 -0
    outer loop
      vertex 17.8317 -5.83266 2.4
      vertex 17.6666 -5.80819 1.54
      vertex 17.8317 -5.83266 1.54
    endloop
  endfacet
  facet normal -0.595695 -0.803211 0
    outer loop
      vertex 18.4445 -6.0865 1.54
      vertex 18.5785 -6.18588 2.4
      vertex 18.4445 -6.0865 2.4
    endloop
  endfacet
  facet normal -0.595695 -0.803211 -0
    outer loop
      vertex 18.5785 -6.18588 2.4
      vertex 18.4445 -6.0865 1.54
      vertex 18.5785 -6.18588 1.54
    endloop
  endfacet
  facet normal 0.970083 -0.242775 0
    outer loop
      vertex 15.8327 -7.16835 2.4
      vertex 15.8732 -7.00652 1.54
      vertex 15.8732 -7.00652 2.4
    endloop
  endfacet
  facet normal 0.970083 -0.242775 0
    outer loop
      vertex 15.8732 -7.00652 1.54
      vertex 15.8327 -7.16835 2.4
      vertex 15.8327 -7.16835 1.54
    endloop
  endfacet
  facet normal 0.803154 -0.595772 0
    outer loop
      vertex 16.0865 -6.55553 2.4
      vertex 16.1859 -6.42153 1.54
      vertex 16.1859 -6.42153 2.4
    endloop
  endfacet
  facet normal 0.803154 -0.595772 0
    outer loop
      vertex 16.1859 -6.42153 1.54
      vertex 16.0865 -6.55553 2.4
      vertex 16.0865 -6.55553 1.54
    endloop
  endfacet
  facet normal 0.741051 -0.671448 0
    outer loop
      vertex 16.1859 -6.42153 2.4
      vertex 16.2979 -6.29792 1.54
      vertex 16.2979 -6.29792 2.4
    endloop
  endfacet
  facet normal 0.741051 -0.671448 0
    outer loop
      vertex 16.2979 -6.29792 1.54
      vertex 16.1859 -6.42153 2.4
      vertex 16.1859 -6.42153 1.54
    endloop
  endfacet
  facet normal 0.857636 -0.514258 0
    outer loop
      vertex 16.0007 -6.69862 2.4
      vertex 16.0865 -6.55553 1.54
      vertex 16.0865 -6.55553 2.4
    endloop
  endfacet
  facet normal 0.857636 -0.514258 0
    outer loop
      vertex 16.0865 -6.55553 1.54
      vertex 16.0007 -6.69862 2.4
      vertex 16.0007 -6.69862 1.54
    endloop
  endfacet
  facet normal 0.941552 -0.336868 0
    outer loop
      vertex 15.8732 -7.00652 2.4
      vertex 15.9294 -6.84944 1.54
      vertex 15.9294 -6.84944 2.4
    endloop
  endfacet
  facet normal 0.941552 -0.336868 0
    outer loop
      vertex 15.9294 -6.84944 1.54
      vertex 15.8732 -7.00652 2.4
      vertex 15.8732 -7.00652 1.54
    endloop
  endfacet
  facet normal 0.989158 -0.146857 0
    outer loop
      vertex 15.8082 -7.33337 2.4
      vertex 15.8327 -7.16835 1.54
      vertex 15.8327 -7.16835 2.4
    endloop
  endfacet
  facet normal 0.989158 -0.146857 0
    outer loop
      vertex 15.8327 -7.16835 1.54
      vertex 15.8082 -7.33337 2.4
      vertex 15.8082 -7.33337 1.54
    endloop
  endfacet
  facet normal 0.514099 -0.857731 0
    outer loop
      vertex 16.5555 -6.0865 1.54
      vertex 16.6986 -6.00073 2.4
      vertex 16.5555 -6.0865 2.4
    endloop
  endfacet
  facet normal 0.514099 -0.857731 0
    outer loop
      vertex 16.6986 -6.00073 2.4
      vertex 16.5555 -6.0865 1.54
      vertex 16.6986 -6.00073 1.54
    endloop
  endfacet
  facet normal 0.427589 -0.903973 0
    outer loop
      vertex 16.6986 -6.00073 1.54
      vertex 16.8494 -5.9294 2.4
      vertex 16.6986 -6.00073 2.4
    endloop
  endfacet
  facet normal 0.427589 -0.903973 0
    outer loop
      vertex 16.8494 -5.9294 2.4
      vertex 16.6986 -6.00073 1.54
      vertex 16.8494 -5.9294 1.54
    endloop
  endfacet
  facet normal 0.595695 -0.803211 0
    outer loop
      vertex 16.4215 -6.18588 1.54
      vertex 16.5555 -6.0865 2.4
      vertex 16.4215 -6.18588 2.4
    endloop
  endfacet
  facet normal 0.595695 -0.803211 0
    outer loop
      vertex 16.5555 -6.0865 2.4
      vertex 16.4215 -6.18588 1.54
      vertex 16.5555 -6.0865 1.54
    endloop
  endfacet
  facet normal 0.243043 -0.970015 0
    outer loop
      vertex 17.0065 -5.8732 1.54
      vertex 17.1683 -5.83266 2.4
      vertex 17.0065 -5.8732 2.4
    endloop
  endfacet
  facet normal 0.243043 -0.970015 0
    outer loop
      vertex 17.1683 -5.83266 2.4
      vertex 17.0065 -5.8732 1.54
      vertex 17.1683 -5.83266 1.54
    endloop
  endfacet
  facet normal 0.0491004 -0.998794 0
    outer loop
      vertex 17.3334 -5.80819 1.54
      vertex 17.5 -5.8 2.4
      vertex 17.3334 -5.80819 2.4
    endloop
  endfacet
  facet normal 0.0491004 -0.998794 0
    outer loop
      vertex 17.5 -5.8 2.4
      vertex 17.3334 -5.80819 1.54
      vertex 17.5 -5.8 1.54
    endloop
  endfacet
  facet normal -0.998791 0.0491513 0
    outer loop
      vertex 19.1918 -7.66663 1.54
      vertex 19.2 -7.5 2.4
      vertex 19.2 -7.5 1.54
    endloop
  endfacet
  facet normal -0.998791 0.0491513 0
    outer loop
      vertex 19.2 -7.5 2.4
      vertex 19.1918 -7.66663 1.54
      vertex 19.1918 -7.66663 2.4
    endloop
  endfacet
  facet normal -0.0491004 0.998794 0
    outer loop
      vertex 17.6666 -9.19181 1.54
      vertex 17.5 -9.2 2.4
      vertex 17.6666 -9.19181 2.4
    endloop
  endfacet
  facet normal -0.0491004 0.998794 0
    outer loop
      vertex 17.5 -9.2 2.4
      vertex 17.6666 -9.19181 1.54
      vertex 17.5 -9.2 1.54
    endloop
  endfacet
  facet normal -0.67161 0.740905 0
    outer loop
      vertex 18.7021 -8.70208 1.54
      vertex 18.5785 -8.81412 2.4
      vertex 18.7021 -8.70208 2.4
    endloop
  endfacet
  facet normal -0.67161 0.740905 0
    outer loop
      vertex 18.5785 -8.81412 2.4
      vertex 18.7021 -8.70208 1.54
      vertex 18.5785 -8.81412 1.54
    endloop
  endfacet
  facet normal -0.514099 0.857731 0
    outer loop
      vertex 18.4445 -8.9135 1.54
      vertex 18.3014 -8.99927 2.4
      vertex 18.4445 -8.9135 2.4
    endloop
  endfacet
  facet normal -0.514099 0.857731 0
    outer loop
      vertex 18.3014 -8.99927 2.4
      vertex 18.4445 -8.9135 1.54
      vertex 18.3014 -8.99927 1.54
    endloop
  endfacet
  facet normal -0.803154 0.595772 0
    outer loop
      vertex 18.8141 -8.57847 1.54
      vertex 18.9135 -8.44447 2.4
      vertex 18.9135 -8.44447 1.54
    endloop
  endfacet
  facet normal -0.803154 0.595772 0
    outer loop
      vertex 18.9135 -8.44447 2.4
      vertex 18.8141 -8.57847 1.54
      vertex 18.8141 -8.57847 2.4
    endloop
  endfacet
  facet normal -0.904054 0.427419 0
    outer loop
      vertex 18.9993 -8.30137 1.54
      vertex 19.0706 -8.15056 2.4
      vertex 19.0706 -8.15056 1.54
    endloop
  endfacet
  facet normal -0.904054 0.427419 0
    outer loop
      vertex 19.0706 -8.15056 2.4
      vertex 18.9993 -8.30137 1.54
      vertex 18.9993 -8.30137 2.4
    endloop
  endfacet
  facet normal 0.67161 0.740905 -0
    outer loop
      vertex 16.4215 -8.81412 1.54
      vertex 16.2979 -8.70208 2.4
      vertex 16.4215 -8.81412 2.4
    endloop
  endfacet
  facet normal 0.67161 0.740905 0
    outer loop
      vertex 16.2979 -8.70208 2.4
      vertex 16.4215 -8.81412 1.54
      vertex 16.2979 -8.70208 1.54
    endloop
  endfacet
  facet normal 0.514099 0.857731 -0
    outer loop
      vertex 16.6986 -8.99927 1.54
      vertex 16.5555 -8.9135 2.4
      vertex 16.6986 -8.99927 2.4
    endloop
  endfacet
  facet normal 0.514099 0.857731 0
    outer loop
      vertex 16.5555 -8.9135 2.4
      vertex 16.6986 -8.99927 1.54
      vertex 16.5555 -8.9135 1.54
    endloop
  endfacet
  facet normal 0.336883 0.941546 -0
    outer loop
      vertex 17.0065 -9.1268 1.54
      vertex 16.8494 -9.07059 2.4
      vertex 17.0065 -9.1268 2.4
    endloop
  endfacet
  facet normal 0.336883 0.941546 0
    outer loop
      vertex 16.8494 -9.07059 2.4
      vertex 17.0065 -9.1268 1.54
      vertex 16.8494 -9.07059 1.54
    endloop
  endfacet
  facet normal 0.14667 0.989185 -0
    outer loop
      vertex 17.3334 -9.19181 1.54
      vertex 17.1683 -9.16733 2.4
      vertex 17.3334 -9.19181 2.4
    endloop
  endfacet
  facet normal 0.14667 0.989185 0
    outer loop
      vertex 17.1683 -9.16733 2.4
      vertex 17.3334 -9.19181 1.54
      vertex 17.1683 -9.16733 1.54
    endloop
  endfacet
  facet normal 0.857652 0.514231 0
    outer loop
      vertex 16.0865 -8.44447 2.4
      vertex 16.0007 -8.30137 1.54
      vertex 16.0007 -8.30137 2.4
    endloop
  endfacet
  facet normal 0.857652 0.514231 0
    outer loop
      vertex 16.0007 -8.30137 1.54
      vertex 16.0865 -8.44447 2.4
      vertex 16.0865 -8.44447 1.54
    endloop
  endfacet
  facet normal 0.904054 0.427419 0
    outer loop
      vertex 16.0007 -8.30137 2.4
      vertex 15.9294 -8.15056 1.54
      vertex 15.9294 -8.15056 2.4
    endloop
  endfacet
  facet normal 0.904054 0.427419 0
    outer loop
      vertex 15.9294 -8.15056 1.54
      vertex 16.0007 -8.30137 2.4
      vertex 16.0007 -8.30137 1.54
    endloop
  endfacet
  facet normal 0.803154 0.595772 0
    outer loop
      vertex 16.1859 -8.57847 2.4
      vertex 16.0865 -8.44447 1.54
      vertex 16.0865 -8.44447 2.4
    endloop
  endfacet
  facet normal 0.803154 0.595772 0
    outer loop
      vertex 16.0865 -8.44447 1.54
      vertex 16.1859 -8.57847 2.4
      vertex 16.1859 -8.57847 1.54
    endloop
  endfacet
  facet normal 0.970083 0.242775 0
    outer loop
      vertex 15.8732 -7.99348 2.4
      vertex 15.8327 -7.83165 1.54
      vertex 15.8327 -7.83165 2.4
    endloop
  endfacet
  facet normal 0.970083 0.242775 0
    outer loop
      vertex 15.8327 -7.83165 1.54
      vertex 15.8732 -7.99348 2.4
      vertex 15.8732 -7.99348 1.54
    endloop
  endfacet
  facet normal 0.941552 0.336868 0
    outer loop
      vertex 15.9294 -8.15056 2.4
      vertex 15.8732 -7.99348 1.54
      vertex 15.8732 -7.99348 2.4
    endloop
  endfacet
  facet normal 0.941552 0.336868 0
    outer loop
      vertex 15.8732 -7.99348 1.54
      vertex 15.9294 -8.15056 2.4
      vertex 15.9294 -8.15056 1.54
    endloop
  endfacet
  facet normal 0.998791 0.0491513 0
    outer loop
      vertex 15.8082 -7.66663 2.4
      vertex 15.8 -7.5 1.54
      vertex 15.8 -7.5 2.4
    endloop
  endfacet
  facet normal 0.998791 0.0491513 0
    outer loop
      vertex 15.8 -7.5 1.54
      vertex 15.8082 -7.66663 2.4
      vertex 15.8082 -7.66663 1.54
    endloop
  endfacet
  facet normal -0.14667 0.989185 0
    outer loop
      vertex 17.8317 -9.16733 1.54
      vertex 17.6666 -9.19181 2.4
      vertex 17.8317 -9.16733 2.4
    endloop
  endfacet
  facet normal -0.14667 0.989185 0
    outer loop
      vertex 17.6666 -9.19181 2.4
      vertex 17.8317 -9.16733 1.54
      vertex 17.6666 -9.19181 1.54
    endloop
  endfacet
  facet normal -0.336883 0.941546 0
    outer loop
      vertex 18.1506 -9.07059 1.54
      vertex 17.9935 -9.1268 2.4
      vertex 18.1506 -9.07059 2.4
    endloop
  endfacet
  facet normal -0.336883 0.941546 0
    outer loop
      vertex 17.9935 -9.1268 2.4
      vertex 18.1506 -9.07059 1.54
      vertex 17.9935 -9.1268 1.54
    endloop
  endfacet
  facet normal -0.42754 0.903996 0
    outer loop
      vertex 18.3014 -8.99927 1.54
      vertex 18.1506 -9.07059 2.4
      vertex 18.3014 -8.99927 2.4
    endloop
  endfacet
  facet normal -0.42754 0.903996 0
    outer loop
      vertex 18.1506 -9.07059 2.4
      vertex 18.3014 -8.99927 1.54
      vertex 18.1506 -9.07059 1.54
    endloop
  endfacet
  facet normal -0.242987 0.97003 0
    outer loop
      vertex 17.9935 -9.1268 1.54
      vertex 17.8317 -9.16733 2.4
      vertex 17.9935 -9.1268 2.4
    endloop
  endfacet
  facet normal -0.242987 0.97003 0
    outer loop
      vertex 17.8317 -9.16733 2.4
      vertex 17.9935 -9.1268 1.54
      vertex 17.8317 -9.16733 1.54
    endloop
  endfacet
  facet normal -0.741051 0.671448 0
    outer loop
      vertex 18.7021 -8.70208 1.54
      vertex 18.8141 -8.57847 2.4
      vertex 18.8141 -8.57847 1.54
    endloop
  endfacet
  facet normal -0.741051 0.671448 0
    outer loop
      vertex 18.8141 -8.57847 2.4
      vertex 18.7021 -8.70208 1.54
      vertex 18.7021 -8.70208 2.4
    endloop
  endfacet
  facet normal -0.595695 0.803211 0
    outer loop
      vertex 18.5785 -8.81412 1.54
      vertex 18.4445 -8.9135 2.4
      vertex 18.5785 -8.81412 2.4
    endloop
  endfacet
  facet normal -0.595695 0.803211 0
    outer loop
      vertex 18.4445 -8.9135 2.4
      vertex 18.5785 -8.81412 1.54
      vertex 18.4445 -8.9135 1.54
    endloop
  endfacet
  facet normal -0.857652 0.514231 0
    outer loop
      vertex 18.9135 -8.44447 1.54
      vertex 18.9993 -8.30137 2.4
      vertex 18.9993 -8.30137 1.54
    endloop
  endfacet
  facet normal -0.857652 0.514231 0
    outer loop
      vertex 18.9993 -8.30137 2.4
      vertex 18.9135 -8.44447 1.54
      vertex 18.9135 -8.44447 2.4
    endloop
  endfacet
  facet normal -0.941552 0.336868 0
    outer loop
      vertex 19.0706 -8.15056 1.54
      vertex 19.1268 -7.99348 2.4
      vertex 19.1268 -7.99348 1.54
    endloop
  endfacet
  facet normal -0.941552 0.336868 0
    outer loop
      vertex 19.1268 -7.99348 2.4
      vertex 19.0706 -8.15056 1.54
      vertex 19.0706 -8.15056 2.4
    endloop
  endfacet
  facet normal -0.989158 0.146857 0
    outer loop
      vertex 19.1673 -7.83165 1.54
      vertex 19.1918 -7.66663 2.4
      vertex 19.1918 -7.66663 1.54
    endloop
  endfacet
  facet normal -0.989158 0.146857 0
    outer loop
      vertex 19.1918 -7.66663 2.4
      vertex 19.1673 -7.83165 1.54
      vertex 19.1673 -7.83165 2.4
    endloop
  endfacet
  facet normal -0.970083 0.242775 0
    outer loop
      vertex 19.1268 -7.99348 1.54
      vertex 19.1673 -7.83165 2.4
      vertex 19.1673 -7.83165 1.54
    endloop
  endfacet
  facet normal -0.970083 0.242775 0
    outer loop
      vertex 19.1673 -7.83165 2.4
      vertex 19.1268 -7.99348 1.54
      vertex 19.1268 -7.99348 2.4
    endloop
  endfacet
  facet normal 0.595695 0.803211 -0
    outer loop
      vertex 16.5555 -8.9135 1.54
      vertex 16.4215 -8.81412 2.4
      vertex 16.5555 -8.9135 2.4
    endloop
  endfacet
  facet normal 0.595695 0.803211 0
    outer loop
      vertex 16.4215 -8.81412 2.4
      vertex 16.5555 -8.9135 1.54
      vertex 16.4215 -8.81412 1.54
    endloop
  endfacet
  facet normal 0.42754 0.903996 -0
    outer loop
      vertex 16.8494 -9.07059 1.54
      vertex 16.6986 -8.99927 2.4
      vertex 16.8494 -9.07059 2.4
    endloop
  endfacet
  facet normal 0.42754 0.903996 0
    outer loop
      vertex 16.6986 -8.99927 2.4
      vertex 16.8494 -9.07059 1.54
      vertex 16.6986 -8.99927 1.54
    endloop
  endfacet
  facet normal 0.242987 0.97003 -0
    outer loop
      vertex 17.1683 -9.16733 1.54
      vertex 17.0065 -9.1268 2.4
      vertex 17.1683 -9.16733 2.4
    endloop
  endfacet
  facet normal 0.242987 0.97003 0
    outer loop
      vertex 17.0065 -9.1268 2.4
      vertex 17.1683 -9.16733 1.54
      vertex 17.0065 -9.1268 1.54
    endloop
  endfacet
  facet normal 0.0491004 0.998794 -0
    outer loop
      vertex 17.5 -9.2 1.54
      vertex 17.3334 -9.19181 2.4
      vertex 17.5 -9.2 2.4
    endloop
  endfacet
  facet normal 0.0491004 0.998794 0
    outer loop
      vertex 17.3334 -9.19181 2.4
      vertex 17.5 -9.2 1.54
      vertex 17.3334 -9.19181 1.54
    endloop
  endfacet
  facet normal 0.741051 0.671448 0
    outer loop
      vertex 16.2979 -8.70208 2.4
      vertex 16.1859 -8.57847 1.54
      vertex 16.1859 -8.57847 2.4
    endloop
  endfacet
  facet normal 0.741051 0.671448 0
    outer loop
      vertex 16.1859 -8.57847 1.54
      vertex 16.2979 -8.70208 2.4
      vertex 16.2979 -8.70208 1.54
    endloop
  endfacet
  facet normal 0.989158 0.146857 0
    outer loop
      vertex 15.8327 -7.83165 2.4
      vertex 15.8082 -7.66663 1.54
      vertex 15.8082 -7.66663 2.4
    endloop
  endfacet
  facet normal 0.989158 0.146857 0
    outer loop
      vertex 15.8082 -7.66663 1.54
      vertex 15.8327 -7.83165 2.4
      vertex 15.8327 -7.83165 1.54
    endloop
  endfacet
  facet normal -0.706683 -0.0346085 -0.706683
    outer loop
      vertex 20.7245 -7.1835 0
      vertex 20.74 -7.5 0
      vertex 19.2 -7.5 1.54
    endloop
  endfacet
  facet normal -0.699875 -0.103826 -0.706679
    outer loop
      vertex 20.6777 -6.86791 0
      vertex 20.7242 -7.18136 0
      vertex 19.1673 -7.16835 1.54
    endloop
  endfacet
  facet normal 0.568366 -0.421367 -0.70669
    outer loop
      vertex 14.9954 -5.44456 0
      vertex 16.1859 -6.42153 1.54
      vertex 14.8067 -5.69909 0
    endloop
  endfacet
  facet normal 0.238319 -0.66619 -0.706679
    outer loop
      vertex 16.5585 -4.39987 0
      vertex 17.0065 -5.8732 1.54
      vertex 16.8494 -5.9294 1.54
    endloop
  endfacet
  facet normal 0.239668 -0.665743 -0.706643
    outer loop
      vertex 17.0065 -5.8732 1.54
      vertex 16.5585 -4.39987 0
      vertex 16.5595 -4.39951 0
    endloop
  endfacet
  facet normal 0.568262 -0.421532 -0.706675
    outer loop
      vertex 16.0865 -6.55553 1.54
      vertex 14.8067 -5.69909 0
      vertex 16.1859 -6.42153 1.54
    endloop
  endfacet
  facet normal 0.549615 -0.447361 -0.705543
    outer loop
      vertex 14.8067 -5.69909 0
      vertex 16.0865 -6.55553 1.54
      vertex 14.806 -5.69995 0
    endloop
  endfacet
  facet normal 0.70404 0.0657981 -0.707106
    outer loop
      vertex 14.2755 -7.8165 0
      vertex 15.8082 -7.66663 1.54
      vertex 14.2756 -7.81757 0
    endloop
  endfacet
  facet normal 0.706662 0.0347754 -0.706696
    outer loop
      vertex 15.8082 -7.66663 1.54
      vertex 14.2755 -7.8165 0
      vertex 15.8 -7.5 1.54
    endloop
  endfacet
  facet normal -0.524143 0.475256 -0.706687
    outer loop
      vertex 20.0046 -9.55543 0
      vertex 19.7917 -9.79023 0
      vertex 18.8141 -8.57847 1.54
    endloop
  endfacet
  facet normal 0.103788 -0.699881 -0.706679
    outer loop
      vertex 17.1814 -4.27576 0
      vertex 17.1683 -5.83266 1.54
      vertex 16.8679 -4.32225 0
    endloop
  endfacet
  facet normal 0.606891 -0.363733 -0.706669
    outer loop
      vertex 14.8055 -5.70087 0
      vertex 16.0007 -6.69862 1.54
      vertex 14.6426 -5.97267 0
    endloop
  endfacet
  facet normal 0.421511 -0.568282 -0.706671
    outer loop
      vertex 15.6991 -4.80668 0
      vertex 16.4215 -6.18588 1.54
      vertex 15.4446 -4.99545 0
    endloop
  endfacet
  facet normal 0.475201 0.524206 -0.706676
    outer loop
      vertex 16.4215 -8.81412 1.54
      vertex 15.4446 -10.0046 0
      vertex 15.2098 -9.79175 0
    endloop
  endfacet
  facet normal 0.434687 0.558883 -0.706185
    outer loop
      vertex 15.6991 -10.1933 0
      vertex 16.5555 -8.9135 1.54
      vertex 15.7 -10.194 0
    endloop
  endfacet
  facet normal 0.421479 0.568306 -0.706671
    outer loop
      vertex 16.5555 -8.9135 1.54
      vertex 15.6991 -10.1933 0
      vertex 16.4215 -8.81412 1.54
    endloop
  endfacet
  facet normal 0.0346085 0.706683 -0.706683
    outer loop
      vertex 17.5 -9.2 1.54
      vertex 17.5 -10.74 0
      vertex 17.1835 -10.7245 0
    endloop
  endfacet
  facet normal -0.47336 0.525956 -0.706612
    outer loop
      vertex 19.7902 -9.79175 0
      vertex 18.7021 -8.70208 1.54
      vertex 19.791 -9.79103 0
    endloop
  endfacet
  facet normal -0.47519 0.524219 -0.706675
    outer loop
      vertex 18.7021 -8.70208 1.54
      vertex 19.7902 -9.79175 0
      vertex 18.5785 -8.81412 1.54
    endloop
  endfacet
  facet normal -0.263099 0.657747 -0.705796
    outer loop
      vertex 17.9935 -9.1268 1.54
      vertex 18.4415 -10.6001 0
      vertex 18.4405 -10.6005 0
    endloop
  endfacet
  facet normal -0.238359 0.666184 -0.706671
    outer loop
      vertex 18.4415 -10.6001 0
      vertex 17.9935 -9.1268 1.54
      vertex 18.1506 -9.07059 1.54
    endloop
  endfacet
  facet normal -0.103788 -0.699881 -0.706679
    outer loop
      vertex 18.1321 -4.32225 0
      vertex 17.8317 -5.83266 1.54
      vertex 17.8186 -4.27576 0
    endloop
  endfacet
  facet normal -0.37367 -0.60054 -0.70691
    outer loop
      vertex 18.4445 -6.0865 1.54
      vertex 19.2991 -4.80548 0
      vertex 19.3 -4.80604 0
    endloop
  endfacet
  facet normal -0.363745 -0.606878 -0.706675
    outer loop
      vertex 19.2991 -4.80548 0
      vertex 18.4445 -6.0865 1.54
      vertex 18.3014 -6.00073 1.54
    endloop
  endfacet
  facet normal -0.178004 -0.684632 -0.70682
    outer loop
      vertex 17.9935 -5.8732 1.54
      vertex 18.4395 -4.39925 0
      vertex 18.4405 -4.39951 0
    endloop
  endfacet
  facet normal -0.171961 -0.686316 -0.706682
    outer loop
      vertex 18.4395 -4.39925 0
      vertex 17.9935 -5.8732 1.54
      vertex 17.8317 -5.83266 1.54
    endloop
  endfacet
  facet normal 0.03472 -0.70668 -0.70668
    outer loop
      vertex 17.5 -4.26 0
      vertex 17.5 -5.8 1.54
      vertex 17.1835 -4.27555 0
    endloop
  endfacet
  facet normal -0.421511 -0.568282 -0.706671
    outer loop
      vertex 19.3009 -4.80668 0
      vertex 19.5554 -4.99545 0
      vertex 18.5785 -6.18588 1.54
    endloop
  endfacet
  facet normal -0.568366 -0.421367 -0.70669
    outer loop
      vertex 20.0046 -5.44456 0
      vertex 20.1933 -5.69909 0
      vertex 18.8141 -6.42153 1.54
    endloop
  endfacet
  facet normal -0.68633 -0.171923 -0.706678
    outer loop
      vertex 20.6007 -6.56052 0
      vertex 20.6777 -6.86791 0
      vertex 19.1673 -7.16835 1.54
    endloop
  endfacet
  facet normal -0.686379 -0.171775 -0.706666
    outer loop
      vertex 19.1268 -7.00652 1.54
      vertex 20.6007 -6.56052 0
      vertex 19.1673 -7.16835 1.54
    endloop
  endfacet
  facet normal -0.696279 -0.1339 -0.705172
    outer loop
      vertex 20.6007 -6.56052 0
      vertex 19.1268 -7.00652 1.54
      vertex 20.6005 -6.55948 0
    endloop
  endfacet
  facet normal -0.630844 0.321859 -0.706004
    outer loop
      vertex 20.4929 -8.74087 0
      vertex 19.0706 -8.15056 1.54
      vertex 20.4934 -8.73989 0
    endloop
  endfacet
  facet normal -0.639648 0.302413 -0.706681
    outer loop
      vertex 19.0706 -8.15056 1.54
      vertex 20.4929 -8.74087 0
      vertex 18.9993 -8.30137 1.54
    endloop
  endfacet
  facet normal -0.624223 0.335604 -0.705489
    outer loop
      vertex 18.9135 -8.44447 1.54
      vertex 20.1945 -9.29912 0
      vertex 20.194 -9.30005 0
    endloop
  endfacet
  facet normal -0.606818 0.363836 -0.706679
    outer loop
      vertex 20.1945 -9.29912 0
      vertex 18.9135 -8.44447 1.54
      vertex 18.9993 -8.30137 1.54
    endloop
  endfacet
  facet normal -0.666207 0.238258 -0.706683
    outer loop
      vertex 20.6001 -8.44154 0
      vertex 20.4934 -8.73989 0
      vertex 19.0706 -8.15056 1.54
    endloop
  endfacet
  facet normal -0.706683 0.0346085 -0.706683
    outer loop
      vertex 20.74 -7.5 0
      vertex 20.7245 -7.8165 0
      vertex 19.2 -7.5 1.54
    endloop
  endfacet
  facet normal 0.6396 -0.302541 -0.706669
    outer loop
      vertex 14.6426 -5.97267 0
      vertex 16.0007 -6.69862 1.54
      vertex 14.5071 -6.25913 0
    endloop
  endfacet
  facet normal 0.302553 -0.639586 -0.706677
    outer loop
      vertex 16.2591 -4.50709 0
      vertex 16.6986 -6.00073 1.54
      vertex 15.9727 -4.64257 0
    endloop
  endfacet
  facet normal 0.524132 -0.475266 -0.706688
    outer loop
      vertex 15.2083 -5.20977 0
      vertex 16.1859 -6.42153 1.54
      vertex 14.9954 -5.44456 0
    endloop
  endfacet
  facet normal 0.686379 -0.171775 -0.706666
    outer loop
      vertex 14.3993 -6.56052 0
      vertex 15.8732 -7.00652 1.54
      vertex 15.8327 -7.16835 1.54
    endloop
  endfacet
  facet normal 0.696279 -0.1339 -0.705172
    outer loop
      vertex 15.8732 -7.00652 1.54
      vertex 14.3993 -6.56052 0
      vertex 14.3995 -6.55948 0
    endloop
  endfacet
  facet normal 0.706662 -0.0347754 -0.706696
    outer loop
      vertex 14.2755 -7.1835 0
      vertex 15.8082 -7.33337 1.54
      vertex 15.8 -7.5 1.54
    endloop
  endfacet
  facet normal 0.704097 -0.0651942 -0.707104
    outer loop
      vertex 15.8082 -7.33337 1.54
      vertex 14.2755 -7.1835 0
      vertex 14.2756 -7.18242 0
    endloop
  endfacet
  facet normal 0.699875 0.103826 -0.706679
    outer loop
      vertex 15.8327 -7.83165 1.54
      vertex 14.3223 -8.13209 0
      vertex 14.2758 -7.81864 0
    endloop
  endfacet
  facet normal -0.139016 0.695079 -0.705365
    outer loop
      vertex 17.6666 -9.19181 1.54
      vertex 17.8186 -10.7242 0
      vertex 17.8176 -10.7244 0
    endloop
  endfacet
  facet normal -0.103775 0.699889 -0.706673
    outer loop
      vertex 17.8186 -10.7242 0
      vertex 17.6666 -9.19181 1.54
      vertex 17.8317 -9.16733 1.54
    endloop
  endfacet
  facet normal 0.316624 0.633248 -0.70622
    outer loop
      vertex 16.2591 -10.4929 0
      vertex 16.8494 -9.07059 1.54
      vertex 16.2601 -10.4934 0
    endloop
  endfacet
  facet normal 0.302499 0.639608 -0.706679
    outer loop
      vertex 16.8494 -9.07059 1.54
      vertex 16.2591 -10.4929 0
      vertex 16.6986 -8.99927 1.54
    endloop
  endfacet
  facet normal 0.17192 0.686339 -0.70667
    outer loop
      vertex 17.1683 -9.16733 1.54
      vertex 16.8679 -10.6777 0
      vertex 16.5605 -10.6007 0
    endloop
  endfacet
  facet normal -0.316624 0.633248 -0.70622
    outer loop
      vertex 18.1506 -9.07059 1.54
      vertex 18.7409 -10.4929 0
      vertex 18.7399 -10.4934 0
    endloop
  endfacet
  facet normal -0.302499 0.639608 -0.706679
    outer loop
      vertex 18.7409 -10.4929 0
      vertex 18.1506 -9.07059 1.54
      vertex 18.3014 -8.99927 1.54
    endloop
  endfacet
  facet normal -0.171918 -0.686331 -0.706678
    outer loop
      vertex 18.1321 -4.32225 0
      vertex 18.4395 -4.39925 0
      vertex 17.8317 -5.83266 1.54
    endloop
  endfacet
  facet normal -0.238344 -0.666184 -0.706677
    outer loop
      vertex 18.4415 -4.39987 0
      vertex 18.7399 -4.50663 0
      vertex 18.1506 -5.9294 1.54
    endloop
  endfacet
  facet normal 0.171961 -0.686316 -0.706682
    outer loop
      vertex 17.0065 -5.8732 1.54
      vertex 16.5605 -4.39925 0
      vertex 17.1683 -5.83266 1.54
    endloop
  endfacet
  facet normal 0.178004 -0.684632 -0.70682
    outer loop
      vertex 16.5605 -4.39925 0
      vertex 17.0065 -5.8732 1.54
      vertex 16.5595 -4.39951 0
    endloop
  endfacet
  facet normal 0.171918 -0.686331 -0.706678
    outer loop
      vertex 16.8679 -4.32225 0
      vertex 17.1683 -5.83266 1.54
      vertex 16.5605 -4.39925 0
    endloop
  endfacet
  facet normal 0.111818 -0.698861 -0.706463
    outer loop
      vertex 17.3334 -5.80819 1.54
      vertex 17.1814 -4.27576 0
      vertex 17.1824 -4.2756 0
    endloop
  endfacet
  facet normal 0.103732 -0.699885 -0.706683
    outer loop
      vertex 17.1814 -4.27576 0
      vertex 17.3334 -5.80819 1.54
      vertex 17.1683 -5.83266 1.54
    endloop
  endfacet
  facet normal -0.103732 -0.699885 -0.706683
    outer loop
      vertex 17.6666 -5.80819 1.54
      vertex 17.8186 -4.27576 0
      vertex 17.8317 -5.83266 1.54
    endloop
  endfacet
  facet normal -0.111818 -0.698861 -0.706463
    outer loop
      vertex 17.8186 -4.27576 0
      vertex 17.6666 -5.80819 1.54
      vertex 17.8176 -4.2756 0
    endloop
  endfacet
  facet normal -0.03472 -0.70668 -0.70668
    outer loop
      vertex 17.5 -4.26 0
      vertex 17.8165 -4.27555 0
      vertex 17.5 -5.8 1.54
    endloop
  endfacet
  facet normal -0.524132 -0.475266 -0.706688
    outer loop
      vertex 19.7917 -5.20977 0
      vertex 20.0046 -5.44456 0
      vertex 18.8141 -6.42153 1.54
    endloop
  endfacet
  facet normal -0.606891 -0.363733 -0.706669
    outer loop
      vertex 20.1945 -5.70087 0
      vertex 20.3574 -5.97267 0
      vertex 18.9993 -6.69862 1.54
    endloop
  endfacet
  facet normal -0.606805 -0.363854 -0.706681
    outer loop
      vertex 18.9135 -6.55553 1.54
      vertex 20.1945 -5.70087 0
      vertex 18.9993 -6.69862 1.54
    endloop
  endfacet
  facet normal -0.622568 -0.338352 -0.70564
    outer loop
      vertex 20.1945 -5.70087 0
      vertex 18.9135 -6.55553 1.54
      vertex 20.194 -5.69995 0
    endloop
  endfacet
  facet normal -0.363746 -0.606877 -0.706675
    outer loop
      vertex 19.0273 -4.64257 0
      vertex 19.2991 -4.80548 0
      vertex 18.3014 -6.00073 1.54
    endloop
  endfacet
  facet normal -0.421477 -0.568303 -0.706674
    outer loop
      vertex 18.4445 -6.0865 1.54
      vertex 19.3009 -4.80668 0
      vertex 18.5785 -6.18588 1.54
    endloop
  endfacet
  facet normal -0.409878 -0.576391 -0.706946
    outer loop
      vertex 19.3009 -4.80668 0
      vertex 18.4445 -6.0865 1.54
      vertex 19.3 -4.80604 0
    endloop
  endfacet
  facet normal -0.47336 -0.525956 -0.706612
    outer loop
      vertex 18.7021 -6.29792 1.54
      vertex 19.7902 -5.20825 0
      vertex 19.791 -5.20897 0
    endloop
  endfacet
  facet normal -0.47519 -0.524219 -0.706675
    outer loop
      vertex 19.7902 -5.20825 0
      vertex 18.7021 -6.29792 1.54
      vertex 18.5785 -6.18588 1.54
    endloop
  endfacet
  facet normal -0.475145 -0.524267 -0.70667
    outer loop
      vertex 19.5554 -4.99545 0
      vertex 19.7902 -5.20825 0
      vertex 18.5785 -6.18588 1.54
    endloop
  endfacet
  facet normal -0.666209 -0.238251 -0.706684
    outer loop
      vertex 20.4934 -6.2601 0
      vertex 20.6001 -6.55846 0
      vertex 19.0706 -6.84944 1.54
    endloop
  endfacet
  facet normal -0.696198 -0.131358 -0.705729
    outer loop
      vertex 19.1918 -7.33337 1.54
      vertex 20.7242 -7.18136 0
      vertex 20.7244 -7.18242 0
    endloop
  endfacet
  facet normal -0.69987 -0.103907 -0.706672
    outer loop
      vertex 20.7242 -7.18136 0
      vertex 19.1918 -7.33337 1.54
      vertex 19.1673 -7.16835 1.54
    endloop
  endfacet
  facet normal -0.568358 0.421378 -0.706689
    outer loop
      vertex 20.1933 -9.30091 0
      vertex 20.0046 -9.55543 0
      vertex 18.8141 -8.57847 1.54
    endloop
  endfacet
  facet normal -0.696279 0.1339 -0.705172
    outer loop
      vertex 19.1268 -7.99348 1.54
      vertex 20.6007 -8.43948 0
      vertex 20.6005 -8.44052 0
    endloop
  endfacet
  facet normal -0.686379 0.171775 -0.706666
    outer loop
      vertex 20.6007 -8.43948 0
      vertex 19.1268 -7.99348 1.54
      vertex 19.1673 -7.83165 1.54
    endloop
  endfacet
  facet normal -0.68633 0.171923 -0.706678
    outer loop
      vertex 20.6777 -8.13209 0
      vertex 20.6007 -8.43948 0
      vertex 19.1673 -7.83165 1.54
    endloop
  endfacet
  facet normal 0.421477 -0.568303 -0.706674
    outer loop
      vertex 15.6991 -4.80668 0
      vertex 16.5555 -6.0865 1.54
      vertex 16.4215 -6.18588 1.54
    endloop
  endfacet
  facet normal 0.409878 -0.576391 -0.706946
    outer loop
      vertex 16.5555 -6.0865 1.54
      vertex 15.6991 -4.80668 0
      vertex 15.7 -4.80604 0
    endloop
  endfacet
  facet normal 0.475145 -0.524267 -0.70667
    outer loop
      vertex 15.4446 -4.99545 0
      vertex 16.4215 -6.18588 1.54
      vertex 15.2098 -5.20825 0
    endloop
  endfacet
  facet normal 0.606805 -0.363854 -0.706681
    outer loop
      vertex 14.8055 -5.70087 0
      vertex 16.0865 -6.55553 1.54
      vertex 16.0007 -6.69862 1.54
    endloop
  endfacet
  facet normal 0.622568 -0.338352 -0.70564
    outer loop
      vertex 16.0865 -6.55553 1.54
      vertex 14.8055 -5.70087 0
      vertex 14.806 -5.69995 0
    endloop
  endfacet
  facet normal 0.639655 -0.302396 -0.706681
    outer loop
      vertex 15.9294 -6.84944 1.54
      vertex 14.5071 -6.25913 0
      vertex 16.0007 -6.69862 1.54
    endloop
  endfacet
  facet normal 0.629604 -0.324538 -0.705885
    outer loop
      vertex 14.5071 -6.25913 0
      vertex 15.9294 -6.84944 1.54
      vertex 14.5066 -6.2601 0
    endloop
  endfacet
  facet normal 0.666209 -0.238251 -0.706684
    outer loop
      vertex 14.5066 -6.2601 0
      vertex 15.9294 -6.84944 1.54
      vertex 14.3999 -6.55846 0
    endloop
  endfacet
  facet normal 0.706683 -0.0346085 -0.706683
    outer loop
      vertex 14.2755 -7.1835 0
      vertex 15.8 -7.5 1.54
      vertex 14.26 -7.5 0
    endloop
  endfacet
  facet normal 0.706683 0.0346085 -0.706683
    outer loop
      vertex 15.8 -7.5 1.54
      vertex 14.2755 -7.8165 0
      vertex 14.26 -7.5 0
    endloop
  endfacet
  facet normal 0.68633 -0.171923 -0.706678
    outer loop
      vertex 14.3993 -6.56052 0
      vertex 15.8327 -7.16835 1.54
      vertex 14.3223 -6.86791 0
    endloop
  endfacet
  facet normal 0.421406 0.568352 -0.706677
    outer loop
      vertex 16.4215 -8.81412 1.54
      vertex 15.6991 -10.1933 0
      vertex 15.4446 -10.0046 0
    endloop
  endfacet
  facet normal 0.568358 0.421378 -0.706689
    outer loop
      vertex 16.1859 -8.57847 1.54
      vertex 14.9954 -9.55543 0
      vertex 14.8067 -9.30091 0
    endloop
  endfacet
  facet normal 0.532747 0.466154 -0.706316
    outer loop
      vertex 15.2083 -9.79023 0
      vertex 16.2979 -8.70208 1.54
      vertex 15.209 -9.79103 0
    endloop
  endfacet
  facet normal 0.524328 0.475081 -0.706667
    outer loop
      vertex 16.2979 -8.70208 1.54
      vertex 15.2083 -9.79023 0
      vertex 16.1859 -8.57847 1.54
    endloop
  endfacet
  facet normal 0.47519 0.524219 -0.706675
    outer loop
      vertex 15.2098 -9.79175 0
      vertex 16.2979 -8.70208 1.54
      vertex 16.4215 -8.81412 1.54
    endloop
  endfacet
  facet normal 0.47336 0.525956 -0.706612
    outer loop
      vertex 16.2979 -8.70208 1.54
      vertex 15.2098 -9.79175 0
      vertex 15.209 -9.79103 0
    endloop
  endfacet
  facet normal 0.639596 0.302549 -0.706669
    outer loop
      vertex 16.0007 -8.30137 1.54
      vertex 14.6426 -9.02732 0
      vertex 14.5071 -8.74087 0
    endloop
  endfacet
  facet normal 0.606891 0.363733 -0.706669
    outer loop
      vertex 16.0007 -8.30137 1.54
      vertex 14.8055 -9.29912 0
      vertex 14.6426 -9.02732 0
    endloop
  endfacet
  facet normal 0.68633 0.171923 -0.706678
    outer loop
      vertex 15.8327 -7.83165 1.54
      vertex 14.3993 -8.43948 0
      vertex 14.3223 -8.13209 0
    endloop
  endfacet
  facet normal 0.696279 0.1339 -0.705172
    outer loop
      vertex 14.3993 -8.43948 0
      vertex 15.8732 -7.99348 1.54
      vertex 14.3995 -8.44052 0
    endloop
  endfacet
  facet normal 0.686379 0.171775 -0.706666
    outer loop
      vertex 15.8732 -7.99348 1.54
      vertex 14.3993 -8.43948 0
      vertex 15.8327 -7.83165 1.54
    endloop
  endfacet
  facet normal 0.363747 0.606881 -0.706671
    outer loop
      vertex 15.7009 -10.1945 0
      vertex 16.5555 -8.9135 1.54
      vertex 16.6986 -8.99927 1.54
    endloop
  endfacet
  facet normal 0.343979 0.619162 -0.705916
    outer loop
      vertex 16.5555 -8.9135 1.54
      vertex 15.7009 -10.1945 0
      vertex 15.7 -10.194 0
    endloop
  endfacet
  facet normal 0.302591 0.639573 -0.706672
    outer loop
      vertex 16.6986 -8.99927 1.54
      vertex 16.2591 -10.4929 0
      vertex 15.9727 -10.3574 0
    endloop
  endfacet
  facet normal 0.363733 0.606891 -0.706669
    outer loop
      vertex 16.6986 -8.99927 1.54
      vertex 15.9727 -10.3574 0
      vertex 15.7009 -10.1945 0
    endloop
  endfacet
  facet normal 0.171924 0.686338 -0.70667
    outer loop
      vertex 16.5605 -10.6007 0
      vertex 17.0065 -9.1268 1.54
      vertex 17.1683 -9.16733 1.54
    endloop
  endfacet
  facet normal 0.139002 0.69501 -0.705435
    outer loop
      vertex 17.0065 -9.1268 1.54
      vertex 16.5605 -10.6007 0
      vertex 16.5595 -10.6005 0
    endloop
  endfacet
  facet normal 0.103811 0.699886 -0.70667
    outer loop
      vertex 17.1683 -9.16733 1.54
      vertex 17.1814 -10.7242 0
      vertex 16.8679 -10.6777 0
    endloop
  endfacet
  facet normal 0.238223 0.666221 -0.706682
    outer loop
      vertex 16.8494 -9.07059 1.54
      vertex 16.5585 -10.6001 0
      vertex 16.2601 -10.4934 0
    endloop
  endfacet
  facet normal -0.421406 0.568352 -0.706677
    outer loop
      vertex 19.5554 -10.0046 0
      vertex 19.3009 -10.1933 0
      vertex 18.5785 -8.81412 1.54
    endloop
  endfacet
  facet normal -0.302591 0.639573 -0.706672
    outer loop
      vertex 19.0273 -10.3574 0
      vertex 18.7409 -10.4929 0
      vertex 18.3014 -8.99927 1.54
    endloop
  endfacet
  facet normal -0.302553 -0.639586 -0.706677
    outer loop
      vertex 18.7409 -4.50709 0
      vertex 19.0273 -4.64257 0
      vertex 18.3014 -6.00073 1.54
    endloop
  endfacet
  facet normal -0.302534 -0.639593 -0.706678
    outer loop
      vertex 18.1506 -5.9294 1.54
      vertex 18.7409 -4.50709 0
      vertex 18.3014 -6.00073 1.54
    endloop
  endfacet
  facet normal -0.295615 -0.642641 -0.706841
    outer loop
      vertex 18.7409 -4.50709 0
      vertex 18.1506 -5.9294 1.54
      vertex 18.7399 -4.50663 0
    endloop
  endfacet
  facet normal 0.363746 -0.606877 -0.706675
    outer loop
      vertex 15.9727 -4.64257 0
      vertex 16.6986 -6.00073 1.54
      vertex 15.7009 -4.80548 0
    endloop
  endfacet
  facet normal 0.363745 -0.606878 -0.706675
    outer loop
      vertex 16.5555 -6.0865 1.54
      vertex 15.7009 -4.80548 0
      vertex 16.6986 -6.00073 1.54
    endloop
  endfacet
  facet normal 0.37367 -0.60054 -0.70691
    outer loop
      vertex 15.7009 -4.80548 0
      vertex 16.5555 -6.0865 1.54
      vertex 15.7 -4.80604 0
    endloop
  endfacet
  facet normal 0.03474 -0.706678 -0.706682
    outer loop
      vertex 17.3334 -5.80819 1.54
      vertex 17.1835 -4.27555 0
      vertex 17.5 -5.8 1.54
    endloop
  endfacet
  facet normal 0.0321303 -0.706867 -0.706616
    outer loop
      vertex 17.1835 -4.27555 0
      vertex 17.3334 -5.80819 1.54
      vertex 17.1824 -4.2756 0
    endloop
  endfacet
  facet normal -0.0321303 -0.706867 -0.706616
    outer loop
      vertex 17.6666 -5.80819 1.54
      vertex 17.8165 -4.27555 0
      vertex 17.8176 -4.2756 0
    endloop
  endfacet
  facet normal -0.03474 -0.706678 -0.706682
    outer loop
      vertex 17.8165 -4.27555 0
      vertex 17.6666 -5.80819 1.54
      vertex 17.5 -5.8 1.54
    endloop
  endfacet
  facet normal -0.629604 -0.324538 -0.705885
    outer loop
      vertex 19.0706 -6.84944 1.54
      vertex 20.4929 -6.25913 0
      vertex 20.4934 -6.2601 0
    endloop
  endfacet
  facet normal -0.639655 -0.302396 -0.706681
    outer loop
      vertex 20.4929 -6.25913 0
      vertex 19.0706 -6.84944 1.54
      vertex 18.9993 -6.69862 1.54
    endloop
  endfacet
  facet normal -0.6396 -0.302541 -0.706669
    outer loop
      vertex 20.3574 -5.97267 0
      vertex 20.4929 -6.25913 0
      vertex 18.9993 -6.69862 1.54
    endloop
  endfacet
  facet normal -0.524328 -0.475081 -0.706667
    outer loop
      vertex 18.7021 -6.29792 1.54
      vertex 19.7917 -5.20977 0
      vertex 18.8141 -6.42153 1.54
    endloop
  endfacet
  facet normal -0.532747 -0.466154 -0.706316
    outer loop
      vertex 19.7917 -5.20977 0
      vertex 18.7021 -6.29792 1.54
      vertex 19.791 -5.20897 0
    endloop
  endfacet
  facet normal -0.659328 -0.25856 -0.705999
    outer loop
      vertex 19.1268 -7.00652 1.54
      vertex 20.6001 -6.55846 0
      vertex 20.6005 -6.55948 0
    endloop
  endfacet
  facet normal -0.666183 -0.238347 -0.706676
    outer loop
      vertex 20.6001 -6.55846 0
      vertex 19.1268 -7.00652 1.54
      vertex 19.0706 -6.84944 1.54
    endloop
  endfacet
  facet normal -0.704097 -0.0651942 -0.707104
    outer loop
      vertex 20.7245 -7.1835 0
      vertex 19.1918 -7.33337 1.54
      vertex 20.7244 -7.18242 0
    endloop
  endfacet
  facet normal -0.706662 -0.0347754 -0.706696
    outer loop
      vertex 19.1918 -7.33337 1.54
      vertex 20.7245 -7.1835 0
      vertex 19.2 -7.5 1.54
    endloop
  endfacet
  facet normal -0.606891 0.363733 -0.706669
    outer loop
      vertex 20.3574 -9.02732 0
      vertex 20.1945 -9.29912 0
      vertex 18.9993 -8.30137 1.54
    endloop
  endfacet
  facet normal -0.639596 0.302549 -0.706669
    outer loop
      vertex 20.4929 -8.74087 0
      vertex 20.3574 -9.02732 0
      vertex 18.9993 -8.30137 1.54
    endloop
  endfacet
  facet normal -0.699875 0.103826 -0.706679
    outer loop
      vertex 20.7242 -7.81864 0
      vertex 20.6777 -8.13209 0
      vertex 19.1673 -7.83165 1.54
    endloop
  endfacet
  facet normal -0.69637 0.130163 -0.705781
    outer loop
      vertex 20.7242 -7.81864 0
      vertex 19.1918 -7.66663 1.54
      vertex 20.7244 -7.81757 0
    endloop
  endfacet
  facet normal -0.69987 0.103907 -0.706672
    outer loop
      vertex 19.1918 -7.66663 1.54
      vertex 20.7242 -7.81864 0
      vertex 19.1673 -7.83165 1.54
    endloop
  endfacet
  facet normal 0.47519 -0.524219 -0.706675
    outer loop
      vertex 16.2979 -6.29792 1.54
      vertex 15.2098 -5.20825 0
      vertex 16.4215 -6.18588 1.54
    endloop
  endfacet
  facet normal 0.47336 -0.525956 -0.706612
    outer loop
      vertex 15.2098 -5.20825 0
      vertex 16.2979 -6.29792 1.54
      vertex 15.209 -5.20897 0
    endloop
  endfacet
  facet normal 0.524328 -0.475081 -0.706667
    outer loop
      vertex 15.2083 -5.20977 0
      vertex 16.2979 -6.29792 1.54
      vertex 16.1859 -6.42153 1.54
    endloop
  endfacet
  facet normal 0.532747 -0.466154 -0.706316
    outer loop
      vertex 16.2979 -6.29792 1.54
      vertex 15.2083 -5.20977 0
      vertex 15.209 -5.20897 0
    endloop
  endfacet
  facet normal 0.666183 -0.238347 -0.706676
    outer loop
      vertex 15.8732 -7.00652 1.54
      vertex 14.3999 -6.55846 0
      vertex 15.9294 -6.84944 1.54
    endloop
  endfacet
  facet normal 0.659328 -0.25856 -0.705999
    outer loop
      vertex 14.3999 -6.55846 0
      vertex 15.8732 -7.00652 1.54
      vertex 14.3995 -6.55948 0
    endloop
  endfacet
  facet normal 0.699875 -0.103826 -0.706679
    outer loop
      vertex 14.3223 -6.86791 0
      vertex 15.8327 -7.16835 1.54
      vertex 14.2758 -7.18136 0
    endloop
  endfacet
  facet normal 0.69987 -0.103907 -0.706672
    outer loop
      vertex 15.8082 -7.33337 1.54
      vertex 14.2758 -7.18136 0
      vertex 15.8327 -7.16835 1.54
    endloop
  endfacet
  facet normal 0.696198 -0.131358 -0.705729
    outer loop
      vertex 14.2758 -7.18136 0
      vertex 15.8082 -7.33337 1.54
      vertex 14.2756 -7.18242 0
    endloop
  endfacet
  facet normal 0.524143 0.475256 -0.706687
    outer loop
      vertex 16.1859 -8.57847 1.54
      vertex 15.2083 -9.79023 0
      vertex 14.9954 -9.55543 0
    endloop
  endfacet
  facet normal 0.69987 0.103907 -0.706672
    outer loop
      vertex 14.2758 -7.81864 0
      vertex 15.8082 -7.66663 1.54
      vertex 15.8327 -7.83165 1.54
    endloop
  endfacet
  facet normal 0.69637 0.130163 -0.705781
    outer loop
      vertex 15.8082 -7.66663 1.54
      vertex 14.2758 -7.81864 0
      vertex 14.2756 -7.81757 0
    endloop
  endfacet
  facet normal 0.624223 0.335604 -0.705489
    outer loop
      vertex 14.8055 -9.29912 0
      vertex 16.0865 -8.44447 1.54
      vertex 14.806 -9.30005 0
    endloop
  endfacet
  facet normal 0.606818 0.363836 -0.706679
    outer loop
      vertex 16.0865 -8.44447 1.54
      vertex 14.8055 -9.29912 0
      vertex 16.0007 -8.30137 1.54
    endloop
  endfacet
  facet normal 0.666207 0.238258 -0.706683
    outer loop
      vertex 15.9294 -8.15056 1.54
      vertex 14.5066 -8.73989 0
      vertex 14.3999 -8.44154 0
    endloop
  endfacet
  facet normal 0.639648 0.302413 -0.706681
    outer loop
      vertex 14.5071 -8.74087 0
      vertex 15.9294 -8.15056 1.54
      vertex 16.0007 -8.30137 1.54
    endloop
  endfacet
  facet normal 0.630844 0.321859 -0.706004
    outer loop
      vertex 15.9294 -8.15056 1.54
      vertex 14.5071 -8.74087 0
      vertex 14.5066 -8.73989 0
    endloop
  endfacet
  facet normal -0.238223 0.666221 -0.706682
    outer loop
      vertex 18.7399 -10.4934 0
      vertex 18.4415 -10.6001 0
      vertex 18.1506 -9.07059 1.54
    endloop
  endfacet
  facet normal -0.0640191 0.70421 -0.707099
    outer loop
      vertex 17.8165 -10.7245 0
      vertex 17.6666 -9.19181 1.54
      vertex 17.8176 -10.7244 0
    endloop
  endfacet
  facet normal -0.0347395 0.706666 -0.706694
    outer loop
      vertex 17.6666 -9.19181 1.54
      vertex 17.8165 -10.7245 0
      vertex 17.5 -9.2 1.54
    endloop
  endfacet
  facet normal -0.0346085 0.706683 -0.706683
    outer loop
      vertex 17.5 -9.2 1.54
      vertex 17.8165 -10.7245 0
      vertex 17.5 -10.74 0
    endloop
  endfacet
  facet normal 0.139016 0.695079 -0.705365
    outer loop
      vertex 17.1814 -10.7242 0
      vertex 17.3334 -9.19181 1.54
      vertex 17.1824 -10.7244 0
    endloop
  endfacet
  facet normal 0.103775 0.699889 -0.706673
    outer loop
      vertex 17.3334 -9.19181 1.54
      vertex 17.1814 -10.7242 0
      vertex 17.1683 -9.16733 1.54
    endloop
  endfacet
  facet normal 0.0347395 0.706666 -0.706694
    outer loop
      vertex 17.1835 -10.7245 0
      vertex 17.3334 -9.19181 1.54
      vertex 17.5 -9.2 1.54
    endloop
  endfacet
  facet normal 0.0640191 0.70421 -0.707099
    outer loop
      vertex 17.3334 -9.19181 1.54
      vertex 17.1835 -10.7245 0
      vertex 17.1824 -10.7244 0
    endloop
  endfacet
  facet normal 0.263099 0.657747 -0.705796
    outer loop
      vertex 16.5585 -10.6001 0
      vertex 17.0065 -9.1268 1.54
      vertex 16.5595 -10.6005 0
    endloop
  endfacet
  facet normal 0.238359 0.666184 -0.706671
    outer loop
      vertex 17.0065 -9.1268 1.54
      vertex 16.5585 -10.6001 0
      vertex 16.8494 -9.07059 1.54
    endloop
  endfacet
  facet normal -0.549615 0.447361 -0.705543
    outer loop
      vertex 20.1933 -9.30091 0
      vertex 18.9135 -8.44447 1.54
      vertex 20.194 -9.30005 0
    endloop
  endfacet
  facet normal -0.568262 0.421532 -0.706675
    outer loop
      vertex 18.9135 -8.44447 1.54
      vertex 20.1933 -9.30091 0
      vertex 18.8141 -8.57847 1.54
    endloop
  endfacet
  facet normal -0.363733 0.606891 -0.706669
    outer loop
      vertex 19.2991 -10.1945 0
      vertex 19.0273 -10.3574 0
      vertex 18.3014 -8.99927 1.54
    endloop
  endfacet
  facet normal -0.475201 0.524206 -0.706676
    outer loop
      vertex 19.7902 -9.79175 0
      vertex 19.5554 -10.0046 0
      vertex 18.5785 -8.81412 1.54
    endloop
  endfacet
  facet normal -0.238319 -0.66619 -0.706679
    outer loop
      vertex 17.9935 -5.8732 1.54
      vertex 18.4415 -4.39987 0
      vertex 18.1506 -5.9294 1.54
    endloop
  endfacet
  facet normal -0.239668 -0.665743 -0.706643
    outer loop
      vertex 18.4415 -4.39987 0
      vertex 17.9935 -5.8732 1.54
      vertex 18.4405 -4.39951 0
    endloop
  endfacet
  facet normal 0.238344 -0.666184 -0.706677
    outer loop
      vertex 16.5585 -4.39987 0
      vertex 16.8494 -5.9294 1.54
      vertex 16.2601 -4.50663 0
    endloop
  endfacet
  facet normal 0.302534 -0.639593 -0.706678
    outer loop
      vertex 16.2591 -4.50709 0
      vertex 16.8494 -5.9294 1.54
      vertex 16.6986 -6.00073 1.54
    endloop
  endfacet
  facet normal 0.295615 -0.642641 -0.706841
    outer loop
      vertex 16.8494 -5.9294 1.54
      vertex 16.2591 -4.50709 0
      vertex 16.2601 -4.50663 0
    endloop
  endfacet
  facet normal -0.549615 -0.447361 -0.705543
    outer loop
      vertex 18.9135 -6.55553 1.54
      vertex 20.1933 -5.69909 0
      vertex 20.194 -5.69995 0
    endloop
  endfacet
  facet normal -0.568262 -0.421532 -0.706675
    outer loop
      vertex 20.1933 -5.69909 0
      vertex 18.9135 -6.55553 1.54
      vertex 18.8141 -6.42153 1.54
    endloop
  endfacet
  facet normal -0.659328 0.25856 -0.705999
    outer loop
      vertex 20.6001 -8.44154 0
      vertex 19.1268 -7.99348 1.54
      vertex 20.6005 -8.44052 0
    endloop
  endfacet
  facet normal -0.666183 0.238347 -0.706676
    outer loop
      vertex 19.1268 -7.99348 1.54
      vertex 20.6001 -8.44154 0
      vertex 19.0706 -8.15056 1.54
    endloop
  endfacet
  facet normal -0.706662 0.0347754 -0.706696
    outer loop
      vertex 20.7245 -7.8165 0
      vertex 19.1918 -7.66663 1.54
      vertex 19.2 -7.5 1.54
    endloop
  endfacet
  facet normal -0.70404 0.0657981 -0.707106
    outer loop
      vertex 19.1918 -7.66663 1.54
      vertex 20.7245 -7.8165 0
      vertex 20.7244 -7.81757 0
    endloop
  endfacet
  facet normal 0.666183 0.238347 -0.706676
    outer loop
      vertex 14.3999 -8.44154 0
      vertex 15.8732 -7.99348 1.54
      vertex 15.9294 -8.15056 1.54
    endloop
  endfacet
  facet normal 0.659328 0.25856 -0.705999
    outer loop
      vertex 15.8732 -7.99348 1.54
      vertex 14.3999 -8.44154 0
      vertex 14.3995 -8.44052 0
    endloop
  endfacet
  facet normal 0.568262 0.421532 -0.706675
    outer loop
      vertex 14.8067 -9.30091 0
      vertex 16.0865 -8.44447 1.54
      vertex 16.1859 -8.57847 1.54
    endloop
  endfacet
  facet normal 0.549615 0.447361 -0.705543
    outer loop
      vertex 16.0865 -8.44447 1.54
      vertex 14.8067 -9.30091 0
      vertex 14.806 -9.30005 0
    endloop
  endfacet
  facet normal -0.103811 0.699886 -0.70667
    outer loop
      vertex 17.8317 -9.16733 1.54
      vertex 18.1321 -10.6777 0
      vertex 17.8186 -10.7242 0
    endloop
  endfacet
  facet normal -0.17192 0.686339 -0.70667
    outer loop
      vertex 18.4395 -10.6007 0
      vertex 18.1321 -10.6777 0
      vertex 17.8317 -9.16733 1.54
    endloop
  endfacet
  facet normal -0.532747 0.466154 -0.706316
    outer loop
      vertex 18.7021 -8.70208 1.54
      vertex 19.7917 -9.79023 0
      vertex 19.791 -9.79103 0
    endloop
  endfacet
  facet normal -0.524328 0.475081 -0.706667
    outer loop
      vertex 19.7917 -9.79023 0
      vertex 18.7021 -8.70208 1.54
      vertex 18.8141 -8.57847 1.54
    endloop
  endfacet
  facet normal -0.343979 0.619162 -0.705916
    outer loop
      vertex 19.2991 -10.1945 0
      vertex 18.4445 -8.9135 1.54
      vertex 19.3 -10.194 0
    endloop
  endfacet
  facet normal -0.363747 0.606881 -0.706671
    outer loop
      vertex 18.4445 -8.9135 1.54
      vertex 19.2991 -10.1945 0
      vertex 18.3014 -8.99927 1.54
    endloop
  endfacet
  facet normal -0.434687 0.558883 -0.706185
    outer loop
      vertex 18.4445 -8.9135 1.54
      vertex 19.3009 -10.1933 0
      vertex 19.3 -10.194 0
    endloop
  endfacet
  facet normal -0.421479 0.568306 -0.706671
    outer loop
      vertex 19.3009 -10.1933 0
      vertex 18.4445 -8.9135 1.54
      vertex 18.5785 -8.81412 1.54
    endloop
  endfacet
  facet normal -0.139002 0.69501 -0.705435
    outer loop
      vertex 18.4395 -10.6007 0
      vertex 17.9935 -9.1268 1.54
      vertex 18.4405 -10.6005 0
    endloop
  endfacet
  facet normal -0.171924 0.686338 -0.70667
    outer loop
      vertex 17.9935 -9.1268 1.54
      vertex 18.4395 -10.6007 0
      vertex 17.8317 -9.16733 1.54
    endloop
  endfacet
  facet normal -0.998791 -0.0491602 0
    outer loop
      vertex 19.2 27.5 1.54
      vertex 19.1918 27.6666 2.4
      vertex 19.1918 27.6666 1.54
    endloop
  endfacet
  facet normal -0.998791 -0.0491602 0
    outer loop
      vertex 19.1918 27.6666 2.4
      vertex 19.2 27.5 1.54
      vertex 19.2 27.5 2.4
    endloop
  endfacet
  facet normal 0.0491602 -0.998791 0
    outer loop
      vertex 17.3334 29.1918 1.54
      vertex 17.5 29.2 2.4
      vertex 17.3334 29.1918 2.4
    endloop
  endfacet
  facet normal 0.0491602 -0.998791 0
    outer loop
      vertex 17.5 29.2 2.4
      vertex 17.3334 29.1918 1.54
      vertex 17.5 29.2 1.54
    endloop
  endfacet
  facet normal -0.0491602 0.998791 0
    outer loop
      vertex 17.6666 25.8082 1.54
      vertex 17.5 25.8 2.4
      vertex 17.6666 25.8082 2.4
    endloop
  endfacet
  facet normal -0.0491602 0.998791 0
    outer loop
      vertex 17.5 25.8 2.4
      vertex 17.6666 25.8082 1.54
      vertex 17.5 25.8 1.54
    endloop
  endfacet
  facet normal -0.671478 -0.741024 0
    outer loop
      vertex 18.5785 28.8141 1.54
      vertex 18.7021 28.7021 2.4
      vertex 18.5785 28.8141 2.4
    endloop
  endfacet
  facet normal -0.671478 -0.741024 -0
    outer loop
      vertex 18.7021 28.7021 2.4
      vertex 18.5785 28.8141 1.54
      vertex 18.7021 28.7021 1.54
    endloop
  endfacet
  facet normal 0.741024 -0.671478 0
    outer loop
      vertex 16.1859 28.5785 2.4
      vertex 16.2979 28.7021 1.54
      vertex 16.2979 28.7021 2.4
    endloop
  endfacet
  facet normal 0.741024 -0.671478 0
    outer loop
      vertex 16.2979 28.7021 1.54
      vertex 16.1859 28.5785 2.4
      vertex 16.1859 28.5785 1.54
    endloop
  endfacet
  facet normal 0.427442 -0.904043 0
    outer loop
      vertex 16.6986 28.9993 1.54
      vertex 16.8494 29.0706 2.4
      vertex 16.6986 28.9993 2.4
    endloop
  endfacet
  facet normal 0.427442 -0.904043 0
    outer loop
      vertex 16.8494 29.0706 2.4
      vertex 16.6986 28.9993 1.54
      vertex 16.8494 29.0706 1.54
    endloop
  endfacet
  facet normal -0.857652 0.514231 0
    outer loop
      vertex 18.9135 26.5555 1.54
      vertex 18.9993 26.6986 2.4
      vertex 18.9993 26.6986 1.54
    endloop
  endfacet
  facet normal -0.857652 0.514231 0
    outer loop
      vertex 18.9993 26.6986 2.4
      vertex 18.9135 26.5555 1.54
      vertex 18.9135 26.5555 2.4
    endloop
  endfacet
  facet normal -0.904043 -0.427442 0
    outer loop
      vertex 19.0706 28.1506 1.54
      vertex 18.9993 28.3014 2.4
      vertex 18.9993 28.3014 1.54
    endloop
  endfacet
  facet normal -0.904043 -0.427442 0
    outer loop
      vertex 18.9993 28.3014 2.4
      vertex 19.0706 28.1506 1.54
      vertex 19.0706 28.1506 2.4
    endloop
  endfacet
  facet normal -0.33683 -0.941566 0
    outer loop
      vertex 17.9935 29.1268 1.54
      vertex 18.1506 29.0706 2.4
      vertex 17.9935 29.1268 2.4
    endloop
  endfacet
  facet normal -0.33683 -0.941566 -0
    outer loop
      vertex 18.1506 29.0706 2.4
      vertex 17.9935 29.1268 1.54
      vertex 18.1506 29.0706 1.54
    endloop
  endfacet
  facet normal -0.514231 -0.857652 0
    outer loop
      vertex 18.3014 28.9993 1.54
      vertex 18.4445 28.9135 2.4
      vertex 18.3014 28.9993 2.4
    endloop
  endfacet
  facet normal -0.514231 -0.857652 -0
    outer loop
      vertex 18.4445 28.9135 2.4
      vertex 18.3014 28.9993 1.54
      vertex 18.4445 28.9135 1.54
    endloop
  endfacet
  facet normal 0.941566 -0.33683 0
    outer loop
      vertex 15.8732 27.9935 2.4
      vertex 15.9294 28.1506 1.54
      vertex 15.9294 28.1506 2.4
    endloop
  endfacet
  facet normal 0.941566 -0.33683 0
    outer loop
      vertex 15.9294 28.1506 1.54
      vertex 15.8732 27.9935 2.4
      vertex 15.8732 27.9935 1.54
    endloop
  endfacet
  facet normal 0.242818 -0.970072 0
    outer loop
      vertex 17.0065 29.1268 1.54
      vertex 17.1683 29.1673 2.4
      vertex 17.0065 29.1268 2.4
    endloop
  endfacet
  facet normal 0.242818 -0.970072 0
    outer loop
      vertex 17.1683 29.1673 2.4
      vertex 17.0065 29.1268 1.54
      vertex 17.1683 29.1673 1.54
    endloop
  endfacet
  facet normal -0.989168 0.146788 0
    outer loop
      vertex 19.1673 27.1683 1.54
      vertex 19.1918 27.3334 2.4
      vertex 19.1918 27.3334 1.54
    endloop
  endfacet
  facet normal -0.989168 0.146788 0
    outer loop
      vertex 19.1918 27.3334 2.4
      vertex 19.1673 27.1683 1.54
      vertex 19.1673 27.1683 2.4
    endloop
  endfacet
  facet normal -0.146788 0.989168 0
    outer loop
      vertex 17.8317 25.8327 1.54
      vertex 17.6666 25.8082 2.4
      vertex 17.8317 25.8327 2.4
    endloop
  endfacet
  facet normal -0.146788 0.989168 0
    outer loop
      vertex 17.6666 25.8082 2.4
      vertex 17.8317 25.8327 1.54
      vertex 17.6666 25.8082 1.54
    endloop
  endfacet
  facet normal -0.970072 -0.242818 0
    outer loop
      vertex 19.1673 27.8317 1.54
      vertex 19.1268 27.9935 2.4
      vertex 19.1268 27.9935 1.54
    endloop
  endfacet
  facet normal -0.970072 -0.242818 0
    outer loop
      vertex 19.1268 27.9935 2.4
      vertex 19.1673 27.8317 1.54
      vertex 19.1673 27.8317 2.4
    endloop
  endfacet
  facet normal -0.989168 -0.146788 0
    outer loop
      vertex 19.1918 27.6666 1.54
      vertex 19.1673 27.8317 2.4
      vertex 19.1673 27.8317 1.54
    endloop
  endfacet
  facet normal -0.989168 -0.146788 0
    outer loop
      vertex 19.1673 27.8317 2.4
      vertex 19.1918 27.6666 1.54
      vertex 19.1918 27.6666 2.4
    endloop
  endfacet
  facet normal -0.941566 -0.33683 0
    outer loop
      vertex 19.1268 27.9935 1.54
      vertex 19.0706 28.1506 2.4
      vertex 19.0706 28.1506 1.54
    endloop
  endfacet
  facet normal -0.941566 -0.33683 0
    outer loop
      vertex 19.0706 28.1506 2.4
      vertex 19.1268 27.9935 1.54
      vertex 19.1268 27.9935 2.4
    endloop
  endfacet
  facet normal -0.803154 -0.595772 0
    outer loop
      vertex 18.9135 28.4445 1.54
      vertex 18.8141 28.5785 2.4
      vertex 18.8141 28.5785 1.54
    endloop
  endfacet
  facet normal -0.803154 -0.595772 0
    outer loop
      vertex 18.8141 28.5785 2.4
      vertex 18.9135 28.4445 1.54
      vertex 18.9135 28.4445 2.4
    endloop
  endfacet
  facet normal -0.741024 -0.671478 0
    outer loop
      vertex 18.8141 28.5785 1.54
      vertex 18.7021 28.7021 2.4
      vertex 18.7021 28.7021 1.54
    endloop
  endfacet
  facet normal -0.741024 -0.671478 0
    outer loop
      vertex 18.7021 28.7021 2.4
      vertex 18.8141 28.5785 1.54
      vertex 18.8141 28.5785 2.4
    endloop
  endfacet
  facet normal -0.857652 -0.514231 0
    outer loop
      vertex 18.9993 28.3014 1.54
      vertex 18.9135 28.4445 2.4
      vertex 18.9135 28.4445 1.54
    endloop
  endfacet
  facet normal -0.857652 -0.514231 0
    outer loop
      vertex 18.9135 28.4445 2.4
      vertex 18.9993 28.3014 1.54
      vertex 18.9993 28.3014 2.4
    endloop
  endfacet
  facet normal -0.146788 -0.989168 0
    outer loop
      vertex 17.6666 29.1918 1.54
      vertex 17.8317 29.1673 2.4
      vertex 17.6666 29.1918 2.4
    endloop
  endfacet
  facet normal -0.146788 -0.989168 -0
    outer loop
      vertex 17.8317 29.1673 2.4
      vertex 17.6666 29.1918 1.54
      vertex 17.8317 29.1673 1.54
    endloop
  endfacet
  facet normal -0.242818 -0.970072 0
    outer loop
      vertex 17.8317 29.1673 1.54
      vertex 17.9935 29.1268 2.4
      vertex 17.8317 29.1673 2.4
    endloop
  endfacet
  facet normal -0.242818 -0.970072 -0
    outer loop
      vertex 17.9935 29.1268 2.4
      vertex 17.8317 29.1673 1.54
      vertex 17.9935 29.1268 1.54
    endloop
  endfacet
  facet normal -0.0491602 -0.998791 0
    outer loop
      vertex 17.5 29.2 1.54
      vertex 17.6666 29.1918 2.4
      vertex 17.5 29.2 2.4
    endloop
  endfacet
  facet normal -0.0491602 -0.998791 -0
    outer loop
      vertex 17.6666 29.1918 2.4
      vertex 17.5 29.2 1.54
      vertex 17.6666 29.1918 1.54
    endloop
  endfacet
  facet normal -0.427442 -0.904043 0
    outer loop
      vertex 18.1506 29.0706 1.54
      vertex 18.3014 28.9993 2.4
      vertex 18.1506 29.0706 2.4
    endloop
  endfacet
  facet normal -0.427442 -0.904043 -0
    outer loop
      vertex 18.3014 28.9993 2.4
      vertex 18.1506 29.0706 1.54
      vertex 18.3014 28.9993 1.54
    endloop
  endfacet
  facet normal -0.595772 -0.803154 0
    outer loop
      vertex 18.4445 28.9135 1.54
      vertex 18.5785 28.8141 2.4
      vertex 18.4445 28.9135 2.4
    endloop
  endfacet
  facet normal -0.595772 -0.803154 -0
    outer loop
      vertex 18.5785 28.8141 2.4
      vertex 18.4445 28.9135 1.54
      vertex 18.5785 28.8141 1.54
    endloop
  endfacet
  facet normal 0.989168 -0.146788 0
    outer loop
      vertex 15.8082 27.6666 2.4
      vertex 15.8327 27.8317 1.54
      vertex 15.8327 27.8317 2.4
    endloop
  endfacet
  facet normal 0.989168 -0.146788 0
    outer loop
      vertex 15.8327 27.8317 1.54
      vertex 15.8082 27.6666 2.4
      vertex 15.8082 27.6666 1.54
    endloop
  endfacet
  facet normal 0.857652 -0.514231 0
    outer loop
      vertex 16.0007 28.3014 2.4
      vertex 16.0865 28.4445 1.54
      vertex 16.0865 28.4445 2.4
    endloop
  endfacet
  facet normal 0.857652 -0.514231 0
    outer loop
      vertex 16.0865 28.4445 1.54
      vertex 16.0007 28.3014 2.4
      vertex 16.0007 28.3014 1.54
    endloop
  endfacet
  facet normal 0.803154 -0.595772 0
    outer loop
      vertex 16.0865 28.4445 2.4
      vertex 16.1859 28.5785 1.54
      vertex 16.1859 28.5785 2.4
    endloop
  endfacet
  facet normal 0.803154 -0.595772 0
    outer loop
      vertex 16.1859 28.5785 1.54
      vertex 16.0865 28.4445 2.4
      vertex 16.0865 28.4445 1.54
    endloop
  endfacet
  facet normal 0.904043 -0.427442 0
    outer loop
      vertex 15.9294 28.1506 2.4
      vertex 16.0007 28.3014 1.54
      vertex 16.0007 28.3014 2.4
    endloop
  endfacet
  facet normal 0.904043 -0.427442 0
    outer loop
      vertex 16.0007 28.3014 1.54
      vertex 15.9294 28.1506 2.4
      vertex 15.9294 28.1506 1.54
    endloop
  endfacet
  facet normal 0.970072 -0.242818 0
    outer loop
      vertex 15.8327 27.8317 2.4
      vertex 15.8732 27.9935 1.54
      vertex 15.8732 27.9935 2.4
    endloop
  endfacet
  facet normal 0.970072 -0.242818 0
    outer loop
      vertex 15.8732 27.9935 1.54
      vertex 15.8327 27.8317 2.4
      vertex 15.8327 27.8317 1.54
    endloop
  endfacet
  facet normal 0.998791 -0.0491602 0
    outer loop
      vertex 15.8 27.5 2.4
      vertex 15.8082 27.6666 1.54
      vertex 15.8082 27.6666 2.4
    endloop
  endfacet
  facet normal 0.998791 -0.0491602 0
    outer loop
      vertex 15.8082 27.6666 1.54
      vertex 15.8 27.5 2.4
      vertex 15.8 27.5 1.54
    endloop
  endfacet
  facet normal 0.595772 -0.803154 0
    outer loop
      vertex 16.4215 28.8141 1.54
      vertex 16.5555 28.9135 2.4
      vertex 16.4215 28.8141 2.4
    endloop
  endfacet
  facet normal 0.595772 -0.803154 0
    outer loop
      vertex 16.5555 28.9135 2.4
      vertex 16.4215 28.8141 1.54
      vertex 16.5555 28.9135 1.54
    endloop
  endfacet
  facet normal 0.514231 -0.857652 0
    outer loop
      vertex 16.5555 28.9135 1.54
      vertex 16.6986 28.9993 2.4
      vertex 16.5555 28.9135 2.4
    endloop
  endfacet
  facet normal 0.514231 -0.857652 0
    outer loop
      vertex 16.6986 28.9993 2.4
      vertex 16.5555 28.9135 1.54
      vertex 16.6986 28.9993 1.54
    endloop
  endfacet
  facet normal 0.671478 -0.741024 0
    outer loop
      vertex 16.2979 28.7021 1.54
      vertex 16.4215 28.8141 2.4
      vertex 16.2979 28.7021 2.4
    endloop
  endfacet
  facet normal 0.671478 -0.741024 0
    outer loop
      vertex 16.4215 28.8141 2.4
      vertex 16.2979 28.7021 1.54
      vertex 16.4215 28.8141 1.54
    endloop
  endfacet
  facet normal 0.33683 -0.941566 0
    outer loop
      vertex 16.8494 29.0706 1.54
      vertex 17.0065 29.1268 2.4
      vertex 16.8494 29.0706 2.4
    endloop
  endfacet
  facet normal 0.33683 -0.941566 0
    outer loop
      vertex 17.0065 29.1268 2.4
      vertex 16.8494 29.0706 1.54
      vertex 17.0065 29.1268 1.54
    endloop
  endfacet
  facet normal 0.146788 -0.989168 0
    outer loop
      vertex 17.1683 29.1673 1.54
      vertex 17.3334 29.1918 2.4
      vertex 17.1683 29.1673 2.4
    endloop
  endfacet
  facet normal 0.146788 -0.989168 0
    outer loop
      vertex 17.3334 29.1918 2.4
      vertex 17.1683 29.1673 1.54
      vertex 17.3334 29.1918 1.54
    endloop
  endfacet
  facet normal -0.998791 0.0491602 0
    outer loop
      vertex 19.1918 27.3334 1.54
      vertex 19.2 27.5 2.4
      vertex 19.2 27.5 1.54
    endloop
  endfacet
  facet normal -0.998791 0.0491602 0
    outer loop
      vertex 19.2 27.5 2.4
      vertex 19.1918 27.3334 1.54
      vertex 19.1918 27.3334 2.4
    endloop
  endfacet
  facet normal -0.741024 0.671478 0
    outer loop
      vertex 18.7021 26.2979 1.54
      vertex 18.8141 26.4215 2.4
      vertex 18.8141 26.4215 1.54
    endloop
  endfacet
  facet normal -0.741024 0.671478 0
    outer loop
      vertex 18.8141 26.4215 2.4
      vertex 18.7021 26.2979 1.54
      vertex 18.7021 26.2979 2.4
    endloop
  endfacet
  facet normal 0.595772 0.803154 -0
    outer loop
      vertex 16.5555 26.0865 1.54
      vertex 16.4215 26.1859 2.4
      vertex 16.5555 26.0865 2.4
    endloop
  endfacet
  facet normal 0.595772 0.803154 0
    outer loop
      vertex 16.4215 26.1859 2.4
      vertex 16.5555 26.0865 1.54
      vertex 16.4215 26.1859 1.54
    endloop
  endfacet
  facet normal 0.857652 0.514231 0
    outer loop
      vertex 16.0865 26.5555 2.4
      vertex 16.0007 26.6986 1.54
      vertex 16.0007 26.6986 2.4
    endloop
  endfacet
  facet normal 0.857652 0.514231 0
    outer loop
      vertex 16.0007 26.6986 1.54
      vertex 16.0865 26.5555 2.4
      vertex 16.0865 26.5555 1.54
    endloop
  endfacet
  facet normal 0.741024 0.671478 0
    outer loop
      vertex 16.2979 26.2979 2.4
      vertex 16.1859 26.4215 1.54
      vertex 16.1859 26.4215 2.4
    endloop
  endfacet
  facet normal 0.741024 0.671478 0
    outer loop
      vertex 16.1859 26.4215 1.54
      vertex 16.2979 26.2979 2.4
      vertex 16.2979 26.2979 1.54
    endloop
  endfacet
  facet normal 0.998791 0.0491602 0
    outer loop
      vertex 15.8082 27.3334 2.4
      vertex 15.8 27.5 1.54
      vertex 15.8 27.5 2.4
    endloop
  endfacet
  facet normal 0.998791 0.0491602 0
    outer loop
      vertex 15.8 27.5 1.54
      vertex 15.8082 27.3334 2.4
      vertex 15.8082 27.3334 1.54
    endloop
  endfacet
  facet normal -0.970072 0.242818 0
    outer loop
      vertex 19.1268 27.0065 1.54
      vertex 19.1673 27.1683 2.4
      vertex 19.1673 27.1683 1.54
    endloop
  endfacet
  facet normal -0.970072 0.242818 0
    outer loop
      vertex 19.1673 27.1683 2.4
      vertex 19.1268 27.0065 1.54
      vertex 19.1268 27.0065 2.4
    endloop
  endfacet
  facet normal -0.514231 0.857652 0
    outer loop
      vertex 18.4445 26.0865 1.54
      vertex 18.3014 26.0007 2.4
      vertex 18.4445 26.0865 2.4
    endloop
  endfacet
  facet normal -0.514231 0.857652 0
    outer loop
      vertex 18.3014 26.0007 2.4
      vertex 18.4445 26.0865 1.54
      vertex 18.3014 26.0007 1.54
    endloop
  endfacet
  facet normal -0.671478 0.741024 0
    outer loop
      vertex 18.7021 26.2979 1.54
      vertex 18.5785 26.1859 2.4
      vertex 18.7021 26.2979 2.4
    endloop
  endfacet
  facet normal -0.671478 0.741024 0
    outer loop
      vertex 18.5785 26.1859 2.4
      vertex 18.7021 26.2979 1.54
      vertex 18.5785 26.1859 1.54
    endloop
  endfacet
  facet normal -0.904043 0.427442 0
    outer loop
      vertex 18.9993 26.6986 1.54
      vertex 19.0706 26.8494 2.4
      vertex 19.0706 26.8494 1.54
    endloop
  endfacet
  facet normal -0.904043 0.427442 0
    outer loop
      vertex 19.0706 26.8494 2.4
      vertex 18.9993 26.6986 1.54
      vertex 18.9993 26.6986 2.4
    endloop
  endfacet
  facet normal -0.803154 0.595772 0
    outer loop
      vertex 18.8141 26.4215 1.54
      vertex 18.9135 26.5555 2.4
      vertex 18.9135 26.5555 1.54
    endloop
  endfacet
  facet normal -0.803154 0.595772 0
    outer loop
      vertex 18.9135 26.5555 2.4
      vertex 18.8141 26.4215 1.54
      vertex 18.8141 26.4215 2.4
    endloop
  endfacet
  facet normal 0.242818 0.970072 -0
    outer loop
      vertex 17.1683 25.8327 1.54
      vertex 17.0065 25.8732 2.4
      vertex 17.1683 25.8327 2.4
    endloop
  endfacet
  facet normal 0.242818 0.970072 0
    outer loop
      vertex 17.0065 25.8732 2.4
      vertex 17.1683 25.8327 1.54
      vertex 17.0065 25.8732 1.54
    endloop
  endfacet
  facet normal 0.671478 0.741024 -0
    outer loop
      vertex 16.4215 26.1859 1.54
      vertex 16.2979 26.2979 2.4
      vertex 16.4215 26.1859 2.4
    endloop
  endfacet
  facet normal 0.671478 0.741024 0
    outer loop
      vertex 16.2979 26.2979 2.4
      vertex 16.4215 26.1859 1.54
      vertex 16.2979 26.2979 1.54
    endloop
  endfacet
  facet normal 0.941566 0.33683 0
    outer loop
      vertex 15.9294 26.8494 2.4
      vertex 15.8732 27.0065 1.54
      vertex 15.8732 27.0065 2.4
    endloop
  endfacet
  facet normal 0.941566 0.33683 0
    outer loop
      vertex 15.8732 27.0065 1.54
      vertex 15.9294 26.8494 2.4
      vertex 15.9294 26.8494 1.54
    endloop
  endfacet
  facet normal 0.904043 0.427442 0
    outer loop
      vertex 16.0007 26.6986 2.4
      vertex 15.9294 26.8494 1.54
      vertex 15.9294 26.8494 2.4
    endloop
  endfacet
  facet normal 0.904043 0.427442 0
    outer loop
      vertex 15.9294 26.8494 1.54
      vertex 16.0007 26.6986 2.4
      vertex 16.0007 26.6986 1.54
    endloop
  endfacet
  facet normal 0.989168 0.146788 0
    outer loop
      vertex 15.8327 27.1683 2.4
      vertex 15.8082 27.3334 1.54
      vertex 15.8082 27.3334 2.4
    endloop
  endfacet
  facet normal 0.989168 0.146788 0
    outer loop
      vertex 15.8082 27.3334 1.54
      vertex 15.8327 27.1683 2.4
      vertex 15.8327 27.1683 1.54
    endloop
  endfacet
  facet normal -0.242818 0.970072 0
    outer loop
      vertex 17.9935 25.8732 1.54
      vertex 17.8317 25.8327 2.4
      vertex 17.9935 25.8732 2.4
    endloop
  endfacet
  facet normal -0.242818 0.970072 0
    outer loop
      vertex 17.8317 25.8327 2.4
      vertex 17.9935 25.8732 1.54
      vertex 17.8317 25.8327 1.54
    endloop
  endfacet
  facet normal -0.427442 0.904043 0
    outer loop
      vertex 18.3014 26.0007 1.54
      vertex 18.1506 25.9294 2.4
      vertex 18.3014 26.0007 2.4
    endloop
  endfacet
  facet normal -0.427442 0.904043 0
    outer loop
      vertex 18.1506 25.9294 2.4
      vertex 18.3014 26.0007 1.54
      vertex 18.1506 25.9294 1.54
    endloop
  endfacet
  facet normal -0.33683 0.941566 0
    outer loop
      vertex 18.1506 25.9294 1.54
      vertex 17.9935 25.8732 2.4
      vertex 18.1506 25.9294 2.4
    endloop
  endfacet
  facet normal -0.33683 0.941566 0
    outer loop
      vertex 17.9935 25.8732 2.4
      vertex 18.1506 25.9294 1.54
      vertex 17.9935 25.8732 1.54
    endloop
  endfacet
  facet normal -0.941566 0.33683 0
    outer loop
      vertex 19.0706 26.8494 1.54
      vertex 19.1268 27.0065 2.4
      vertex 19.1268 27.0065 1.54
    endloop
  endfacet
  facet normal -0.941566 0.33683 0
    outer loop
      vertex 19.1268 27.0065 2.4
      vertex 19.0706 26.8494 1.54
      vertex 19.0706 26.8494 2.4
    endloop
  endfacet
  facet normal 0.0491602 0.998791 -0
    outer loop
      vertex 17.5 25.8 1.54
      vertex 17.3334 25.8082 2.4
      vertex 17.5 25.8 2.4
    endloop
  endfacet
  facet normal 0.0491602 0.998791 0
    outer loop
      vertex 17.3334 25.8082 2.4
      vertex 17.5 25.8 1.54
      vertex 17.3334 25.8082 1.54
    endloop
  endfacet
  facet normal 0.33683 0.941566 -0
    outer loop
      vertex 17.0065 25.8732 1.54
      vertex 16.8494 25.9294 2.4
      vertex 17.0065 25.8732 2.4
    endloop
  endfacet
  facet normal 0.33683 0.941566 0
    outer loop
      vertex 16.8494 25.9294 2.4
      vertex 17.0065 25.8732 1.54
      vertex 16.8494 25.9294 1.54
    endloop
  endfacet
  facet normal 0.803154 0.595772 0
    outer loop
      vertex 16.1859 26.4215 2.4
      vertex 16.0865 26.5555 1.54
      vertex 16.0865 26.5555 2.4
    endloop
  endfacet
  facet normal 0.803154 0.595772 0
    outer loop
      vertex 16.0865 26.5555 1.54
      vertex 16.1859 26.4215 2.4
      vertex 16.1859 26.4215 1.54
    endloop
  endfacet
  facet normal 0.970072 0.242818 0
    outer loop
      vertex 15.8732 27.0065 2.4
      vertex 15.8327 27.1683 1.54
      vertex 15.8327 27.1683 2.4
    endloop
  endfacet
  facet normal 0.970072 0.242818 0
    outer loop
      vertex 15.8327 27.1683 1.54
      vertex 15.8732 27.0065 2.4
      vertex 15.8732 27.0065 1.54
    endloop
  endfacet
  facet normal -0.595772 0.803154 0
    outer loop
      vertex 18.5785 26.1859 1.54
      vertex 18.4445 26.0865 2.4
      vertex 18.5785 26.1859 2.4
    endloop
  endfacet
  facet normal -0.595772 0.803154 0
    outer loop
      vertex 18.4445 26.0865 2.4
      vertex 18.5785 26.1859 1.54
      vertex 18.4445 26.0865 1.54
    endloop
  endfacet
  facet normal 0.427442 0.904043 -0
    outer loop
      vertex 16.8494 25.9294 1.54
      vertex 16.6986 26.0007 2.4
      vertex 16.8494 25.9294 2.4
    endloop
  endfacet
  facet normal 0.427442 0.904043 0
    outer loop
      vertex 16.6986 26.0007 2.4
      vertex 16.8494 25.9294 1.54
      vertex 16.6986 26.0007 1.54
    endloop
  endfacet
  facet normal 0.146788 0.989168 -0
    outer loop
      vertex 17.3334 25.8082 1.54
      vertex 17.1683 25.8327 2.4
      vertex 17.3334 25.8082 2.4
    endloop
  endfacet
  facet normal 0.146788 0.989168 0
    outer loop
      vertex 17.1683 25.8327 2.4
      vertex 17.3334 25.8082 1.54
      vertex 17.1683 25.8327 1.54
    endloop
  endfacet
  facet normal 0.514231 0.857652 -0
    outer loop
      vertex 16.6986 26.0007 1.54
      vertex 16.5555 26.0865 2.4
      vertex 16.6986 26.0007 2.4
    endloop
  endfacet
  facet normal 0.514231 0.857652 0
    outer loop
      vertex 16.5555 26.0865 2.4
      vertex 16.6986 26.0007 1.54
      vertex 16.5555 26.0865 1.54
    endloop
  endfacet
  facet normal -0.706683 -0.0346085 -0.706683
    outer loop
      vertex 20.7245 27.8165 0
      vertex 20.74 27.5 0
      vertex 19.2 27.5 1.54
    endloop
  endfacet
  facet normal -0.699879 -0.10381 -0.706677
    outer loop
      vertex 20.6777 28.1321 0
      vertex 20.7242 27.8186 0
      vertex 19.1673 27.8317 1.54
    endloop
  endfacet
  facet normal 0.568349 -0.421404 -0.706681
    outer loop
      vertex 14.9954 29.5554 0
      vertex 16.1859 28.5785 1.54
      vertex 14.8067 29.3009 0
    endloop
  endfacet
  facet normal 0.363839 -0.606823 -0.706673
    outer loop
      vertex 16.5555 28.9135 1.54
      vertex 15.7009 30.1945 0
      vertex 16.6986 28.9993 1.54
    endloop
  endfacet
  facet normal 0.343979 -0.619162 -0.705916
    outer loop
      vertex 15.7009 30.1945 0
      vertex 16.5555 28.9135 1.54
      vertex 15.7 30.194 0
    endloop
  endfacet
  facet normal 0.568267 -0.421535 -0.706669
    outer loop
      vertex 16.0865 28.4445 1.54
      vertex 14.8067 29.3009 0
      vertex 16.1859 28.5785 1.54
    endloop
  endfacet
  facet normal 0.558883 -0.434687 -0.706185
    outer loop
      vertex 14.8067 29.3009 0
      vertex 16.0865 28.4445 1.54
      vertex 14.806 29.3 0
    endloop
  endfacet
  facet normal 0.704208 0.0640189 -0.707101
    outer loop
      vertex 14.2755 27.1835 0
      vertex 15.8082 27.3334 1.54
      vertex 14.2756 27.1824 0
    endloop
  endfacet
  facet normal 0.706661 0.0347816 -0.706697
    outer loop
      vertex 15.8082 27.3334 1.54
      vertex 14.2755 27.1835 0
      vertex 15.8 27.5 1.54
    endloop
  endfacet
  facet normal 0.10381 -0.699879 -0.706677
    outer loop
      vertex 17.1814 30.7242 0
      vertex 17.1683 29.1673 1.54
      vertex 16.8679 30.6777 0
    endloop
  endfacet
  facet normal 0.606896 -0.363736 -0.706663
    outer loop
      vertex 14.8055 29.2991 0
      vertex 16.0007 28.3014 1.54
      vertex 14.6426 29.0273 0
    endloop
  endfacet
  facet normal 0.421404 -0.568349 -0.706681
    outer loop
      vertex 15.6991 30.1933 0
      vertex 16.4215 28.8141 1.54
      vertex 15.4446 30.0046 0
    endloop
  endfacet
  facet normal 0.706661 -0.0347816 -0.706697
    outer loop
      vertex 14.2755 27.8165 0
      vertex 15.8082 27.6666 1.54
      vertex 15.8 27.5 1.54
    endloop
  endfacet
  facet normal 0.704208 -0.0640189 -0.707101
    outer loop
      vertex 15.8082 27.6666 1.54
      vertex 14.2755 27.8165 0
      vertex 14.2756 27.8176 0
    endloop
  endfacet
  facet normal 0.421404 0.568349 -0.706681
    outer loop
      vertex 16.4215 26.1859 1.54
      vertex 15.6991 24.8067 0
      vertex 15.4446 24.9954 0
    endloop
  endfacet
  facet normal -0.666223 0.238224 -0.70668
    outer loop
      vertex 20.6001 26.5585 0
      vertex 20.4934 26.2601 0
      vertex 19.0706 26.8494 1.54
    endloop
  endfacet
  facet normal -0.10381 -0.699879 -0.706677
    outer loop
      vertex 18.1321 30.6777 0
      vertex 17.8317 29.1673 1.54
      vertex 17.8186 30.7242 0
    endloop
  endfacet
  facet normal -0.343979 -0.619162 -0.705916
    outer loop
      vertex 18.4445 28.9135 1.54
      vertex 19.2991 30.1945 0
      vertex 19.3 30.194 0
    endloop
  endfacet
  facet normal -0.363839 -0.606823 -0.706673
    outer loop
      vertex 19.2991 30.1945 0
      vertex 18.4445 28.9135 1.54
      vertex 18.3014 28.9993 1.54
    endloop
  endfacet
  facet normal 0.363736 -0.606896 -0.706663
    outer loop
      vertex 15.9727 30.3574 0
      vertex 16.6986 28.9993 1.54
      vertex 15.7009 30.1945 0
    endloop
  endfacet
  facet normal -0.139002 -0.69501 -0.705435
    outer loop
      vertex 17.9935 29.1268 1.54
      vertex 18.4395 30.6007 0
      vertex 18.4405 30.6005 0
    endloop
  endfacet
  facet normal -0.171805 -0.686371 -0.706667
    outer loop
      vertex 18.4395 30.6007 0
      vertex 17.9935 29.1268 1.54
      vertex 17.8317 29.1673 1.54
    endloop
  endfacet
  facet normal 0.0346085 -0.706683 -0.706683
    outer loop
      vertex 17.5 30.74 0
      vertex 17.5 29.2 1.54
      vertex 17.1835 30.7245 0
    endloop
  endfacet
  facet normal -0.421404 -0.568349 -0.706681
    outer loop
      vertex 19.3009 30.1933 0
      vertex 19.5554 30.0046 0
      vertex 18.5785 28.8141 1.54
    endloop
  endfacet
  facet normal -0.568349 -0.421404 -0.706681
    outer loop
      vertex 20.0046 29.5554 0
      vertex 20.1933 29.3009 0
      vertex 18.8141 28.5785 1.54
    endloop
  endfacet
  facet normal -0.686333 -0.171918 -0.706676
    outer loop
      vertex 20.6007 28.4395 0
      vertex 20.6777 28.1321 0
      vertex 19.1673 27.8317 1.54
    endloop
  endfacet
  facet normal -0.657747 -0.263099 -0.705796
    outer loop
      vertex 19.1268 27.9935 1.54
      vertex 20.6001 28.4415 0
      vertex 20.6005 28.4405 0
    endloop
  endfacet
  facet normal -0.666196 -0.238321 -0.706672
    outer loop
      vertex 20.6001 28.4415 0
      vertex 19.1268 27.9935 1.54
      vertex 19.0706 28.1506 1.54
    endloop
  endfacet
  facet normal -0.657747 0.263099 -0.705796
    outer loop
      vertex 20.6001 26.5585 0
      vertex 19.1268 27.0065 1.54
      vertex 20.6005 26.5595 0
    endloop
  endfacet
  facet normal -0.666196 0.238321 -0.706672
    outer loop
      vertex 19.1268 27.0065 1.54
      vertex 20.6001 26.5585 0
      vertex 19.0706 26.8494 1.54
    endloop
  endfacet
  facet normal -0.706683 0.0346085 -0.706683
    outer loop
      vertex 20.74 27.5 0
      vertex 20.7245 27.1835 0
      vertex 19.2 27.5 1.54
    endloop
  endfacet
  facet normal 0.666196 -0.238321 -0.706672
    outer loop
      vertex 15.8732 27.9935 1.54
      vertex 14.3999 28.4415 0
      vertex 15.9294 28.1506 1.54
    endloop
  endfacet
  facet normal 0.657747 -0.263099 -0.705796
    outer loop
      vertex 14.3999 28.4415 0
      vertex 15.8732 27.9935 1.54
      vertex 14.3995 28.4405 0
    endloop
  endfacet
  facet normal 0.52415 -0.475262 -0.706678
    outer loop
      vertex 15.2083 29.7902 0
      vertex 16.1859 28.5785 1.54
      vertex 14.9954 29.5554 0
    endloop
  endfacet
  facet normal 0.475107 0.524314 -0.70666
    outer loop
      vertex 15.2098 25.2083 0
      vertex 16.2979 26.2979 1.54
      vertex 16.4215 26.1859 1.54
    endloop
  endfacet
  facet normal 0.466159 0.532753 -0.706308
    outer loop
      vertex 16.2979 26.2979 1.54
      vertex 15.2098 25.2083 0
      vertex 15.209 25.209 0
    endloop
  endfacet
  facet normal 0.619162 0.343979 -0.705916
    outer loop
      vertex 14.8055 25.7009 0
      vertex 16.0865 26.5555 1.54
      vertex 14.806 25.7 0
    endloop
  endfacet
  facet normal 0.606823 0.363839 -0.706673
    outer loop
      vertex 16.0865 26.5555 1.54
      vertex 14.8055 25.7009 0
      vertex 16.0007 26.6986 1.54
    endloop
  endfacet
  facet normal 0.666196 0.238321 -0.706672
    outer loop
      vertex 14.3999 26.5585 0
      vertex 15.8732 27.0065 1.54
      vertex 15.9294 26.8494 1.54
    endloop
  endfacet
  facet normal 0.657747 0.263099 -0.705796
    outer loop
      vertex 15.8732 27.0065 1.54
      vertex 14.3999 26.5585 0
      vertex 14.3995 26.5595 0
    endloop
  endfacet
  facet normal 0.686333 -0.171918 -0.706676
    outer loop
      vertex 14.3993 28.4395 0
      vertex 15.8327 27.8317 1.54
      vertex 14.3223 28.1321 0
    endloop
  endfacet
  facet normal 0.238224 0.666223 -0.70668
    outer loop
      vertex 16.8494 25.9294 1.54
      vertex 16.5585 24.3999 0
      vertex 16.2601 24.5066 0
    endloop
  endfacet
  facet normal -0.139015 0.695077 -0.705367
    outer loop
      vertex 17.6666 25.8082 1.54
      vertex 17.8186 24.2758 0
      vertex 17.8176 24.2756 0
    endloop
  endfacet
  facet normal -0.103858 0.699876 -0.706673
    outer loop
      vertex 17.8186 24.2758 0
      vertex 17.6666 25.8082 1.54
      vertex 17.8317 25.8327 1.54
    endloop
  endfacet
  facet normal 0.139015 0.695077 -0.705367
    outer loop
      vertex 17.1814 24.2758 0
      vertex 17.3334 25.8082 1.54
      vertex 17.1824 24.2756 0
    endloop
  endfacet
  facet normal 0.103858 0.699876 -0.706673
    outer loop
      vertex 17.3334 25.8082 1.54
      vertex 17.1814 24.2758 0
      vertex 17.1683 25.8327 1.54
    endloop
  endfacet
  facet normal -0.302594 0.639579 -0.706665
    outer loop
      vertex 19.0273 24.6426 0
      vertex 18.7409 24.5071 0
      vertex 18.3014 26.0007 1.54
    endloop
  endfacet
  facet normal -0.343979 0.619162 -0.705916
    outer loop
      vertex 19.2991 24.8055 0
      vertex 18.4445 26.0865 1.54
      vertex 19.3 24.806 0
    endloop
  endfacet
  facet normal -0.363839 0.606823 -0.706673
    outer loop
      vertex 18.4445 26.0865 1.54
      vertex 19.2991 24.8055 0
      vertex 18.3014 26.0007 1.54
    endloop
  endfacet
  facet normal -0.475262 0.52415 -0.706678
    outer loop
      vertex 19.7902 25.2083 0
      vertex 19.5554 24.9954 0
      vertex 18.5785 26.1859 1.54
    endloop
  endfacet
  facet normal -0.558883 0.434687 -0.706185
    outer loop
      vertex 20.1933 25.6991 0
      vertex 18.9135 26.5555 1.54
      vertex 20.194 25.7 0
    endloop
  endfacet
  facet normal -0.568267 0.421535 -0.706669
    outer loop
      vertex 18.9135 26.5555 1.54
      vertex 20.1933 25.6991 0
      vertex 18.8141 26.4215 1.54
    endloop
  endfacet
  facet normal -0.171918 -0.686333 -0.706676
    outer loop
      vertex 18.1321 30.6777 0
      vertex 18.4395 30.6007 0
      vertex 17.8317 29.1673 1.54
    endloop
  endfacet
  facet normal -0.30243 -0.639641 -0.706679
    outer loop
      vertex 18.1506 29.0706 1.54
      vertex 18.7409 30.4929 0
      vertex 18.3014 28.9993 1.54
    endloop
  endfacet
  facet normal -0.316625 -0.63325 -0.706218
    outer loop
      vertex 18.7409 30.4929 0
      vertex 18.1506 29.0706 1.54
      vertex 18.7399 30.4934 0
    endloop
  endfacet
  facet normal 0.238224 -0.666223 -0.70668
    outer loop
      vertex 16.5585 30.6001 0
      vertex 16.8494 29.0706 1.54
      vertex 16.2601 30.4934 0
    endloop
  endfacet
  facet normal 0.171805 -0.686371 -0.706667
    outer loop
      vertex 17.0065 29.1268 1.54
      vertex 16.5605 30.6007 0
      vertex 17.1683 29.1673 1.54
    endloop
  endfacet
  facet normal 0.139002 -0.69501 -0.705435
    outer loop
      vertex 16.5605 30.6007 0
      vertex 17.0065 29.1268 1.54
      vertex 16.5595 30.6005 0
    endloop
  endfacet
  facet normal 0.171918 -0.686333 -0.706676
    outer loop
      vertex 16.8679 30.6777 0
      vertex 17.1683 29.1673 1.54
      vertex 16.5605 30.6007 0
    endloop
  endfacet
  facet normal 0.139015 -0.695077 -0.705367
    outer loop
      vertex 17.3334 29.1918 1.54
      vertex 17.1814 30.7242 0
      vertex 17.1824 30.7244 0
    endloop
  endfacet
  facet normal 0.103858 -0.699876 -0.706673
    outer loop
      vertex 17.1814 30.7242 0
      vertex 17.3334 29.1918 1.54
      vertex 17.1683 29.1673 1.54
    endloop
  endfacet
  facet normal -0.0640189 -0.704208 -0.707101
    outer loop
      vertex 17.6666 29.1918 1.54
      vertex 17.8165 30.7245 0
      vertex 17.8176 30.7244 0
    endloop
  endfacet
  facet normal -0.0347816 -0.706661 -0.706697
    outer loop
      vertex 17.8165 30.7245 0
      vertex 17.6666 29.1918 1.54
      vertex 17.5 29.2 1.54
    endloop
  endfacet
  facet normal -0.0346085 -0.706683 -0.706683
    outer loop
      vertex 17.5 30.74 0
      vertex 17.8165 30.7245 0
      vertex 17.5 29.2 1.54
    endloop
  endfacet
  facet normal -0.52415 -0.475262 -0.706678
    outer loop
      vertex 19.7917 29.7902 0
      vertex 20.0046 29.5554 0
      vertex 18.8141 28.5785 1.54
    endloop
  endfacet
  facet normal -0.606896 -0.363736 -0.706663
    outer loop
      vertex 20.1945 29.2991 0
      vertex 20.3574 29.0273 0
      vertex 18.9993 28.3014 1.54
    endloop
  endfacet
  facet normal -0.363736 -0.606896 -0.706663
    outer loop
      vertex 19.0273 30.3574 0
      vertex 19.2991 30.1945 0
      vertex 18.3014 28.9993 1.54
    endloop
  endfacet
  facet normal -0.421535 -0.568267 -0.706669
    outer loop
      vertex 18.4445 28.9135 1.54
      vertex 19.3009 30.1933 0
      vertex 18.5785 28.8141 1.54
    endloop
  endfacet
  facet normal -0.434687 -0.558883 -0.706185
    outer loop
      vertex 19.3009 30.1933 0
      vertex 18.4445 28.9135 1.54
      vertex 19.3 30.194 0
    endloop
  endfacet
  facet normal -0.524314 -0.475107 -0.70666
    outer loop
      vertex 18.7021 28.7021 1.54
      vertex 19.7917 29.7902 0
      vertex 18.8141 28.5785 1.54
    endloop
  endfacet
  facet normal -0.532753 -0.466159 -0.706308
    outer loop
      vertex 19.7917 29.7902 0
      vertex 18.7021 28.7021 1.54
      vertex 19.791 29.791 0
    endloop
  endfacet
  facet normal -0.475262 -0.52415 -0.706678
    outer loop
      vertex 19.5554 30.0046 0
      vertex 19.7902 29.7917 0
      vertex 18.5785 28.8141 1.54
    endloop
  endfacet
  facet normal -0.666223 -0.238224 -0.70668
    outer loop
      vertex 20.4934 28.7399 0
      vertex 20.6001 28.4415 0
      vertex 19.0706 28.1506 1.54
    endloop
  endfacet
  facet normal -0.695077 -0.139015 -0.705367
    outer loop
      vertex 19.1918 27.6666 1.54
      vertex 20.7242 27.8186 0
      vertex 20.7244 27.8176 0
    endloop
  endfacet
  facet normal -0.699876 -0.103858 -0.706673
    outer loop
      vertex 20.7242 27.8186 0
      vertex 19.1918 27.6666 1.54
      vertex 19.1673 27.8317 1.54
    endloop
  endfacet
  facet normal -0.69501 0.139002 -0.705435
    outer loop
      vertex 19.1268 27.0065 1.54
      vertex 20.6007 26.5605 0
      vertex 20.6005 26.5595 0
    endloop
  endfacet
  facet normal -0.686371 0.171805 -0.706667
    outer loop
      vertex 20.6007 26.5605 0
      vertex 19.1268 27.0065 1.54
      vertex 19.1673 27.1683 1.54
    endloop
  endfacet
  facet normal -0.686333 0.171918 -0.706676
    outer loop
      vertex 20.6777 26.8679 0
      vertex 20.6007 26.5605 0
      vertex 19.1673 27.1683 1.54
    endloop
  endfacet
  facet normal 0.421535 -0.568267 -0.706669
    outer loop
      vertex 15.6991 30.1933 0
      vertex 16.5555 28.9135 1.54
      vertex 16.4215 28.8141 1.54
    endloop
  endfacet
  facet normal 0.434687 -0.558883 -0.706185
    outer loop
      vertex 16.5555 28.9135 1.54
      vertex 15.6991 30.1933 0
      vertex 15.7 30.194 0
    endloop
  endfacet
  facet normal 0.475262 -0.52415 -0.706678
    outer loop
      vertex 15.4446 30.0046 0
      vertex 16.4215 28.8141 1.54
      vertex 15.2098 29.7917 0
    endloop
  endfacet
  facet normal 0.606896 0.363736 -0.706663
    outer loop
      vertex 16.0007 26.6986 1.54
      vertex 14.8055 25.7009 0
      vertex 14.6426 25.9727 0
    endloop
  endfacet
  facet normal 0.532753 0.466159 -0.706308
    outer loop
      vertex 15.2083 25.2098 0
      vertex 16.2979 26.2979 1.54
      vertex 15.209 25.209 0
    endloop
  endfacet
  facet normal 0.524314 0.475107 -0.70666
    outer loop
      vertex 16.2979 26.2979 1.54
      vertex 15.2083 25.2098 0
      vertex 16.1859 26.4215 1.54
    endloop
  endfacet
  facet normal 0.52415 0.475262 -0.706678
    outer loop
      vertex 16.1859 26.4215 1.54
      vertex 15.2083 25.2098 0
      vertex 14.9954 25.4446 0
    endloop
  endfacet
  facet normal 0.699879 0.10381 -0.706677
    outer loop
      vertex 15.8327 27.1683 1.54
      vertex 14.3223 26.8679 0
      vertex 14.2758 27.1814 0
    endloop
  endfacet
  facet normal 0.606823 -0.363839 -0.706673
    outer loop
      vertex 14.8055 29.2991 0
      vertex 16.0865 28.4445 1.54
      vertex 16.0007 28.3014 1.54
    endloop
  endfacet
  facet normal 0.619162 -0.343979 -0.705916
    outer loop
      vertex 16.0865 28.4445 1.54
      vertex 14.8055 29.2991 0
      vertex 14.806 29.3 0
    endloop
  endfacet
  facet normal 0.639579 -0.302594 -0.706665
    outer loop
      vertex 14.6426 29.0273 0
      vertex 16.0007 28.3014 1.54
      vertex 14.5071 28.7409 0
    endloop
  endfacet
  facet normal 0.706683 -0.0346085 -0.706683
    outer loop
      vertex 14.2755 27.8165 0
      vertex 15.8 27.5 1.54
      vertex 14.26 27.5 0
    endloop
  endfacet
  facet normal 0.706683 0.0346085 -0.706683
    outer loop
      vertex 15.8 27.5 1.54
      vertex 14.2755 27.1835 0
      vertex 14.26 27.5 0
    endloop
  endfacet
  facet normal 0.699879 -0.10381 -0.706677
    outer loop
      vertex 14.3223 28.1321 0
      vertex 15.8327 27.8317 1.54
      vertex 14.2758 27.8186 0
    endloop
  endfacet
  facet normal 0.699876 -0.103858 -0.706673
    outer loop
      vertex 15.8082 27.6666 1.54
      vertex 14.2758 27.8186 0
      vertex 15.8327 27.8317 1.54
    endloop
  endfacet
  facet normal 0.695077 -0.139015 -0.705367
    outer loop
      vertex 14.2758 27.8186 0
      vertex 15.8082 27.6666 1.54
      vertex 14.2756 27.8176 0
    endloop
  endfacet
  facet normal 0.434687 0.558883 -0.706185
    outer loop
      vertex 15.6991 24.8067 0
      vertex 16.5555 26.0865 1.54
      vertex 15.7 24.806 0
    endloop
  endfacet
  facet normal 0.421535 0.568267 -0.706669
    outer loop
      vertex 16.5555 26.0865 1.54
      vertex 15.6991 24.8067 0
      vertex 16.4215 26.1859 1.54
    endloop
  endfacet
  facet normal 0.363736 0.606896 -0.706663
    outer loop
      vertex 16.6986 26.0007 1.54
      vertex 15.9727 24.6426 0
      vertex 15.7009 24.8055 0
    endloop
  endfacet
  facet normal 0.0347816 0.706661 -0.706697
    outer loop
      vertex 17.1835 24.2755 0
      vertex 17.3334 25.8082 1.54
      vertex 17.5 25.8 1.54
    endloop
  endfacet
  facet normal 0.0640189 0.704208 -0.707101
    outer loop
      vertex 17.3334 25.8082 1.54
      vertex 17.1835 24.2755 0
      vertex 17.1824 24.2756 0
    endloop
  endfacet
  facet normal -0.0346085 0.706683 -0.706683
    outer loop
      vertex 17.5 25.8 1.54
      vertex 17.8165 24.2755 0
      vertex 17.5 24.26 0
    endloop
  endfacet
  facet normal 0.302594 0.639579 -0.706665
    outer loop
      vertex 16.6986 26.0007 1.54
      vertex 16.2591 24.5071 0
      vertex 15.9727 24.6426 0
    endloop
  endfacet
  facet normal 0.171805 0.686371 -0.706667
    outer loop
      vertex 16.5605 24.3993 0
      vertex 17.0065 25.8732 1.54
      vertex 17.1683 25.8327 1.54
    endloop
  endfacet
  facet normal 0.139002 0.69501 -0.705435
    outer loop
      vertex 17.0065 25.8732 1.54
      vertex 16.5605 24.3993 0
      vertex 16.5595 24.3995 0
    endloop
  endfacet
  facet normal -0.363736 0.606896 -0.706663
    outer loop
      vertex 19.2991 24.8055 0
      vertex 19.0273 24.6426 0
      vertex 18.3014 26.0007 1.54
    endloop
  endfacet
  facet normal -0.532753 0.466159 -0.706308
    outer loop
      vertex 18.7021 26.2979 1.54
      vertex 19.7917 25.2098 0
      vertex 19.791 25.209 0
    endloop
  endfacet
  facet normal -0.524314 0.475107 -0.70666
    outer loop
      vertex 19.7917 25.2098 0
      vertex 18.7021 26.2979 1.54
      vertex 18.8141 26.4215 1.54
    endloop
  endfacet
  facet normal -0.434687 0.558883 -0.706185
    outer loop
      vertex 18.4445 26.0865 1.54
      vertex 19.3009 24.8067 0
      vertex 19.3 24.806 0
    endloop
  endfacet
  facet normal -0.421535 0.568267 -0.706669
    outer loop
      vertex 19.3009 24.8067 0
      vertex 18.4445 26.0865 1.54
      vertex 18.5785 26.1859 1.54
    endloop
  endfacet
  facet normal -0.421404 0.568349 -0.706681
    outer loop
      vertex 19.5554 24.9954 0
      vertex 19.3009 24.8067 0
      vertex 18.5785 26.1859 1.54
    endloop
  endfacet
  facet normal -0.619162 0.343979 -0.705916
    outer loop
      vertex 18.9135 26.5555 1.54
      vertex 20.1945 25.7009 0
      vertex 20.194 25.7 0
    endloop
  endfacet
  facet normal -0.606823 0.363839 -0.706673
    outer loop
      vertex 20.1945 25.7009 0
      vertex 18.9135 26.5555 1.54
      vertex 18.9993 26.6986 1.54
    endloop
  endfacet
  facet normal -0.302594 -0.639579 -0.706665
    outer loop
      vertex 18.7409 30.4929 0
      vertex 19.0273 30.3574 0
      vertex 18.3014 28.9993 1.54
    endloop
  endfacet
  facet normal 0.238321 -0.666196 -0.706672
    outer loop
      vertex 16.5585 30.6001 0
      vertex 17.0065 29.1268 1.54
      vertex 16.8494 29.0706 1.54
    endloop
  endfacet
  facet normal 0.263099 -0.657747 -0.705796
    outer loop
      vertex 17.0065 29.1268 1.54
      vertex 16.5585 30.6001 0
      vertex 16.5595 30.6005 0
    endloop
  endfacet
  facet normal 0.302594 -0.639579 -0.706665
    outer loop
      vertex 16.2591 30.4929 0
      vertex 16.6986 28.9993 1.54
      vertex 15.9727 30.3574 0
    endloop
  endfacet
  facet normal 0.0347816 -0.706661 -0.706697
    outer loop
      vertex 17.3334 29.1918 1.54
      vertex 17.1835 30.7245 0
      vertex 17.5 29.2 1.54
    endloop
  endfacet
  facet normal 0.0640189 -0.704208 -0.707101
    outer loop
      vertex 17.1835 30.7245 0
      vertex 17.3334 29.1918 1.54
      vertex 17.1824 30.7244 0
    endloop
  endfacet
  facet normal -0.103858 -0.699876 -0.706673
    outer loop
      vertex 17.6666 29.1918 1.54
      vertex 17.8186 30.7242 0
      vertex 17.8317 29.1673 1.54
    endloop
  endfacet
  facet normal -0.139015 -0.695077 -0.705367
    outer loop
      vertex 17.8186 30.7242 0
      vertex 17.6666 29.1918 1.54
      vertex 17.8176 30.7244 0
    endloop
  endfacet
  facet normal -0.63325 -0.316625 -0.706218
    outer loop
      vertex 19.0706 28.1506 1.54
      vertex 20.4929 28.7409 0
      vertex 20.4934 28.7399 0
    endloop
  endfacet
  facet normal -0.639641 -0.30243 -0.706679
    outer loop
      vertex 20.4929 28.7409 0
      vertex 19.0706 28.1506 1.54
      vertex 18.9993 28.3014 1.54
    endloop
  endfacet
  facet normal -0.639579 -0.302594 -0.706665
    outer loop
      vertex 20.3574 29.0273 0
      vertex 20.4929 28.7409 0
      vertex 18.9993 28.3014 1.54
    endloop
  endfacet
  facet normal -0.466159 -0.532753 -0.706308
    outer loop
      vertex 18.7021 28.7021 1.54
      vertex 19.7902 29.7917 0
      vertex 19.791 29.791 0
    endloop
  endfacet
  facet normal -0.475107 -0.524314 -0.70666
    outer loop
      vertex 19.7902 29.7917 0
      vertex 18.7021 28.7021 1.54
      vertex 18.5785 28.8141 1.54
    endloop
  endfacet
  facet normal -0.686371 -0.171805 -0.706667
    outer loop
      vertex 19.1268 27.9935 1.54
      vertex 20.6007 28.4395 0
      vertex 19.1673 27.8317 1.54
    endloop
  endfacet
  facet normal -0.69501 -0.139002 -0.705435
    outer loop
      vertex 20.6007 28.4395 0
      vertex 19.1268 27.9935 1.54
      vertex 20.6005 28.4405 0
    endloop
  endfacet
  facet normal -0.704208 -0.0640189 -0.707101
    outer loop
      vertex 20.7245 27.8165 0
      vertex 19.1918 27.6666 1.54
      vertex 20.7244 27.8176 0
    endloop
  endfacet
  facet normal -0.706661 -0.0347816 -0.706697
    outer loop
      vertex 19.1918 27.6666 1.54
      vertex 20.7245 27.8165 0
      vertex 19.2 27.5 1.54
    endloop
  endfacet
  facet normal -0.606896 0.363736 -0.706663
    outer loop
      vertex 20.3574 25.9727 0
      vertex 20.1945 25.7009 0
      vertex 18.9993 26.6986 1.54
    endloop
  endfacet
  facet normal -0.639579 0.302594 -0.706665
    outer loop
      vertex 20.4929 26.2591 0
      vertex 20.3574 25.9727 0
      vertex 18.9993 26.6986 1.54
    endloop
  endfacet
  facet normal -0.699879 0.10381 -0.706677
    outer loop
      vertex 20.7242 27.1814 0
      vertex 20.6777 26.8679 0
      vertex 19.1673 27.1683 1.54
    endloop
  endfacet
  facet normal 0.475107 -0.524314 -0.70666
    outer loop
      vertex 16.2979 28.7021 1.54
      vertex 15.2098 29.7917 0
      vertex 16.4215 28.8141 1.54
    endloop
  endfacet
  facet normal 0.466159 -0.532753 -0.706308
    outer loop
      vertex 15.2098 29.7917 0
      vertex 16.2979 28.7021 1.54
      vertex 15.209 29.791 0
    endloop
  endfacet
  facet normal 0.524314 -0.475107 -0.70666
    outer loop
      vertex 15.2083 29.7902 0
      vertex 16.2979 28.7021 1.54
      vertex 16.1859 28.5785 1.54
    endloop
  endfacet
  facet normal 0.532753 -0.466159 -0.706308
    outer loop
      vertex 16.2979 28.7021 1.54
      vertex 15.2083 29.7902 0
      vertex 15.209 29.791 0
    endloop
  endfacet
  facet normal 0.475262 0.52415 -0.706678
    outer loop
      vertex 16.4215 26.1859 1.54
      vertex 15.4446 24.9954 0
      vertex 15.2098 25.2083 0
    endloop
  endfacet
  facet normal 0.568267 0.421535 -0.706669
    outer loop
      vertex 14.8067 25.6991 0
      vertex 16.0865 26.5555 1.54
      vertex 16.1859 26.4215 1.54
    endloop
  endfacet
  facet normal 0.558883 0.434687 -0.706185
    outer loop
      vertex 16.0865 26.5555 1.54
      vertex 14.8067 25.6991 0
      vertex 14.806 25.7 0
    endloop
  endfacet
  facet normal 0.639579 0.302594 -0.706665
    outer loop
      vertex 16.0007 26.6986 1.54
      vertex 14.6426 25.9727 0
      vertex 14.5071 26.2591 0
    endloop
  endfacet
  facet normal 0.686333 0.171918 -0.706676
    outer loop
      vertex 15.8327 27.1683 1.54
      vertex 14.3993 26.5605 0
      vertex 14.3223 26.8679 0
    endloop
  endfacet
  facet normal 0.69501 0.139002 -0.705435
    outer loop
      vertex 14.3993 26.5605 0
      vertex 15.8732 27.0065 1.54
      vertex 14.3995 26.5595 0
    endloop
  endfacet
  facet normal 0.686371 0.171805 -0.706667
    outer loop
      vertex 15.8732 27.0065 1.54
      vertex 14.3993 26.5605 0
      vertex 15.8327 27.1683 1.54
    endloop
  endfacet
  facet normal 0.639641 -0.30243 -0.706679
    outer loop
      vertex 15.9294 28.1506 1.54
      vertex 14.5071 28.7409 0
      vertex 16.0007 28.3014 1.54
    endloop
  endfacet
  facet normal 0.63325 -0.316625 -0.706218
    outer loop
      vertex 14.5071 28.7409 0
      vertex 15.9294 28.1506 1.54
      vertex 14.5066 28.7399 0
    endloop
  endfacet
  facet normal 0.666223 -0.238224 -0.70668
    outer loop
      vertex 14.5066 28.7399 0
      vertex 15.9294 28.1506 1.54
      vertex 14.3999 28.4415 0
    endloop
  endfacet
  facet normal 0.686371 -0.171805 -0.706667
    outer loop
      vertex 14.3993 28.4395 0
      vertex 15.8732 27.9935 1.54
      vertex 15.8327 27.8317 1.54
    endloop
  endfacet
  facet normal 0.69501 -0.139002 -0.705435
    outer loop
      vertex 15.8732 27.9935 1.54
      vertex 14.3993 28.4395 0
      vertex 14.3995 28.4405 0
    endloop
  endfacet
  facet normal 0.316625 0.63325 -0.706218
    outer loop
      vertex 16.2591 24.5071 0
      vertex 16.8494 25.9294 1.54
      vertex 16.2601 24.5066 0
    endloop
  endfacet
  facet normal 0.30243 0.639641 -0.706679
    outer loop
      vertex 16.8494 25.9294 1.54
      vertex 16.2591 24.5071 0
      vertex 16.6986 26.0007 1.54
    endloop
  endfacet
  facet normal -0.238224 0.666223 -0.70668
    outer loop
      vertex 18.7399 24.5066 0
      vertex 18.4415 24.3999 0
      vertex 18.1506 25.9294 1.54
    endloop
  endfacet
  facet normal -0.316625 0.63325 -0.706218
    outer loop
      vertex 18.1506 25.9294 1.54
      vertex 18.7409 24.5071 0
      vertex 18.7399 24.5066 0
    endloop
  endfacet
  facet normal -0.30243 0.639641 -0.706679
    outer loop
      vertex 18.7409 24.5071 0
      vertex 18.1506 25.9294 1.54
      vertex 18.3014 26.0007 1.54
    endloop
  endfacet
  facet normal -0.171918 0.686333 -0.706676
    outer loop
      vertex 18.4395 24.3993 0
      vertex 18.1321 24.3223 0
      vertex 17.8317 25.8327 1.54
    endloop
  endfacet
  facet normal -0.10381 0.699879 -0.706677
    outer loop
      vertex 17.8317 25.8327 1.54
      vertex 18.1321 24.3223 0
      vertex 17.8186 24.2758 0
    endloop
  endfacet
  facet normal -0.0640189 0.704208 -0.707101
    outer loop
      vertex 17.8165 24.2755 0
      vertex 17.6666 25.8082 1.54
      vertex 17.8176 24.2756 0
    endloop
  endfacet
  facet normal -0.0347816 0.706661 -0.706697
    outer loop
      vertex 17.6666 25.8082 1.54
      vertex 17.8165 24.2755 0
      vertex 17.5 25.8 1.54
    endloop
  endfacet
  facet normal 0.0346085 0.706683 -0.706683
    outer loop
      vertex 17.5 25.8 1.54
      vertex 17.5 24.26 0
      vertex 17.1835 24.2755 0
    endloop
  endfacet
  facet normal 0.10381 0.699879 -0.706677
    outer loop
      vertex 17.1683 25.8327 1.54
      vertex 17.1814 24.2758 0
      vertex 16.8679 24.3223 0
    endloop
  endfacet
  facet normal 0.171918 0.686333 -0.706676
    outer loop
      vertex 17.1683 25.8327 1.54
      vertex 16.8679 24.3223 0
      vertex 16.5605 24.3993 0
    endloop
  endfacet
  facet normal 0.263099 0.657747 -0.705796
    outer loop
      vertex 16.5585 24.3999 0
      vertex 17.0065 25.8732 1.54
      vertex 16.5595 24.3995 0
    endloop
  endfacet
  facet normal 0.238321 0.666196 -0.706672
    outer loop
      vertex 17.0065 25.8732 1.54
      vertex 16.5585 24.3999 0
      vertex 16.8494 25.9294 1.54
    endloop
  endfacet
  facet normal -0.568349 0.421404 -0.706681
    outer loop
      vertex 20.1933 25.6991 0
      vertex 20.0046 25.4446 0
      vertex 18.8141 26.4215 1.54
    endloop
  endfacet
  facet normal -0.52415 0.475262 -0.706678
    outer loop
      vertex 20.0046 25.4446 0
      vertex 19.7917 25.2098 0
      vertex 18.8141 26.4215 1.54
    endloop
  endfacet
  facet normal -0.466159 0.532753 -0.706308
    outer loop
      vertex 19.7902 25.2083 0
      vertex 18.7021 26.2979 1.54
      vertex 19.791 25.209 0
    endloop
  endfacet
  facet normal -0.475107 0.524314 -0.70666
    outer loop
      vertex 18.7021 26.2979 1.54
      vertex 19.7902 25.2083 0
      vertex 18.5785 26.1859 1.54
    endloop
  endfacet
  facet normal -0.238224 -0.666223 -0.70668
    outer loop
      vertex 18.4415 30.6001 0
      vertex 18.7399 30.4934 0
      vertex 18.1506 29.0706 1.54
    endloop
  endfacet
  facet normal -0.238321 -0.666196 -0.706672
    outer loop
      vertex 17.9935 29.1268 1.54
      vertex 18.4415 30.6001 0
      vertex 18.1506 29.0706 1.54
    endloop
  endfacet
  facet normal -0.263099 -0.657747 -0.705796
    outer loop
      vertex 18.4415 30.6001 0
      vertex 17.9935 29.1268 1.54
      vertex 18.4405 30.6005 0
    endloop
  endfacet
  facet normal 0.30243 -0.639641 -0.706679
    outer loop
      vertex 16.2591 30.4929 0
      vertex 16.8494 29.0706 1.54
      vertex 16.6986 28.9993 1.54
    endloop
  endfacet
  facet normal 0.316625 -0.63325 -0.706218
    outer loop
      vertex 16.8494 29.0706 1.54
      vertex 16.2591 30.4929 0
      vertex 16.2601 30.4934 0
    endloop
  endfacet
  facet normal -0.606823 -0.363839 -0.706673
    outer loop
      vertex 18.9135 28.4445 1.54
      vertex 20.1945 29.2991 0
      vertex 18.9993 28.3014 1.54
    endloop
  endfacet
  facet normal -0.619162 -0.343979 -0.705916
    outer loop
      vertex 20.1945 29.2991 0
      vertex 18.9135 28.4445 1.54
      vertex 20.194 29.3 0
    endloop
  endfacet
  facet normal -0.558883 -0.434687 -0.706185
    outer loop
      vertex 18.9135 28.4445 1.54
      vertex 20.1933 29.3009 0
      vertex 20.194 29.3 0
    endloop
  endfacet
  facet normal -0.568267 -0.421535 -0.706669
    outer loop
      vertex 20.1933 29.3009 0
      vertex 18.9135 28.4445 1.54
      vertex 18.8141 28.5785 1.54
    endloop
  endfacet
  facet normal -0.63325 0.316625 -0.706218
    outer loop
      vertex 20.4929 26.2591 0
      vertex 19.0706 26.8494 1.54
      vertex 20.4934 26.2601 0
    endloop
  endfacet
  facet normal -0.639641 0.30243 -0.706679
    outer loop
      vertex 19.0706 26.8494 1.54
      vertex 20.4929 26.2591 0
      vertex 18.9993 26.6986 1.54
    endloop
  endfacet
  facet normal -0.695077 0.139015 -0.705367
    outer loop
      vertex 20.7242 27.1814 0
      vertex 19.1918 27.3334 1.54
      vertex 20.7244 27.1824 0
    endloop
  endfacet
  facet normal -0.699876 0.103858 -0.706673
    outer loop
      vertex 19.1918 27.3334 1.54
      vertex 20.7242 27.1814 0
      vertex 19.1673 27.1683 1.54
    endloop
  endfacet
  facet normal -0.706661 0.0347816 -0.706697
    outer loop
      vertex 20.7245 27.1835 0
      vertex 19.1918 27.3334 1.54
      vertex 19.2 27.5 1.54
    endloop
  endfacet
  facet normal -0.704208 0.0640189 -0.707101
    outer loop
      vertex 19.1918 27.3334 1.54
      vertex 20.7245 27.1835 0
      vertex 20.7244 27.1824 0
    endloop
  endfacet
  facet normal 0.568349 0.421404 -0.706681
    outer loop
      vertex 16.1859 26.4215 1.54
      vertex 14.9954 25.4446 0
      vertex 14.8067 25.6991 0
    endloop
  endfacet
  facet normal 0.666223 0.238224 -0.70668
    outer loop
      vertex 15.9294 26.8494 1.54
      vertex 14.5066 26.2601 0
      vertex 14.3999 26.5585 0
    endloop
  endfacet
  facet normal 0.639641 0.30243 -0.706679
    outer loop
      vertex 14.5071 26.2591 0
      vertex 15.9294 26.8494 1.54
      vertex 16.0007 26.6986 1.54
    endloop
  endfacet
  facet normal 0.63325 0.316625 -0.706218
    outer loop
      vertex 15.9294 26.8494 1.54
      vertex 14.5071 26.2591 0
      vertex 14.5066 26.2601 0
    endloop
  endfacet
  facet normal 0.699876 0.103858 -0.706673
    outer loop
      vertex 14.2758 27.1814 0
      vertex 15.8082 27.3334 1.54
      vertex 15.8327 27.1683 1.54
    endloop
  endfacet
  facet normal 0.695077 0.139015 -0.705367
    outer loop
      vertex 15.8082 27.3334 1.54
      vertex 14.2758 27.1814 0
      vertex 14.2756 27.1824 0
    endloop
  endfacet
  facet normal 0.363839 0.606823 -0.706673
    outer loop
      vertex 15.7009 24.8055 0
      vertex 16.5555 26.0865 1.54
      vertex 16.6986 26.0007 1.54
    endloop
  endfacet
  facet normal 0.343979 0.619162 -0.705916
    outer loop
      vertex 16.5555 26.0865 1.54
      vertex 15.7009 24.8055 0
      vertex 15.7 24.806 0
    endloop
  endfacet
  facet normal -0.139002 0.69501 -0.705435
    outer loop
      vertex 18.4395 24.3993 0
      vertex 17.9935 25.8732 1.54
      vertex 18.4405 24.3995 0
    endloop
  endfacet
  facet normal -0.171805 0.686371 -0.706667
    outer loop
      vertex 17.9935 25.8732 1.54
      vertex 18.4395 24.3993 0
      vertex 17.8317 25.8327 1.54
    endloop
  endfacet
  facet normal -0.263099 0.657747 -0.705796
    outer loop
      vertex 17.9935 25.8732 1.54
      vertex 18.4415 24.3999 0
      vertex 18.4405 24.3995 0
    endloop
  endfacet
  facet normal -0.238321 0.666196 -0.706672
    outer loop
      vertex 18.4415 24.3999 0
      vertex 17.9935 25.8732 1.54
      vertex 18.1506 25.9294 1.54
    endloop
  endfacet
  facet normal -0.998799 -0.0489896 0
    outer loop
      vertex -23.2 -26.7 0
      vertex -23.225 -26.1903 0.599999
      vertex -23.225 -26.1903 0
    endloop
  endfacet
  facet normal -0.998799 -0.0489896 0
    outer loop
      vertex -23.225 -26.1903 0.599999
      vertex -23.2 -26.7 0
      vertex -23.2 -26.7 0.599999
    endloop
  endfacet
  facet normal 0.998799 -0.0489896 0
    outer loop
      vertex -33.6 -26.7 0.599999
      vertex -33.575 -26.1903 0
      vertex -33.575 -26.1903 0.599999
    endloop
  endfacet
  facet normal 0.998799 -0.0489896 0
    outer loop
      vertex -33.575 -26.1903 0
      vertex -33.6 -26.7 0.599999
      vertex -33.6 -26.7 0
    endloop
  endfacet
  facet normal 0.0489896 -0.998799 0
    outer loop
      vertex -28.9097 -21.525 0
      vertex -28.4 -21.5 0.599999
      vertex -28.9097 -21.525 0.599999
    endloop
  endfacet
  facet normal 0.0489896 -0.998799 0
    outer loop
      vertex -28.4 -21.5 0.599999
      vertex -28.9097 -21.525 0
      vertex -28.4 -21.5 0
    endloop
  endfacet
  facet normal -0.671472 -0.74103 0
    outer loop
      vertex -25.1012 -22.6803 0
      vertex -24.723 -23.023 0.599999
      vertex -25.1012 -22.6803 0.599999
    endloop
  endfacet
  facet normal -0.671472 -0.74103 -0
    outer loop
      vertex -24.723 -23.023 0.599999
      vertex -25.1012 -22.6803 0
      vertex -24.723 -23.023 0
    endloop
  endfacet
  facet normal 0.74103 -0.671472 0
    outer loop
      vertex -32.4197 -23.4012 0.599999
      vertex -32.077 -23.023 0
      vertex -32.077 -23.023 0.599999
    endloop
  endfacet
  facet normal 0.74103 -0.671472 0
    outer loop
      vertex -32.077 -23.023 0
      vertex -32.4197 -23.4012 0.599999
      vertex -32.4197 -23.4012 0
    endloop
  endfacet
  facet normal 0.427589 -0.903973 0
    outer loop
      vertex -30.8513 -22.114 0
      vertex -30.39 -21.8958 0.599999
      vertex -30.8513 -22.114 0.599999
    endloop
  endfacet
  facet normal 0.427589 -0.903973 0
    outer loop
      vertex -30.39 -21.8958 0.599999
      vertex -30.8513 -22.114 0
      vertex -30.39 -21.8958 0
    endloop
  endfacet
  facet normal 0.970027 0.242997 0
    outer loop
      vertex -33.3761 -28.2095 0.599999
      vertex -33.5001 -27.7145 0
      vertex -33.5001 -27.7145 0.599999
    endloop
  endfacet
  facet normal 0.970027 0.242997 0
    outer loop
      vertex -33.5001 -27.7145 0
      vertex -33.3761 -28.2095 0.599999
      vertex -33.3761 -28.2095 0
    endloop
  endfacet
  facet normal -0.903973 -0.427589 0
    outer loop
      vertex -23.5958 -24.71 0
      vertex -23.814 -24.2487 0.599999
      vertex -23.814 -24.2487 0
    endloop
  endfacet
  facet normal -0.903973 -0.427589 0
    outer loop
      vertex -23.814 -24.2487 0.599999
      vertex -23.5958 -24.71 0
      vertex -23.5958 -24.71 0.599999
    endloop
  endfacet
  facet normal -0.336845 -0.94156 0
    outer loop
      vertex -26.8905 -21.7239 0
      vertex -26.41 -21.8958 0.599999
      vertex -26.8905 -21.7239 0.599999
    endloop
  endfacet
  facet normal -0.336845 -0.94156 -0
    outer loop
      vertex -26.41 -21.8958 0.599999
      vertex -26.8905 -21.7239 0
      vertex -26.41 -21.8958 0
    endloop
  endfacet
  facet normal 0.903973 -0.427589 0
    outer loop
      vertex -33.2042 -24.71 0.599999
      vertex -32.986 -24.2487 0
      vertex -32.986 -24.2487 0.599999
    endloop
  endfacet
  facet normal 0.903973 -0.427589 0
    outer loop
      vertex -32.986 -24.2487 0
      vertex -33.2042 -24.71 0.599999
      vertex -33.2042 -24.71 0
    endloop
  endfacet
  facet normal 0.857683 -0.514179 0
    outer loop
      vertex -32.986 -24.2487 0.599999
      vertex -32.7236 -23.811 0
      vertex -32.7236 -23.811 0.599999
    endloop
  endfacet
  facet normal 0.857683 -0.514179 0
    outer loop
      vertex -32.7236 -23.811 0
      vertex -32.986 -24.2487 0.599999
      vertex -32.986 -24.2487 0
    endloop
  endfacet
  facet normal 0.242997 -0.970027 0
    outer loop
      vertex -29.9095 -21.7239 0
      vertex -29.4145 -21.5999 0.599999
      vertex -29.9095 -21.7239 0.599999
    endloop
  endfacet
  facet normal 0.242997 -0.970027 0
    outer loop
      vertex -29.4145 -21.5999 0.599999
      vertex -29.9095 -21.7239 0
      vertex -29.4145 -21.5999 0
    endloop
  endfacet
  facet normal -0.857683 0.514179 0
    outer loop
      vertex -24.0764 -29.589 0
      vertex -23.814 -29.1513 0.599999
      vertex -23.814 -29.1513 0
    endloop
  endfacet
  facet normal -0.857683 0.514179 0
    outer loop
      vertex -23.814 -29.1513 0.599999
      vertex -24.0764 -29.589 0
      vertex -24.0764 -29.589 0.599999
    endloop
  endfacet
  facet normal -0.242997 0.970027 0
    outer loop
      vertex -26.8905 -31.6761 0
      vertex -27.3855 -31.8001 0.599999
      vertex -26.8905 -31.6761 0.599999
    endloop
  endfacet
  facet normal -0.242997 0.970027 0
    outer loop
      vertex -27.3855 -31.8001 0.599999
      vertex -26.8905 -31.6761 0
      vertex -27.3855 -31.8001 0
    endloop
  endfacet
  facet normal -0.671472 0.74103 0
    outer loop
      vertex -24.723 -30.377 0
      vertex -25.1012 -30.7197 0.599999
      vertex -24.723 -30.377 0.599999
    endloop
  endfacet
  facet normal -0.671472 0.74103 0
    outer loop
      vertex -25.1012 -30.7197 0.599999
      vertex -24.723 -30.377 0
      vertex -25.1012 -30.7197 0
    endloop
  endfacet
  facet normal 0.336845 0.94156 -0
    outer loop
      vertex -29.9095 -31.6761 0
      vertex -30.39 -31.5042 0.599999
      vertex -29.9095 -31.6761 0.599999
    endloop
  endfacet
  facet normal 0.336845 0.94156 0
    outer loop
      vertex -30.39 -31.5042 0.599999
      vertex -29.9095 -31.6761 0
      vertex -30.39 -31.5042 0
    endloop
  endfacet
  facet normal 0.74103 0.671472 0
    outer loop
      vertex -32.077 -30.377 0.599999
      vertex -32.4197 -29.9988 0
      vertex -32.4197 -29.9988 0.599999
    endloop
  endfacet
  facet normal 0.74103 0.671472 0
    outer loop
      vertex -32.4197 -29.9988 0
      vertex -32.077 -30.377 0.599999
      vertex -32.077 -30.377 0
    endloop
  endfacet
  facet normal 0.803234 0.595663 0
    outer loop
      vertex -32.4197 -29.9988 0.599999
      vertex -32.7236 -29.589 0
      vertex -32.7236 -29.589 0.599999
    endloop
  endfacet
  facet normal 0.803234 0.595663 0
    outer loop
      vertex -32.7236 -29.589 0
      vertex -32.4197 -29.9988 0.599999
      vertex -32.4197 -29.9988 0
    endloop
  endfacet
  facet normal -0.970027 -0.242997 0
    outer loop
      vertex -23.2999 -25.6855 0
      vertex -23.4239 -25.1905 0.599999
      vertex -23.4239 -25.1905 0
    endloop
  endfacet
  facet normal -0.970027 -0.242997 0
    outer loop
      vertex -23.4239 -25.1905 0.599999
      vertex -23.2999 -25.6855 0
      vertex -23.2999 -25.6855 0.599999
    endloop
  endfacet
  facet normal -0.989171 -0.146769 0
    outer loop
      vertex -23.225 -26.1903 0
      vertex -23.2999 -25.6855 0.599999
      vertex -23.2999 -25.6855 0
    endloop
  endfacet
  facet normal -0.989171 -0.146769 0
    outer loop
      vertex -23.2999 -25.6855 0.599999
      vertex -23.225 -26.1903 0
      vertex -23.225 -26.1903 0.599999
    endloop
  endfacet
  facet normal -0.94156 -0.336845 0
    outer loop
      vertex -23.4239 -25.1905 0
      vertex -23.5958 -24.71 0.599999
      vertex -23.5958 -24.71 0
    endloop
  endfacet
  facet normal -0.94156 -0.336845 0
    outer loop
      vertex -23.5958 -24.71 0.599999
      vertex -23.4239 -25.1905 0
      vertex -23.4239 -25.1905 0.599999
    endloop
  endfacet
  facet normal -0.803234 -0.595663 0
    outer loop
      vertex -24.0764 -23.811 0
      vertex -24.3803 -23.4012 0.599999
      vertex -24.3803 -23.4012 0
    endloop
  endfacet
  facet normal -0.803234 -0.595663 0
    outer loop
      vertex -24.3803 -23.4012 0.599999
      vertex -24.0764 -23.811 0
      vertex -24.0764 -23.811 0.599999
    endloop
  endfacet
  facet normal -0.857683 -0.514179 0
    outer loop
      vertex -23.814 -24.2487 0
      vertex -24.0764 -23.811 0.599999
      vertex -24.0764 -23.811 0
    endloop
  endfacet
  facet normal -0.857683 -0.514179 0
    outer loop
      vertex -24.0764 -23.811 0.599999
      vertex -23.814 -24.2487 0
      vertex -23.814 -24.2487 0.599999
    endloop
  endfacet
  facet normal -0.146769 -0.989171 0
    outer loop
      vertex -27.8903 -21.525 0
      vertex -27.3855 -21.5999 0.599999
      vertex -27.8903 -21.525 0.599999
    endloop
  endfacet
  facet normal -0.146769 -0.989171 -0
    outer loop
      vertex -27.3855 -21.5999 0.599999
      vertex -27.8903 -21.525 0
      vertex -27.3855 -21.5999 0
    endloop
  endfacet
  facet normal -0.0489896 -0.998799 0
    outer loop
      vertex -28.4 -21.5 0
      vertex -27.8903 -21.525 0.599999
      vertex -28.4 -21.5 0.599999
    endloop
  endfacet
  facet normal -0.0489896 -0.998799 -0
    outer loop
      vertex -27.8903 -21.525 0.599999
      vertex -28.4 -21.5 0
      vertex -27.8903 -21.525 0
    endloop
  endfacet
  facet normal -0.514179 -0.857683 0
    outer loop
      vertex -25.9487 -22.114 0
      vertex -25.511 -22.3764 0.599999
      vertex -25.9487 -22.114 0.599999
    endloop
  endfacet
  facet normal -0.514179 -0.857683 -0
    outer loop
      vertex -25.511 -22.3764 0.599999
      vertex -25.9487 -22.114 0
      vertex -25.511 -22.3764 0
    endloop
  endfacet
  facet normal -0.595663 -0.803234 0
    outer loop
      vertex -25.511 -22.3764 0
      vertex -25.1012 -22.6803 0.599999
      vertex -25.511 -22.3764 0.599999
    endloop
  endfacet
  facet normal -0.595663 -0.803234 -0
    outer loop
      vertex -25.1012 -22.6803 0.599999
      vertex -25.511 -22.3764 0
      vertex -25.1012 -22.6803 0
    endloop
  endfacet
  facet normal 0.970027 -0.242997 0
    outer loop
      vertex -33.5001 -25.6855 0.599999
      vertex -33.3761 -25.1905 0
      vertex -33.3761 -25.1905 0.599999
    endloop
  endfacet
  facet normal 0.970027 -0.242997 0
    outer loop
      vertex -33.3761 -25.1905 0
      vertex -33.5001 -25.6855 0.599999
      vertex -33.5001 -25.6855 0
    endloop
  endfacet
  facet normal 0.989171 -0.146769 0
    outer loop
      vertex -33.575 -26.1903 0.599999
      vertex -33.5001 -25.6855 0
      vertex -33.5001 -25.6855 0.599999
    endloop
  endfacet
  facet normal 0.989171 -0.146769 0
    outer loop
      vertex -33.5001 -25.6855 0
      vertex -33.575 -26.1903 0.599999
      vertex -33.575 -26.1903 0
    endloop
  endfacet
  facet normal 0 0 -1
    outer loop
      vertex -23.225 -27.2097 0.599999
      vertex -23.225 -26.1903 0.599999
      vertex -23.2 -26.7 0.599999
    endloop
  endfacet
  facet normal 0 0 -1
    outer loop
      vertex -23.2999 -27.7145 0.599999
      vertex -23.225 -26.1903 0.599999
      vertex -23.225 -27.2097 0.599999
    endloop
  endfacet
  facet normal 0 0 -1
    outer loop
      vertex -23.2999 -27.7145 0.599999
      vertex -23.2999 -25.6855 0.599999
      vertex -23.225 -26.1903 0.599999
    endloop
  endfacet
  facet normal 0 0 -1
    outer loop
      vertex -23.4239 -28.2095 0.599999
      vertex -23.2999 -25.6855 0.599999
      vertex -23.2999 -27.7145 0.599999
    endloop
  endfacet
  facet normal 0 0 -1
    outer loop
      vertex -23.4239 -28.2095 0.599999
      vertex -23.4239 -25.1905 0.599999
      vertex -23.2999 -25.6855 0.599999
    endloop
  endfacet
  facet normal 0 0 -1
    outer loop
      vertex -23.5958 -28.69 0.599999
      vertex -23.4239 -25.1905 0.599999
      vertex -23.4239 -28.2095 0.599999
    endloop
  endfacet
  facet normal 0 0 -1
    outer loop
      vertex -23.5958 -28.69 0.599999
      vertex -23.5958 -24.71 0.599999
      vertex -23.4239 -25.1905 0.599999
    endloop
  endfacet
  facet normal 0 0 -1
    outer loop
      vertex -23.814 -29.1513 0.599999
      vertex -23.5958 -24.71 0.599999
      vertex -23.5958 -28.69 0.599999
    endloop
  endfacet
  facet normal 0 0 -1
    outer loop
      vertex -23.814 -29.1513 0.599999
      vertex -23.814 -24.2487 0.599999
      vertex -23.5958 -24.71 0.599999
    endloop
  endfacet
  facet normal 0 0 -1
    outer loop
      vertex -24.0764 -29.589 0.599999
      vertex -23.814 -24.2487 0.599999
      vertex -23.814 -29.1513 0.599999
    endloop
  endfacet
  facet normal 0 0 -1
    outer loop
      vertex -24.0764 -29.589 0.599999
      vertex -24.0764 -23.811 0.599999
      vertex -23.814 -24.2487 0.599999
    endloop
  endfacet
  facet normal 0 0 -1
    outer loop
      vertex -24.3803 -29.9988 0.599999
      vertex -24.0764 -23.811 0.599999
      vertex -24.0764 -29.589 0.599999
    endloop
  endfacet
  facet normal 0 0 -1
    outer loop
      vertex -24.3803 -29.9988 0.599999
      vertex -24.3803 -23.4012 0.599999
      vertex -24.0764 -23.811 0.599999
    endloop
  endfacet
  facet normal 0 0 -1
    outer loop
      vertex -24.723 -30.377 0.599999
      vertex -24.3803 -23.4012 0.599999
      vertex -24.3803 -29.9988 0.599999
    endloop
  endfacet
  facet normal 0 0 -1
    outer loop
      vertex -24.723 -30.377 0.599999
      vertex -24.723 -23.023 0.599999
      vertex -24.3803 -23.4012 0.599999
    endloop
  endfacet
  facet normal 0 0 -1
    outer loop
      vertex -25.1012 -30.7197 0.599999
      vertex -24.723 -23.023 0.599999
      vertex -24.723 -30.377 0.599999
    endloop
  endfacet
  facet normal 0 0 -1
    outer loop
      vertex -25.1012 -30.7197 0.599999
      vertex -25.1012 -22.6803 0.599999
      vertex -24.723 -23.023 0.599999
    endloop
  endfacet
  facet normal 0 0 -1
    outer loop
      vertex -25.511 -31.0236 0.599999
      vertex -25.1012 -22.6803 0.599999
      vertex -25.1012 -30.7197 0.599999
    endloop
  endfacet
  facet normal 0 0 -1
    outer loop
      vertex -25.511 -31.0236 0.599999
      vertex -25.511 -22.3764 0.599999
      vertex -25.1012 -22.6803 0.599999
    endloop
  endfacet
  facet normal 0 0 -1
    outer loop
      vertex -25.9487 -31.286 0.599999
      vertex -25.511 -22.3764 0.599999
      vertex -25.511 -31.0236 0.599999
    endloop
  endfacet
  facet normal 0 0 -1
    outer loop
      vertex -25.9487 -31.286 0.599999
      vertex -25.9487 -22.114 0.599999
      vertex -25.511 -22.3764 0.599999
    endloop
  endfacet
  facet normal 0 0 -1
    outer loop
      vertex -26.41 -31.5042 0.599999
      vertex -25.9487 -22.114 0.599999
      vertex -25.9487 -31.286 0.599999
    endloop
  endfacet
  facet normal 0 0 -1
    outer loop
      vertex -26.41 -31.5042 0.599999
      vertex -26.41 -21.8958 0.599999
      vertex -25.9487 -22.114 0.599999
    endloop
  endfacet
  facet normal 0 0 -1
    outer loop
      vertex -26.8905 -31.6761 0.599999
      vertex -26.41 -21.8958 0.599999
      vertex -26.41 -31.5042 0.599999
    endloop
  endfacet
  facet normal 0 0 -1
    outer loop
      vertex -26.8905 -31.6761 0.599999
      vertex -26.8905 -21.7239 0.599999
      vertex -26.41 -21.8958 0.599999
    endloop
  endfacet
  facet normal 0 0 -1
    outer loop
      vertex -27.3855 -31.8001 0.599999
      vertex -26.8905 -21.7239 0.599999
      vertex -26.8905 -31.6761 0.599999
    endloop
  endfacet
  facet normal 0 0 -1
    outer loop
      vertex -27.3855 -31.8001 0.599999
      vertex -27.3855 -21.5999 0.599999
      vertex -26.8905 -21.7239 0.599999
    endloop
  endfacet
  facet normal 0 0 -1
    outer loop
      vertex -27.8903 -31.875 0.599999
      vertex -27.3855 -21.5999 0.599999
      vertex -27.3855 -31.8001 0.599999
    endloop
  endfacet
  facet normal 0 0 -1
    outer loop
      vertex -27.8903 -31.875 0.599999
      vertex -27.8903 -21.525 0.599999
      vertex -27.3855 -21.5999 0.599999
    endloop
  endfacet
  facet normal 0 0 -1
    outer loop
      vertex -28.4 -31.9 0.599999
      vertex -27.8903 -21.525 0.599999
      vertex -27.8903 -31.875 0.599999
    endloop
  endfacet
  facet normal 0 0 -1
    outer loop
      vertex -28.4 -31.9 0.599999
      vertex -28.4 -21.5 0.599999
      vertex -27.8903 -21.525 0.599999
    endloop
  endfacet
  facet normal 0 0 -1
    outer loop
      vertex -28.9097 -31.875 0.599999
      vertex -28.4 -21.5 0.599999
      vertex -28.4 -31.9 0.599999
    endloop
  endfacet
  facet normal 0 0 -1
    outer loop
      vertex -28.9097 -31.875 0.599999
      vertex -28.9097 -21.525 0.599999
      vertex -28.4 -21.5 0.599999
    endloop
  endfacet
  facet normal 0 0 -1
    outer loop
      vertex -29.4145 -31.8001 0.599999
      vertex -28.9097 -21.525 0.599999
      vertex -28.9097 -31.875 0.599999
    endloop
  endfacet
  facet normal 0 0 -1
    outer loop
      vertex -29.4145 -31.8001 0.599999
      vertex -29.4145 -21.5999 0.599999
      vertex -28.9097 -21.525 0.599999
    endloop
  endfacet
  facet normal 0 0 -1
    outer loop
      vertex -29.9095 -31.6761 0.599999
      vertex -29.4145 -21.5999 0.599999
      vertex -29.4145 -31.8001 0.599999
    endloop
  endfacet
  facet normal 0 0 -1
    outer loop
      vertex -29.9095 -31.6761 0.599999
      vertex -29.9095 -21.7239 0.599999
      vertex -29.4145 -21.5999 0.599999
    endloop
  endfacet
  facet normal 0 0 -1
    outer loop
      vertex -30.39 -31.5042 0.599999
      vertex -29.9095 -21.7239 0.599999
      vertex -29.9095 -31.6761 0.599999
    endloop
  endfacet
  facet normal 0 0 -1
    outer loop
      vertex -30.39 -31.5042 0.599999
      vertex -30.39 -21.8958 0.599999
      vertex -29.9095 -21.7239 0.599999
    endloop
  endfacet
  facet normal 0 0 -1
    outer loop
      vertex -30.8513 -31.286 0.599999
      vertex -30.39 -21.8958 0.599999
      vertex -30.39 -31.5042 0.599999
    endloop
  endfacet
  facet normal 0 0 -1
    outer loop
      vertex -30.8513 -31.286 0.599999
      vertex -30.8513 -22.114 0.599999
      vertex -30.39 -21.8958 0.599999
    endloop
  endfacet
  facet normal 0 0 -1
    outer loop
      vertex -31.289 -31.0236 0.599999
      vertex -30.8513 -22.114 0.599999
      vertex -30.8513 -31.286 0.599999
    endloop
  endfacet
  facet normal 0 0 -1
    outer loop
      vertex -31.289 -31.0236 0.599999
      vertex -31.289 -22.3764 0.599999
      vertex -30.8513 -22.114 0.599999
    endloop
  endfacet
  facet normal 0 0 -1
    outer loop
      vertex -31.6988 -30.7197 0.599999
      vertex -31.289 -22.3764 0.599999
      vertex -31.289 -31.0236 0.599999
    endloop
  endfacet
  facet normal 0 0 -1
    outer loop
      vertex -31.6988 -30.7197 0.599999
      vertex -31.6988 -22.6803 0.599999
      vertex -31.289 -22.3764 0.599999
    endloop
  endfacet
  facet normal 0 0 -1
    outer loop
      vertex -32.077 -30.377 0.599999
      vertex -31.6988 -22.6803 0.599999
      vertex -31.6988 -30.7197 0.599999
    endloop
  endfacet
  facet normal 0 0 -1
    outer loop
      vertex -32.077 -30.377 0.599999
      vertex -32.077 -23.023 0.599999
      vertex -31.6988 -22.6803 0.599999
    endloop
  endfacet
  facet normal 0 0 -1
    outer loop
      vertex -32.4197 -29.9988 0.599999
      vertex -32.077 -23.023 0.599999
      vertex -32.077 -30.377 0.599999
    endloop
  endfacet
  facet normal 0 0 -1
    outer loop
      vertex -32.4197 -29.9988 0.599999
      vertex -32.4197 -23.4012 0.599999
      vertex -32.077 -23.023 0.599999
    endloop
  endfacet
  facet normal 0 0 -1
    outer loop
      vertex -32.7236 -29.589 0.599999
      vertex -32.4197 -23.4012 0.599999
      vertex -32.4197 -29.9988 0.599999
    endloop
  endfacet
  facet normal 0 0 -1
    outer loop
      vertex -32.7236 -29.589 0.599999
      vertex -32.7236 -23.811 0.599999
      vertex -32.4197 -23.4012 0.599999
    endloop
  endfacet
  facet normal 0 0 -1
    outer loop
      vertex -32.986 -29.1513 0.599999
      vertex -32.7236 -23.811 0.599999
      vertex -32.7236 -29.589 0.599999
    endloop
  endfacet
  facet normal 0 0 -1
    outer loop
      vertex -32.986 -29.1513 0.599999
      vertex -32.986 -24.2487 0.599999
      vertex -32.7236 -23.811 0.599999
    endloop
  endfacet
  facet normal 0 0 -1
    outer loop
      vertex -33.2042 -28.69 0.599999
      vertex -32.986 -24.2487 0.599999
      vertex -32.986 -29.1513 0.599999
    endloop
  endfacet
  facet normal 0 0 -1
    outer loop
      vertex -33.2042 -28.69 0.599999
      vertex -33.2042 -24.71 0.599999
      vertex -32.986 -24.2487 0.599999
    endloop
  endfacet
  facet normal 0 0 -1
    outer loop
      vertex -33.3761 -28.2095 0.599999
      vertex -33.2042 -24.71 0.599999
      vertex -33.2042 -28.69 0.599999
    endloop
  endfacet
  facet normal 0 0 -1
    outer loop
      vertex -33.3761 -28.2095 0.599999
      vertex -33.3761 -25.1905 0.599999
      vertex -33.2042 -24.71 0.599999
    endloop
  endfacet
  facet normal 0 0 -1
    outer loop
      vertex -33.5001 -27.7145 0.599999
      vertex -33.3761 -25.1905 0.599999
      vertex -33.3761 -28.2095 0.599999
    endloop
  endfacet
  facet normal 0 0 -1
    outer loop
      vertex -33.5001 -27.7145 0.599999
      vertex -33.5001 -25.6855 0.599999
      vertex -33.3761 -25.1905 0.599999
    endloop
  endfacet
  facet normal 0 0 -1
    outer loop
      vertex -33.575 -27.2097 0.599999
      vertex -33.5001 -25.6855 0.599999
      vertex -33.5001 -27.7145 0.599999
    endloop
  endfacet
  facet normal 0 0 -1
    outer loop
      vertex -33.575 -27.2097 0.599999
      vertex -33.575 -26.1903 0.599999
      vertex -33.5001 -25.6855 0.599999
    endloop
  endfacet
  facet normal 0 -0 -1
    outer loop
      vertex -33.575 -26.1903 0.599999
      vertex -33.575 -27.2097 0.599999
      vertex -33.6 -26.7 0.599999
    endloop
  endfacet
  facet normal 0.595663 -0.803234 0
    outer loop
      vertex -31.6988 -22.6803 0
      vertex -31.289 -22.3764 0.599999
      vertex -31.6988 -22.6803 0.599999
    endloop
  endfacet
  facet normal 0.595663 -0.803234 0
    outer loop
      vertex -31.289 -22.3764 0.599999
      vertex -31.6988 -22.6803 0
      vertex -31.289 -22.3764 0
    endloop
  endfacet
  facet normal 0.146769 -0.989171 0
    outer loop
      vertex -29.4145 -21.5999 0
      vertex -28.9097 -21.525 0.599999
      vertex -29.4145 -21.5999 0.599999
    endloop
  endfacet
  facet normal 0.146769 -0.989171 0
    outer loop
      vertex -28.9097 -21.525 0.599999
      vertex -29.4145 -21.5999 0
      vertex -28.9097 -21.525 0
    endloop
  endfacet
  facet normal -0.998799 0.0489896 0
    outer loop
      vertex -23.225 -27.2097 0
      vertex -23.2 -26.7 0.599999
      vertex -23.2 -26.7 0
    endloop
  endfacet
  facet normal -0.998799 0.0489896 0
    outer loop
      vertex -23.2 -26.7 0.599999
      vertex -23.225 -27.2097 0
      vertex -23.225 -27.2097 0.599999
    endloop
  endfacet
  facet normal -0.0489896 0.998799 0
    outer loop
      vertex -27.8903 -31.875 0
      vertex -28.4 -31.9 0.599999
      vertex -27.8903 -31.875 0.599999
    endloop
  endfacet
  facet normal -0.0489896 0.998799 0
    outer loop
      vertex -28.4 -31.9 0.599999
      vertex -27.8903 -31.875 0
      vertex -28.4 -31.9 0
    endloop
  endfacet
  facet normal -0.427589 0.903973 0
    outer loop
      vertex -25.9487 -31.286 0
      vertex -26.41 -31.5042 0.599999
      vertex -25.9487 -31.286 0.599999
    endloop
  endfacet
  facet normal -0.427589 0.903973 0
    outer loop
      vertex -26.41 -31.5042 0.599999
      vertex -25.9487 -31.286 0
      vertex -26.41 -31.5042 0
    endloop
  endfacet
  facet normal -0.595663 0.803234 0
    outer loop
      vertex -25.1012 -30.7197 0
      vertex -25.511 -31.0236 0.599999
      vertex -25.1012 -30.7197 0.599999
    endloop
  endfacet
  facet normal -0.595663 0.803234 0
    outer loop
      vertex -25.511 -31.0236 0.599999
      vertex -25.1012 -30.7197 0
      vertex -25.511 -31.0236 0
    endloop
  endfacet
  facet normal -0.514179 0.857683 0
    outer loop
      vertex -25.511 -31.0236 0
      vertex -25.9487 -31.286 0.599999
      vertex -25.511 -31.0236 0.599999
    endloop
  endfacet
  facet normal -0.514179 0.857683 0
    outer loop
      vertex -25.9487 -31.286 0.599999
      vertex -25.511 -31.0236 0
      vertex -25.9487 -31.286 0
    endloop
  endfacet
  facet normal -0.74103 0.671472 0
    outer loop
      vertex -24.723 -30.377 0
      vertex -24.3803 -29.9988 0.599999
      vertex -24.3803 -29.9988 0
    endloop
  endfacet
  facet normal -0.74103 0.671472 0
    outer loop
      vertex -24.3803 -29.9988 0.599999
      vertex -24.723 -30.377 0
      vertex -24.723 -30.377 0.599999
    endloop
  endfacet
  facet normal -0.803234 0.595663 0
    outer loop
      vertex -24.3803 -29.9988 0
      vertex -24.0764 -29.589 0.599999
      vertex -24.0764 -29.589 0
    endloop
  endfacet
  facet normal -0.803234 0.595663 0
    outer loop
      vertex -24.0764 -29.589 0.599999
      vertex -24.3803 -29.9988 0
      vertex -24.3803 -29.9988 0.599999
    endloop
  endfacet
  facet normal -0.94156 0.336845 0
    outer loop
      vertex -23.5958 -28.69 0
      vertex -23.4239 -28.2095 0.599999
      vertex -23.4239 -28.2095 0
    endloop
  endfacet
  facet normal -0.94156 0.336845 0
    outer loop
      vertex -23.4239 -28.2095 0.599999
      vertex -23.5958 -28.69 0
      vertex -23.5958 -28.69 0.599999
    endloop
  endfacet
  facet normal 0.671472 0.74103 -0
    outer loop
      vertex -31.6988 -30.7197 0
      vertex -32.077 -30.377 0.599999
      vertex -31.6988 -30.7197 0.599999
    endloop
  endfacet
  facet normal 0.671472 0.74103 0
    outer loop
      vertex -32.077 -30.377 0.599999
      vertex -31.6988 -30.7197 0
      vertex -32.077 -30.377 0
    endloop
  endfacet
  facet normal 0.595663 0.803234 -0
    outer loop
      vertex -31.289 -31.0236 0
      vertex -31.6988 -30.7197 0.599999
      vertex -31.289 -31.0236 0.599999
    endloop
  endfacet
  facet normal 0.595663 0.803234 0
    outer loop
      vertex -31.6988 -30.7197 0.599999
      vertex -31.289 -31.0236 0
      vertex -31.6988 -30.7197 0
    endloop
  endfacet
  facet normal 0.514179 0.857683 -0
    outer loop
      vertex -30.8513 -31.286 0
      vertex -31.289 -31.0236 0.599999
      vertex -30.8513 -31.286 0.599999
    endloop
  endfacet
  facet normal 0.514179 0.857683 0
    outer loop
      vertex -31.289 -31.0236 0.599999
      vertex -30.8513 -31.286 0
      vertex -31.289 -31.0236 0
    endloop
  endfacet
  facet normal 0.146769 0.989171 -0
    outer loop
      vertex -28.9097 -31.875 0
      vertex -29.4145 -31.8001 0.599999
      vertex -28.9097 -31.875 0.599999
    endloop
  endfacet
  facet normal 0.146769 0.989171 0
    outer loop
      vertex -29.4145 -31.8001 0.599999
      vertex -28.9097 -31.875 0
      vertex -29.4145 -31.8001 0
    endloop
  endfacet
  facet normal 0.903973 0.427589 0
    outer loop
      vertex -32.986 -29.1513 0.599999
      vertex -33.2042 -28.69 0
      vertex -33.2042 -28.69 0.599999
    endloop
  endfacet
  facet normal 0.903973 0.427589 0
    outer loop
      vertex -33.2042 -28.69 0
      vertex -32.986 -29.1513 0.599999
      vertex -32.986 -29.1513 0
    endloop
  endfacet
  facet normal 0.94156 0.336845 0
    outer loop
      vertex -33.2042 -28.69 0.599999
      vertex -33.3761 -28.2095 0
      vertex -33.3761 -28.2095 0.599999
    endloop
  endfacet
  facet normal 0.94156 0.336845 0
    outer loop
      vertex -33.3761 -28.2095 0
      vertex -33.2042 -28.69 0.599999
      vertex -33.2042 -28.69 0
    endloop
  endfacet
  facet normal 0.998799 0.0489896 0
    outer loop
      vertex -33.575 -27.2097 0.599999
      vertex -33.6 -26.7 0
      vertex -33.6 -26.7 0.599999
    endloop
  endfacet
  facet normal 0.998799 0.0489896 0
    outer loop
      vertex -33.6 -26.7 0
      vertex -33.575 -27.2097 0.599999
      vertex -33.575 -27.2097 0
    endloop
  endfacet
  facet normal -0.74103 -0.671472 0
    outer loop
      vertex -24.3803 -23.4012 0
      vertex -24.723 -23.023 0.599999
      vertex -24.723 -23.023 0
    endloop
  endfacet
  facet normal -0.74103 -0.671472 0
    outer loop
      vertex -24.723 -23.023 0.599999
      vertex -24.3803 -23.4012 0
      vertex -24.3803 -23.4012 0.599999
    endloop
  endfacet
  facet normal -0.242997 -0.970027 0
    outer loop
      vertex -27.3855 -21.5999 0
      vertex -26.8905 -21.7239 0.599999
      vertex -27.3855 -21.5999 0.599999
    endloop
  endfacet
  facet normal -0.242997 -0.970027 -0
    outer loop
      vertex -26.8905 -21.7239 0.599999
      vertex -27.3855 -21.5999 0
      vertex -26.8905 -21.7239 0
    endloop
  endfacet
  facet normal -0.427589 -0.903973 0
    outer loop
      vertex -26.41 -21.8958 0
      vertex -25.9487 -22.114 0.599999
      vertex -26.41 -21.8958 0.599999
    endloop
  endfacet
  facet normal -0.427589 -0.903973 -0
    outer loop
      vertex -25.9487 -22.114 0.599999
      vertex -26.41 -21.8958 0
      vertex -25.9487 -22.114 0
    endloop
  endfacet
  facet normal 0.803234 -0.595663 0
    outer loop
      vertex -32.7236 -23.811 0.599999
      vertex -32.4197 -23.4012 0
      vertex -32.4197 -23.4012 0.599999
    endloop
  endfacet
  facet normal 0.803234 -0.595663 0
    outer loop
      vertex -32.4197 -23.4012 0
      vertex -32.7236 -23.811 0.599999
      vertex -32.7236 -23.811 0
    endloop
  endfacet
  facet normal 0.94156 -0.336845 0
    outer loop
      vertex -33.3761 -25.1905 0.599999
      vertex -33.2042 -24.71 0
      vertex -33.2042 -24.71 0.599999
    endloop
  endfacet
  facet normal 0.94156 -0.336845 0
    outer loop
      vertex -33.2042 -24.71 0
      vertex -33.3761 -25.1905 0.599999
      vertex -33.3761 -25.1905 0
    endloop
  endfacet
  facet normal 0.671472 -0.74103 0
    outer loop
      vertex -32.077 -23.023 0
      vertex -31.6988 -22.6803 0.599999
      vertex -32.077 -23.023 0.599999
    endloop
  endfacet
  facet normal 0.671472 -0.74103 0
    outer loop
      vertex -31.6988 -22.6803 0.599999
      vertex -32.077 -23.023 0
      vertex -31.6988 -22.6803 0
    endloop
  endfacet
  facet normal 0.514179 -0.857683 0
    outer loop
      vertex -31.289 -22.3764 0
      vertex -30.8513 -22.114 0.599999
      vertex -31.289 -22.3764 0.599999
    endloop
  endfacet
  facet normal 0.514179 -0.857683 0
    outer loop
      vertex -30.8513 -22.114 0.599999
      vertex -31.289 -22.3764 0
      vertex -30.8513 -22.114 0
    endloop
  endfacet
  facet normal 0.336845 -0.94156 0
    outer loop
      vertex -30.39 -21.8958 0
      vertex -29.9095 -21.7239 0.599999
      vertex -30.39 -21.8958 0.599999
    endloop
  endfacet
  facet normal 0.336845 -0.94156 0
    outer loop
      vertex -29.9095 -21.7239 0.599999
      vertex -30.39 -21.8958 0
      vertex -29.9095 -21.7239 0
    endloop
  endfacet
  facet normal -0.146769 0.989171 0
    outer loop
      vertex -27.3855 -31.8001 0
      vertex -27.8903 -31.875 0.599999
      vertex -27.3855 -31.8001 0.599999
    endloop
  endfacet
  facet normal -0.146769 0.989171 0
    outer loop
      vertex -27.8903 -31.875 0.599999
      vertex -27.3855 -31.8001 0
      vertex -27.8903 -31.875 0
    endloop
  endfacet
  facet normal -0.336845 0.94156 0
    outer loop
      vertex -26.41 -31.5042 0
      vertex -26.8905 -31.6761 0.599999
      vertex -26.41 -31.5042 0.599999
    endloop
  endfacet
  facet normal -0.336845 0.94156 0
    outer loop
      vertex -26.8905 -31.6761 0.599999
      vertex -26.41 -31.5042 0
      vertex -26.8905 -31.6761 0
    endloop
  endfacet
  facet normal -0.903973 0.427589 0
    outer loop
      vertex -23.814 -29.1513 0
      vertex -23.5958 -28.69 0.599999
      vertex -23.5958 -28.69 0
    endloop
  endfacet
  facet normal -0.903973 0.427589 0
    outer loop
      vertex -23.5958 -28.69 0.599999
      vertex -23.814 -29.1513 0
      vertex -23.814 -29.1513 0.599999
    endloop
  endfacet
  facet normal -0.970027 0.242997 0
    outer loop
      vertex -23.4239 -28.2095 0
      vertex -23.2999 -27.7145 0.599999
      vertex -23.2999 -27.7145 0
    endloop
  endfacet
  facet normal -0.970027 0.242997 0
    outer loop
      vertex -23.2999 -27.7145 0.599999
      vertex -23.4239 -28.2095 0
      vertex -23.4239 -28.2095 0.599999
    endloop
  endfacet
  facet normal 0.427589 0.903973 -0
    outer loop
      vertex -30.39 -31.5042 0
      vertex -30.8513 -31.286 0.599999
      vertex -30.39 -31.5042 0.599999
    endloop
  endfacet
  facet normal 0.427589 0.903973 0
    outer loop
      vertex -30.8513 -31.286 0.599999
      vertex -30.39 -31.5042 0
      vertex -30.8513 -31.286 0
    endloop
  endfacet
  facet normal 0.242997 0.970027 -0
    outer loop
      vertex -29.4145 -31.8001 0
      vertex -29.9095 -31.6761 0.599999
      vertex -29.4145 -31.8001 0.599999
    endloop
  endfacet
  facet normal 0.242997 0.970027 0
    outer loop
      vertex -29.9095 -31.6761 0.599999
      vertex -29.4145 -31.8001 0
      vertex -29.9095 -31.6761 0
    endloop
  endfacet
  facet normal 0.0489896 0.998799 -0
    outer loop
      vertex -28.4 -31.9 0
      vertex -28.9097 -31.875 0.599999
      vertex -28.4 -31.9 0.599999
    endloop
  endfacet
  facet normal 0.0489896 0.998799 0
    outer loop
      vertex -28.9097 -31.875 0.599999
      vertex -28.4 -31.9 0
      vertex -28.9097 -31.875 0
    endloop
  endfacet
  facet normal 0.857683 0.514179 0
    outer loop
      vertex -32.7236 -29.589 0.599999
      vertex -32.986 -29.1513 0
      vertex -32.986 -29.1513 0.599999
    endloop
  endfacet
  facet normal 0.857683 0.514179 0
    outer loop
      vertex -32.986 -29.1513 0
      vertex -32.7236 -29.589 0.599999
      vertex -32.7236 -29.589 0
    endloop
  endfacet
  facet normal 0.989171 0.146769 0
    outer loop
      vertex -33.5001 -27.7145 0.599999
      vertex -33.575 -27.2097 0
      vertex -33.575 -27.2097 0.599999
    endloop
  endfacet
  facet normal 0.989171 0.146769 0
    outer loop
      vertex -33.575 -27.2097 0
      vertex -33.5001 -27.7145 0.599999
      vertex -33.5001 -27.7145 0
    endloop
  endfacet
  facet normal -0.989171 0.146769 0
    outer loop
      vertex -23.2999 -27.7145 0
      vertex -23.225 -27.2097 0.599999
      vertex -23.225 -27.2097 0
    endloop
  endfacet
  facet normal -0.989171 0.146769 0
    outer loop
      vertex -23.225 -27.2097 0.599999
      vertex -23.2999 -27.7145 0
      vertex -23.2999 -27.7145 0.599999
    endloop
  endfacet
  facet normal -0.998799 -0.0489896 0
    outer loop
      vertex -23.2 26.7 0
      vertex -23.225 27.2097 0.599999
      vertex -23.225 27.2097 0
    endloop
  endfacet
  facet normal -0.998799 -0.0489896 0
    outer loop
      vertex -23.225 27.2097 0.599999
      vertex -23.2 26.7 0
      vertex -23.2 26.7 0.599999
    endloop
  endfacet
  facet normal 0.998799 -0.0489896 0
    outer loop
      vertex -33.6 26.7 0.599999
      vertex -33.575 27.2097 0
      vertex -33.575 27.2097 0.599999
    endloop
  endfacet
  facet normal 0.998799 -0.0489896 0
    outer loop
      vertex -33.575 27.2097 0
      vertex -33.6 26.7 0.599999
      vertex -33.6 26.7 0
    endloop
  endfacet
  facet normal -0.0489896 -0.998799 0
    outer loop
      vertex -28.4 31.9 0
      vertex -27.8903 31.875 0.599999
      vertex -28.4 31.9 0.599999
    endloop
  endfacet
  facet normal -0.0489896 -0.998799 -0
    outer loop
      vertex -27.8903 31.875 0.599999
      vertex -28.4 31.9 0
      vertex -27.8903 31.875 0
    endloop
  endfacet
  facet normal -0.0489896 0.998799 0
    outer loop
      vertex -27.8903 21.525 0
      vertex -28.4 21.5 0.599999
      vertex -27.8903 21.525 0.599999
    endloop
  endfacet
  facet normal -0.0489896 0.998799 0
    outer loop
      vertex -28.4 21.5 0.599999
      vertex -27.8903 21.525 0
      vertex -28.4 21.5 0
    endloop
  endfacet
  facet normal -0.671472 -0.74103 0
    outer loop
      vertex -25.1012 30.7197 0
      vertex -24.723 30.377 0.599999
      vertex -25.1012 30.7197 0.599999
    endloop
  endfacet
  facet normal -0.671472 -0.74103 -0
    outer loop
      vertex -24.723 30.377 0.599999
      vertex -25.1012 30.7197 0
      vertex -24.723 30.377 0
    endloop
  endfacet
  facet normal 0.671472 -0.74103 0
    outer loop
      vertex -32.077 30.377 0
      vertex -31.6988 30.7197 0.599999
      vertex -32.077 30.377 0.599999
    endloop
  endfacet
  facet normal 0.671472 -0.74103 0
    outer loop
      vertex -31.6988 30.7197 0.599999
      vertex -32.077 30.377 0
      vertex -31.6988 30.7197 0
    endloop
  endfacet
  facet normal 0.336845 -0.94156 0
    outer loop
      vertex -30.39 31.5042 0
      vertex -29.9095 31.6761 0.599999
      vertex -30.39 31.5042 0.599999
    endloop
  endfacet
  facet normal 0.336845 -0.94156 0
    outer loop
      vertex -29.9095 31.6761 0.599999
      vertex -30.39 31.5042 0
      vertex -29.9095 31.6761 0
    endloop
  endfacet
  facet normal -0.903973 -0.427589 0
    outer loop
      vertex -23.5958 28.69 0
      vertex -23.814 29.1513 0.599999
      vertex -23.814 29.1513 0
    endloop
  endfacet
  facet normal -0.903973 -0.427589 0
    outer loop
      vertex -23.814 29.1513 0.599999
      vertex -23.5958 28.69 0
      vertex -23.5958 28.69 0.599999
    endloop
  endfacet
  facet normal -0.427589 -0.903973 0
    outer loop
      vertex -26.41 31.5042 0
      vertex -25.9487 31.286 0.599999
      vertex -26.41 31.5042 0.599999
    endloop
  endfacet
  facet normal -0.427589 -0.903973 -0
    outer loop
      vertex -25.9487 31.286 0.599999
      vertex -26.41 31.5042 0
      vertex -25.9487 31.286 0
    endloop
  endfacet
  facet normal -0.595663 -0.803234 0
    outer loop
      vertex -25.511 31.0236 0
      vertex -25.1012 30.7197 0.599999
      vertex -25.511 31.0236 0.599999
    endloop
  endfacet
  facet normal -0.595663 -0.803234 -0
    outer loop
      vertex -25.1012 30.7197 0.599999
      vertex -25.511 31.0236 0
      vertex -25.1012 30.7197 0
    endloop
  endfacet
  facet normal 0.857683 -0.514179 0
    outer loop
      vertex -32.986 29.1513 0.599999
      vertex -32.7236 29.589 0
      vertex -32.7236 29.589 0.599999
    endloop
  endfacet
  facet normal 0.857683 -0.514179 0
    outer loop
      vertex -32.7236 29.589 0
      vertex -32.986 29.1513 0.599999
      vertex -32.986 29.1513 0
    endloop
  endfacet
  facet normal 0.803234 -0.595663 0
    outer loop
      vertex -32.7236 29.589 0.599999
      vertex -32.4197 29.9988 0
      vertex -32.4197 29.9988 0.599999
    endloop
  endfacet
  facet normal 0.803234 -0.595663 0
    outer loop
      vertex -32.4197 29.9988 0
      vertex -32.7236 29.589 0.599999
      vertex -32.7236 29.589 0
    endloop
  endfacet
  facet normal 0.146769 -0.989171 0
    outer loop
      vertex -29.4145 31.8001 0
      vertex -28.9097 31.875 0.599999
      vertex -29.4145 31.8001 0.599999
    endloop
  endfacet
  facet normal 0.146769 -0.989171 0
    outer loop
      vertex -28.9097 31.875 0.599999
      vertex -29.4145 31.8001 0
      vertex -28.9097 31.875 0
    endloop
  endfacet
  facet normal -0.336845 0.94156 0
    outer loop
      vertex -26.41 21.8958 0
      vertex -26.8905 21.7239 0.599999
      vertex -26.41 21.8958 0.599999
    endloop
  endfacet
  facet normal -0.336845 0.94156 0
    outer loop
      vertex -26.8905 21.7239 0.599999
      vertex -26.41 21.8958 0
      vertex -26.8905 21.7239 0
    endloop
  endfacet
  facet normal -0.970027 -0.242997 0
    outer loop
      vertex -23.2999 27.7145 0
      vertex -23.4239 28.2095 0.599999
      vertex -23.4239 28.2095 0
    endloop
  endfacet
  facet normal -0.970027 -0.242997 0
    outer loop
      vertex -23.4239 28.2095 0.599999
      vertex -23.2999 27.7145 0
      vertex -23.2999 27.7145 0.599999
    endloop
  endfacet
  facet normal -0.989171 -0.146769 0
    outer loop
      vertex -23.225 27.2097 0
      vertex -23.2999 27.7145 0.599999
      vertex -23.2999 27.7145 0
    endloop
  endfacet
  facet normal -0.989171 -0.146769 0
    outer loop
      vertex -23.2999 27.7145 0.599999
      vertex -23.225 27.2097 0
      vertex -23.225 27.2097 0.599999
    endloop
  endfacet
  facet normal -0.94156 -0.336845 0
    outer loop
      vertex -23.4239 28.2095 0
      vertex -23.5958 28.69 0.599999
      vertex -23.5958 28.69 0
    endloop
  endfacet
  facet normal -0.94156 -0.336845 0
    outer loop
      vertex -23.5958 28.69 0.599999
      vertex -23.4239 28.2095 0
      vertex -23.4239 28.2095 0.599999
    endloop
  endfacet
  facet normal -0.803234 -0.595663 0
    outer loop
      vertex -24.0764 29.589 0
      vertex -24.3803 29.9988 0.599999
      vertex -24.3803 29.9988 0
    endloop
  endfacet
  facet normal -0.803234 -0.595663 0
    outer loop
      vertex -24.3803 29.9988 0.599999
      vertex -24.0764 29.589 0
      vertex -24.0764 29.589 0.599999
    endloop
  endfacet
  facet normal -0.74103 -0.671472 0
    outer loop
      vertex -24.3803 29.9988 0
      vertex -24.723 30.377 0.599999
      vertex -24.723 30.377 0
    endloop
  endfacet
  facet normal -0.74103 -0.671472 0
    outer loop
      vertex -24.723 30.377 0.599999
      vertex -24.3803 29.9988 0
      vertex -24.3803 29.9988 0.599999
    endloop
  endfacet
  facet normal -0.242997 -0.970027 0
    outer loop
      vertex -27.3855 31.8001 0
      vertex -26.8905 31.6761 0.599999
      vertex -27.3855 31.8001 0.599999
    endloop
  endfacet
  facet normal -0.242997 -0.970027 -0
    outer loop
      vertex -26.8905 31.6761 0.599999
      vertex -27.3855 31.8001 0
      vertex -26.8905 31.6761 0
    endloop
  endfacet
  facet normal -0.146769 -0.989171 0
    outer loop
      vertex -27.8903 31.875 0
      vertex -27.3855 31.8001 0.599999
      vertex -27.8903 31.875 0.599999
    endloop
  endfacet
  facet normal -0.146769 -0.989171 -0
    outer loop
      vertex -27.3855 31.8001 0.599999
      vertex -27.8903 31.875 0
      vertex -27.3855 31.8001 0
    endloop
  endfacet
  facet normal 0.970027 -0.242997 0
    outer loop
      vertex -33.5001 27.7145 0.599999
      vertex -33.3761 28.2095 0
      vertex -33.3761 28.2095 0.599999
    endloop
  endfacet
  facet normal 0.970027 -0.242997 0
    outer loop
      vertex -33.3761 28.2095 0
      vertex -33.5001 27.7145 0.599999
      vertex -33.5001 27.7145 0
    endloop
  endfacet
  facet normal 0.903973 -0.427589 0
    outer loop
      vertex -33.2042 28.69 0.599999
      vertex -32.986 29.1513 0
      vertex -32.986 29.1513 0.599999
    endloop
  endfacet
  facet normal 0.903973 -0.427589 0
    outer loop
      vertex -32.986 29.1513 0
      vertex -33.2042 28.69 0.599999
      vertex -33.2042 28.69 0
    endloop
  endfacet
  facet normal 0.989171 -0.146769 0
    outer loop
      vertex -33.575 27.2097 0.599999
      vertex -33.5001 27.7145 0
      vertex -33.5001 27.7145 0.599999
    endloop
  endfacet
  facet normal 0.989171 -0.146769 0
    outer loop
      vertex -33.5001 27.7145 0
      vertex -33.575 27.2097 0.599999
      vertex -33.575 27.2097 0
    endloop
  endfacet
  facet normal 0 0 -1
    outer loop
      vertex -23.225 26.1903 0.599999
      vertex -23.225 27.2097 0.599999
      vertex -23.2 26.7 0.599999
    endloop
  endfacet
  facet normal 0 0 -1
    outer loop
      vertex -23.2999 25.6855 0.599999
      vertex -23.225 27.2097 0.599999
      vertex -23.225 26.1903 0.599999
    endloop
  endfacet
  facet normal 0 0 -1
    outer loop
      vertex -23.2999 25.6855 0.599999
      vertex -23.2999 27.7145 0.599999
      vertex -23.225 27.2097 0.599999
    endloop
  endfacet
  facet normal 0 0 -1
    outer loop
      vertex -23.4239 25.1905 0.599999
      vertex -23.2999 27.7145 0.599999
      vertex -23.2999 25.6855 0.599999
    endloop
  endfacet
  facet normal 0 0 -1
    outer loop
      vertex -23.4239 25.1905 0.599999
      vertex -23.4239 28.2095 0.599999
      vertex -23.2999 27.7145 0.599999
    endloop
  endfacet
  facet normal 0 0 -1
    outer loop
      vertex -23.5958 24.71 0.599999
      vertex -23.4239 28.2095 0.599999
      vertex -23.4239 25.1905 0.599999
    endloop
  endfacet
  facet normal 0 0 -1
    outer loop
      vertex -23.5958 24.71 0.599999
      vertex -23.5958 28.69 0.599999
      vertex -23.4239 28.2095 0.599999
    endloop
  endfacet
  facet normal 0 0 -1
    outer loop
      vertex -23.814 24.2487 0.599999
      vertex -23.5958 28.69 0.599999
      vertex -23.5958 24.71 0.599999
    endloop
  endfacet
  facet normal 0 0 -1
    outer loop
      vertex -23.814 24.2487 0.599999
      vertex -23.814 29.1513 0.599999
      vertex -23.5958 28.69 0.599999
    endloop
  endfacet
  facet normal 0 0 -1
    outer loop
      vertex -24.0764 23.811 0.599999
      vertex -23.814 29.1513 0.599999
      vertex -23.814 24.2487 0.599999
    endloop
  endfacet
  facet normal 0 0 -1
    outer loop
      vertex -24.0764 23.811 0.599999
      vertex -24.0764 29.589 0.599999
      vertex -23.814 29.1513 0.599999
    endloop
  endfacet
  facet normal 0 0 -1
    outer loop
      vertex -24.3803 23.4012 0.599999
      vertex -24.0764 29.589 0.599999
      vertex -24.0764 23.811 0.599999
    endloop
  endfacet
  facet normal 0 0 -1
    outer loop
      vertex -24.3803 23.4012 0.599999
      vertex -24.3803 29.9988 0.599999
      vertex -24.0764 29.589 0.599999
    endloop
  endfacet
  facet normal 0 0 -1
    outer loop
      vertex -24.723 23.023 0.599999
      vertex -24.3803 29.9988 0.599999
      vertex -24.3803 23.4012 0.599999
    endloop
  endfacet
  facet normal 0 0 -1
    outer loop
      vertex -24.723 23.023 0.599999
      vertex -24.723 30.377 0.599999
      vertex -24.3803 29.9988 0.599999
    endloop
  endfacet
  facet normal 0 0 -1
    outer loop
      vertex -25.1012 22.6803 0.599999
      vertex -24.723 30.377 0.599999
      vertex -24.723 23.023 0.599999
    endloop
  endfacet
  facet normal 0 0 -1
    outer loop
      vertex -25.1012 22.6803 0.599999
      vertex -25.1012 30.7197 0.599999
      vertex -24.723 30.377 0.599999
    endloop
  endfacet
  facet normal 0 0 -1
    outer loop
      vertex -25.511 22.3764 0.599999
      vertex -25.1012 30.7197 0.599999
      vertex -25.1012 22.6803 0.599999
    endloop
  endfacet
  facet normal 0 0 -1
    outer loop
      vertex -25.511 22.3764 0.599999
      vertex -25.511 31.0236 0.599999
      vertex -25.1012 30.7197 0.599999
    endloop
  endfacet
  facet normal 0 0 -1
    outer loop
      vertex -25.9487 22.114 0.599999
      vertex -25.511 31.0236 0.599999
      vertex -25.511 22.3764 0.599999
    endloop
  endfacet
  facet normal 0 0 -1
    outer loop
      vertex -25.9487 22.114 0.599999
      vertex -25.9487 31.286 0.599999
      vertex -25.511 31.0236 0.599999
    endloop
  endfacet
  facet normal 0 0 -1
    outer loop
      vertex -26.41 21.8958 0.599999
      vertex -25.9487 31.286 0.599999
      vertex -25.9487 22.114 0.599999
    endloop
  endfacet
  facet normal 0 0 -1
    outer loop
      vertex -26.41 21.8958 0.599999
      vertex -26.41 31.5042 0.599999
      vertex -25.9487 31.286 0.599999
    endloop
  endfacet
  facet normal 0 0 -1
    outer loop
      vertex -26.8905 21.7239 0.599999
      vertex -26.41 31.5042 0.599999
      vertex -26.41 21.8958 0.599999
    endloop
  endfacet
  facet normal 0 0 -1
    outer loop
      vertex -26.8905 21.7239 0.599999
      vertex -26.8905 31.6761 0.599999
      vertex -26.41 31.5042 0.599999
    endloop
  endfacet
  facet normal 0 0 -1
    outer loop
      vertex -27.3855 21.5999 0.599999
      vertex -26.8905 31.6761 0.599999
      vertex -26.8905 21.7239 0.599999
    endloop
  endfacet
  facet normal 0 0 -1
    outer loop
      vertex -27.3855 21.5999 0.599999
      vertex -27.3855 31.8001 0.599999
      vertex -26.8905 31.6761 0.599999
    endloop
  endfacet
  facet normal 0 0 -1
    outer loop
      vertex -27.8903 21.525 0.599999
      vertex -27.3855 31.8001 0.599999
      vertex -27.3855 21.5999 0.599999
    endloop
  endfacet
  facet normal 0 0 -1
    outer loop
      vertex -27.8903 21.525 0.599999
      vertex -27.8903 31.875 0.599999
      vertex -27.3855 31.8001 0.599999
    endloop
  endfacet
  facet normal 0 0 -1
    outer loop
      vertex -28.4 21.5 0.599999
      vertex -27.8903 31.875 0.599999
      vertex -27.8903 21.525 0.599999
    endloop
  endfacet
  facet normal 0 0 -1
    outer loop
      vertex -28.4 21.5 0.599999
      vertex -28.4 31.9 0.599999
      vertex -27.8903 31.875 0.599999
    endloop
  endfacet
  facet normal 0 0 -1
    outer loop
      vertex -28.9097 21.525 0.599999
      vertex -28.4 31.9 0.599999
      vertex -28.4 21.5 0.599999
    endloop
  endfacet
  facet normal 0 0 -1
    outer loop
      vertex -28.9097 21.525 0.599999
      vertex -28.9097 31.875 0.599999
      vertex -28.4 31.9 0.599999
    endloop
  endfacet
  facet normal 0 0 -1
    outer loop
      vertex -29.4145 21.5999 0.599999
      vertex -28.9097 31.875 0.599999
      vertex -28.9097 21.525 0.599999
    endloop
  endfacet
  facet normal 0 0 -1
    outer loop
      vertex -29.4145 21.5999 0.599999
      vertex -29.4145 31.8001 0.599999
      vertex -28.9097 31.875 0.599999
    endloop
  endfacet
  facet normal 0 0 -1
    outer loop
      vertex -29.9095 21.7239 0.599999
      vertex -29.4145 31.8001 0.599999
      vertex -29.4145 21.5999 0.599999
    endloop
  endfacet
  facet normal 0 0 -1
    outer loop
      vertex -29.9095 21.7239 0.599999
      vertex -29.9095 31.6761 0.599999
      vertex -29.4145 31.8001 0.599999
    endloop
  endfacet
  facet normal 0 0 -1
    outer loop
      vertex -30.39 21.8958 0.599999
      vertex -29.9095 31.6761 0.599999
      vertex -29.9095 21.7239 0.599999
    endloop
  endfacet
  facet normal 0 0 -1
    outer loop
      vertex -30.39 21.8958 0.599999
      vertex -30.39 31.5042 0.599999
      vertex -29.9095 31.6761 0.599999
    endloop
  endfacet
  facet normal 0 0 -1
    outer loop
      vertex -30.8513 22.114 0.599999
      vertex -30.39 31.5042 0.599999
      vertex -30.39 21.8958 0.599999
    endloop
  endfacet
  facet normal 0 0 -1
    outer loop
      vertex -30.8513 22.114 0.599999
      vertex -30.8513 31.286 0.599999
      vertex -30.39 31.5042 0.599999
    endloop
  endfacet
  facet normal 0 0 -1
    outer loop
      vertex -31.289 22.3764 0.599999
      vertex -30.8513 31.286 0.599999
      vertex -30.8513 22.114 0.599999
    endloop
  endfacet
  facet normal 0 0 -1
    outer loop
      vertex -31.289 22.3764 0.599999
      vertex -31.289 31.0236 0.599999
      vertex -30.8513 31.286 0.599999
    endloop
  endfacet
  facet normal 0 0 -1
    outer loop
      vertex -31.6988 22.6803 0.599999
      vertex -31.289 31.0236 0.599999
      vertex -31.289 22.3764 0.599999
    endloop
  endfacet
  facet normal 0 0 -1
    outer loop
      vertex -31.6988 22.6803 0.599999
      vertex -31.6988 30.7197 0.599999
      vertex -31.289 31.0236 0.599999
    endloop
  endfacet
  facet normal 0 0 -1
    outer loop
      vertex -32.077 23.023 0.599999
      vertex -31.6988 30.7197 0.599999
      vertex -31.6988 22.6803 0.599999
    endloop
  endfacet
  facet normal 0 0 -1
    outer loop
      vertex -32.077 23.023 0.599999
      vertex -32.077 30.377 0.599999
      vertex -31.6988 30.7197 0.599999
    endloop
  endfacet
  facet normal 0 0 -1
    outer loop
      vertex -32.4197 23.4012 0.599999
      vertex -32.077 30.377 0.599999
      vertex -32.077 23.023 0.599999
    endloop
  endfacet
  facet normal 0 0 -1
    outer loop
      vertex -32.4197 23.4012 0.599999
      vertex -32.4197 29.9988 0.599999
      vertex -32.077 30.377 0.599999
    endloop
  endfacet
  facet normal 0 0 -1
    outer loop
      vertex -32.7236 23.811 0.599999
      vertex -32.4197 29.9988 0.599999
      vertex -32.4197 23.4012 0.599999
    endloop
  endfacet
  facet normal 0 0 -1
    outer loop
      vertex -32.7236 23.811 0.599999
      vertex -32.7236 29.589 0.599999
      vertex -32.4197 29.9988 0.599999
    endloop
  endfacet
  facet normal 0 0 -1
    outer loop
      vertex -32.986 24.2487 0.599999
      vertex -32.7236 29.589 0.599999
      vertex -32.7236 23.811 0.599999
    endloop
  endfacet
  facet normal 0 0 -1
    outer loop
      vertex -32.986 24.2487 0.599999
      vertex -32.986 29.1513 0.599999
      vertex -32.7236 29.589 0.599999
    endloop
  endfacet
  facet normal 0 0 -1
    outer loop
      vertex -33.2042 24.71 0.599999
      vertex -32.986 29.1513 0.599999
      vertex -32.986 24.2487 0.599999
    endloop
  endfacet
  facet normal 0 0 -1
    outer loop
      vertex -33.2042 24.71 0.599999
      vertex -33.2042 28.69 0.599999
      vertex -32.986 29.1513 0.599999
    endloop
  endfacet
  facet normal 0 0 -1
    outer loop
      vertex -33.3761 25.1905 0.599999
      vertex -33.2042 28.69 0.599999
      vertex -33.2042 24.71 0.599999
    endloop
  endfacet
  facet normal 0 0 -1
    outer loop
      vertex -33.3761 25.1905 0.599999
      vertex -33.3761 28.2095 0.599999
      vertex -33.2042 28.69 0.599999
    endloop
  endfacet
  facet normal 0 0 -1
    outer loop
      vertex -33.5001 25.6855 0.599999
      vertex -33.3761 28.2095 0.599999
      vertex -33.3761 25.1905 0.599999
    endloop
  endfacet
  facet normal 0 0 -1
    outer loop
      vertex -33.5001 25.6855 0.599999
      vertex -33.5001 27.7145 0.599999
      vertex -33.3761 28.2095 0.599999
    endloop
  endfacet
  facet normal 0 0 -1
    outer loop
      vertex -33.575 26.1903 0.599999
      vertex -33.5001 27.7145 0.599999
      vertex -33.5001 25.6855 0.599999
    endloop
  endfacet
  facet normal 0 0 -1
    outer loop
      vertex -33.575 26.1903 0.599999
      vertex -33.575 27.2097 0.599999
      vertex -33.5001 27.7145 0.599999
    endloop
  endfacet
  facet normal 0 -0 -1
    outer loop
      vertex -33.575 27.2097 0.599999
      vertex -33.575 26.1903 0.599999
      vertex -33.6 26.7 0.599999
    endloop
  endfacet
  facet normal 0.514179 -0.857683 0
    outer loop
      vertex -31.289 31.0236 0
      vertex -30.8513 31.286 0.599999
      vertex -31.289 31.0236 0.599999
    endloop
  endfacet
  facet normal 0.514179 -0.857683 0
    outer loop
      vertex -30.8513 31.286 0.599999
      vertex -31.289 31.0236 0
      vertex -30.8513 31.286 0
    endloop
  endfacet
  facet normal 0.0489896 -0.998799 0
    outer loop
      vertex -28.9097 31.875 0
      vertex -28.4 31.9 0.599999
      vertex -28.9097 31.875 0.599999
    endloop
  endfacet
  facet normal 0.0489896 -0.998799 0
    outer loop
      vertex -28.4 31.9 0.599999
      vertex -28.9097 31.875 0
      vertex -28.4 31.9 0
    endloop
  endfacet
  facet normal -0.998799 0.0489896 0
    outer loop
      vertex -23.225 26.1903 0
      vertex -23.2 26.7 0.599999
      vertex -23.2 26.7 0
    endloop
  endfacet
  facet normal -0.998799 0.0489896 0
    outer loop
      vertex -23.2 26.7 0.599999
      vertex -23.225 26.1903 0
      vertex -23.225 26.1903 0.599999
    endloop
  endfacet
  facet normal -0.970027 0.242997 0
    outer loop
      vertex -23.4239 25.1905 0
      vertex -23.2999 25.6855 0.599999
      vertex -23.2999 25.6855 0
    endloop
  endfacet
  facet normal -0.970027 0.242997 0
    outer loop
      vertex -23.2999 25.6855 0.599999
      vertex -23.4239 25.1905 0
      vertex -23.4239 25.1905 0.599999
    endloop
  endfacet
  facet normal -0.74103 0.671472 0
    outer loop
      vertex -24.723 23.023 0
      vertex -24.3803 23.4012 0.599999
      vertex -24.3803 23.4012 0
    endloop
  endfacet
  facet normal -0.74103 0.671472 0
    outer loop
      vertex -24.3803 23.4012 0.599999
      vertex -24.723 23.023 0
      vertex -24.723 23.023 0.599999
    endloop
  endfacet
  facet normal 0.336845 0.94156 -0
    outer loop
      vertex -29.9095 21.7239 0
      vertex -30.39 21.8958 0.599999
      vertex -29.9095 21.7239 0.599999
    endloop
  endfacet
  facet normal 0.336845 0.94156 0
    outer loop
      vertex -30.39 21.8958 0.599999
      vertex -29.9095 21.7239 0
      vertex -30.39 21.8958 0
    endloop
  endfacet
  facet normal 0.903973 0.427589 0
    outer loop
      vertex -32.986 24.2487 0.599999
      vertex -33.2042 24.71 0
      vertex -33.2042 24.71 0.599999
    endloop
  endfacet
  facet normal 0.903973 0.427589 0
    outer loop
      vertex -33.2042 24.71 0
      vertex -32.986 24.2487 0.599999
      vertex -32.986 24.2487 0
    endloop
  endfacet
  facet normal -0.427589 0.903973 0
    outer loop
      vertex -25.9487 22.114 0
      vertex -26.41 21.8958 0.599999
      vertex -25.9487 22.114 0.599999
    endloop
  endfacet
  facet normal -0.427589 0.903973 0
    outer loop
      vertex -26.41 21.8958 0.599999
      vertex -25.9487 22.114 0
      vertex -26.41 21.8958 0
    endloop
  endfacet
  facet normal -0.857683 -0.514179 0
    outer loop
      vertex -23.814 29.1513 0
      vertex -24.0764 29.589 0.599999
      vertex -24.0764 29.589 0
    endloop
  endfacet
  facet normal -0.857683 -0.514179 0
    outer loop
      vertex -24.0764 29.589 0.599999
      vertex -23.814 29.1513 0
      vertex -23.814 29.1513 0.599999
    endloop
  endfacet
  facet normal -0.336845 -0.94156 0
    outer loop
      vertex -26.8905 31.6761 0
      vertex -26.41 31.5042 0.599999
      vertex -26.8905 31.6761 0.599999
    endloop
  endfacet
  facet normal -0.336845 -0.94156 -0
    outer loop
      vertex -26.41 31.5042 0.599999
      vertex -26.8905 31.6761 0
      vertex -26.41 31.5042 0
    endloop
  endfacet
  facet normal -0.514179 -0.857683 0
    outer loop
      vertex -25.9487 31.286 0
      vertex -25.511 31.0236 0.599999
      vertex -25.9487 31.286 0.599999
    endloop
  endfacet
  facet normal -0.514179 -0.857683 -0
    outer loop
      vertex -25.511 31.0236 0.599999
      vertex -25.9487 31.286 0
      vertex -25.511 31.0236 0
    endloop
  endfacet
  facet normal 0.74103 -0.671472 0
    outer loop
      vertex -32.4197 29.9988 0.599999
      vertex -32.077 30.377 0
      vertex -32.077 30.377 0.599999
    endloop
  endfacet
  facet normal 0.74103 -0.671472 0
    outer loop
      vertex -32.077 30.377 0
      vertex -32.4197 29.9988 0.599999
      vertex -32.4197 29.9988 0
    endloop
  endfacet
  facet normal 0.94156 -0.336845 0
    outer loop
      vertex -33.3761 28.2095 0.599999
      vertex -33.2042 28.69 0
      vertex -33.2042 28.69 0.599999
    endloop
  endfacet
  facet normal 0.94156 -0.336845 0
    outer loop
      vertex -33.2042 28.69 0
      vertex -33.3761 28.2095 0.599999
      vertex -33.3761 28.2095 0
    endloop
  endfacet
  facet normal 0.595663 -0.803234 0
    outer loop
      vertex -31.6988 30.7197 0
      vertex -31.289 31.0236 0.599999
      vertex -31.6988 30.7197 0.599999
    endloop
  endfacet
  facet normal 0.595663 -0.803234 0
    outer loop
      vertex -31.289 31.0236 0.599999
      vertex -31.6988 30.7197 0
      vertex -31.289 31.0236 0
    endloop
  endfacet
  facet normal 0.427589 -0.903973 0
    outer loop
      vertex -30.8513 31.286 0
      vertex -30.39 31.5042 0.599999
      vertex -30.8513 31.286 0.599999
    endloop
  endfacet
  facet normal 0.427589 -0.903973 0
    outer loop
      vertex -30.39 31.5042 0.599999
      vertex -30.8513 31.286 0
      vertex -30.39 31.5042 0
    endloop
  endfacet
  facet normal 0.242997 -0.970027 0
    outer loop
      vertex -29.9095 31.6761 0
      vertex -29.4145 31.8001 0.599999
      vertex -29.9095 31.6761 0.599999
    endloop
  endfacet
  facet normal 0.242997 -0.970027 0
    outer loop
      vertex -29.4145 31.8001 0.599999
      vertex -29.9095 31.6761 0
      vertex -29.4145 31.8001 0
    endloop
  endfacet
  facet normal -0.989171 0.146769 0
    outer loop
      vertex -23.2999 25.6855 0
      vertex -23.225 26.1903 0.599999
      vertex -23.225 26.1903 0
    endloop
  endfacet
  facet normal -0.989171 0.146769 0
    outer loop
      vertex -23.225 26.1903 0.599999
      vertex -23.2999 25.6855 0
      vertex -23.2999 25.6855 0.599999
    endloop
  endfacet
  facet normal -0.514179 0.857683 0
    outer loop
      vertex -25.511 22.3764 0
      vertex -25.9487 22.114 0.599999
      vertex -25.511 22.3764 0.599999
    endloop
  endfacet
  facet normal -0.514179 0.857683 0
    outer loop
      vertex -25.9487 22.114 0.599999
      vertex -25.511 22.3764 0
      vertex -25.9487 22.114 0
    endloop
  endfacet
  facet normal -0.803234 0.595663 0
    outer loop
      vertex -24.3803 23.4012 0
      vertex -24.0764 23.811 0.599999
      vertex -24.0764 23.811 0
    endloop
  endfacet
  facet normal -0.803234 0.595663 0
    outer loop
      vertex -24.0764 23.811 0.599999
      vertex -24.3803 23.4012 0
      vertex -24.3803 23.4012 0.599999
    endloop
  endfacet
  facet normal 0.74103 0.671472 0
    outer loop
      vertex -32.077 23.023 0.599999
      vertex -32.4197 23.4012 0
      vertex -32.4197 23.4012 0.599999
    endloop
  endfacet
  facet normal 0.74103 0.671472 0
    outer loop
      vertex -32.4197 23.4012 0
      vertex -32.077 23.023 0.599999
      vertex -32.077 23.023 0
    endloop
  endfacet
  facet normal 0.857683 0.514179 0
    outer loop
      vertex -32.7236 23.811 0.599999
      vertex -32.986 24.2487 0
      vertex -32.986 24.2487 0.599999
    endloop
  endfacet
  facet normal 0.857683 0.514179 0
    outer loop
      vertex -32.986 24.2487 0
      vertex -32.7236 23.811 0.599999
      vertex -32.7236 23.811 0
    endloop
  endfacet
  facet normal 0.970027 0.242997 0
    outer loop
      vertex -33.3761 25.1905 0.599999
      vertex -33.5001 25.6855 0
      vertex -33.5001 25.6855 0.599999
    endloop
  endfacet
  facet normal 0.970027 0.242997 0
    outer loop
      vertex -33.5001 25.6855 0
      vertex -33.3761 25.1905 0.599999
      vertex -33.3761 25.1905 0
    endloop
  endfacet
  facet normal -0.146769 0.989171 0
    outer loop
      vertex -27.3855 21.5999 0
      vertex -27.8903 21.525 0.599999
      vertex -27.3855 21.5999 0.599999
    endloop
  endfacet
  facet normal -0.146769 0.989171 0
    outer loop
      vertex -27.8903 21.525 0.599999
      vertex -27.3855 21.5999 0
      vertex -27.8903 21.525 0
    endloop
  endfacet
  facet normal -0.94156 0.336845 0
    outer loop
      vertex -23.5958 24.71 0
      vertex -23.4239 25.1905 0.599999
      vertex -23.4239 25.1905 0
    endloop
  endfacet
  facet normal -0.94156 0.336845 0
    outer loop
      vertex -23.4239 25.1905 0.599999
      vertex -23.5958 24.71 0
      vertex -23.5958 24.71 0.599999
    endloop
  endfacet
  facet normal -0.903973 0.427589 0
    outer loop
      vertex -23.814 24.2487 0
      vertex -23.5958 24.71 0.599999
      vertex -23.5958 24.71 0
    endloop
  endfacet
  facet normal -0.903973 0.427589 0
    outer loop
      vertex -23.5958 24.71 0.599999
      vertex -23.814 24.2487 0
      vertex -23.814 24.2487 0.599999
    endloop
  endfacet
  facet normal -0.857683 0.514179 0
    outer loop
      vertex -24.0764 23.811 0
      vertex -23.814 24.2487 0.599999
      vertex -23.814 24.2487 0
    endloop
  endfacet
  facet normal -0.857683 0.514179 0
    outer loop
      vertex -23.814 24.2487 0.599999
      vertex -24.0764 23.811 0
      vertex -24.0764 23.811 0.599999
    endloop
  endfacet
  facet normal 0.0489896 0.998799 -0
    outer loop
      vertex -28.4 21.5 0
      vertex -28.9097 21.525 0.599999
      vertex -28.4 21.5 0.599999
    endloop
  endfacet
  facet normal 0.0489896 0.998799 0
    outer loop
      vertex -28.9097 21.525 0.599999
      vertex -28.4 21.5 0
      vertex -28.9097 21.525 0
    endloop
  endfacet
  facet normal 0.671472 0.74103 -0
    outer loop
      vertex -31.6988 22.6803 0
      vertex -32.077 23.023 0.599999
      vertex -31.6988 22.6803 0.599999
    endloop
  endfacet
  facet normal 0.671472 0.74103 0
    outer loop
      vertex -32.077 23.023 0.599999
      vertex -31.6988 22.6803 0
      vertex -32.077 23.023 0
    endloop
  endfacet
  facet normal 0.803234 0.595663 0
    outer loop
      vertex -32.4197 23.4012 0.599999
      vertex -32.7236 23.811 0
      vertex -32.7236 23.811 0.599999
    endloop
  endfacet
  facet normal 0.803234 0.595663 0
    outer loop
      vertex -32.7236 23.811 0
      vertex -32.4197 23.4012 0.599999
      vertex -32.4197 23.4012 0
    endloop
  endfacet
  facet normal 0.989171 0.146769 0
    outer loop
      vertex -33.5001 25.6855 0.599999
      vertex -33.575 26.1903 0
      vertex -33.575 26.1903 0.599999
    endloop
  endfacet
  facet normal 0.989171 0.146769 0
    outer loop
      vertex -33.575 26.1903 0
      vertex -33.5001 25.6855 0.599999
      vertex -33.5001 25.6855 0
    endloop
  endfacet
  facet normal 0.998799 0.0489896 0
    outer loop
      vertex -33.575 26.1903 0.599999
      vertex -33.6 26.7 0
      vertex -33.6 26.7 0.599999
    endloop
  endfacet
  facet normal 0.998799 0.0489896 0
    outer loop
      vertex -33.6 26.7 0
      vertex -33.575 26.1903 0.599999
      vertex -33.575 26.1903 0
    endloop
  endfacet
  facet normal -0.242997 0.970027 0
    outer loop
      vertex -26.8905 21.7239 0
      vertex -27.3855 21.5999 0.599999
      vertex -26.8905 21.7239 0.599999
    endloop
  endfacet
  facet normal -0.242997 0.970027 0
    outer loop
      vertex -27.3855 21.5999 0.599999
      vertex -26.8905 21.7239 0
      vertex -27.3855 21.5999 0
    endloop
  endfacet
  facet normal -0.671472 0.74103 0
    outer loop
      vertex -24.723 23.023 0
      vertex -25.1012 22.6803 0.599999
      vertex -24.723 23.023 0.599999
    endloop
  endfacet
  facet normal -0.671472 0.74103 0
    outer loop
      vertex -25.1012 22.6803 0.599999
      vertex -24.723 23.023 0
      vertex -25.1012 22.6803 0
    endloop
  endfacet
  facet normal -0.595663 0.803234 0
    outer loop
      vertex -25.1012 22.6803 0
      vertex -25.511 22.3764 0.599999
      vertex -25.1012 22.6803 0.599999
    endloop
  endfacet
  facet normal -0.595663 0.803234 0
    outer loop
      vertex -25.511 22.3764 0.599999
      vertex -25.1012 22.6803 0
      vertex -25.511 22.3764 0
    endloop
  endfacet
  facet normal 0.242997 0.970027 -0
    outer loop
      vertex -29.4145 21.5999 0
      vertex -29.9095 21.7239 0.599999
      vertex -29.4145 21.5999 0.599999
    endloop
  endfacet
  facet normal 0.242997 0.970027 0
    outer loop
      vertex -29.9095 21.7239 0.599999
      vertex -29.4145 21.5999 0
      vertex -29.9095 21.7239 0
    endloop
  endfacet
  facet normal 0.595663 0.803234 -0
    outer loop
      vertex -31.289 22.3764 0
      vertex -31.6988 22.6803 0.599999
      vertex -31.289 22.3764 0.599999
    endloop
  endfacet
  facet normal 0.595663 0.803234 0
    outer loop
      vertex -31.6988 22.6803 0.599999
      vertex -31.289 22.3764 0
      vertex -31.6988 22.6803 0
    endloop
  endfacet
  facet normal 0.94156 0.336845 0
    outer loop
      vertex -33.2042 24.71 0.599999
      vertex -33.3761 25.1905 0
      vertex -33.3761 25.1905 0.599999
    endloop
  endfacet
  facet normal 0.94156 0.336845 0
    outer loop
      vertex -33.3761 25.1905 0
      vertex -33.2042 24.71 0.599999
      vertex -33.2042 24.71 0
    endloop
  endfacet
  facet normal 0.146769 0.989171 -0
    outer loop
      vertex -28.9097 21.525 0
      vertex -29.4145 21.5999 0.599999
      vertex -28.9097 21.525 0.599999
    endloop
  endfacet
  facet normal 0.146769 0.989171 0
    outer loop
      vertex -29.4145 21.5999 0.599999
      vertex -28.9097 21.525 0
      vertex -29.4145 21.5999 0
    endloop
  endfacet
  facet normal 0.427589 0.903973 -0
    outer loop
      vertex -30.39 21.8958 0
      vertex -30.8513 22.114 0.599999
      vertex -30.39 21.8958 0.599999
    endloop
  endfacet
  facet normal 0.427589 0.903973 0
    outer loop
      vertex -30.8513 22.114 0.599999
      vertex -30.39 21.8958 0
      vertex -30.8513 22.114 0
    endloop
  endfacet
  facet normal 0.514179 0.857683 -0
    outer loop
      vertex -30.8513 22.114 0
      vertex -31.289 22.3764 0.599999
      vertex -30.8513 22.114 0.599999
    endloop
  endfacet
  facet normal 0.514179 0.857683 0
    outer loop
      vertex -31.289 22.3764 0.599999
      vertex -30.8513 22.114 0
      vertex -31.289 22.3764 0
    endloop
  endfacet
  facet normal -0.998799 -0.0489896 0
    outer loop
      vertex 33.6 -26.7 0
      vertex 33.575 -26.1903 0.599999
      vertex 33.575 -26.1903 0
    endloop
  endfacet
  facet normal -0.998799 -0.0489896 0
    outer loop
      vertex 33.575 -26.1903 0.599999
      vertex 33.6 -26.7 0
      vertex 33.6 -26.7 0.599999
    endloop
  endfacet
  facet normal 0.0489896 -0.998799 0
    outer loop
      vertex 27.8903 -21.525 0
      vertex 28.4 -21.5 0.599999
      vertex 27.8903 -21.525 0.599999
    endloop
  endfacet
  facet normal 0.0489896 -0.998799 0
    outer loop
      vertex 28.4 -21.5 0.599999
      vertex 27.8903 -21.525 0
      vertex 28.4 -21.5 0
    endloop
  endfacet
  facet normal -0.0489896 0.998799 0
    outer loop
      vertex 28.9097 -31.875 0
      vertex 28.4 -31.9 0.599999
      vertex 28.9097 -31.875 0.599999
    endloop
  endfacet
  facet normal -0.0489896 0.998799 0
    outer loop
      vertex 28.4 -31.9 0.599999
      vertex 28.9097 -31.875 0
      vertex 28.4 -31.9 0
    endloop
  endfacet
  facet normal -0.671472 -0.74103 0
    outer loop
      vertex 31.6988 -22.6803 0
      vertex 32.077 -23.023 0.599999
      vertex 31.6988 -22.6803 0.599999
    endloop
  endfacet
  facet normal -0.671472 -0.74103 -0
    outer loop
      vertex 32.077 -23.023 0.599999
      vertex 31.6988 -22.6803 0
      vertex 32.077 -23.023 0
    endloop
  endfacet
  facet normal 0.74103 -0.671472 0
    outer loop
      vertex 24.3803 -23.4012 0.599999
      vertex 24.723 -23.023 0
      vertex 24.723 -23.023 0.599999
    endloop
  endfacet
  facet normal 0.74103 -0.671472 0
    outer loop
      vertex 24.723 -23.023 0
      vertex 24.3803 -23.4012 0.599999
      vertex 24.3803 -23.4012 0
    endloop
  endfacet
  facet normal 0.427589 -0.903973 0
    outer loop
      vertex 25.9487 -22.114 0
      vertex 26.41 -21.8958 0.599999
      vertex 25.9487 -22.114 0.599999
    endloop
  endfacet
  facet normal 0.427589 -0.903973 0
    outer loop
      vertex 26.41 -21.8958 0.599999
      vertex 25.9487 -22.114 0
      vertex 26.41 -21.8958 0
    endloop
  endfacet
  facet normal -0.903973 -0.427589 0
    outer loop
      vertex 33.2042 -24.71 0
      vertex 32.986 -24.2487 0.599999
      vertex 32.986 -24.2487 0
    endloop
  endfacet
  facet normal -0.903973 -0.427589 0
    outer loop
      vertex 32.986 -24.2487 0.599999
      vertex 33.2042 -24.71 0
      vertex 33.2042 -24.71 0.599999
    endloop
  endfacet
  facet normal -0.336845 -0.94156 0
    outer loop
      vertex 29.9095 -21.7239 0
      vertex 30.39 -21.8958 0.599999
      vertex 29.9095 -21.7239 0.599999
    endloop
  endfacet
  facet normal -0.336845 -0.94156 -0
    outer loop
      vertex 30.39 -21.8958 0.599999
      vertex 29.9095 -21.7239 0
      vertex 30.39 -21.8958 0
    endloop
  endfacet
  facet normal -0.514179 -0.857683 0
    outer loop
      vertex 30.8513 -22.114 0
      vertex 31.289 -22.3764 0.599999
      vertex 30.8513 -22.114 0.599999
    endloop
  endfacet
  facet normal -0.514179 -0.857683 -0
    outer loop
      vertex 31.289 -22.3764 0.599999
      vertex 30.8513 -22.114 0
      vertex 31.289 -22.3764 0
    endloop
  endfacet
  facet normal 0.903973 -0.427589 0
    outer loop
      vertex 23.5958 -24.71 0.599999
      vertex 23.814 -24.2487 0
      vertex 23.814 -24.2487 0.599999
    endloop
  endfacet
  facet normal 0.903973 -0.427589 0
    outer loop
      vertex 23.814 -24.2487 0
      vertex 23.5958 -24.71 0.599999
      vertex 23.5958 -24.71 0
    endloop
  endfacet
  facet normal 0.857683 -0.514179 0
    outer loop
      vertex 23.814 -24.2487 0.599999
      vertex 24.0764 -23.811 0
      vertex 24.0764 -23.811 0.599999
    endloop
  endfacet
  facet normal 0.857683 -0.514179 0
    outer loop
      vertex 24.0764 -23.811 0
      vertex 23.814 -24.2487 0.599999
      vertex 23.814 -24.2487 0
    endloop
  endfacet
  facet normal 0.242997 -0.970027 0
    outer loop
      vertex 26.8905 -21.7239 0
      vertex 27.3855 -21.5999 0.599999
      vertex 26.8905 -21.7239 0.599999
    endloop
  endfacet
  facet normal 0.242997 -0.970027 0
    outer loop
      vertex 27.3855 -21.5999 0.599999
      vertex 26.8905 -21.7239 0
      vertex 27.3855 -21.5999 0
    endloop
  endfacet
  facet normal -0.427589 0.903973 0
    outer loop
      vertex 30.8513 -31.286 0
      vertex 30.39 -31.5042 0.599999
      vertex 30.8513 -31.286 0.599999
    endloop
  endfacet
  facet normal -0.427589 0.903973 0
    outer loop
      vertex 30.39 -31.5042 0.599999
      vertex 30.8513 -31.286 0
      vertex 30.39 -31.5042 0
    endloop
  endfacet
  facet normal -0.970027 -0.242997 0
    outer loop
      vertex 33.5001 -25.6855 0
      vertex 33.3761 -25.1905 0.599999
      vertex 33.3761 -25.1905 0
    endloop
  endfacet
  facet normal -0.970027 -0.242997 0
    outer loop
      vertex 33.3761 -25.1905 0.599999
      vertex 33.5001 -25.6855 0
      vertex 33.5001 -25.6855 0.599999
    endloop
  endfacet
  facet normal -0.989171 -0.146769 0
    outer loop
      vertex 33.575 -26.1903 0
      vertex 33.5001 -25.6855 0.599999
      vertex 33.5001 -25.6855 0
    endloop
  endfacet
  facet normal -0.989171 -0.146769 0
    outer loop
      vertex 33.5001 -25.6855 0.599999
      vertex 33.575 -26.1903 0
      vertex 33.575 -26.1903 0.599999
    endloop
  endfacet
  facet normal -0.94156 -0.336845 0
    outer loop
      vertex 33.3761 -25.1905 0
      vertex 33.2042 -24.71 0.599999
      vertex 33.2042 -24.71 0
    endloop
  endfacet
  facet normal -0.94156 -0.336845 0
    outer loop
      vertex 33.2042 -24.71 0.599999
      vertex 33.3761 -25.1905 0
      vertex 33.3761 -25.1905 0.599999
    endloop
  endfacet
  facet normal -0.803234 -0.595663 0
    outer loop
      vertex 32.7236 -23.811 0
      vertex 32.4197 -23.4012 0.599999
      vertex 32.4197 -23.4012 0
    endloop
  endfacet
  facet normal -0.803234 -0.595663 0
    outer loop
      vertex 32.4197 -23.4012 0.599999
      vertex 32.7236 -23.811 0
      vertex 32.7236 -23.811 0.599999
    endloop
  endfacet
  facet normal -0.74103 -0.671472 0
    outer loop
      vertex 32.4197 -23.4012 0
      vertex 32.077 -23.023 0.599999
      vertex 32.077 -23.023 0
    endloop
  endfacet
  facet normal -0.74103 -0.671472 0
    outer loop
      vertex 32.077 -23.023 0.599999
      vertex 32.4197 -23.4012 0
      vertex 32.4197 -23.4012 0.599999
    endloop
  endfacet
  facet normal -0.146769 -0.989171 0
    outer loop
      vertex 28.9097 -21.525 0
      vertex 29.4145 -21.5999 0.599999
      vertex 28.9097 -21.525 0.599999
    endloop
  endfacet
  facet normal -0.146769 -0.989171 -0
    outer loop
      vertex 29.4145 -21.5999 0.599999
      vertex 28.9097 -21.525 0
      vertex 29.4145 -21.5999 0
    endloop
  endfacet
  facet normal -0.0489896 -0.998799 0
    outer loop
      vertex 28.4 -21.5 0
      vertex 28.9097 -21.525 0.599999
      vertex 28.4 -21.5 0.599999
    endloop
  endfacet
  facet normal -0.0489896 -0.998799 -0
    outer loop
      vertex 28.9097 -21.525 0.599999
      vertex 28.4 -21.5 0
      vertex 28.9097 -21.525 0
    endloop
  endfacet
  facet normal -0.595663 -0.803234 0
    outer loop
      vertex 31.289 -22.3764 0
      vertex 31.6988 -22.6803 0.599999
      vertex 31.289 -22.3764 0.599999
    endloop
  endfacet
  facet normal -0.595663 -0.803234 -0
    outer loop
      vertex 31.6988 -22.6803 0.599999
      vertex 31.289 -22.3764 0
      vertex 31.6988 -22.6803 0
    endloop
  endfacet
  facet normal 0.989171 -0.146769 0
    outer loop
      vertex 23.225 -26.1903 0.599999
      vertex 23.2999 -25.6855 0
      vertex 23.2999 -25.6855 0.599999
    endloop
  endfacet
  facet normal 0.989171 -0.146769 0
    outer loop
      vertex 23.2999 -25.6855 0
      vertex 23.225 -26.1903 0.599999
      vertex 23.225 -26.1903 0
    endloop
  endfacet
  facet normal 0.94156 -0.336845 0
    outer loop
      vertex 23.4239 -25.1905 0.599999
      vertex 23.5958 -24.71 0
      vertex 23.5958 -24.71 0.599999
    endloop
  endfacet
  facet normal 0.94156 -0.336845 0
    outer loop
      vertex 23.5958 -24.71 0
      vertex 23.4239 -25.1905 0.599999
      vertex 23.4239 -25.1905 0
    endloop
  endfacet
  facet normal 0.998799 -0.0489896 0
    outer loop
      vertex 23.2 -26.7 0.599999
      vertex 23.225 -26.1903 0
      vertex 23.225 -26.1903 0.599999
    endloop
  endfacet
  facet normal 0.998799 -0.0489896 0
    outer loop
      vertex 23.225 -26.1903 0
      vertex 23.2 -26.7 0.599999
      vertex 23.2 -26.7 0
    endloop
  endfacet
  facet normal 0 0 -1
    outer loop
      vertex 33.575 -27.2097 0.599999
      vertex 33.575 -26.1903 0.599999
      vertex 33.6 -26.7 0.599999
    endloop
  endfacet
  facet normal 0 0 -1
    outer loop
      vertex 33.5001 -27.7145 0.599999
      vertex 33.575 -26.1903 0.599999
      vertex 33.575 -27.2097 0.599999
    endloop
  endfacet
  facet normal 0 0 -1
    outer loop
      vertex 33.5001 -27.7145 0.599999
      vertex 33.5001 -25.6855 0.599999
      vertex 33.575 -26.1903 0.599999
    endloop
  endfacet
  facet normal 0 0 -1
    outer loop
      vertex 33.3761 -28.2095 0.599999
      vertex 33.5001 -25.6855 0.599999
      vertex 33.5001 -27.7145 0.599999
    endloop
  endfacet
  facet normal 0 0 -1
    outer loop
      vertex 33.3761 -28.2095 0.599999
      vertex 33.3761 -25.1905 0.599999
      vertex 33.5001 -25.6855 0.599999
    endloop
  endfacet
  facet normal 0 0 -1
    outer loop
      vertex 33.2042 -28.69 0.599999
      vertex 33.3761 -25.1905 0.599999
      vertex 33.3761 -28.2095 0.599999
    endloop
  endfacet
  facet normal 0 0 -1
    outer loop
      vertex 33.2042 -28.69 0.599999
      vertex 33.2042 -24.71 0.599999
      vertex 33.3761 -25.1905 0.599999
    endloop
  endfacet
  facet normal 0 0 -1
    outer loop
      vertex 32.986 -29.1513 0.599999
      vertex 33.2042 -24.71 0.599999
      vertex 33.2042 -28.69 0.599999
    endloop
  endfacet
  facet normal 0 0 -1
    outer loop
      vertex 32.986 -29.1513 0.599999
      vertex 32.986 -24.2487 0.599999
      vertex 33.2042 -24.71 0.599999
    endloop
  endfacet
  facet normal 0 0 -1
    outer loop
      vertex 32.7236 -29.589 0.599999
      vertex 32.986 -24.2487 0.599999
      vertex 32.986 -29.1513 0.599999
    endloop
  endfacet
  facet normal 0 0 -1
    outer loop
      vertex 32.7236 -29.589 0.599999
      vertex 32.7236 -23.811 0.599999
      vertex 32.986 -24.2487 0.599999
    endloop
  endfacet
  facet normal 0 0 -1
    outer loop
      vertex 32.4197 -29.9988 0.599999
      vertex 32.7236 -23.811 0.599999
      vertex 32.7236 -29.589 0.599999
    endloop
  endfacet
  facet normal 0 0 -1
    outer loop
      vertex 32.4197 -29.9988 0.599999
      vertex 32.4197 -23.4012 0.599999
      vertex 32.7236 -23.811 0.599999
    endloop
  endfacet
  facet normal 0 0 -1
    outer loop
      vertex 32.077 -30.377 0.599999
      vertex 32.4197 -23.4012 0.599999
      vertex 32.4197 -29.9988 0.599999
    endloop
  endfacet
  facet normal 0 0 -1
    outer loop
      vertex 32.077 -30.377 0.599999
      vertex 32.077 -23.023 0.599999
      vertex 32.4197 -23.4012 0.599999
    endloop
  endfacet
  facet normal 0 0 -1
    outer loop
      vertex 31.6988 -30.7197 0.599999
      vertex 32.077 -23.023 0.599999
      vertex 32.077 -30.377 0.599999
    endloop
  endfacet
  facet normal 0 0 -1
    outer loop
      vertex 31.6988 -30.7197 0.599999
      vertex 31.6988 -22.6803 0.599999
      vertex 32.077 -23.023 0.599999
    endloop
  endfacet
  facet normal 0 0 -1
    outer loop
      vertex 31.289 -31.0236 0.599999
      vertex 31.6988 -22.6803 0.599999
      vertex 31.6988 -30.7197 0.599999
    endloop
  endfacet
  facet normal 0 0 -1
    outer loop
      vertex 31.289 -31.0236 0.599999
      vertex 31.289 -22.3764 0.599999
      vertex 31.6988 -22.6803 0.599999
    endloop
  endfacet
  facet normal 0 0 -1
    outer loop
      vertex 30.8513 -31.286 0.599999
      vertex 31.289 -22.3764 0.599999
      vertex 31.289 -31.0236 0.599999
    endloop
  endfacet
  facet normal 0 0 -1
    outer loop
      vertex 30.8513 -31.286 0.599999
      vertex 30.8513 -22.114 0.599999
      vertex 31.289 -22.3764 0.599999
    endloop
  endfacet
  facet normal 0 0 -1
    outer loop
      vertex 30.39 -31.5042 0.599999
      vertex 30.8513 -22.114 0.599999
      vertex 30.8513 -31.286 0.599999
    endloop
  endfacet
  facet normal 0 0 -1
    outer loop
      vertex 30.39 -31.5042 0.599999
      vertex 30.39 -21.8958 0.599999
      vertex 30.8513 -22.114 0.599999
    endloop
  endfacet
  facet normal 0 0 -1
    outer loop
      vertex 29.9095 -31.6761 0.599999
      vertex 30.39 -21.8958 0.599999
      vertex 30.39 -31.5042 0.599999
    endloop
  endfacet
  facet normal 0 0 -1
    outer loop
      vertex 29.9095 -31.6761 0.599999
      vertex 29.9095 -21.7239 0.599999
      vertex 30.39 -21.8958 0.599999
    endloop
  endfacet
  facet normal 0 0 -1
    outer loop
      vertex 29.4145 -31.8001 0.599999
      vertex 29.9095 -21.7239 0.599999
      vertex 29.9095 -31.6761 0.599999
    endloop
  endfacet
  facet normal 0 0 -1
    outer loop
      vertex 29.4145 -31.8001 0.599999
      vertex 29.4145 -21.5999 0.599999
      vertex 29.9095 -21.7239 0.599999
    endloop
  endfacet
  facet normal 0 0 -1
    outer loop
      vertex 28.9097 -31.875 0.599999
      vertex 29.4145 -21.5999 0.599999
      vertex 29.4145 -31.8001 0.599999
    endloop
  endfacet
  facet normal 0 0 -1
    outer loop
      vertex 28.9097 -31.875 0.599999
      vertex 28.9097 -21.525 0.599999
      vertex 29.4145 -21.5999 0.599999
    endloop
  endfacet
  facet normal 0 0 -1
    outer loop
      vertex 28.4 -31.9 0.599999
      vertex 28.9097 -21.525 0.599999
      vertex 28.9097 -31.875 0.599999
    endloop
  endfacet
  facet normal 0 0 -1
    outer loop
      vertex 28.4 -31.9 0.599999
      vertex 28.4 -21.5 0.599999
      vertex 28.9097 -21.525 0.599999
    endloop
  endfacet
  facet normal 0 0 -1
    outer loop
      vertex 27.8903 -31.875 0.599999
      vertex 28.4 -21.5 0.599999
      vertex 28.4 -31.9 0.599999
    endloop
  endfacet
  facet normal 0 0 -1
    outer loop
      vertex 27.8903 -31.875 0.599999
      vertex 27.8903 -21.525 0.599999
      vertex 28.4 -21.5 0.599999
    endloop
  endfacet
  facet normal 0 0 -1
    outer loop
      vertex 27.3855 -31.8001 0.599999
      vertex 27.8903 -21.525 0.599999
      vertex 27.8903 -31.875 0.599999
    endloop
  endfacet
  facet normal 0 0 -1
    outer loop
      vertex 27.3855 -31.8001 0.599999
      vertex 27.3855 -21.5999 0.599999
      vertex 27.8903 -21.525 0.599999
    endloop
  endfacet
  facet normal 0 0 -1
    outer loop
      vertex 26.8905 -31.6761 0.599999
      vertex 27.3855 -21.5999 0.599999
      vertex 27.3855 -31.8001 0.599999
    endloop
  endfacet
  facet normal 0 0 -1
    outer loop
      vertex 26.8905 -31.6761 0.599999
      vertex 26.8905 -21.7239 0.599999
      vertex 27.3855 -21.5999 0.599999
    endloop
  endfacet
  facet normal 0 0 -1
    outer loop
      vertex 26.41 -31.5042 0.599999
      vertex 26.8905 -21.7239 0.599999
      vertex 26.8905 -31.6761 0.599999
    endloop
  endfacet
  facet normal 0 0 -1
    outer loop
      vertex 26.41 -31.5042 0.599999
      vertex 26.41 -21.8958 0.599999
      vertex 26.8905 -21.7239 0.599999
    endloop
  endfacet
  facet normal 0 0 -1
    outer loop
      vertex 25.9487 -31.286 0.599999
      vertex 26.41 -21.8958 0.599999
      vertex 26.41 -31.5042 0.599999
    endloop
  endfacet
  facet normal 0 0 -1
    outer loop
      vertex 25.9487 -31.286 0.599999
      vertex 25.9487 -22.114 0.599999
      vertex 26.41 -21.8958 0.599999
    endloop
  endfacet
  facet normal 0 0 -1
    outer loop
      vertex 25.511 -31.0236 0.599999
      vertex 25.9487 -22.114 0.599999
      vertex 25.9487 -31.286 0.599999
    endloop
  endfacet
  facet normal 0 0 -1
    outer loop
      vertex 25.511 -31.0236 0.599999
      vertex 25.511 -22.3764 0.599999
      vertex 25.9487 -22.114 0.599999
    endloop
  endfacet
  facet normal 0 0 -1
    outer loop
      vertex 25.1012 -30.7197 0.599999
      vertex 25.511 -22.3764 0.599999
      vertex 25.511 -31.0236 0.599999
    endloop
  endfacet
  facet normal 0 0 -1
    outer loop
      vertex 25.1012 -30.7197 0.599999
      vertex 25.1012 -22.6803 0.599999
      vertex 25.511 -22.3764 0.599999
    endloop
  endfacet
  facet normal 0 0 -1
    outer loop
      vertex 24.723 -30.377 0.599999
      vertex 25.1012 -22.6803 0.599999
      vertex 25.1012 -30.7197 0.599999
    endloop
  endfacet
  facet normal 0 0 -1
    outer loop
      vertex 24.723 -30.377 0.599999
      vertex 24.723 -23.023 0.599999
      vertex 25.1012 -22.6803 0.599999
    endloop
  endfacet
  facet normal 0 0 -1
    outer loop
      vertex 24.3803 -29.9988 0.599999
      vertex 24.723 -23.023 0.599999
      vertex 24.723 -30.377 0.599999
    endloop
  endfacet
  facet normal 0 0 -1
    outer loop
      vertex 24.3803 -29.9988 0.599999
      vertex 24.3803 -23.4012 0.599999
      vertex 24.723 -23.023 0.599999
    endloop
  endfacet
  facet normal 0 0 -1
    outer loop
      vertex 24.0764 -29.589 0.599999
      vertex 24.3803 -23.4012 0.599999
      vertex 24.3803 -29.9988 0.599999
    endloop
  endfacet
  facet normal 0 0 -1
    outer loop
      vertex 24.0764 -29.589 0.599999
      vertex 24.0764 -23.811 0.599999
      vertex 24.3803 -23.4012 0.599999
    endloop
  endfacet
  facet normal 0 0 -1
    outer loop
      vertex 23.814 -29.1513 0.599999
      vertex 24.0764 -23.811 0.599999
      vertex 24.0764 -29.589 0.599999
    endloop
  endfacet
  facet normal 0 0 -1
    outer loop
      vertex 23.814 -29.1513 0.599999
      vertex 23.814 -24.2487 0.599999
      vertex 24.0764 -23.811 0.599999
    endloop
  endfacet
  facet normal 0 0 -1
    outer loop
      vertex 23.5958 -28.69 0.599999
      vertex 23.814 -24.2487 0.599999
      vertex 23.814 -29.1513 0.599999
    endloop
  endfacet
  facet normal 0 0 -1
    outer loop
      vertex 23.5958 -28.69 0.599999
      vertex 23.5958 -24.71 0.599999
      vertex 23.814 -24.2487 0.599999
    endloop
  endfacet
  facet normal 0 0 -1
    outer loop
      vertex 23.4239 -28.2095 0.599999
      vertex 23.5958 -24.71 0.599999
      vertex 23.5958 -28.69 0.599999
    endloop
  endfacet
  facet normal 0 0 -1
    outer loop
      vertex 23.4239 -28.2095 0.599999
      vertex 23.4239 -25.1905 0.599999
      vertex 23.5958 -24.71 0.599999
    endloop
  endfacet
  facet normal 0 0 -1
    outer loop
      vertex 23.2999 -27.7145 0.599999
      vertex 23.4239 -25.1905 0.599999
      vertex 23.4239 -28.2095 0.599999
    endloop
  endfacet
  facet normal 0 0 -1
    outer loop
      vertex 23.2999 -27.7145 0.599999
      vertex 23.2999 -25.6855 0.599999
      vertex 23.4239 -25.1905 0.599999
    endloop
  endfacet
  facet normal 0 0 -1
    outer loop
      vertex 23.225 -27.2097 0.599999
      vertex 23.2999 -25.6855 0.599999
      vertex 23.2999 -27.7145 0.599999
    endloop
  endfacet
  facet normal 0 0 -1
    outer loop
      vertex 23.225 -27.2097 0.599999
      vertex 23.225 -26.1903 0.599999
      vertex 23.2999 -25.6855 0.599999
    endloop
  endfacet
  facet normal 0 -0 -1
    outer loop
      vertex 23.225 -26.1903 0.599999
      vertex 23.225 -27.2097 0.599999
      vertex 23.2 -26.7 0.599999
    endloop
  endfacet
  facet normal 0.595663 -0.803234 0
    outer loop
      vertex 25.1012 -22.6803 0
      vertex 25.511 -22.3764 0.599999
      vertex 25.1012 -22.6803 0.599999
    endloop
  endfacet
  facet normal 0.595663 -0.803234 0
    outer loop
      vertex 25.511 -22.3764 0.599999
      vertex 25.1012 -22.6803 0
      vertex 25.511 -22.3764 0
    endloop
  endfacet
  facet normal 0.146769 -0.989171 0
    outer loop
      vertex 27.3855 -21.5999 0
      vertex 27.8903 -21.525 0.599999
      vertex 27.3855 -21.5999 0.599999
    endloop
  endfacet
  facet normal 0.146769 -0.989171 0
    outer loop
      vertex 27.8903 -21.525 0.599999
      vertex 27.3855 -21.5999 0
      vertex 27.8903 -21.525 0
    endloop
  endfacet
  facet normal -0.998799 0.0489896 0
    outer loop
      vertex 33.575 -27.2097 0
      vertex 33.6 -26.7 0.599999
      vertex 33.6 -26.7 0
    endloop
  endfacet
  facet normal -0.998799 0.0489896 0
    outer loop
      vertex 33.6 -26.7 0.599999
      vertex 33.575 -27.2097 0
      vertex 33.575 -27.2097 0.599999
    endloop
  endfacet
  facet normal -0.74103 0.671472 0
    outer loop
      vertex 32.077 -30.377 0
      vertex 32.4197 -29.9988 0.599999
      vertex 32.4197 -29.9988 0
    endloop
  endfacet
  facet normal -0.74103 0.671472 0
    outer loop
      vertex 32.4197 -29.9988 0.599999
      vertex 32.077 -30.377 0
      vertex 32.077 -30.377 0.599999
    endloop
  endfacet
  facet normal 0.74103 0.671472 0
    outer loop
      vertex 24.723 -30.377 0.599999
      vertex 24.3803 -29.9988 0
      vertex 24.3803 -29.9988 0.599999
    endloop
  endfacet
  facet normal 0.74103 0.671472 0
    outer loop
      vertex 24.3803 -29.9988 0
      vertex 24.723 -30.377 0.599999
      vertex 24.723 -30.377 0
    endloop
  endfacet
  facet normal -0.146769 0.989171 0
    outer loop
      vertex 29.4145 -31.8001 0
      vertex 28.9097 -31.875 0.599999
      vertex 29.4145 -31.8001 0.599999
    endloop
  endfacet
  facet normal -0.146769 0.989171 0
    outer loop
      vertex 28.9097 -31.875 0.599999
      vertex 29.4145 -31.8001 0
      vertex 28.9097 -31.875 0
    endloop
  endfacet
  facet normal -0.336845 0.94156 0
    outer loop
      vertex 30.39 -31.5042 0
      vertex 29.9095 -31.6761 0.599999
      vertex 30.39 -31.5042 0.599999
    endloop
  endfacet
  facet normal -0.336845 0.94156 0
    outer loop
      vertex 29.9095 -31.6761 0.599999
      vertex 30.39 -31.5042 0
      vertex 29.9095 -31.6761 0
    endloop
  endfacet
  facet normal -0.857683 -0.514179 0
    outer loop
      vertex 32.986 -24.2487 0
      vertex 32.7236 -23.811 0.599999
      vertex 32.7236 -23.811 0
    endloop
  endfacet
  facet normal -0.857683 -0.514179 0
    outer loop
      vertex 32.7236 -23.811 0.599999
      vertex 32.986 -24.2487 0
      vertex 32.986 -24.2487 0.599999
    endloop
  endfacet
  facet normal -0.242997 -0.970027 0
    outer loop
      vertex 29.4145 -21.5999 0
      vertex 29.9095 -21.7239 0.599999
      vertex 29.4145 -21.5999 0.599999
    endloop
  endfacet
  facet normal -0.242997 -0.970027 -0
    outer loop
      vertex 29.9095 -21.7239 0.599999
      vertex 29.4145 -21.5999 0
      vertex 29.9095 -21.7239 0
    endloop
  endfacet
  facet normal -0.427589 -0.903973 0
    outer loop
      vertex 30.39 -21.8958 0
      vertex 30.8513 -22.114 0.599999
      vertex 30.39 -21.8958 0.599999
    endloop
  endfacet
  facet normal -0.427589 -0.903973 -0
    outer loop
      vertex 30.8513 -22.114 0.599999
      vertex 30.39 -21.8958 0
      vertex 30.8513 -22.114 0
    endloop
  endfacet
  facet normal 0.803234 -0.595663 0
    outer loop
      vertex 24.0764 -23.811 0.599999
      vertex 24.3803 -23.4012 0
      vertex 24.3803 -23.4012 0.599999
    endloop
  endfacet
  facet normal 0.803234 -0.595663 0
    outer loop
      vertex 24.3803 -23.4012 0
      vertex 24.0764 -23.811 0.599999
      vertex 24.0764 -23.811 0
    endloop
  endfacet
  facet normal 0.970027 -0.242997 0
    outer loop
      vertex 23.2999 -25.6855 0.599999
      vertex 23.4239 -25.1905 0
      vertex 23.4239 -25.1905 0.599999
    endloop
  endfacet
  facet normal 0.970027 -0.242997 0
    outer loop
      vertex 23.4239 -25.1905 0
      vertex 23.2999 -25.6855 0.599999
      vertex 23.2999 -25.6855 0
    endloop
  endfacet
  facet normal 0.998799 0.0489896 0
    outer loop
      vertex 23.225 -27.2097 0.599999
      vertex 23.2 -26.7 0
      vertex 23.2 -26.7 0.599999
    endloop
  endfacet
  facet normal 0.998799 0.0489896 0
    outer loop
      vertex 23.2 -26.7 0
      vertex 23.225 -27.2097 0.599999
      vertex 23.225 -27.2097 0
    endloop
  endfacet
  facet normal 0.671472 -0.74103 0
    outer loop
      vertex 24.723 -23.023 0
      vertex 25.1012 -22.6803 0.599999
      vertex 24.723 -23.023 0.599999
    endloop
  endfacet
  facet normal 0.671472 -0.74103 0
    outer loop
      vertex 25.1012 -22.6803 0.599999
      vertex 24.723 -23.023 0
      vertex 25.1012 -22.6803 0
    endloop
  endfacet
  facet normal 0.514179 -0.857683 0
    outer loop
      vertex 25.511 -22.3764 0
      vertex 25.9487 -22.114 0.599999
      vertex 25.511 -22.3764 0.599999
    endloop
  endfacet
  facet normal 0.514179 -0.857683 0
    outer loop
      vertex 25.9487 -22.114 0.599999
      vertex 25.511 -22.3764 0
      vertex 25.9487 -22.114 0
    endloop
  endfacet
  facet normal 0.336845 -0.94156 0
    outer loop
      vertex 26.41 -21.8958 0
      vertex 26.8905 -21.7239 0.599999
      vertex 26.41 -21.8958 0.599999
    endloop
  endfacet
  facet normal 0.336845 -0.94156 0
    outer loop
      vertex 26.8905 -21.7239 0.599999
      vertex 26.41 -21.8958 0
      vertex 26.8905 -21.7239 0
    endloop
  endfacet
  facet normal -0.94156 0.336845 0
    outer loop
      vertex 33.2042 -28.69 0
      vertex 33.3761 -28.2095 0.599999
      vertex 33.3761 -28.2095 0
    endloop
  endfacet
  facet normal -0.94156 0.336845 0
    outer loop
      vertex 33.3761 -28.2095 0.599999
      vertex 33.2042 -28.69 0
      vertex 33.2042 -28.69 0.599999
    endloop
  endfacet
  facet normal -0.970027 0.242997 0
    outer loop
      vertex 33.3761 -28.2095 0
      vertex 33.5001 -27.7145 0.599999
      vertex 33.5001 -27.7145 0
    endloop
  endfacet
  facet normal -0.970027 0.242997 0
    outer loop
      vertex 33.5001 -27.7145 0.599999
      vertex 33.3761 -28.2095 0
      vertex 33.3761 -28.2095 0.599999
    endloop
  endfacet
  facet normal -0.989171 0.146769 0
    outer loop
      vertex 33.5001 -27.7145 0
      vertex 33.575 -27.2097 0.599999
      vertex 33.575 -27.2097 0
    endloop
  endfacet
  facet normal -0.989171 0.146769 0
    outer loop
      vertex 33.575 -27.2097 0.599999
      vertex 33.5001 -27.7145 0
      vertex 33.5001 -27.7145 0.599999
    endloop
  endfacet
  facet normal -0.803234 0.595663 0
    outer loop
      vertex 32.4197 -29.9988 0
      vertex 32.7236 -29.589 0.599999
      vertex 32.7236 -29.589 0
    endloop
  endfacet
  facet normal -0.803234 0.595663 0
    outer loop
      vertex 32.7236 -29.589 0.599999
      vertex 32.4197 -29.9988 0
      vertex 32.4197 -29.9988 0.599999
    endloop
  endfacet
  facet normal -0.671472 0.74103 0
    outer loop
      vertex 32.077 -30.377 0
      vertex 31.6988 -30.7197 0.599999
      vertex 32.077 -30.377 0.599999
    endloop
  endfacet
  facet normal -0.671472 0.74103 0
    outer loop
      vertex 31.6988 -30.7197 0.599999
      vertex 32.077 -30.377 0
      vertex 31.6988 -30.7197 0
    endloop
  endfacet
  facet normal -0.903973 0.427589 0
    outer loop
      vertex 32.986 -29.1513 0
      vertex 33.2042 -28.69 0.599999
      vertex 33.2042 -28.69 0
    endloop
  endfacet
  facet normal -0.903973 0.427589 0
    outer loop
      vertex 33.2042 -28.69 0.599999
      vertex 32.986 -29.1513 0
      vertex 32.986 -29.1513 0.599999
    endloop
  endfacet
  facet normal 0.336845 0.94156 -0
    outer loop
      vertex 26.8905 -31.6761 0
      vertex 26.41 -31.5042 0.599999
      vertex 26.8905 -31.6761 0.599999
    endloop
  endfacet
  facet normal 0.336845 0.94156 0
    outer loop
      vertex 26.41 -31.5042 0.599999
      vertex 26.8905 -31.6761 0
      vertex 26.41 -31.5042 0
    endloop
  endfacet
  facet normal 0.242997 0.970027 -0
    outer loop
      vertex 27.3855 -31.8001 0
      vertex 26.8905 -31.6761 0.599999
      vertex 27.3855 -31.8001 0.599999
    endloop
  endfacet
  facet normal 0.242997 0.970027 0
    outer loop
      vertex 26.8905 -31.6761 0.599999
      vertex 27.3855 -31.8001 0
      vertex 26.8905 -31.6761 0
    endloop
  endfacet
  facet normal 0.857683 0.514179 0
    outer loop
      vertex 24.0764 -29.589 0.599999
      vertex 23.814 -29.1513 0
      vertex 23.814 -29.1513 0.599999
    endloop
  endfacet
  facet normal 0.857683 0.514179 0
    outer loop
      vertex 23.814 -29.1513 0
      vertex 24.0764 -29.589 0.599999
      vertex 24.0764 -29.589 0
    endloop
  endfacet
  facet normal 0.94156 0.336845 0
    outer loop
      vertex 23.5958 -28.69 0.599999
      vertex 23.4239 -28.2095 0
      vertex 23.4239 -28.2095 0.599999
    endloop
  endfacet
  facet normal 0.94156 0.336845 0
    outer loop
      vertex 23.4239 -28.2095 0
      vertex 23.5958 -28.69 0.599999
      vertex 23.5958 -28.69 0
    endloop
  endfacet
  facet normal 0.903973 0.427589 0
    outer loop
      vertex 23.814 -29.1513 0.599999
      vertex 23.5958 -28.69 0
      vertex 23.5958 -28.69 0.599999
    endloop
  endfacet
  facet normal 0.903973 0.427589 0
    outer loop
      vertex 23.5958 -28.69 0
      vertex 23.814 -29.1513 0.599999
      vertex 23.814 -29.1513 0
    endloop
  endfacet
  facet normal 0.989171 0.146769 0
    outer loop
      vertex 23.2999 -27.7145 0.599999
      vertex 23.225 -27.2097 0
      vertex 23.225 -27.2097 0.599999
    endloop
  endfacet
  facet normal 0.989171 0.146769 0
    outer loop
      vertex 23.225 -27.2097 0
      vertex 23.2999 -27.7145 0.599999
      vertex 23.2999 -27.7145 0
    endloop
  endfacet
  facet normal -0.242997 0.970027 0
    outer loop
      vertex 29.9095 -31.6761 0
      vertex 29.4145 -31.8001 0.599999
      vertex 29.9095 -31.6761 0.599999
    endloop
  endfacet
  facet normal -0.242997 0.970027 0
    outer loop
      vertex 29.4145 -31.8001 0.599999
      vertex 29.9095 -31.6761 0
      vertex 29.4145 -31.8001 0
    endloop
  endfacet
  facet normal -0.857683 0.514179 0
    outer loop
      vertex 32.7236 -29.589 0
      vertex 32.986 -29.1513 0.599999
      vertex 32.986 -29.1513 0
    endloop
  endfacet
  facet normal -0.857683 0.514179 0
    outer loop
      vertex 32.986 -29.1513 0.599999
      vertex 32.7236 -29.589 0
      vertex 32.7236 -29.589 0.599999
    endloop
  endfacet
  facet normal -0.514179 0.857683 0
    outer loop
      vertex 31.289 -31.0236 0
      vertex 30.8513 -31.286 0.599999
      vertex 31.289 -31.0236 0.599999
    endloop
  endfacet
  facet normal -0.514179 0.857683 0
    outer loop
      vertex 30.8513 -31.286 0.599999
      vertex 31.289 -31.0236 0
      vertex 30.8513 -31.286 0
    endloop
  endfacet
  facet normal -0.595663 0.803234 0
    outer loop
      vertex 31.6988 -30.7197 0
      vertex 31.289 -31.0236 0.599999
      vertex 31.6988 -30.7197 0.599999
    endloop
  endfacet
  facet normal -0.595663 0.803234 0
    outer loop
      vertex 31.289 -31.0236 0.599999
      vertex 31.6988 -30.7197 0
      vertex 31.289 -31.0236 0
    endloop
  endfacet
  facet normal 0.595663 0.803234 -0
    outer loop
      vertex 25.511 -31.0236 0
      vertex 25.1012 -30.7197 0.599999
      vertex 25.511 -31.0236 0.599999
    endloop
  endfacet
  facet normal 0.595663 0.803234 0
    outer loop
      vertex 25.1012 -30.7197 0.599999
      vertex 25.511 -31.0236 0
      vertex 25.1012 -30.7197 0
    endloop
  endfacet
  facet normal 0.671472 0.74103 -0
    outer loop
      vertex 25.1012 -30.7197 0
      vertex 24.723 -30.377 0.599999
      vertex 25.1012 -30.7197 0.599999
    endloop
  endfacet
  facet normal 0.671472 0.74103 0
    outer loop
      vertex 24.723 -30.377 0.599999
      vertex 25.1012 -30.7197 0
      vertex 24.723 -30.377 0
    endloop
  endfacet
  facet normal 0.803234 0.595663 0
    outer loop
      vertex 24.3803 -29.9988 0.599999
      vertex 24.0764 -29.589 0
      vertex 24.0764 -29.589 0.599999
    endloop
  endfacet
  facet normal 0.803234 0.595663 0
    outer loop
      vertex 24.0764 -29.589 0
      vertex 24.3803 -29.9988 0.599999
      vertex 24.3803 -29.9988 0
    endloop
  endfacet
  facet normal 0.970027 0.242997 0
    outer loop
      vertex 23.4239 -28.2095 0.599999
      vertex 23.2999 -27.7145 0
      vertex 23.2999 -27.7145 0.599999
    endloop
  endfacet
  facet normal 0.970027 0.242997 0
    outer loop
      vertex 23.2999 -27.7145 0
      vertex 23.4239 -28.2095 0.599999
      vertex 23.4239 -28.2095 0
    endloop
  endfacet
  facet normal 0.146769 0.989171 -0
    outer loop
      vertex 27.8903 -31.875 0
      vertex 27.3855 -31.8001 0.599999
      vertex 27.8903 -31.875 0.599999
    endloop
  endfacet
  facet normal 0.146769 0.989171 0
    outer loop
      vertex 27.3855 -31.8001 0.599999
      vertex 27.8903 -31.875 0
      vertex 27.3855 -31.8001 0
    endloop
  endfacet
  facet normal 0.0489896 0.998799 -0
    outer loop
      vertex 28.4 -31.9 0
      vertex 27.8903 -31.875 0.599999
      vertex 28.4 -31.9 0.599999
    endloop
  endfacet
  facet normal 0.0489896 0.998799 0
    outer loop
      vertex 27.8903 -31.875 0.599999
      vertex 28.4 -31.9 0
      vertex 27.8903 -31.875 0
    endloop
  endfacet
  facet normal 0.427589 0.903973 -0
    outer loop
      vertex 26.41 -31.5042 0
      vertex 25.9487 -31.286 0.599999
      vertex 26.41 -31.5042 0.599999
    endloop
  endfacet
  facet normal 0.427589 0.903973 0
    outer loop
      vertex 25.9487 -31.286 0.599999
      vertex 26.41 -31.5042 0
      vertex 25.9487 -31.286 0
    endloop
  endfacet
  facet normal 0.514179 0.857683 -0
    outer loop
      vertex 25.9487 -31.286 0
      vertex 25.511 -31.0236 0.599999
      vertex 25.9487 -31.286 0.599999
    endloop
  endfacet
  facet normal 0.514179 0.857683 0
    outer loop
      vertex 25.511 -31.0236 0.599999
      vertex 25.9487 -31.286 0
      vertex 25.511 -31.0236 0
    endloop
  endfacet
  facet normal -0.998799 -0.0489896 0
    outer loop
      vertex 33.6 26.7 0
      vertex 33.575 27.2097 0.599999
      vertex 33.575 27.2097 0
    endloop
  endfacet
  facet normal -0.998799 -0.0489896 0
    outer loop
      vertex 33.575 27.2097 0.599999
      vertex 33.6 26.7 0
      vertex 33.6 26.7 0.599999
    endloop
  endfacet
  facet normal 0.0489896 -0.998799 0
    outer loop
      vertex 27.8903 31.875 0
      vertex 28.4 31.9 0.599999
      vertex 27.8903 31.875 0.599999
    endloop
  endfacet
  facet normal 0.0489896 -0.998799 0
    outer loop
      vertex 28.4 31.9 0.599999
      vertex 27.8903 31.875 0
      vertex 28.4 31.9 0
    endloop
  endfacet
  facet normal -0.671472 -0.74103 0
    outer loop
      vertex 31.6988 30.7197 0
      vertex 32.077 30.377 0.599999
      vertex 31.6988 30.7197 0.599999
    endloop
  endfacet
  facet normal -0.671472 -0.74103 -0
    outer loop
      vertex 32.077 30.377 0.599999
      vertex 31.6988 30.7197 0
      vertex 32.077 30.377 0
    endloop
  endfacet
  facet normal 0.74103 -0.671472 0
    outer loop
      vertex 24.3803 29.9988 0.599999
      vertex 24.723 30.377 0
      vertex 24.723 30.377 0.599999
    endloop
  endfacet
  facet normal 0.74103 -0.671472 0
    outer loop
      vertex 24.723 30.377 0
      vertex 24.3803 29.9988 0.599999
      vertex 24.3803 29.9988 0
    endloop
  endfacet
  facet normal 0.427589 -0.903973 0
    outer loop
      vertex 25.9487 31.286 0
      vertex 26.41 31.5042 0.599999
      vertex 25.9487 31.286 0.599999
    endloop
  endfacet
  facet normal 0.427589 -0.903973 0
    outer loop
      vertex 26.41 31.5042 0.599999
      vertex 25.9487 31.286 0
      vertex 26.41 31.5042 0
    endloop
  endfacet
  facet normal 0.94156 0.336845 0
    outer loop
      vertex 23.5958 24.71 0.599999
      vertex 23.4239 25.1905 0
      vertex 23.4239 25.1905 0.599999
    endloop
  endfacet
  facet normal 0.94156 0.336845 0
    outer loop
      vertex 23.4239 25.1905 0
      vertex 23.5958 24.71 0.599999
      vertex 23.5958 24.71 0
    endloop
  endfacet
  facet normal -0.903973 -0.427589 0
    outer loop
      vertex 33.2042 28.69 0
      vertex 32.986 29.1513 0.599999
      vertex 32.986 29.1513 0
    endloop
  endfacet
  facet normal -0.903973 -0.427589 0
    outer loop
      vertex 32.986 29.1513 0.599999
      vertex 33.2042 28.69 0
      vertex 33.2042 28.69 0.599999
    endloop
  endfacet
  facet normal -0.336845 -0.94156 0
    outer loop
      vertex 29.9095 31.6761 0
      vertex 30.39 31.5042 0.599999
      vertex 29.9095 31.6761 0.599999
    endloop
  endfacet
  facet normal -0.336845 -0.94156 -0
    outer loop
      vertex 30.39 31.5042 0.599999
      vertex 29.9095 31.6761 0
      vertex 30.39 31.5042 0
    endloop
  endfacet
  facet normal 0.903973 -0.427589 0
    outer loop
      vertex 23.5958 28.69 0.599999
      vertex 23.814 29.1513 0
      vertex 23.814 29.1513 0.599999
    endloop
  endfacet
  facet normal 0.903973 -0.427589 0
    outer loop
      vertex 23.814 29.1513 0
      vertex 23.5958 28.69 0.599999
      vertex 23.5958 28.69 0
    endloop
  endfacet
  facet normal 0.857683 -0.514179 0
    outer loop
      vertex 23.814 29.1513 0.599999
      vertex 24.0764 29.589 0
      vertex 24.0764 29.589 0.599999
    endloop
  endfacet
  facet normal 0.857683 -0.514179 0
    outer loop
      vertex 24.0764 29.589 0
      vertex 23.814 29.1513 0.599999
      vertex 23.814 29.1513 0
    endloop
  endfacet
  facet normal 0.242997 -0.970027 0
    outer loop
      vertex 26.8905 31.6761 0
      vertex 27.3855 31.8001 0.599999
      vertex 26.8905 31.6761 0.599999
    endloop
  endfacet
  facet normal 0.242997 -0.970027 0
    outer loop
      vertex 27.3855 31.8001 0.599999
      vertex 26.8905 31.6761 0
      vertex 27.3855 31.8001 0
    endloop
  endfacet
  facet normal -0.903973 0.427589 0
    outer loop
      vertex 32.986 24.2487 0
      vertex 33.2042 24.71 0.599999
      vertex 33.2042 24.71 0
    endloop
  endfacet
  facet normal -0.903973 0.427589 0
    outer loop
      vertex 33.2042 24.71 0.599999
      vertex 32.986 24.2487 0
      vertex 32.986 24.2487 0.599999
    endloop
  endfacet
  facet normal -0.336845 0.94156 0
    outer loop
      vertex 30.39 21.8958 0
      vertex 29.9095 21.7239 0.599999
      vertex 30.39 21.8958 0.599999
    endloop
  endfacet
  facet normal -0.336845 0.94156 0
    outer loop
      vertex 29.9095 21.7239 0.599999
      vertex 30.39 21.8958 0
      vertex 29.9095 21.7239 0
    endloop
  endfacet
  facet normal -0.74103 0.671472 0
    outer loop
      vertex 32.077 23.023 0
      vertex 32.4197 23.4012 0.599999
      vertex 32.4197 23.4012 0
    endloop
  endfacet
  facet normal -0.74103 0.671472 0
    outer loop
      vertex 32.4197 23.4012 0.599999
      vertex 32.077 23.023 0
      vertex 32.077 23.023 0.599999
    endloop
  endfacet
  facet normal -0.970027 0.242997 0
    outer loop
      vertex 33.3761 25.1905 0
      vertex 33.5001 25.6855 0.599999
      vertex 33.5001 25.6855 0
    endloop
  endfacet
  facet normal -0.970027 0.242997 0
    outer loop
      vertex 33.5001 25.6855 0.599999
      vertex 33.3761 25.1905 0
      vertex 33.3761 25.1905 0.599999
    endloop
  endfacet
  facet normal 0.242997 0.970027 -0
    outer loop
      vertex 27.3855 21.5999 0
      vertex 26.8905 21.7239 0.599999
      vertex 27.3855 21.5999 0.599999
    endloop
  endfacet
  facet normal 0.242997 0.970027 0
    outer loop
      vertex 26.8905 21.7239 0.599999
      vertex 27.3855 21.5999 0
      vertex 26.8905 21.7239 0
    endloop
  endfacet
  facet normal 0.671472 0.74103 -0
    outer loop
      vertex 25.1012 22.6803 0
      vertex 24.723 23.023 0.599999
      vertex 25.1012 22.6803 0.599999
    endloop
  endfacet
  facet normal 0.671472 0.74103 0
    outer loop
      vertex 24.723 23.023 0.599999
      vertex 25.1012 22.6803 0
      vertex 24.723 23.023 0
    endloop
  endfacet
  facet normal 0.74103 0.671472 0
    outer loop
      vertex 24.723 23.023 0.599999
      vertex 24.3803 23.4012 0
      vertex 24.3803 23.4012 0.599999
    endloop
  endfacet
  facet normal 0.74103 0.671472 0
    outer loop
      vertex 24.3803 23.4012 0
      vertex 24.723 23.023 0.599999
      vertex 24.723 23.023 0
    endloop
  endfacet
  facet normal -0.970027 -0.242997 0
    outer loop
      vertex 33.5001 27.7145 0
      vertex 33.3761 28.2095 0.599999
      vertex 33.3761 28.2095 0
    endloop
  endfacet
  facet normal -0.970027 -0.242997 0
    outer loop
      vertex 33.3761 28.2095 0.599999
      vertex 33.5001 27.7145 0
      vertex 33.5001 27.7145 0.599999
    endloop
  endfacet
  facet normal -0.989171 -0.146769 0
    outer loop
      vertex 33.575 27.2097 0
      vertex 33.5001 27.7145 0.599999
      vertex 33.5001 27.7145 0
    endloop
  endfacet
  facet normal -0.989171 -0.146769 0
    outer loop
      vertex 33.5001 27.7145 0.599999
      vertex 33.575 27.2097 0
      vertex 33.575 27.2097 0.599999
    endloop
  endfacet
  facet normal -0.94156 -0.336845 0
    outer loop
      vertex 33.3761 28.2095 0
      vertex 33.2042 28.69 0.599999
      vertex 33.2042 28.69 0
    endloop
  endfacet
  facet normal -0.94156 -0.336845 0
    outer loop
      vertex 33.2042 28.69 0.599999
      vertex 33.3761 28.2095 0
      vertex 33.3761 28.2095 0.599999
    endloop
  endfacet
  facet normal -0.803234 -0.595663 0
    outer loop
      vertex 32.7236 29.589 0
      vertex 32.4197 29.9988 0.599999
      vertex 32.4197 29.9988 0
    endloop
  endfacet
  facet normal -0.803234 -0.595663 0
    outer loop
      vertex 32.4197 29.9988 0.599999
      vertex 32.7236 29.589 0
      vertex 32.7236 29.589 0.599999
    endloop
  endfacet
  facet normal -0.857683 -0.514179 0
    outer loop
      vertex 32.986 29.1513 0
      vertex 32.7236 29.589 0.599999
      vertex 32.7236 29.589 0
    endloop
  endfacet
  facet normal -0.857683 -0.514179 0
    outer loop
      vertex 32.7236 29.589 0.599999
      vertex 32.986 29.1513 0
      vertex 32.986 29.1513 0.599999
    endloop
  endfacet
  facet normal -0.146769 -0.989171 0
    outer loop
      vertex 28.9097 31.875 0
      vertex 29.4145 31.8001 0.599999
      vertex 28.9097 31.875 0.599999
    endloop
  endfacet
  facet normal -0.146769 -0.989171 -0
    outer loop
      vertex 29.4145 31.8001 0.599999
      vertex 28.9097 31.875 0
      vertex 29.4145 31.8001 0
    endloop
  endfacet
  facet normal -0.0489896 -0.998799 0
    outer loop
      vertex 28.4 31.9 0
      vertex 28.9097 31.875 0.599999
      vertex 28.4 31.9 0.599999
    endloop
  endfacet
  facet normal -0.0489896 -0.998799 -0
    outer loop
      vertex 28.9097 31.875 0.599999
      vertex 28.4 31.9 0
      vertex 28.9097 31.875 0
    endloop
  endfacet
  facet normal -0.514179 -0.857683 0
    outer loop
      vertex 30.8513 31.286 0
      vertex 31.289 31.0236 0.599999
      vertex 30.8513 31.286 0.599999
    endloop
  endfacet
  facet normal -0.514179 -0.857683 -0
    outer loop
      vertex 31.289 31.0236 0.599999
      vertex 30.8513 31.286 0
      vertex 31.289 31.0236 0
    endloop
  endfacet
  facet normal -0.595663 -0.803234 0
    outer loop
      vertex 31.289 31.0236 0
      vertex 31.6988 30.7197 0.599999
      vertex 31.289 31.0236 0.599999
    endloop
  endfacet
  facet normal -0.595663 -0.803234 -0
    outer loop
      vertex 31.6988 30.7197 0.599999
      vertex 31.289 31.0236 0
      vertex 31.6988 30.7197 0
    endloop
  endfacet
  facet normal 0.989171 -0.146769 0
    outer loop
      vertex 23.225 27.2097 0.599999
      vertex 23.2999 27.7145 0
      vertex 23.2999 27.7145 0.599999
    endloop
  endfacet
  facet normal 0.989171 -0.146769 0
    outer loop
      vertex 23.2999 27.7145 0
      vertex 23.225 27.2097 0.599999
      vertex 23.225 27.2097 0
    endloop
  endfacet
  facet normal 0.94156 -0.336845 0
    outer loop
      vertex 23.4239 28.2095 0.599999
      vertex 23.5958 28.69 0
      vertex 23.5958 28.69 0.599999
    endloop
  endfacet
  facet normal 0.94156 -0.336845 0
    outer loop
      vertex 23.5958 28.69 0
      vertex 23.4239 28.2095 0.599999
      vertex 23.4239 28.2095 0
    endloop
  endfacet
  facet normal 0.998799 -0.0489896 0
    outer loop
      vertex 23.2 26.7 0.599999
      vertex 23.225 27.2097 0
      vertex 23.225 27.2097 0.599999
    endloop
  endfacet
  facet normal 0.998799 -0.0489896 0
    outer loop
      vertex 23.225 27.2097 0
      vertex 23.2 26.7 0.599999
      vertex 23.2 26.7 0
    endloop
  endfacet
  facet normal 0 0 -1
    outer loop
      vertex 33.575 26.1903 0.599999
      vertex 33.575 27.2097 0.599999
      vertex 33.6 26.7 0.599999
    endloop
  endfacet
  facet normal 0 0 -1
    outer loop
      vertex 33.5001 25.6855 0.599999
      vertex 33.575 27.2097 0.599999
      vertex 33.575 26.1903 0.599999
    endloop
  endfacet
  facet normal 0 0 -1
    outer loop
      vertex 33.5001 25.6855 0.599999
      vertex 33.5001 27.7145 0.599999
      vertex 33.575 27.2097 0.599999
    endloop
  endfacet
  facet normal 0 0 -1
    outer loop
      vertex 33.3761 25.1905 0.599999
      vertex 33.5001 27.7145 0.599999
      vertex 33.5001 25.6855 0.599999
    endloop
  endfacet
  facet normal 0 0 -1
    outer loop
      vertex 33.3761 25.1905 0.599999
      vertex 33.3761 28.2095 0.599999
      vertex 33.5001 27.7145 0.599999
    endloop
  endfacet
  facet normal 0 0 -1
    outer loop
      vertex 33.2042 24.71 0.599999
      vertex 33.3761 28.2095 0.599999
      vertex 33.3761 25.1905 0.599999
    endloop
  endfacet
  facet normal 0 0 -1
    outer loop
      vertex 33.2042 24.71 0.599999
      vertex 33.2042 28.69 0.599999
      vertex 33.3761 28.2095 0.599999
    endloop
  endfacet
  facet normal 0 0 -1
    outer loop
      vertex 32.986 24.2487 0.599999
      vertex 33.2042 28.69 0.599999
      vertex 33.2042 24.71 0.599999
    endloop
  endfacet
  facet normal 0 0 -1
    outer loop
      vertex 32.986 24.2487 0.599999
      vertex 32.986 29.1513 0.599999
      vertex 33.2042 28.69 0.599999
    endloop
  endfacet
  facet normal 0 0 -1
    outer loop
      vertex 32.7236 23.811 0.599999
      vertex 32.986 29.1513 0.599999
      vertex 32.986 24.2487 0.599999
    endloop
  endfacet
  facet normal 0 0 -1
    outer loop
      vertex 32.7236 23.811 0.599999
      vertex 32.7236 29.589 0.599999
      vertex 32.986 29.1513 0.599999
    endloop
  endfacet
  facet normal 0 0 -1
    outer loop
      vertex 32.4197 23.4012 0.599999
      vertex 32.7236 29.589 0.599999
      vertex 32.7236 23.811 0.599999
    endloop
  endfacet
  facet normal 0 0 -1
    outer loop
      vertex 32.4197 23.4012 0.599999
      vertex 32.4197 29.9988 0.599999
      vertex 32.7236 29.589 0.599999
    endloop
  endfacet
  facet normal 0 0 -1
    outer loop
      vertex 32.077 23.023 0.599999
      vertex 32.4197 29.9988 0.599999
      vertex 32.4197 23.4012 0.599999
    endloop
  endfacet
  facet normal 0 0 -1
    outer loop
      vertex 32.077 23.023 0.599999
      vertex 32.077 30.377 0.599999
      vertex 32.4197 29.9988 0.599999
    endloop
  endfacet
  facet normal 0 0 -1
    outer loop
      vertex 31.6988 22.6803 0.599999
      vertex 32.077 30.377 0.599999
      vertex 32.077 23.023 0.599999
    endloop
  endfacet
  facet normal 0 0 -1
    outer loop
      vertex 31.6988 22.6803 0.599999
      vertex 31.6988 30.7197 0.599999
      vertex 32.077 30.377 0.599999
    endloop
  endfacet
  facet normal 0 0 -1
    outer loop
      vertex 31.289 22.3764 0.599999
      vertex 31.6988 30.7197 0.599999
      vertex 31.6988 22.6803 0.599999
    endloop
  endfacet
  facet normal 0 0 -1
    outer loop
      vertex 31.289 22.3764 0.599999
      vertex 31.289 31.0236 0.599999
      vertex 31.6988 30.7197 0.599999
    endloop
  endfacet
  facet normal 0 0 -1
    outer loop
      vertex 30.8513 22.114 0.599999
      vertex 31.289 31.0236 0.599999
      vertex 31.289 22.3764 0.599999
    endloop
  endfacet
  facet normal 0 0 -1
    outer loop
      vertex 30.8513 22.114 0.599999
      vertex 30.8513 31.286 0.599999
      vertex 31.289 31.0236 0.599999
    endloop
  endfacet
  facet normal 0 0 -1
    outer loop
      vertex 30.39 21.8958 0.599999
      vertex 30.8513 31.286 0.599999
      vertex 30.8513 22.114 0.599999
    endloop
  endfacet
  facet normal 0 0 -1
    outer loop
      vertex 30.39 21.8958 0.599999
      vertex 30.39 31.5042 0.599999
      vertex 30.8513 31.286 0.599999
    endloop
  endfacet
  facet normal 0 0 -1
    outer loop
      vertex 29.9095 21.7239 0.599999
      vertex 30.39 31.5042 0.599999
      vertex 30.39 21.8958 0.599999
    endloop
  endfacet
  facet normal 0 0 -1
    outer loop
      vertex 29.9095 21.7239 0.599999
      vertex 29.9095 31.6761 0.599999
      vertex 30.39 31.5042 0.599999
    endloop
  endfacet
  facet normal 0 0 -1
    outer loop
      vertex 29.4145 21.5999 0.599999
      vertex 29.9095 31.6761 0.599999
      vertex 29.9095 21.7239 0.599999
    endloop
  endfacet
  facet normal 0 0 -1
    outer loop
      vertex 29.4145 21.5999 0.599999
      vertex 29.4145 31.8001 0.599999
      vertex 29.9095 31.6761 0.599999
    endloop
  endfacet
  facet normal 0 0 -1
    outer loop
      vertex 28.9097 21.525 0.599999
      vertex 29.4145 31.8001 0.599999
      vertex 29.4145 21.5999 0.599999
    endloop
  endfacet
  facet normal 0 0 -1
    outer loop
      vertex 28.9097 21.525 0.599999
      vertex 28.9097 31.875 0.599999
      vertex 29.4145 31.8001 0.599999
    endloop
  endfacet
  facet normal 0 0 -1
    outer loop
      vertex 28.4 21.5 0.599999
      vertex 28.9097 31.875 0.599999
      vertex 28.9097 21.525 0.599999
    endloop
  endfacet
  facet normal 0 0 -1
    outer loop
      vertex 28.4 21.5 0.599999
      vertex 28.4 31.9 0.599999
      vertex 28.9097 31.875 0.599999
    endloop
  endfacet
  facet normal 0 0 -1
    outer loop
      vertex 27.8903 21.525 0.599999
      vertex 28.4 31.9 0.599999
      vertex 28.4 21.5 0.599999
    endloop
  endfacet
  facet normal 0 0 -1
    outer loop
      vertex 27.8903 21.525 0.599999
      vertex 27.8903 31.875 0.599999
      vertex 28.4 31.9 0.599999
    endloop
  endfacet
  facet normal 0 0 -1
    outer loop
      vertex 27.3855 21.5999 0.599999
      vertex 27.8903 31.875 0.599999
      vertex 27.8903 21.525 0.599999
    endloop
  endfacet
  facet normal 0 0 -1
    outer loop
      vertex 27.3855 21.5999 0.599999
      vertex 27.3855 31.8001 0.599999
      vertex 27.8903 31.875 0.599999
    endloop
  endfacet
  facet normal 0 0 -1
    outer loop
      vertex 26.8905 21.7239 0.599999
      vertex 27.3855 31.8001 0.599999
      vertex 27.3855 21.5999 0.599999
    endloop
  endfacet
  facet normal 0 0 -1
    outer loop
      vertex 26.8905 21.7239 0.599999
      vertex 26.8905 31.6761 0.599999
      vertex 27.3855 31.8001 0.599999
    endloop
  endfacet
  facet normal 0 0 -1
    outer loop
      vertex 26.41 21.8958 0.599999
      vertex 26.8905 31.6761 0.599999
      vertex 26.8905 21.7239 0.599999
    endloop
  endfacet
  facet normal 0 0 -1
    outer loop
      vertex 26.41 21.8958 0.599999
      vertex 26.41 31.5042 0.599999
      vertex 26.8905 31.6761 0.599999
    endloop
  endfacet
  facet normal 0 0 -1
    outer loop
      vertex 25.9487 22.114 0.599999
      vertex 26.41 31.5042 0.599999
      vertex 26.41 21.8958 0.599999
    endloop
  endfacet
  facet normal 0 0 -1
    outer loop
      vertex 25.9487 22.114 0.599999
      vertex 25.9487 31.286 0.599999
      vertex 26.41 31.5042 0.599999
    endloop
  endfacet
  facet normal 0 0 -1
    outer loop
      vertex 25.511 22.3764 0.599999
      vertex 25.9487 31.286 0.599999
      vertex 25.9487 22.114 0.599999
    endloop
  endfacet
  facet normal 0 0 -1
    outer loop
      vertex 25.511 22.3764 0.599999
      vertex 25.511 31.0236 0.599999
      vertex 25.9487 31.286 0.599999
    endloop
  endfacet
  facet normal 0 0 -1
    outer loop
      vertex 25.1012 22.6803 0.599999
      vertex 25.511 31.0236 0.599999
      vertex 25.511 22.3764 0.599999
    endloop
  endfacet
  facet normal 0 0 -1
    outer loop
      vertex 25.1012 22.6803 0.599999
      vertex 25.1012 30.7197 0.599999
      vertex 25.511 31.0236 0.599999
    endloop
  endfacet
  facet normal 0 0 -1
    outer loop
      vertex 24.723 23.023 0.599999
      vertex 25.1012 30.7197 0.599999
      vertex 25.1012 22.6803 0.599999
    endloop
  endfacet
  facet normal 0 0 -1
    outer loop
      vertex 24.723 23.023 0.599999
      vertex 24.723 30.377 0.599999
      vertex 25.1012 30.7197 0.599999
    endloop
  endfacet
  facet normal 0 0 -1
    outer loop
      vertex 24.3803 23.4012 0.599999
      vertex 24.723 30.377 0.599999
      vertex 24.723 23.023 0.599999
    endloop
  endfacet
  facet normal 0 0 -1
    outer loop
      vertex 24.3803 23.4012 0.599999
      vertex 24.3803 29.9988 0.599999
      vertex 24.723 30.377 0.599999
    endloop
  endfacet
  facet normal 0 0 -1
    outer loop
      vertex 24.0764 23.811 0.599999
      vertex 24.3803 29.9988 0.599999
      vertex 24.3803 23.4012 0.599999
    endloop
  endfacet
  facet normal 0 0 -1
    outer loop
      vertex 24.0764 23.811 0.599999
      vertex 24.0764 29.589 0.599999
      vertex 24.3803 29.9988 0.599999
    endloop
  endfacet
  facet normal 0 0 -1
    outer loop
      vertex 23.814 24.2487 0.599999
      vertex 24.0764 29.589 0.599999
      vertex 24.0764 23.811 0.599999
    endloop
  endfacet
  facet normal 0 0 -1
    outer loop
      vertex 23.814 24.2487 0.599999
      vertex 23.814 29.1513 0.599999
      vertex 24.0764 29.589 0.599999
    endloop
  endfacet
  facet normal 0 0 -1
    outer loop
      vertex 23.5958 24.71 0.599999
      vertex 23.814 29.1513 0.599999
      vertex 23.814 24.2487 0.599999
    endloop
  endfacet
  facet normal 0 0 -1
    outer loop
      vertex 23.5958 24.71 0.599999
      vertex 23.5958 28.69 0.599999
      vertex 23.814 29.1513 0.599999
    endloop
  endfacet
  facet normal 0 0 -1
    outer loop
      vertex 23.4239 25.1905 0.599999
      vertex 23.5958 28.69 0.599999
      vertex 23.5958 24.71 0.599999
    endloop
  endfacet
  facet normal 0 0 -1
    outer loop
      vertex 23.4239 25.1905 0.599999
      vertex 23.4239 28.2095 0.599999
      vertex 23.5958 28.69 0.599999
    endloop
  endfacet
  facet normal 0 0 -1
    outer loop
      vertex 23.2999 25.6855 0.599999
      vertex 23.4239 28.2095 0.599999
      vertex 23.4239 25.1905 0.599999
    endloop
  endfacet
  facet normal 0 0 -1
    outer loop
      vertex 23.2999 25.6855 0.599999
      vertex 23.2999 27.7145 0.599999
      vertex 23.4239 28.2095 0.599999
    endloop
  endfacet
  facet normal 0 0 -1
    outer loop
      vertex 23.225 26.1903 0.599999
      vertex 23.2999 27.7145 0.599999
      vertex 23.2999 25.6855 0.599999
    endloop
  endfacet
  facet normal 0 0 -1
    outer loop
      vertex 23.225 26.1903 0.599999
      vertex 23.225 27.2097 0.599999
      vertex 23.2999 27.7145 0.599999
    endloop
  endfacet
  facet normal 0 -0 -1
    outer loop
      vertex 23.225 27.2097 0.599999
      vertex 23.225 26.1903 0.599999
      vertex 23.2 26.7 0.599999
    endloop
  endfacet
  facet normal 0.595663 -0.803234 0
    outer loop
      vertex 25.1012 30.7197 0
      vertex 25.511 31.0236 0.599999
      vertex 25.1012 30.7197 0.599999
    endloop
  endfacet
  facet normal 0.595663 -0.803234 0
    outer loop
      vertex 25.511 31.0236 0.599999
      vertex 25.1012 30.7197 0
      vertex 25.511 31.0236 0
    endloop
  endfacet
  facet normal 0.336845 -0.94156 0
    outer loop
      vertex 26.41 31.5042 0
      vertex 26.8905 31.6761 0.599999
      vertex 26.41 31.5042 0.599999
    endloop
  endfacet
  facet normal 0.336845 -0.94156 0
    outer loop
      vertex 26.8905 31.6761 0.599999
      vertex 26.41 31.5042 0
      vertex 26.8905 31.6761 0
    endloop
  endfacet
  facet normal 0.146769 -0.989171 0
    outer loop
      vertex 27.3855 31.8001 0
      vertex 27.8903 31.875 0.599999
      vertex 27.3855 31.8001 0.599999
    endloop
  endfacet
  facet normal 0.146769 -0.989171 0
    outer loop
      vertex 27.8903 31.875 0.599999
      vertex 27.3855 31.8001 0
      vertex 27.8903 31.875 0
    endloop
  endfacet
  facet normal -0.146769 0.989171 0
    outer loop
      vertex 29.4145 21.5999 0
      vertex 28.9097 21.525 0.599999
      vertex 29.4145 21.5999 0.599999
    endloop
  endfacet
  facet normal -0.146769 0.989171 0
    outer loop
      vertex 28.9097 21.525 0.599999
      vertex 29.4145 21.5999 0
      vertex 28.9097 21.525 0
    endloop
  endfacet
  facet normal -0.514179 0.857683 0
    outer loop
      vertex 31.289 22.3764 0
      vertex 30.8513 22.114 0.599999
      vertex 31.289 22.3764 0.599999
    endloop
  endfacet
  facet normal -0.514179 0.857683 0
    outer loop
      vertex 30.8513 22.114 0.599999
      vertex 31.289 22.3764 0
      vertex 30.8513 22.114 0
    endloop
  endfacet
  facet normal -0.671472 0.74103 0
    outer loop
      vertex 32.077 23.023 0
      vertex 31.6988 22.6803 0.599999
      vertex 32.077 23.023 0.599999
    endloop
  endfacet
  facet normal -0.671472 0.74103 0
    outer loop
      vertex 31.6988 22.6803 0.599999
      vertex 32.077 23.023 0
      vertex 31.6988 22.6803 0
    endloop
  endfacet
  facet normal -0.595663 0.803234 0
    outer loop
      vertex 31.6988 22.6803 0
      vertex 31.289 22.3764 0.599999
      vertex 31.6988 22.6803 0.599999
    endloop
  endfacet
  facet normal -0.595663 0.803234 0
    outer loop
      vertex 31.289 22.3764 0.599999
      vertex 31.6988 22.6803 0
      vertex 31.289 22.3764 0
    endloop
  endfacet
  facet normal -0.803234 0.595663 0
    outer loop
      vertex 32.4197 23.4012 0
      vertex 32.7236 23.811 0.599999
      vertex 32.7236 23.811 0
    endloop
  endfacet
  facet normal -0.803234 0.595663 0
    outer loop
      vertex 32.7236 23.811 0.599999
      vertex 32.4197 23.4012 0
      vertex 32.4197 23.4012 0.599999
    endloop
  endfacet
  facet normal -0.857683 0.514179 0
    outer loop
      vertex 32.7236 23.811 0
      vertex 32.986 24.2487 0.599999
      vertex 32.986 24.2487 0
    endloop
  endfacet
  facet normal -0.857683 0.514179 0
    outer loop
      vertex 32.986 24.2487 0.599999
      vertex 32.7236 23.811 0
      vertex 32.7236 23.811 0.599999
    endloop
  endfacet
  facet normal 0.595663 0.803234 -0
    outer loop
      vertex 25.511 22.3764 0
      vertex 25.1012 22.6803 0.599999
      vertex 25.511 22.3764 0.599999
    endloop
  endfacet
  facet normal 0.595663 0.803234 0
    outer loop
      vertex 25.1012 22.6803 0.599999
      vertex 25.511 22.3764 0
      vertex 25.1012 22.6803 0
    endloop
  endfacet
  facet normal 0.514179 0.857683 -0
    outer loop
      vertex 25.9487 22.114 0
      vertex 25.511 22.3764 0.599999
      vertex 25.9487 22.114 0.599999
    endloop
  endfacet
  facet normal 0.514179 0.857683 0
    outer loop
      vertex 25.511 22.3764 0.599999
      vertex 25.9487 22.114 0
      vertex 25.511 22.3764 0
    endloop
  endfacet
  facet normal 0.427589 0.903973 -0
    outer loop
      vertex 26.41 21.8958 0
      vertex 25.9487 22.114 0.599999
      vertex 26.41 21.8958 0.599999
    endloop
  endfacet
  facet normal 0.427589 0.903973 0
    outer loop
      vertex 25.9487 22.114 0.599999
      vertex 26.41 21.8958 0
      vertex 25.9487 22.114 0
    endloop
  endfacet
  facet normal 0.0489896 0.998799 -0
    outer loop
      vertex 28.4 21.5 0
      vertex 27.8903 21.525 0.599999
      vertex 28.4 21.5 0.599999
    endloop
  endfacet
  facet normal 0.0489896 0.998799 0
    outer loop
      vertex 27.8903 21.525 0.599999
      vertex 28.4 21.5 0
      vertex 27.8903 21.525 0
    endloop
  endfacet
  facet normal 0.857683 0.514179 0
    outer loop
      vertex 24.0764 23.811 0.599999
      vertex 23.814 24.2487 0
      vertex 23.814 24.2487 0.599999
    endloop
  endfacet
  facet normal 0.857683 0.514179 0
    outer loop
      vertex 23.814 24.2487 0
      vertex 24.0764 23.811 0.599999
      vertex 24.0764 23.811 0
    endloop
  endfacet
  facet normal 0.903973 0.427589 0
    outer loop
      vertex 23.814 24.2487 0.599999
      vertex 23.5958 24.71 0
      vertex 23.5958 24.71 0.599999
    endloop
  endfacet
  facet normal 0.903973 0.427589 0
    outer loop
      vertex 23.5958 24.71 0
      vertex 23.814 24.2487 0.599999
      vertex 23.814 24.2487 0
    endloop
  endfacet
  facet normal 0.989171 0.146769 0
    outer loop
      vertex 23.2999 25.6855 0.599999
      vertex 23.225 26.1903 0
      vertex 23.225 26.1903 0.599999
    endloop
  endfacet
  facet normal 0.989171 0.146769 0
    outer loop
      vertex 23.225 26.1903 0
      vertex 23.2999 25.6855 0.599999
      vertex 23.2999 25.6855 0
    endloop
  endfacet
  facet normal -0.74103 -0.671472 0
    outer loop
      vertex 32.4197 29.9988 0
      vertex 32.077 30.377 0.599999
      vertex 32.077 30.377 0
    endloop
  endfacet
  facet normal -0.74103 -0.671472 0
    outer loop
      vertex 32.077 30.377 0.599999
      vertex 32.4197 29.9988 0
      vertex 32.4197 29.9988 0.599999
    endloop
  endfacet
  facet normal -0.242997 -0.970027 0
    outer loop
      vertex 29.4145 31.8001 0
      vertex 29.9095 31.6761 0.599999
      vertex 29.4145 31.8001 0.599999
    endloop
  endfacet
  facet normal -0.242997 -0.970027 -0
    outer loop
      vertex 29.9095 31.6761 0.599999
      vertex 29.4145 31.8001 0
      vertex 29.9095 31.6761 0
    endloop
  endfacet
  facet normal -0.427589 -0.903973 0
    outer loop
      vertex 30.39 31.5042 0
      vertex 30.8513 31.286 0.599999
      vertex 30.39 31.5042 0.599999
    endloop
  endfacet
  facet normal -0.427589 -0.903973 -0
    outer loop
      vertex 30.8513 31.286 0.599999
      vertex 30.39 31.5042 0
      vertex 30.8513 31.286 0
    endloop
  endfacet
  facet normal 0.803234 -0.595663 0
    outer loop
      vertex 24.0764 29.589 0.599999
      vertex 24.3803 29.9988 0
      vertex 24.3803 29.9988 0.599999
    endloop
  endfacet
  facet normal 0.803234 -0.595663 0
    outer loop
      vertex 24.3803 29.9988 0
      vertex 24.0764 29.589 0.599999
      vertex 24.0764 29.589 0
    endloop
  endfacet
  facet normal 0.970027 -0.242997 0
    outer loop
      vertex 23.2999 27.7145 0.599999
      vertex 23.4239 28.2095 0
      vertex 23.4239 28.2095 0.599999
    endloop
  endfacet
  facet normal 0.970027 -0.242997 0
    outer loop
      vertex 23.4239 28.2095 0
      vertex 23.2999 27.7145 0.599999
      vertex 23.2999 27.7145 0
    endloop
  endfacet
  facet normal 0.998799 0.0489896 0
    outer loop
      vertex 23.225 26.1903 0.599999
      vertex 23.2 26.7 0
      vertex 23.2 26.7 0.599999
    endloop
  endfacet
  facet normal 0.998799 0.0489896 0
    outer loop
      vertex 23.2 26.7 0
      vertex 23.225 26.1903 0.599999
      vertex 23.225 26.1903 0
    endloop
  endfacet
  facet normal 0.671472 -0.74103 0
    outer loop
      vertex 24.723 30.377 0
      vertex 25.1012 30.7197 0.599999
      vertex 24.723 30.377 0.599999
    endloop
  endfacet
  facet normal 0.671472 -0.74103 0
    outer loop
      vertex 25.1012 30.7197 0.599999
      vertex 24.723 30.377 0
      vertex 25.1012 30.7197 0
    endloop
  endfacet
  facet normal 0.514179 -0.857683 0
    outer loop
      vertex 25.511 31.0236 0
      vertex 25.9487 31.286 0.599999
      vertex 25.511 31.0236 0.599999
    endloop
  endfacet
  facet normal 0.514179 -0.857683 0
    outer loop
      vertex 25.9487 31.286 0.599999
      vertex 25.511 31.0236 0
      vertex 25.9487 31.286 0
    endloop
  endfacet
  facet normal -0.242997 0.970027 0
    outer loop
      vertex 29.9095 21.7239 0
      vertex 29.4145 21.5999 0.599999
      vertex 29.9095 21.7239 0.599999
    endloop
  endfacet
  facet normal -0.242997 0.970027 0
    outer loop
      vertex 29.4145 21.5999 0.599999
      vertex 29.9095 21.7239 0
      vertex 29.4145 21.5999 0
    endloop
  endfacet
  facet normal -0.427589 0.903973 0
    outer loop
      vertex 30.8513 22.114 0
      vertex 30.39 21.8958 0.599999
      vertex 30.8513 22.114 0.599999
    endloop
  endfacet
  facet normal -0.427589 0.903973 0
    outer loop
      vertex 30.39 21.8958 0.599999
      vertex 30.8513 22.114 0
      vertex 30.39 21.8958 0
    endloop
  endfacet
  facet normal -0.94156 0.336845 0
    outer loop
      vertex 33.2042 24.71 0
      vertex 33.3761 25.1905 0.599999
      vertex 33.3761 25.1905 0
    endloop
  endfacet
  facet normal -0.94156 0.336845 0
    outer loop
      vertex 33.3761 25.1905 0.599999
      vertex 33.2042 24.71 0
      vertex 33.2042 24.71 0.599999
    endloop
  endfacet
  facet normal -0.989171 0.146769 0
    outer loop
      vertex 33.5001 25.6855 0
      vertex 33.575 26.1903 0.599999
      vertex 33.575 26.1903 0
    endloop
  endfacet
  facet normal -0.989171 0.146769 0
    outer loop
      vertex 33.575 26.1903 0.599999
      vertex 33.5001 25.6855 0
      vertex 33.5001 25.6855 0.599999
    endloop
  endfacet
  facet normal 0.336845 0.94156 -0
    outer loop
      vertex 26.8905 21.7239 0
      vertex 26.41 21.8958 0.599999
      vertex 26.8905 21.7239 0.599999
    endloop
  endfacet
  facet normal 0.336845 0.94156 0
    outer loop
      vertex 26.41 21.8958 0.599999
      vertex 26.8905 21.7239 0
      vertex 26.41 21.8958 0
    endloop
  endfacet
  facet normal 0.146769 0.989171 -0
    outer loop
      vertex 27.8903 21.525 0
      vertex 27.3855 21.5999 0.599999
      vertex 27.8903 21.525 0.599999
    endloop
  endfacet
  facet normal 0.146769 0.989171 0
    outer loop
      vertex 27.3855 21.5999 0.599999
      vertex 27.8903 21.525 0
      vertex 27.3855 21.5999 0
    endloop
  endfacet
  facet normal -0.0489896 0.998799 0
    outer loop
      vertex 28.9097 21.525 0
      vertex 28.4 21.5 0.599999
      vertex 28.9097 21.525 0.599999
    endloop
  endfacet
  facet normal -0.0489896 0.998799 0
    outer loop
      vertex 28.4 21.5 0.599999
      vertex 28.9097 21.525 0
      vertex 28.4 21.5 0
    endloop
  endfacet
  facet normal 0.803234 0.595663 0
    outer loop
      vertex 24.3803 23.4012 0.599999
      vertex 24.0764 23.811 0
      vertex 24.0764 23.811 0.599999
    endloop
  endfacet
  facet normal 0.803234 0.595663 0
    outer loop
      vertex 24.0764 23.811 0
      vertex 24.3803 23.4012 0.599999
      vertex 24.3803 23.4012 0
    endloop
  endfacet
  facet normal 0.970027 0.242997 0
    outer loop
      vertex 23.4239 25.1905 0.599999
      vertex 23.2999 25.6855 0
      vertex 23.2999 25.6855 0.599999
    endloop
  endfacet
  facet normal 0.970027 0.242997 0
    outer loop
      vertex 23.2999 25.6855 0
      vertex 23.4239 25.1905 0.599999
      vertex 23.4239 25.1905 0
    endloop
  endfacet
  facet normal -0.998799 0.0489896 0
    outer loop
      vertex 33.575 26.1903 0
      vertex 33.6 26.7 0.599999
      vertex 33.6 26.7 0
    endloop
  endfacet
  facet normal -0.998799 0.0489896 0
    outer loop
      vertex 33.6 26.7 0.599999
      vertex 33.575 26.1903 0
      vertex 33.575 26.1903 0.599999
    endloop
  endfacet
  facet normal -0.998794 0 0.0491004
    outer loop
      vertex 8.69181 -35.7 11.0334
      vertex 8.7 -32.7 11.2
      vertex 8.69181 -32.7 11.0334
    endloop
  endfacet
  facet normal -0.998794 0 0.0491004
    outer loop
      vertex 8.7 -32.7 11.2
      vertex 8.69181 -35.7 11.0334
      vertex 8.7 -35.7 11.2
    endloop
  endfacet
  facet normal 0.998794 -0 0.0491004
    outer loop
      vertex 5.3 -35.7 11.2
      vertex 5.30819 -32.7 11.0334
      vertex 5.3 -32.7 11.2
    endloop
  endfacet
  facet normal 0.998794 0 0.0491004
    outer loop
      vertex 5.30819 -32.7 11.0334
      vertex 5.3 -35.7 11.2
      vertex 5.30819 -35.7 11.0334
    endloop
  endfacet
  facet normal -0.0490916 0 0.998794
    outer loop
      vertex 7 -32.7 9.5
      vertex 7.16663 -35.7 9.50819
      vertex 7.16663 -32.7 9.50819
    endloop
  endfacet
  facet normal -0.0490916 0 0.998794
    outer loop
      vertex 7.16663 -35.7 9.50819
      vertex 7 -32.7 9.5
      vertex 7 -35.7 9.5
    endloop
  endfacet
  facet normal -0.67158 0 0.740932
    outer loop
      vertex 8.07847 -32.7 9.88588
      vertex 8.20208 -35.7 9.99792
      vertex 8.20208 -32.7 9.99792
    endloop
  endfacet
  facet normal -0.67158 0 0.740932
    outer loop
      vertex 8.20208 -35.7 9.99792
      vertex 8.07847 -32.7 9.88588
      vertex 8.07847 -35.7 9.88588
    endloop
  endfacet
  facet normal 0.67158 0 0.740932
    outer loop
      vertex 5.79792 -32.7 9.99792
      vertex 5.92153 -35.7 9.88588
      vertex 5.92153 -32.7 9.88588
    endloop
  endfacet
  facet normal 0.67158 0 0.740932
    outer loop
      vertex 5.92153 -35.7 9.88588
      vertex 5.79792 -32.7 9.99792
      vertex 5.79792 -35.7 9.99792
    endloop
  endfacet
  facet normal 0.336868 0 0.941552
    outer loop
      vertex 6.34944 -32.7 9.6294
      vertex 6.50652 -35.7 9.5732
      vertex 6.50652 -32.7 9.5732
    endloop
  endfacet
  facet normal 0.336868 0 0.941552
    outer loop
      vertex 6.50652 -35.7 9.5732
      vertex 6.34944 -32.7 9.6294
      vertex 6.34944 -35.7 9.6294
    endloop
  endfacet
  facet normal -0.903996 0 0.42754
    outer loop
      vertex 8.49927 -35.7 10.3986
      vertex 8.57059 -32.7 10.5494
      vertex 8.49927 -32.7 10.3986
    endloop
  endfacet
  facet normal -0.903996 0 0.42754
    outer loop
      vertex 8.57059 -32.7 10.5494
      vertex 8.49927 -35.7 10.3986
      vertex 8.57059 -35.7 10.5494
    endloop
  endfacet
  facet normal -0.427566 0 0.903984
    outer loop
      vertex 7.65056 -32.7 9.6294
      vertex 7.80137 -35.7 9.70073
      vertex 7.80137 -32.7 9.70073
    endloop
  endfacet
  facet normal -0.427566 0 0.903984
    outer loop
      vertex 7.80137 -35.7 9.70073
      vertex 7.65056 -32.7 9.6294
      vertex 7.65056 -35.7 9.6294
    endloop
  endfacet
  facet normal -0.514099 0 0.857731
    outer loop
      vertex 7.80137 -32.7 9.70073
      vertex 7.94447 -35.7 9.7865
      vertex 7.94447 -32.7 9.7865
    endloop
  endfacet
  facet normal -0.514099 0 0.857731
    outer loop
      vertex 7.94447 -35.7 9.7865
      vertex 7.80137 -32.7 9.70073
      vertex 7.80137 -35.7 9.70073
    endloop
  endfacet
  facet normal 0.903973 -0 0.427589
    outer loop
      vertex 5.4294 -35.7 10.5494
      vertex 5.50073 -32.7 10.3986
      vertex 5.4294 -32.7 10.5494
    endloop
  endfacet
  facet normal 0.903973 0 0.427589
    outer loop
      vertex 5.50073 -32.7 10.3986
      vertex 5.4294 -35.7 10.5494
      vertex 5.50073 -35.7 10.3986
    endloop
  endfacet
  facet normal 0.146681 0 0.989184
    outer loop
      vertex 6.66835 -32.7 9.53266
      vertex 6.83337 -35.7 9.50819
      vertex 6.83337 -32.7 9.50819
    endloop
  endfacet
  facet normal 0.146681 0 0.989184
    outer loop
      vertex 6.83337 -35.7 9.50819
      vertex 6.66835 -32.7 9.53266
      vertex 6.66835 -35.7 9.53266
    endloop
  endfacet
  facet normal 0.941566 0 -0.33683
    outer loop
      vertex 5.4294 -35.7 11.8506
      vertex 5.3732 -32.7 11.6935
      vertex 5.4294 -32.7 11.8506
    endloop
  endfacet
  facet normal 0.941566 0 -0.33683
    outer loop
      vertex 5.3732 -32.7 11.6935
      vertex 5.4294 -35.7 11.8506
      vertex 5.3732 -35.7 11.6935
    endloop
  endfacet
  facet normal -0.97003 0 0.242987
    outer loop
      vertex 8.6268 -35.7 10.7065
      vertex 8.66733 -32.7 10.8683
      vertex 8.6268 -32.7 10.7065
    endloop
  endfacet
  facet normal -0.97003 0 0.242987
    outer loop
      vertex 8.66733 -32.7 10.8683
      vertex 8.6268 -35.7 10.7065
      vertex 8.66733 -35.7 10.8683
    endloop
  endfacet
  facet normal -0.989185 0 0.14667
    outer loop
      vertex 8.66733 -35.7 10.8683
      vertex 8.69181 -32.7 11.0334
      vertex 8.66733 -32.7 10.8683
    endloop
  endfacet
  facet normal -0.989185 0 0.14667
    outer loop
      vertex 8.69181 -32.7 11.0334
      vertex 8.66733 -35.7 10.8683
      vertex 8.69181 -35.7 11.0334
    endloop
  endfacet
  facet normal -0.941546 0 0.336883
    outer loop
      vertex 8.57059 -35.7 10.5494
      vertex 8.6268 -32.7 10.7065
      vertex 8.57059 -32.7 10.5494
    endloop
  endfacet
  facet normal -0.941546 0 0.336883
    outer loop
      vertex 8.6268 -32.7 10.7065
      vertex 8.57059 -35.7 10.5494
      vertex 8.6268 -35.7 10.7065
    endloop
  endfacet
  facet normal -0.803211 0 0.595695
    outer loop
      vertex 8.31412 -35.7 10.1215
      vertex 8.4135 -32.7 10.2555
      vertex 8.31412 -32.7 10.1215
    endloop
  endfacet
  facet normal -0.803211 0 0.595695
    outer loop
      vertex 8.4135 -32.7 10.2555
      vertex 8.31412 -35.7 10.1215
      vertex 8.4135 -35.7 10.2555
    endloop
  endfacet
  facet normal -0.740851 0 0.67167
    outer loop
      vertex 8.20208 -35.7 9.99792
      vertex 8.31412 -32.7 10.1215
      vertex 8.20208 -32.7 9.99792
    endloop
  endfacet
  facet normal -0.740851 0 0.67167
    outer loop
      vertex 8.31412 -32.7 10.1215
      vertex 8.20208 -35.7 9.99792
      vertex 8.31412 -35.7 10.1215
    endloop
  endfacet
  facet normal -0.857731 0 0.514099
    outer loop
      vertex 8.4135 -35.7 10.2555
      vertex 8.49927 -32.7 10.3986
      vertex 8.4135 -32.7 10.2555
    endloop
  endfacet
  facet normal -0.857731 0 0.514099
    outer loop
      vertex 8.49927 -32.7 10.3986
      vertex 8.4135 -35.7 10.2555
      vertex 8.49927 -35.7 10.3986
    endloop
  endfacet
  facet normal -0.243001 0 0.970026
    outer loop
      vertex 7.33165 -32.7 9.53266
      vertex 7.49348 -35.7 9.5732
      vertex 7.49348 -32.7 9.5732
    endloop
  endfacet
  facet normal -0.243001 0 0.970026
    outer loop
      vertex 7.49348 -35.7 9.5732
      vertex 7.33165 -32.7 9.53266
      vertex 7.33165 -35.7 9.53266
    endloop
  endfacet
  facet normal -0.336868 0 0.941552
    outer loop
      vertex 7.49348 -32.7 9.5732
      vertex 7.65056 -35.7 9.6294
      vertex 7.65056 -32.7 9.6294
    endloop
  endfacet
  facet normal -0.336868 0 0.941552
    outer loop
      vertex 7.65056 -35.7 9.6294
      vertex 7.49348 -32.7 9.5732
      vertex 7.49348 -35.7 9.5732
    endloop
  endfacet
  facet normal -0.146681 0 0.989184
    outer loop
      vertex 7.16663 -32.7 9.50819
      vertex 7.33165 -35.7 9.53266
      vertex 7.33165 -32.7 9.53266
    endloop
  endfacet
  facet normal -0.146681 0 0.989184
    outer loop
      vertex 7.33165 -35.7 9.53266
      vertex 7.16663 -32.7 9.50819
      vertex 7.16663 -35.7 9.50819
    endloop
  endfacet
  facet normal -0.595695 0 0.803211
    outer loop
      vertex 7.94447 -32.7 9.7865
      vertex 8.07847 -35.7 9.88588
      vertex 8.07847 -32.7 9.88588
    endloop
  endfacet
  facet normal -0.595695 0 0.803211
    outer loop
      vertex 8.07847 -35.7 9.88588
      vertex 7.94447 -32.7 9.7865
      vertex 7.94447 -35.7 9.7865
    endloop
  endfacet
  facet normal 0.970015 -0 0.243043
    outer loop
      vertex 5.33266 -35.7 10.8683
      vertex 5.3732 -32.7 10.7065
      vertex 5.33266 -32.7 10.8683
    endloop
  endfacet
  facet normal 0.970015 0 0.243043
    outer loop
      vertex 5.3732 -32.7 10.7065
      vertex 5.33266 -35.7 10.8683
      vertex 5.3732 -35.7 10.7065
    endloop
  endfacet
  facet normal 0.803211 -0 0.595695
    outer loop
      vertex 5.5865 -35.7 10.2555
      vertex 5.68588 -32.7 10.1215
      vertex 5.5865 -32.7 10.2555
    endloop
  endfacet
  facet normal 0.803211 0 0.595695
    outer loop
      vertex 5.68588 -32.7 10.1215
      vertex 5.5865 -35.7 10.2555
      vertex 5.68588 -35.7 10.1215
    endloop
  endfacet
  facet normal 0.740851 -0 0.67167
    outer loop
      vertex 5.68588 -35.7 10.1215
      vertex 5.79792 -32.7 9.99792
      vertex 5.68588 -32.7 10.1215
    endloop
  endfacet
  facet normal 0.740851 0 0.67167
    outer loop
      vertex 5.79792 -32.7 9.99792
      vertex 5.68588 -35.7 10.1215
      vertex 5.79792 -35.7 9.99792
    endloop
  endfacet
  facet normal 0.857731 -0 0.514099
    outer loop
      vertex 5.50073 -35.7 10.3986
      vertex 5.5865 -32.7 10.2555
      vertex 5.50073 -32.7 10.3986
    endloop
  endfacet
  facet normal 0.857731 0 0.514099
    outer loop
      vertex 5.5865 -32.7 10.2555
      vertex 5.50073 -35.7 10.3986
      vertex 5.5865 -35.7 10.2555
    endloop
  endfacet
  facet normal 0.941566 -0 0.33683
    outer loop
      vertex 5.3732 -35.7 10.7065
      vertex 5.4294 -32.7 10.5494
      vertex 5.3732 -32.7 10.7065
    endloop
  endfacet
  facet normal 0.941566 0 0.33683
    outer loop
      vertex 5.4294 -32.7 10.5494
      vertex 5.3732 -35.7 10.7065
      vertex 5.4294 -35.7 10.5494
    endloop
  endfacet
  facet normal 0.989194 -0 0.146612
    outer loop
      vertex 5.30819 -35.7 11.0334
      vertex 5.33266 -32.7 10.8683
      vertex 5.30819 -32.7 11.0334
    endloop
  endfacet
  facet normal 0.989194 0 0.146612
    outer loop
      vertex 5.33266 -32.7 10.8683
      vertex 5.30819 -35.7 11.0334
      vertex 5.33266 -35.7 10.8683
    endloop
  endfacet
  facet normal 0.514125 0 0.857715
    outer loop
      vertex 6.05553 -32.7 9.7865
      vertex 6.19862 -35.7 9.70073
      vertex 6.19862 -32.7 9.70073
    endloop
  endfacet
  facet normal 0.514125 0 0.857715
    outer loop
      vertex 6.19862 -35.7 9.70073
      vertex 6.05553 -32.7 9.7865
      vertex 6.05553 -35.7 9.7865
    endloop
  endfacet
  facet normal 0.427543 0 0.903995
    outer loop
      vertex 6.19862 -32.7 9.70073
      vertex 6.34944 -35.7 9.6294
      vertex 6.34944 -32.7 9.6294
    endloop
  endfacet
  facet normal 0.427543 0 0.903995
    outer loop
      vertex 6.34944 -35.7 9.6294
      vertex 6.19862 -32.7 9.70073
      vertex 6.19862 -35.7 9.70073
    endloop
  endfacet
  facet normal 0.595695 0 0.803211
    outer loop
      vertex 5.92153 -32.7 9.88588
      vertex 6.05553 -35.7 9.7865
      vertex 6.05553 -32.7 9.7865
    endloop
  endfacet
  facet normal 0.595695 0 0.803211
    outer loop
      vertex 6.05553 -35.7 9.7865
      vertex 5.92153 -32.7 9.88588
      vertex 5.92153 -35.7 9.88588
    endloop
  endfacet
  facet normal 0.243001 0 0.970026
    outer loop
      vertex 6.50652 -32.7 9.5732
      vertex 6.66835 -35.7 9.53266
      vertex 6.66835 -32.7 9.53266
    endloop
  endfacet
  facet normal 0.243001 0 0.970026
    outer loop
      vertex 6.66835 -35.7 9.53266
      vertex 6.50652 -32.7 9.5732
      vertex 6.50652 -35.7 9.5732
    endloop
  endfacet
  facet normal 0.0490916 0 0.998794
    outer loop
      vertex 6.83337 -32.7 9.50819
      vertex 7 -35.7 9.5
      vertex 7 -32.7 9.5
    endloop
  endfacet
  facet normal 0.0490916 0 0.998794
    outer loop
      vertex 7 -35.7 9.5
      vertex 6.83337 -32.7 9.50819
      vertex 6.83337 -35.7 9.50819
    endloop
  endfacet
  facet normal -0.998794 0 -0.0491004
    outer loop
      vertex 8.7 -35.7 11.2
      vertex 8.69181 -32.7 11.3666
      vertex 8.7 -32.7 11.2
    endloop
  endfacet
  facet normal -0.998794 -0 -0.0491004
    outer loop
      vertex 8.69181 -32.7 11.3666
      vertex 8.7 -35.7 11.2
      vertex 8.69181 -35.7 11.3666
    endloop
  endfacet
  facet normal -0.146857 0 -0.989158
    outer loop
      vertex 7.16663 -35.7 12.8918
      vertex 7.33165 -32.7 12.8673
      vertex 7.33165 -35.7 12.8673
    endloop
  endfacet
  facet normal -0.146857 0 -0.989158
    outer loop
      vertex 7.33165 -32.7 12.8673
      vertex 7.16663 -35.7 12.8918
      vertex 7.16663 -32.7 12.8918
    endloop
  endfacet
  facet normal -0.0491513 0 -0.998791
    outer loop
      vertex 7 -35.7 12.9
      vertex 7.16663 -32.7 12.8918
      vertex 7.16663 -35.7 12.8918
    endloop
  endfacet
  facet normal -0.0491513 0 -0.998791
    outer loop
      vertex 7.16663 -32.7 12.8918
      vertex 7 -35.7 12.9
      vertex 7 -32.7 12.9
    endloop
  endfacet
  facet normal -0.336868 0 -0.941552
    outer loop
      vertex 7.49348 -35.7 12.8268
      vertex 7.65056 -32.7 12.7706
      vertex 7.65056 -35.7 12.7706
    endloop
  endfacet
  facet normal -0.336868 0 -0.941552
    outer loop
      vertex 7.65056 -32.7 12.7706
      vertex 7.49348 -35.7 12.8268
      vertex 7.49348 -32.7 12.8268
    endloop
  endfacet
  facet normal -0.671448 0 -0.741051
    outer loop
      vertex 8.07847 -35.7 12.5141
      vertex 8.20208 -32.7 12.4021
      vertex 8.20208 -35.7 12.4021
    endloop
  endfacet
  facet normal -0.671448 0 -0.741051
    outer loop
      vertex 8.20208 -32.7 12.4021
      vertex 8.07847 -35.7 12.5141
      vertex 8.07847 -32.7 12.5141
    endloop
  endfacet
  facet normal -0.514231 0 -0.857652
    outer loop
      vertex 7.80137 -35.7 12.6993
      vertex 7.94447 -32.7 12.6135
      vertex 7.94447 -35.7 12.6135
    endloop
  endfacet
  facet normal -0.514231 0 -0.857652
    outer loop
      vertex 7.94447 -32.7 12.6135
      vertex 7.80137 -35.7 12.6993
      vertex 7.80137 -32.7 12.6993
    endloop
  endfacet
  facet normal -0.803211 0 -0.595695
    outer loop
      vertex 8.4135 -35.7 12.1445
      vertex 8.31412 -32.7 12.2785
      vertex 8.4135 -32.7 12.1445
    endloop
  endfacet
  facet normal -0.803211 -0 -0.595695
    outer loop
      vertex 8.31412 -32.7 12.2785
      vertex 8.4135 -35.7 12.1445
      vertex 8.31412 -35.7 12.2785
    endloop
  endfacet
  facet normal -0.903996 0 -0.42754
    outer loop
      vertex 8.57059 -35.7 11.8506
      vertex 8.49927 -32.7 12.0014
      vertex 8.57059 -32.7 11.8506
    endloop
  endfacet
  facet normal -0.903996 -0 -0.42754
    outer loop
      vertex 8.49927 -32.7 12.0014
      vertex 8.57059 -35.7 11.8506
      vertex 8.49927 -35.7 12.0014
    endloop
  endfacet
  facet normal 0.671448 0 -0.741051
    outer loop
      vertex 5.79792 -35.7 12.4021
      vertex 5.92153 -32.7 12.5141
      vertex 5.92153 -35.7 12.5141
    endloop
  endfacet
  facet normal 0.671448 0 -0.741051
    outer loop
      vertex 5.92153 -32.7 12.5141
      vertex 5.79792 -35.7 12.4021
      vertex 5.79792 -32.7 12.4021
    endloop
  endfacet
  facet normal 0.514258 0 -0.857636
    outer loop
      vertex 6.05553 -35.7 12.6135
      vertex 6.19862 -32.7 12.6993
      vertex 6.19862 -35.7 12.6993
    endloop
  endfacet
  facet normal 0.514258 0 -0.857636
    outer loop
      vertex 6.19862 -32.7 12.6993
      vertex 6.05553 -35.7 12.6135
      vertex 6.05553 -32.7 12.6135
    endloop
  endfacet
  facet normal 0.336868 0 -0.941552
    outer loop
      vertex 6.34944 -35.7 12.7706
      vertex 6.50652 -32.7 12.8268
      vertex 6.50652 -35.7 12.8268
    endloop
  endfacet
  facet normal 0.336868 0 -0.941552
    outer loop
      vertex 6.50652 -32.7 12.8268
      vertex 6.34944 -35.7 12.7706
      vertex 6.34944 -32.7 12.7706
    endloop
  endfacet
  facet normal 0.146857 0 -0.989158
    outer loop
      vertex 6.66835 -35.7 12.8673
      vertex 6.83337 -32.7 12.8918
      vertex 6.83337 -35.7 12.8918
    endloop
  endfacet
  facet normal 0.146857 0 -0.989158
    outer loop
      vertex 6.83337 -32.7 12.8918
      vertex 6.66835 -35.7 12.8673
      vertex 6.66835 -32.7 12.8673
    endloop
  endfacet
  facet normal 0.803211 0 -0.595695
    outer loop
      vertex 5.68588 -35.7 12.2785
      vertex 5.5865 -32.7 12.1445
      vertex 5.68588 -32.7 12.2785
    endloop
  endfacet
  facet normal 0.803211 0 -0.595695
    outer loop
      vertex 5.5865 -32.7 12.1445
      vertex 5.68588 -35.7 12.2785
      vertex 5.5865 -35.7 12.1445
    endloop
  endfacet
  facet normal 0.903973 0 -0.427589
    outer loop
      vertex 5.50073 -35.7 12.0014
      vertex 5.4294 -32.7 11.8506
      vertex 5.50073 -32.7 12.0014
    endloop
  endfacet
  facet normal 0.903973 0 -0.427589
    outer loop
      vertex 5.4294 -32.7 11.8506
      vertex 5.50073 -35.7 12.0014
      vertex 5.4294 -35.7 11.8506
    endloop
  endfacet
  facet normal 0.857731 0 -0.514099
    outer loop
      vertex 5.5865 -35.7 12.1445
      vertex 5.50073 -32.7 12.0014
      vertex 5.5865 -32.7 12.1445
    endloop
  endfacet
  facet normal 0.857731 0 -0.514099
    outer loop
      vertex 5.50073 -32.7 12.0014
      vertex 5.5865 -35.7 12.1445
      vertex 5.50073 -35.7 12.0014
    endloop
  endfacet
  facet normal 0.998794 0 -0.0491004
    outer loop
      vertex 5.30819 -35.7 11.3666
      vertex 5.3 -32.7 11.2
      vertex 5.30819 -32.7 11.3666
    endloop
  endfacet
  facet normal 0.998794 0 -0.0491004
    outer loop
      vertex 5.3 -32.7 11.2
      vertex 5.30819 -35.7 11.3666
      vertex 5.3 -35.7 11.2
    endloop
  endfacet
  facet normal 0.970015 0 -0.243043
    outer loop
      vertex 5.3732 -35.7 11.6935
      vertex 5.33266 -32.7 11.5317
      vertex 5.3732 -32.7 11.6935
    endloop
  endfacet
  facet normal 0.970015 0 -0.243043
    outer loop
      vertex 5.33266 -32.7 11.5317
      vertex 5.3732 -35.7 11.6935
      vertex 5.33266 -35.7 11.5317
    endloop
  endfacet
  facet normal 0.989194 0 -0.146612
    outer loop
      vertex 5.33266 -35.7 11.5317
      vertex 5.30819 -32.7 11.3666
      vertex 5.33266 -32.7 11.5317
    endloop
  endfacet
  facet normal 0.989194 0 -0.146612
    outer loop
      vertex 5.30819 -32.7 11.3666
      vertex 5.33266 -35.7 11.5317
      vertex 5.30819 -35.7 11.3666
    endloop
  endfacet
  facet normal -0.427419 0 -0.904054
    outer loop
      vertex 7.65056 -35.7 12.7706
      vertex 7.80137 -32.7 12.6993
      vertex 7.80137 -35.7 12.6993
    endloop
  endfacet
  facet normal -0.427419 0 -0.904054
    outer loop
      vertex 7.80137 -32.7 12.6993
      vertex 7.65056 -35.7 12.7706
      vertex 7.65056 -32.7 12.7706
    endloop
  endfacet
  facet normal -0.740905 0 -0.67161
    outer loop
      vertex 8.31412 -35.7 12.2785
      vertex 8.20208 -32.7 12.4021
      vertex 8.31412 -32.7 12.2785
    endloop
  endfacet
  facet normal -0.740905 -0 -0.67161
    outer loop
      vertex 8.20208 -32.7 12.4021
      vertex 8.31412 -35.7 12.2785
      vertex 8.20208 -35.7 12.4021
    endloop
  endfacet
  facet normal -0.595772 0 -0.803154
    outer loop
      vertex 7.94447 -35.7 12.6135
      vertex 8.07847 -32.7 12.5141
      vertex 8.07847 -35.7 12.5141
    endloop
  endfacet
  facet normal -0.595772 0 -0.803154
    outer loop
      vertex 8.07847 -32.7 12.5141
      vertex 7.94447 -35.7 12.6135
      vertex 7.94447 -32.7 12.6135
    endloop
  endfacet
  facet normal -0.857731 0 -0.514099
    outer loop
      vertex 8.49927 -35.7 12.0014
      vertex 8.4135 -32.7 12.1445
      vertex 8.49927 -32.7 12.0014
    endloop
  endfacet
  facet normal -0.857731 -0 -0.514099
    outer loop
      vertex 8.4135 -32.7 12.1445
      vertex 8.49927 -35.7 12.0014
      vertex 8.4135 -35.7 12.1445
    endloop
  endfacet
  facet normal -0.941546 0 -0.336883
    outer loop
      vertex 8.6268 -35.7 11.6935
      vertex 8.57059 -32.7 11.8506
      vertex 8.6268 -32.7 11.6935
    endloop
  endfacet
  facet normal -0.941546 -0 -0.336883
    outer loop
      vertex 8.57059 -32.7 11.8506
      vertex 8.6268 -35.7 11.6935
      vertex 8.57059 -35.7 11.8506
    endloop
  endfacet
  facet normal -0.989185 0 -0.14667
    outer loop
      vertex 8.69181 -35.7 11.3666
      vertex 8.66733 -32.7 11.5317
      vertex 8.69181 -32.7 11.3666
    endloop
  endfacet
  facet normal -0.989185 -0 -0.14667
    outer loop
      vertex 8.66733 -32.7 11.5317
      vertex 8.69181 -35.7 11.3666
      vertex 8.66733 -35.7 11.5317
    endloop
  endfacet
  facet normal -0.97003 0 -0.242987
    outer loop
      vertex 8.66733 -35.7 11.5317
      vertex 8.6268 -32.7 11.6935
      vertex 8.66733 -32.7 11.5317
    endloop
  endfacet
  facet normal -0.97003 -0 -0.242987
    outer loop
      vertex 8.6268 -32.7 11.6935
      vertex 8.66733 -35.7 11.5317
      vertex 8.6268 -35.7 11.6935
    endloop
  endfacet
  facet normal 0.595772 0 -0.803154
    outer loop
      vertex 5.92153 -35.7 12.5141
      vertex 6.05553 -32.7 12.6135
      vertex 6.05553 -35.7 12.6135
    endloop
  endfacet
  facet normal 0.595772 0 -0.803154
    outer loop
      vertex 6.05553 -32.7 12.6135
      vertex 5.92153 -35.7 12.5141
      vertex 5.92153 -32.7 12.5141
    endloop
  endfacet
  facet normal 0.427396 0 -0.904065
    outer loop
      vertex 6.19862 -35.7 12.6993
      vertex 6.34944 -32.7 12.7706
      vertex 6.34944 -35.7 12.7706
    endloop
  endfacet
  facet normal 0.427396 0 -0.904065
    outer loop
      vertex 6.34944 -32.7 12.7706
      vertex 6.19862 -35.7 12.6993
      vertex 6.19862 -32.7 12.6993
    endloop
  endfacet
  facet normal 0.242775 0 -0.970083
    outer loop
      vertex 6.50652 -35.7 12.8268
      vertex 6.66835 -32.7 12.8673
      vertex 6.66835 -35.7 12.8673
    endloop
  endfacet
  facet normal 0.242775 0 -0.970083
    outer loop
      vertex 6.66835 -32.7 12.8673
      vertex 6.50652 -35.7 12.8268
      vertex 6.50652 -32.7 12.8268
    endloop
  endfacet
  facet normal 0.0491513 0 -0.998791
    outer loop
      vertex 6.83337 -35.7 12.8918
      vertex 7 -32.7 12.9
      vertex 7 -35.7 12.9
    endloop
  endfacet
  facet normal 0.0491513 0 -0.998791
    outer loop
      vertex 7 -32.7 12.9
      vertex 6.83337 -35.7 12.8918
      vertex 6.83337 -32.7 12.8918
    endloop
  endfacet
  facet normal 0.740905 0 -0.67161
    outer loop
      vertex 5.79792 -35.7 12.4021
      vertex 5.68588 -32.7 12.2785
      vertex 5.79792 -32.7 12.4021
    endloop
  endfacet
  facet normal 0.740905 0 -0.67161
    outer loop
      vertex 5.68588 -32.7 12.2785
      vertex 5.79792 -35.7 12.4021
      vertex 5.68588 -35.7 12.2785
    endloop
  endfacet
  facet normal -0.242775 0 -0.970083
    outer loop
      vertex 7.33165 -35.7 12.8673
      vertex 7.49348 -32.7 12.8268
      vertex 7.49348 -35.7 12.8268
    endloop
  endfacet
  facet normal -0.242775 0 -0.970083
    outer loop
      vertex 7.49348 -32.7 12.8268
      vertex 7.33165 -35.7 12.8673
      vertex 7.33165 -32.7 12.8673
    endloop
  endfacet
  facet normal -0.595772 0 0.803154
    outer loop
      vertex 27.9445 -32.7 24.7865
      vertex 28.0785 -35.7 24.8859
      vertex 28.0785 -32.7 24.8859
    endloop
  endfacet
  facet normal -0.595772 0 0.803154
    outer loop
      vertex 28.0785 -35.7 24.8859
      vertex 27.9445 -32.7 24.7865
      vertex 27.9445 -35.7 24.7865
    endloop
  endfacet
  facet normal 0.33683 0 0.941566
    outer loop
      vertex 26.3494 -32.7 24.6294
      vertex 26.5065 -35.7 24.5732
      vertex 26.5065 -32.7 24.5732
    endloop
  endfacet
  facet normal 0.33683 0 0.941566
    outer loop
      vertex 26.5065 -35.7 24.5732
      vertex 26.3494 -32.7 24.6294
      vertex 26.3494 -35.7 24.6294
    endloop
  endfacet
  facet normal 0.904043 -0 0.427442
    outer loop
      vertex 25.4294 -35.7 25.5494
      vertex 25.5007 -32.7 25.3986
      vertex 25.4294 -32.7 25.5494
    endloop
  endfacet
  facet normal 0.904043 0 0.427442
    outer loop
      vertex 25.5007 -32.7 25.3986
      vertex 25.4294 -35.7 25.5494
      vertex 25.5007 -35.7 25.3986
    endloop
  endfacet
  facet normal -0.998791 0 -0.0491602
    outer loop
      vertex 28.7 -35.7 26.2
      vertex 28.6918 -32.7 26.3666
      vertex 28.7 -32.7 26.2
    endloop
  endfacet
  facet normal -0.998791 -0 -0.0491602
    outer loop
      vertex 28.6918 -32.7 26.3666
      vertex 28.7 -35.7 26.2
      vertex 28.6918 -35.7 26.3666
    endloop
  endfacet
  facet normal 0.427442 0 -0.904043
    outer loop
      vertex 26.1986 -35.7 27.6993
      vertex 26.3494 -32.7 27.7706
      vertex 26.3494 -35.7 27.7706
    endloop
  endfacet
  facet normal 0.427442 0 -0.904043
    outer loop
      vertex 26.3494 -32.7 27.7706
      vertex 26.1986 -35.7 27.6993
      vertex 26.1986 -32.7 27.6993
    endloop
  endfacet
  facet normal -0.904043 0 0.427442
    outer loop
      vertex 28.4993 -35.7 25.3986
      vertex 28.5706 -32.7 25.5494
      vertex 28.4993 -32.7 25.3986
    endloop
  endfacet
  facet normal -0.904043 0 0.427442
    outer loop
      vertex 28.5706 -32.7 25.5494
      vertex 28.4993 -35.7 25.3986
      vertex 28.5706 -35.7 25.5494
    endloop
  endfacet
  facet normal -0.857652 0 0.514231
    outer loop
      vertex 28.4135 -35.7 25.2555
      vertex 28.4993 -32.7 25.3986
      vertex 28.4135 -32.7 25.2555
    endloop
  endfacet
  facet normal -0.857652 0 0.514231
    outer loop
      vertex 28.4993 -32.7 25.3986
      vertex 28.4135 -35.7 25.2555
      vertex 28.4993 -35.7 25.3986
    endloop
  endfacet
  facet normal -0.427442 0 0.904043
    outer loop
      vertex 27.6506 -32.7 24.6294
      vertex 27.8014 -35.7 24.7007
      vertex 27.8014 -32.7 24.7007
    endloop
  endfacet
  facet normal -0.427442 0 0.904043
    outer loop
      vertex 27.8014 -35.7 24.7007
      vertex 27.6506 -32.7 24.6294
      vertex 27.6506 -35.7 24.6294
    endloop
  endfacet
  facet normal -0.146788 0 0.989168
    outer loop
      vertex 27.1666 -32.7 24.5082
      vertex 27.3317 -35.7 24.5327
      vertex 27.3317 -32.7 24.5327
    endloop
  endfacet
  facet normal -0.146788 0 0.989168
    outer loop
      vertex 27.3317 -35.7 24.5327
      vertex 27.1666 -32.7 24.5082
      vertex 27.1666 -35.7 24.5082
    endloop
  endfacet
  facet normal 0.989168 -0 0.146788
    outer loop
      vertex 25.3082 -35.7 26.0334
      vertex 25.3327 -32.7 25.8683
      vertex 25.3082 -32.7 26.0334
    endloop
  endfacet
  facet normal 0.989168 0 0.146788
    outer loop
      vertex 25.3327 -32.7 25.8683
      vertex 25.3082 -35.7 26.0334
      vertex 25.3327 -35.7 25.8683
    endloop
  endfacet
  facet normal 0.741024 -0 0.671478
    outer loop
      vertex 25.6859 -35.7 25.1215
      vertex 25.7979 -32.7 24.9979
      vertex 25.6859 -32.7 25.1215
    endloop
  endfacet
  facet normal 0.741024 0 0.671478
    outer loop
      vertex 25.7979 -32.7 24.9979
      vertex 25.6859 -35.7 25.1215
      vertex 25.7979 -35.7 24.9979
    endloop
  endfacet
  facet normal 0.146788 0 0.989168
    outer loop
      vertex 26.6683 -32.7 24.5327
      vertex 26.8334 -35.7 24.5082
      vertex 26.8334 -32.7 24.5082
    endloop
  endfacet
  facet normal 0.146788 0 0.989168
    outer loop
      vertex 26.8334 -35.7 24.5082
      vertex 26.6683 -32.7 24.5327
      vertex 26.6683 -35.7 24.5327
    endloop
  endfacet
  facet normal -0.803154 0 -0.595772
    outer loop
      vertex 28.4135 -35.7 27.1445
      vertex 28.3141 -32.7 27.2785
      vertex 28.4135 -32.7 27.1445
    endloop
  endfacet
  facet normal -0.803154 -0 -0.595772
    outer loop
      vertex 28.3141 -32.7 27.2785
      vertex 28.4135 -35.7 27.1445
      vertex 28.3141 -35.7 27.2785
    endloop
  endfacet
  facet normal -0.941566 0 -0.33683
    outer loop
      vertex 28.6268 -35.7 26.6935
      vertex 28.5706 -32.7 26.8506
      vertex 28.6268 -32.7 26.6935
    endloop
  endfacet
  facet normal -0.941566 -0 -0.33683
    outer loop
      vertex 28.5706 -32.7 26.8506
      vertex 28.6268 -35.7 26.6935
      vertex 28.5706 -35.7 26.8506
    endloop
  endfacet
  facet normal 0.146788 0 -0.989168
    outer loop
      vertex 26.6683 -35.7 27.8673
      vertex 26.8334 -32.7 27.8918
      vertex 26.8334 -35.7 27.8918
    endloop
  endfacet
  facet normal 0.146788 0 -0.989168
    outer loop
      vertex 26.8334 -32.7 27.8918
      vertex 26.6683 -35.7 27.8673
      vertex 26.6683 -32.7 27.8673
    endloop
  endfacet
  facet normal 0.671478 0 -0.741024
    outer loop
      vertex 25.7979 -35.7 27.4021
      vertex 25.9215 -32.7 27.5141
      vertex 25.9215 -35.7 27.5141
    endloop
  endfacet
  facet normal 0.671478 0 -0.741024
    outer loop
      vertex 25.9215 -32.7 27.5141
      vertex 25.7979 -35.7 27.4021
      vertex 25.7979 -32.7 27.4021
    endloop
  endfacet
  facet normal -0.989168 0 0.146788
    outer loop
      vertex 28.6673 -35.7 25.8683
      vertex 28.6918 -32.7 26.0334
      vertex 28.6673 -32.7 25.8683
    endloop
  endfacet
  facet normal -0.989168 0 0.146788
    outer loop
      vertex 28.6918 -32.7 26.0334
      vertex 28.6673 -35.7 25.8683
      vertex 28.6918 -35.7 26.0334
    endloop
  endfacet
  facet normal -0.970072 0 0.242818
    outer loop
      vertex 28.6268 -35.7 25.7065
      vertex 28.6673 -32.7 25.8683
      vertex 28.6268 -32.7 25.7065
    endloop
  endfacet
  facet normal -0.970072 0 0.242818
    outer loop
      vertex 28.6673 -32.7 25.8683
      vertex 28.6268 -35.7 25.7065
      vertex 28.6673 -35.7 25.8683
    endloop
  endfacet
  facet normal -0.941566 0 0.33683
    outer loop
      vertex 28.5706 -35.7 25.5494
      vertex 28.6268 -32.7 25.7065
      vertex 28.5706 -32.7 25.5494
    endloop
  endfacet
  facet normal -0.941566 0 0.33683
    outer loop
      vertex 28.6268 -32.7 25.7065
      vertex 28.5706 -35.7 25.5494
      vertex 28.6268 -35.7 25.7065
    endloop
  endfacet
  facet normal -0.741024 0 0.671478
    outer loop
      vertex 28.2021 -35.7 24.9979
      vertex 28.3141 -32.7 25.1215
      vertex 28.2021 -32.7 24.9979
    endloop
  endfacet
  facet normal -0.741024 0 0.671478
    outer loop
      vertex 28.3141 -32.7 25.1215
      vertex 28.2021 -35.7 24.9979
      vertex 28.3141 -35.7 25.1215
    endloop
  endfacet
  facet normal -0.803154 0 0.595772
    outer loop
      vertex 28.3141 -35.7 25.1215
      vertex 28.4135 -32.7 25.2555
      vertex 28.3141 -32.7 25.1215
    endloop
  endfacet
  facet normal -0.803154 0 0.595772
    outer loop
      vertex 28.4135 -32.7 25.2555
      vertex 28.3141 -35.7 25.1215
      vertex 28.4135 -35.7 25.2555
    endloop
  endfacet
  facet normal -0.671478 0 0.741024
    outer loop
      vertex 28.0785 -32.7 24.8859
      vertex 28.2021 -35.7 24.9979
      vertex 28.2021 -32.7 24.9979
    endloop
  endfacet
  facet normal -0.671478 0 0.741024
    outer loop
      vertex 28.2021 -35.7 24.9979
      vertex 28.0785 -32.7 24.8859
      vertex 28.0785 -35.7 24.8859
    endloop
  endfacet
  facet normal -0.514231 0 0.857652
    outer loop
      vertex 27.8014 -32.7 24.7007
      vertex 27.9445 -35.7 24.7865
      vertex 27.9445 -32.7 24.7865
    endloop
  endfacet
  facet normal -0.514231 0 0.857652
    outer loop
      vertex 27.9445 -35.7 24.7865
      vertex 27.8014 -32.7 24.7007
      vertex 27.8014 -35.7 24.7007
    endloop
  endfacet
  facet normal -0.0491602 0 0.998791
    outer loop
      vertex 27 -32.7 24.5
      vertex 27.1666 -35.7 24.5082
      vertex 27.1666 -32.7 24.5082
    endloop
  endfacet
  facet normal -0.0491602 0 0.998791
    outer loop
      vertex 27.1666 -35.7 24.5082
      vertex 27 -32.7 24.5
      vertex 27 -35.7 24.5
    endloop
  endfacet
  facet normal -0.33683 0 0.941566
    outer loop
      vertex 27.4935 -32.7 24.5732
      vertex 27.6506 -35.7 24.6294
      vertex 27.6506 -32.7 24.6294
    endloop
  endfacet
  facet normal -0.33683 0 0.941566
    outer loop
      vertex 27.6506 -35.7 24.6294
      vertex 27.4935 -32.7 24.5732
      vertex 27.4935 -35.7 24.5732
    endloop
  endfacet
  facet normal -0.242818 0 0.970072
    outer loop
      vertex 27.3317 -32.7 24.5327
      vertex 27.4935 -35.7 24.5732
      vertex 27.4935 -32.7 24.5732
    endloop
  endfacet
  facet normal -0.242818 0 0.970072
    outer loop
      vertex 27.4935 -35.7 24.5732
      vertex 27.3317 -32.7 24.5327
      vertex 27.3317 -35.7 24.5327
    endloop
  endfacet
  facet normal 0.998791 -0 0.0491602
    outer loop
      vertex 25.3 -35.7 26.2
      vertex 25.3082 -32.7 26.0334
      vertex 25.3 -32.7 26.2
    endloop
  endfacet
  facet normal 0.998791 0 0.0491602
    outer loop
      vertex 25.3082 -32.7 26.0334
      vertex 25.3 -35.7 26.2
      vertex 25.3082 -35.7 26.0334
    endloop
  endfacet
  facet normal 0.941566 -0 0.33683
    outer loop
      vertex 25.3732 -35.7 25.7065
      vertex 25.4294 -32.7 25.5494
      vertex 25.3732 -32.7 25.7065
    endloop
  endfacet
  facet normal 0.941566 0 0.33683
    outer loop
      vertex 25.4294 -32.7 25.5494
      vertex 25.3732 -35.7 25.7065
      vertex 25.4294 -35.7 25.5494
    endloop
  endfacet
  facet normal 0.970072 -0 0.242818
    outer loop
      vertex 25.3327 -35.7 25.8683
      vertex 25.3732 -32.7 25.7065
      vertex 25.3327 -32.7 25.8683
    endloop
  endfacet
  facet normal 0.970072 0 0.242818
    outer loop
      vertex 25.3732 -32.7 25.7065
      vertex 25.3327 -35.7 25.8683
      vertex 25.3732 -35.7 25.7065
    endloop
  endfacet
  facet normal 0.857652 -0 0.514231
    outer loop
      vertex 25.5007 -35.7 25.3986
      vertex 25.5865 -32.7 25.2555
      vertex 25.5007 -32.7 25.3986
    endloop
  endfacet
  facet normal 0.857652 0 0.514231
    outer loop
      vertex 25.5865 -32.7 25.2555
      vertex 25.5007 -35.7 25.3986
      vertex 25.5865 -35.7 25.2555
    endloop
  endfacet
  facet normal 0.803154 -0 0.595772
    outer loop
      vertex 25.5865 -35.7 25.2555
      vertex 25.6859 -32.7 25.1215
      vertex 25.5865 -32.7 25.2555
    endloop
  endfacet
  facet normal 0.803154 0 0.595772
    outer loop
      vertex 25.6859 -32.7 25.1215
      vertex 25.5865 -35.7 25.2555
      vertex 25.6859 -35.7 25.1215
    endloop
  endfacet
  facet normal 0.242818 0 0.970072
    outer loop
      vertex 26.5065 -32.7 24.5732
      vertex 26.6683 -35.7 24.5327
      vertex 26.6683 -32.7 24.5327
    endloop
  endfacet
  facet normal 0.242818 0 0.970072
    outer loop
      vertex 26.6683 -35.7 24.5327
      vertex 26.5065 -32.7 24.5732
      vertex 26.5065 -35.7 24.5732
    endloop
  endfacet
  facet normal 0.0491602 0 0.998791
    outer loop
      vertex 26.8334 -32.7 24.5082
      vertex 27 -35.7 24.5
      vertex 27 -32.7 24.5
    endloop
  endfacet
  facet normal 0.0491602 0 0.998791
    outer loop
      vertex 27 -35.7 24.5
      vertex 26.8334 -32.7 24.5082
      vertex 26.8334 -35.7 24.5082
    endloop
  endfacet
  facet normal 0.514231 0 0.857652
    outer loop
      vertex 26.0555 -32.7 24.7865
      vertex 26.1986 -35.7 24.7007
      vertex 26.1986 -32.7 24.7007
    endloop
  endfacet
  facet normal 0.514231 0 0.857652
    outer loop
      vertex 26.1986 -35.7 24.7007
      vertex 26.0555 -32.7 24.7865
      vertex 26.0555 -35.7 24.7865
    endloop
  endfacet
  facet normal 0.595772 0 0.803154
    outer loop
      vertex 25.9215 -32.7 24.8859
      vertex 26.0555 -35.7 24.7865
      vertex 26.0555 -32.7 24.7865
    endloop
  endfacet
  facet normal 0.595772 0 0.803154
    outer loop
      vertex 26.0555 -35.7 24.7865
      vertex 25.9215 -32.7 24.8859
      vertex 25.9215 -35.7 24.8859
    endloop
  endfacet
  facet normal 0.427442 0 0.904043
    outer loop
      vertex 26.1986 -32.7 24.7007
      vertex 26.3494 -35.7 24.6294
      vertex 26.3494 -32.7 24.6294
    endloop
  endfacet
  facet normal 0.427442 0 0.904043
    outer loop
      vertex 26.3494 -35.7 24.6294
      vertex 26.1986 -32.7 24.7007
      vertex 26.1986 -35.7 24.7007
    endloop
  endfacet
  facet normal 0.671478 0 0.741024
    outer loop
      vertex 25.7979 -32.7 24.9979
      vertex 25.9215 -35.7 24.8859
      vertex 25.9215 -32.7 24.8859
    endloop
  endfacet
  facet normal 0.671478 0 0.741024
    outer loop
      vertex 25.9215 -35.7 24.8859
      vertex 25.7979 -32.7 24.9979
      vertex 25.7979 -35.7 24.9979
    endloop
  endfacet
  facet normal -0.998791 0 0.0491602
    outer loop
      vertex 28.6918 -35.7 26.0334
      vertex 28.7 -32.7 26.2
      vertex 28.6918 -32.7 26.0334
    endloop
  endfacet
  facet normal -0.998791 0 0.0491602
    outer loop
      vertex 28.7 -32.7 26.2
      vertex 28.6918 -35.7 26.0334
      vertex 28.7 -35.7 26.2
    endloop
  endfacet
  facet normal -0.0491602 0 -0.998791
    outer loop
      vertex 27 -35.7 27.9
      vertex 27.1666 -32.7 27.8918
      vertex 27.1666 -35.7 27.8918
    endloop
  endfacet
  facet normal -0.0491602 0 -0.998791
    outer loop
      vertex 27.1666 -32.7 27.8918
      vertex 27 -35.7 27.9
      vertex 27 -32.7 27.9
    endloop
  endfacet
  facet normal -0.970072 0 -0.242818
    outer loop
      vertex 28.6673 -35.7 26.5317
      vertex 28.6268 -32.7 26.6935
      vertex 28.6673 -32.7 26.5317
    endloop
  endfacet
  facet normal -0.970072 -0 -0.242818
    outer loop
      vertex 28.6268 -32.7 26.6935
      vertex 28.6673 -35.7 26.5317
      vertex 28.6268 -35.7 26.6935
    endloop
  endfacet
  facet normal -0.33683 0 -0.941566
    outer loop
      vertex 27.4935 -35.7 27.8268
      vertex 27.6506 -32.7 27.7706
      vertex 27.6506 -35.7 27.7706
    endloop
  endfacet
  facet normal -0.33683 0 -0.941566
    outer loop
      vertex 27.6506 -32.7 27.7706
      vertex 27.4935 -35.7 27.8268
      vertex 27.4935 -32.7 27.8268
    endloop
  endfacet
  facet normal -0.741024 0 -0.671478
    outer loop
      vertex 28.3141 -35.7 27.2785
      vertex 28.2021 -32.7 27.4021
      vertex 28.3141 -32.7 27.2785
    endloop
  endfacet
  facet normal -0.741024 -0 -0.671478
    outer loop
      vertex 28.2021 -32.7 27.4021
      vertex 28.3141 -35.7 27.2785
      vertex 28.2021 -35.7 27.4021
    endloop
  endfacet
  facet normal -0.671478 0 -0.741024
    outer loop
      vertex 28.0785 -35.7 27.5141
      vertex 28.2021 -32.7 27.4021
      vertex 28.2021 -35.7 27.4021
    endloop
  endfacet
  facet normal -0.671478 0 -0.741024
    outer loop
      vertex 28.2021 -32.7 27.4021
      vertex 28.0785 -35.7 27.5141
      vertex 28.0785 -32.7 27.5141
    endloop
  endfacet
  facet normal -0.514231 0 -0.857652
    outer loop
      vertex 27.8014 -35.7 27.6993
      vertex 27.9445 -32.7 27.6135
      vertex 27.9445 -35.7 27.6135
    endloop
  endfacet
  facet normal -0.514231 0 -0.857652
    outer loop
      vertex 27.9445 -32.7 27.6135
      vertex 27.8014 -35.7 27.6993
      vertex 27.8014 -32.7 27.6993
    endloop
  endfacet
  facet normal 0.0491602 0 -0.998791
    outer loop
      vertex 26.8334 -35.7 27.8918
      vertex 27 -32.7 27.9
      vertex 27 -35.7 27.9
    endloop
  endfacet
  facet normal 0.0491602 0 -0.998791
    outer loop
      vertex 27 -32.7 27.9
      vertex 26.8334 -35.7 27.8918
      vertex 26.8334 -32.7 27.8918
    endloop
  endfacet
  facet normal 0.33683 0 -0.941566
    outer loop
      vertex 26.3494 -35.7 27.7706
      vertex 26.5065 -32.7 27.8268
      vertex 26.5065 -35.7 27.8268
    endloop
  endfacet
  facet normal 0.33683 0 -0.941566
    outer loop
      vertex 26.5065 -32.7 27.8268
      vertex 26.3494 -35.7 27.7706
      vertex 26.3494 -32.7 27.7706
    endloop
  endfacet
  facet normal 0.514231 0 -0.857652
    outer loop
      vertex 26.0555 -35.7 27.6135
      vertex 26.1986 -32.7 27.6993
      vertex 26.1986 -35.7 27.6993
    endloop
  endfacet
  facet normal 0.514231 0 -0.857652
    outer loop
      vertex 26.1986 -32.7 27.6993
      vertex 26.0555 -35.7 27.6135
      vertex 26.0555 -32.7 27.6135
    endloop
  endfacet
  facet normal 0.970072 0 -0.242818
    outer loop
      vertex 25.3732 -35.7 26.6935
      vertex 25.3327 -32.7 26.5317
      vertex 25.3732 -32.7 26.6935
    endloop
  endfacet
  facet normal 0.970072 0 -0.242818
    outer loop
      vertex 25.3327 -32.7 26.5317
      vertex 25.3732 -35.7 26.6935
      vertex 25.3327 -35.7 26.5317
    endloop
  endfacet
  facet normal 0.998791 0 -0.0491602
    outer loop
      vertex 25.3082 -35.7 26.3666
      vertex 25.3 -32.7 26.2
      vertex 25.3082 -32.7 26.3666
    endloop
  endfacet
  facet normal 0.998791 0 -0.0491602
    outer loop
      vertex 25.3 -32.7 26.2
      vertex 25.3082 -35.7 26.3666
      vertex 25.3 -35.7 26.2
    endloop
  endfacet
  facet normal 0.803154 0 -0.595772
    outer loop
      vertex 25.6859 -35.7 27.2785
      vertex 25.5865 -32.7 27.1445
      vertex 25.6859 -32.7 27.2785
    endloop
  endfacet
  facet normal 0.803154 0 -0.595772
    outer loop
      vertex 25.5865 -32.7 27.1445
      vertex 25.6859 -35.7 27.2785
      vertex 25.5865 -35.7 27.1445
    endloop
  endfacet
  facet normal 0.904043 0 -0.427442
    outer loop
      vertex 25.5007 -35.7 27.0014
      vertex 25.4294 -32.7 26.8506
      vertex 25.5007 -32.7 27.0014
    endloop
  endfacet
  facet normal 0.904043 0 -0.427442
    outer loop
      vertex 25.4294 -32.7 26.8506
      vertex 25.5007 -35.7 27.0014
      vertex 25.4294 -35.7 26.8506
    endloop
  endfacet
  facet normal -0.989168 0 -0.146788
    outer loop
      vertex 28.6918 -35.7 26.3666
      vertex 28.6673 -32.7 26.5317
      vertex 28.6918 -32.7 26.3666
    endloop
  endfacet
  facet normal -0.989168 -0 -0.146788
    outer loop
      vertex 28.6673 -32.7 26.5317
      vertex 28.6918 -35.7 26.3666
      vertex 28.6673 -35.7 26.5317
    endloop
  endfacet
  facet normal -0.857652 0 -0.514231
    outer loop
      vertex 28.4993 -35.7 27.0014
      vertex 28.4135 -32.7 27.1445
      vertex 28.4993 -32.7 27.0014
    endloop
  endfacet
  facet normal -0.857652 -0 -0.514231
    outer loop
      vertex 28.4135 -32.7 27.1445
      vertex 28.4993 -35.7 27.0014
      vertex 28.4135 -35.7 27.1445
    endloop
  endfacet
  facet normal -0.146788 0 -0.989168
    outer loop
      vertex 27.1666 -35.7 27.8918
      vertex 27.3317 -32.7 27.8673
      vertex 27.3317 -35.7 27.8673
    endloop
  endfacet
  facet normal -0.146788 0 -0.989168
    outer loop
      vertex 27.3317 -32.7 27.8673
      vertex 27.1666 -35.7 27.8918
      vertex 27.1666 -32.7 27.8918
    endloop
  endfacet
  facet normal -0.427442 0 -0.904043
    outer loop
      vertex 27.6506 -35.7 27.7706
      vertex 27.8014 -32.7 27.6993
      vertex 27.8014 -35.7 27.6993
    endloop
  endfacet
  facet normal -0.427442 0 -0.904043
    outer loop
      vertex 27.8014 -32.7 27.6993
      vertex 27.6506 -35.7 27.7706
      vertex 27.6506 -32.7 27.7706
    endloop
  endfacet
  facet normal -0.595772 0 -0.803154
    outer loop
      vertex 27.9445 -35.7 27.6135
      vertex 28.0785 -32.7 27.5141
      vertex 28.0785 -35.7 27.5141
    endloop
  endfacet
  facet normal -0.595772 0 -0.803154
    outer loop
      vertex 28.0785 -32.7 27.5141
      vertex 27.9445 -35.7 27.6135
      vertex 27.9445 -32.7 27.6135
    endloop
  endfacet
  facet normal 0.242818 0 -0.970072
    outer loop
      vertex 26.5065 -35.7 27.8268
      vertex 26.6683 -32.7 27.8673
      vertex 26.6683 -35.7 27.8673
    endloop
  endfacet
  facet normal 0.242818 0 -0.970072
    outer loop
      vertex 26.6683 -32.7 27.8673
      vertex 26.5065 -35.7 27.8268
      vertex 26.5065 -32.7 27.8268
    endloop
  endfacet
  facet normal 0.595772 0 -0.803154
    outer loop
      vertex 25.9215 -35.7 27.5141
      vertex 26.0555 -32.7 27.6135
      vertex 26.0555 -35.7 27.6135
    endloop
  endfacet
  facet normal 0.595772 0 -0.803154
    outer loop
      vertex 26.0555 -32.7 27.6135
      vertex 25.9215 -35.7 27.5141
      vertex 25.9215 -32.7 27.5141
    endloop
  endfacet
  facet normal 0.941566 0 -0.33683
    outer loop
      vertex 25.4294 -35.7 26.8506
      vertex 25.3732 -32.7 26.6935
      vertex 25.4294 -32.7 26.8506
    endloop
  endfacet
  facet normal 0.941566 0 -0.33683
    outer loop
      vertex 25.3732 -32.7 26.6935
      vertex 25.4294 -35.7 26.8506
      vertex 25.3732 -35.7 26.6935
    endloop
  endfacet
  facet normal 0.989168 0 -0.146788
    outer loop
      vertex 25.3327 -35.7 26.5317
      vertex 25.3082 -32.7 26.3666
      vertex 25.3327 -32.7 26.5317
    endloop
  endfacet
  facet normal 0.989168 0 -0.146788
    outer loop
      vertex 25.3082 -32.7 26.3666
      vertex 25.3327 -35.7 26.5317
      vertex 25.3082 -35.7 26.3666
    endloop
  endfacet
  facet normal 0.857652 0 -0.514231
    outer loop
      vertex 25.5865 -35.7 27.1445
      vertex 25.5007 -32.7 27.0014
      vertex 25.5865 -32.7 27.1445
    endloop
  endfacet
  facet normal 0.857652 0 -0.514231
    outer loop
      vertex 25.5007 -32.7 27.0014
      vertex 25.5865 -35.7 27.1445
      vertex 25.5007 -35.7 27.0014
    endloop
  endfacet
  facet normal 0.741024 0 -0.671478
    outer loop
      vertex 25.7979 -35.7 27.4021
      vertex 25.6859 -32.7 27.2785
      vertex 25.7979 -32.7 27.4021
    endloop
  endfacet
  facet normal 0.741024 0 -0.671478
    outer loop
      vertex 25.6859 -32.7 27.2785
      vertex 25.7979 -35.7 27.4021
      vertex 25.6859 -35.7 27.2785
    endloop
  endfacet
  facet normal -0.904043 0 -0.427442
    outer loop
      vertex 28.5706 -35.7 26.8506
      vertex 28.4993 -32.7 27.0014
      vertex 28.5706 -32.7 26.8506
    endloop
  endfacet
  facet normal -0.904043 -0 -0.427442
    outer loop
      vertex 28.4993 -32.7 27.0014
      vertex 28.5706 -35.7 26.8506
      vertex 28.4993 -35.7 27.0014
    endloop
  endfacet
  facet normal -0.242818 0 -0.970072
    outer loop
      vertex 27.3317 -35.7 27.8673
      vertex 27.4935 -32.7 27.8268
      vertex 27.4935 -35.7 27.8268
    endloop
  endfacet
  facet normal -0.242818 0 -0.970072
    outer loop
      vertex 27.4935 -32.7 27.8268
      vertex 27.3317 -35.7 27.8673
      vertex 27.3317 -32.7 27.8673
    endloop
  endfacet
  facet normal -0.998791 0 0.0491602
    outer loop
      vertex -25.3082 -35.7 15.2334
      vertex -25.3 -32.7 15.4
      vertex -25.3082 -32.7 15.2334
    endloop
  endfacet
  facet normal -0.998791 0 0.0491602
    outer loop
      vertex -25.3 -32.7 15.4
      vertex -25.3082 -35.7 15.2334
      vertex -25.3 -35.7 15.4
    endloop
  endfacet
  facet normal 0.998791 -0 0.0491602
    outer loop
      vertex -28.7 -35.7 15.4
      vertex -28.6918 -32.7 15.2334
      vertex -28.7 -32.7 15.4
    endloop
  endfacet
  facet normal 0.998791 0 0.0491602
    outer loop
      vertex -28.6918 -32.7 15.2334
      vertex -28.7 -35.7 15.4
      vertex -28.6918 -35.7 15.2334
    endloop
  endfacet
  facet normal 0.0491602 0 0.998791
    outer loop
      vertex -27.1666 -32.7 13.7082
      vertex -27 -35.7 13.7
      vertex -27 -32.7 13.7
    endloop
  endfacet
  facet normal 0.0491602 0 0.998791
    outer loop
      vertex -27 -35.7 13.7
      vertex -27.1666 -32.7 13.7082
      vertex -27.1666 -35.7 13.7082
    endloop
  endfacet
  facet normal -0.671478 0 0.741024
    outer loop
      vertex -25.9215 -32.7 14.0859
      vertex -25.7979 -35.7 14.1979
      vertex -25.7979 -32.7 14.1979
    endloop
  endfacet
  facet normal -0.671478 0 0.741024
    outer loop
      vertex -25.7979 -35.7 14.1979
      vertex -25.9215 -32.7 14.0859
      vertex -25.9215 -35.7 14.0859
    endloop
  endfacet
  facet normal 0.741024 -0 0.671478
    outer loop
      vertex -28.3141 -35.7 14.3215
      vertex -28.2021 -32.7 14.1979
      vertex -28.3141 -32.7 14.3215
    endloop
  endfacet
  facet normal 0.741024 0 0.671478
    outer loop
      vertex -28.2021 -32.7 14.1979
      vertex -28.3141 -35.7 14.3215
      vertex -28.2021 -35.7 14.1979
    endloop
  endfacet
  facet normal 0.427442 0 0.904043
    outer loop
      vertex -27.8014 -32.7 13.9007
      vertex -27.6506 -35.7 13.8294
      vertex -27.6506 -32.7 13.8294
    endloop
  endfacet
  facet normal 0.427442 0 0.904043
    outer loop
      vertex -27.6506 -35.7 13.8294
      vertex -27.8014 -32.7 13.9007
      vertex -27.8014 -35.7 13.9007
    endloop
  endfacet
  facet normal -0.904043 0 0.427442
    outer loop
      vertex -25.5007 -35.7 14.5986
      vertex -25.4294 -32.7 14.7494
      vertex -25.5007 -32.7 14.5986
    endloop
  endfacet
  facet normal -0.904043 0 0.427442
    outer loop
      vertex -25.4294 -32.7 14.7494
      vertex -25.5007 -35.7 14.5986
      vertex -25.4294 -35.7 14.7494
    endloop
  endfacet
  facet normal -0.33683 0 0.941566
    outer loop
      vertex -26.5065 -32.7 13.7732
      vertex -26.3494 -35.7 13.8294
      vertex -26.3494 -32.7 13.8294
    endloop
  endfacet
  facet normal -0.33683 0 0.941566
    outer loop
      vertex -26.3494 -35.7 13.8294
      vertex -26.5065 -32.7 13.7732
      vertex -26.5065 -35.7 13.7732
    endloop
  endfacet
  facet normal 0.857652 -0 0.514231
    outer loop
      vertex -28.4993 -35.7 14.5986
      vertex -28.4135 -32.7 14.4555
      vertex -28.4993 -32.7 14.5986
    endloop
  endfacet
  facet normal 0.857652 0 0.514231
    outer loop
      vertex -28.4135 -32.7 14.4555
      vertex -28.4993 -35.7 14.5986
      vertex -28.4135 -35.7 14.4555
    endloop
  endfacet
  facet normal 0.803154 -0 0.595772
    outer loop
      vertex -28.4135 -35.7 14.4555
      vertex -28.3141 -32.7 14.3215
      vertex -28.4135 -32.7 14.4555
    endloop
  endfacet
  facet normal 0.803154 0 0.595772
    outer loop
      vertex -28.3141 -32.7 14.3215
      vertex -28.4135 -35.7 14.4555
      vertex -28.3141 -35.7 14.3215
    endloop
  endfacet
  facet normal 0.242818 0 0.970072
    outer loop
      vertex -27.4935 -32.7 13.7732
      vertex -27.3317 -35.7 13.7327
      vertex -27.3317 -32.7 13.7327
    endloop
  endfacet
  facet normal 0.242818 0 0.970072
    outer loop
      vertex -27.3317 -35.7 13.7327
      vertex -27.4935 -32.7 13.7732
      vertex -27.4935 -35.7 13.7732
    endloop
  endfacet
  facet normal -0.904043 0 -0.427442
    outer loop
      vertex -25.4294 -35.7 16.0506
      vertex -25.5007 -32.7 16.2014
      vertex -25.4294 -32.7 16.0506
    endloop
  endfacet
  facet normal -0.904043 -0 -0.427442
    outer loop
      vertex -25.5007 -32.7 16.2014
      vertex -25.4294 -35.7 16.0506
      vertex -25.5007 -35.7 16.2014
    endloop
  endfacet
  facet normal -0.33683 0 -0.941566
    outer loop
      vertex -26.5065 -35.7 17.0268
      vertex -26.3494 -32.7 16.9706
      vertex -26.3494 -35.7 16.9706
    endloop
  endfacet
  facet normal -0.33683 0 -0.941566
    outer loop
      vertex -26.3494 -32.7 16.9706
      vertex -26.5065 -35.7 17.0268
      vertex -26.5065 -32.7 17.0268
    endloop
  endfacet
  facet normal -0.741024 0 -0.671478
    outer loop
      vertex -25.6859 -35.7 16.4785
      vertex -25.7979 -32.7 16.6021
      vertex -25.6859 -32.7 16.4785
    endloop
  endfacet
  facet normal -0.741024 -0 -0.671478
    outer loop
      vertex -25.7979 -32.7 16.6021
      vertex -25.6859 -35.7 16.4785
      vertex -25.7979 -35.7 16.6021
    endloop
  endfacet
  facet normal -0.970072 0 -0.242818
    outer loop
      vertex -25.3327 -35.7 15.7317
      vertex -25.3732 -32.7 15.8935
      vertex -25.3327 -32.7 15.7317
    endloop
  endfacet
  facet normal -0.970072 -0 -0.242818
    outer loop
      vertex -25.3732 -32.7 15.8935
      vertex -25.3327 -35.7 15.7317
      vertex -25.3732 -35.7 15.8935
    endloop
  endfacet
  facet normal 0.33683 0 -0.941566
    outer loop
      vertex -27.6506 -35.7 16.9706
      vertex -27.4935 -32.7 17.0268
      vertex -27.4935 -35.7 17.0268
    endloop
  endfacet
  facet normal 0.33683 0 -0.941566
    outer loop
      vertex -27.4935 -32.7 17.0268
      vertex -27.6506 -35.7 16.9706
      vertex -27.6506 -32.7 16.9706
    endloop
  endfacet
  facet normal 0.803154 0 -0.595772
    outer loop
      vertex -28.3141 -35.7 16.4785
      vertex -28.4135 -32.7 16.3445
      vertex -28.3141 -32.7 16.4785
    endloop
  endfacet
  facet normal 0.803154 0 -0.595772
    outer loop
      vertex -28.4135 -32.7 16.3445
      vertex -28.3141 -35.7 16.4785
      vertex -28.4135 -35.7 16.3445
    endloop
  endfacet
  facet normal 0.941566 0 -0.33683
    outer loop
      vertex -28.5706 -35.7 16.0506
      vertex -28.6268 -32.7 15.8935
      vertex -28.5706 -32.7 16.0506
    endloop
  endfacet
  facet normal 0.941566 0 -0.33683
    outer loop
      vertex -28.6268 -32.7 15.8935
      vertex -28.5706 -35.7 16.0506
      vertex -28.6268 -35.7 15.8935
    endloop
  endfacet
  facet normal -0.970072 0 0.242818
    outer loop
      vertex -25.3732 -35.7 14.9065
      vertex -25.3327 -32.7 15.0683
      vertex -25.3732 -32.7 14.9065
    endloop
  endfacet
  facet normal -0.970072 0 0.242818
    outer loop
      vertex -25.3327 -32.7 15.0683
      vertex -25.3732 -35.7 14.9065
      vertex -25.3327 -35.7 15.0683
    endloop
  endfacet
  facet normal -0.989168 0 0.146788
    outer loop
      vertex -25.3327 -35.7 15.0683
      vertex -25.3082 -32.7 15.2334
      vertex -25.3327 -32.7 15.0683
    endloop
  endfacet
  facet normal -0.989168 0 0.146788
    outer loop
      vertex -25.3082 -32.7 15.2334
      vertex -25.3327 -35.7 15.0683
      vertex -25.3082 -35.7 15.2334
    endloop
  endfacet
  facet normal -0.941566 0 0.33683
    outer loop
      vertex -25.4294 -35.7 14.7494
      vertex -25.3732 -32.7 14.9065
      vertex -25.4294 -32.7 14.7494
    endloop
  endfacet
  facet normal -0.941566 0 0.33683
    outer loop
      vertex -25.3732 -32.7 14.9065
      vertex -25.4294 -35.7 14.7494
      vertex -25.3732 -35.7 14.9065
    endloop
  endfacet
  facet normal -0.803154 0 0.595772
    outer loop
      vertex -25.6859 -35.7 14.3215
      vertex -25.5865 -32.7 14.4555
      vertex -25.6859 -32.7 14.3215
    endloop
  endfacet
  facet normal -0.803154 0 0.595772
    outer loop
      vertex -25.5865 -32.7 14.4555
      vertex -25.6859 -35.7 14.3215
      vertex -25.5865 -35.7 14.4555
    endloop
  endfacet
  facet normal -0.857652 0 0.514231
    outer loop
      vertex -25.5865 -35.7 14.4555
      vertex -25.5007 -32.7 14.5986
      vertex -25.5865 -32.7 14.4555
    endloop
  endfacet
  facet normal -0.857652 0 0.514231
    outer loop
      vertex -25.5007 -32.7 14.5986
      vertex -25.5865 -35.7 14.4555
      vertex -25.5007 -35.7 14.5986
    endloop
  endfacet
  facet normal -0.146788 0 0.989168
    outer loop
      vertex -26.8334 -32.7 13.7082
      vertex -26.6683 -35.7 13.7327
      vertex -26.6683 -32.7 13.7327
    endloop
  endfacet
  facet normal -0.146788 0 0.989168
    outer loop
      vertex -26.6683 -35.7 13.7327
      vertex -26.8334 -32.7 13.7082
      vertex -26.8334 -35.7 13.7082
    endloop
  endfacet
  facet normal -0.242818 0 0.970072
    outer loop
      vertex -26.6683 -32.7 13.7327
      vertex -26.5065 -35.7 13.7732
      vertex -26.5065 -32.7 13.7732
    endloop
  endfacet
  facet normal -0.242818 0 0.970072
    outer loop
      vertex -26.5065 -35.7 13.7732
      vertex -26.6683 -32.7 13.7327
      vertex -26.6683 -35.7 13.7327
    endloop
  endfacet
  facet normal -0.0491602 0 0.998791
    outer loop
      vertex -27 -32.7 13.7
      vertex -26.8334 -35.7 13.7082
      vertex -26.8334 -32.7 13.7082
    endloop
  endfacet
  facet normal -0.0491602 0 0.998791
    outer loop
      vertex -26.8334 -35.7 13.7082
      vertex -27 -32.7 13.7
      vertex -27 -35.7 13.7
    endloop
  endfacet
  facet normal -0.514231 0 0.857652
    outer loop
      vertex -26.1986 -32.7 13.9007
      vertex -26.0555 -35.7 13.9865
      vertex -26.0555 -32.7 13.9865
    endloop
  endfacet
  facet normal -0.514231 0 0.857652
    outer loop
      vertex -26.0555 -35.7 13.9865
      vertex -26.1986 -32.7 13.9007
      vertex -26.1986 -35.7 13.9007
    endloop
  endfacet
  facet normal -0.595772 0 0.803154
    outer loop
      vertex -26.0555 -32.7 13.9865
      vertex -25.9215 -35.7 14.0859
      vertex -25.9215 -32.7 14.0859
    endloop
  endfacet
  facet normal -0.595772 0 0.803154
    outer loop
      vertex -25.9215 -35.7 14.0859
      vertex -26.0555 -32.7 13.9865
      vertex -26.0555 -35.7 13.9865
    endloop
  endfacet
  facet normal 0.970072 -0 0.242818
    outer loop
      vertex -28.6673 -35.7 15.0683
      vertex -28.6268 -32.7 14.9065
      vertex -28.6673 -32.7 15.0683
    endloop
  endfacet
  facet normal 0.970072 0 0.242818
    outer loop
      vertex -28.6268 -32.7 14.9065
      vertex -28.6673 -35.7 15.0683
      vertex -28.6268 -35.7 14.9065
    endloop
  endfacet
  facet normal 0.904043 -0 0.427442
    outer loop
      vertex -28.5706 -35.7 14.7494
      vertex -28.4993 -32.7 14.5986
      vertex -28.5706 -32.7 14.7494
    endloop
  endfacet
  facet normal 0.904043 0 0.427442
    outer loop
      vertex -28.4993 -32.7 14.5986
      vertex -28.5706 -35.7 14.7494
      vertex -28.4993 -35.7 14.5986
    endloop
  endfacet
  facet normal 0.941566 -0 0.33683
    outer loop
      vertex -28.6268 -35.7 14.9065
      vertex -28.5706 -32.7 14.7494
      vertex -28.6268 -32.7 14.9065
    endloop
  endfacet
  facet normal 0.941566 0 0.33683
    outer loop
      vertex -28.5706 -32.7 14.7494
      vertex -28.6268 -35.7 14.9065
      vertex -28.5706 -35.7 14.7494
    endloop
  endfacet
  facet normal 0.989168 -0 0.146788
    outer loop
      vertex -28.6918 -35.7 15.2334
      vertex -28.6673 -32.7 15.0683
      vertex -28.6918 -32.7 15.2334
    endloop
  endfacet
  facet normal 0.989168 0 0.146788
    outer loop
      vertex -28.6673 -32.7 15.0683
      vertex -28.6918 -35.7 15.2334
      vertex -28.6673 -35.7 15.0683
    endloop
  endfacet
  facet normal 0.514231 0 0.857652
    outer loop
      vertex -27.9445 -32.7 13.9865
      vertex -27.8014 -35.7 13.9007
      vertex -27.8014 -32.7 13.9007
    endloop
  endfacet
  facet normal 0.514231 0 0.857652
    outer loop
      vertex -27.8014 -35.7 13.9007
      vertex -27.9445 -32.7 13.9865
      vertex -27.9445 -35.7 13.9865
    endloop
  endfacet
  facet normal 0.595772 0 0.803154
    outer loop
      vertex -28.0785 -32.7 14.0859
      vertex -27.9445 -35.7 13.9865
      vertex -27.9445 -32.7 13.9865
    endloop
  endfacet
  facet normal 0.595772 0 0.803154
    outer loop
      vertex -27.9445 -35.7 13.9865
      vertex -28.0785 -32.7 14.0859
      vertex -28.0785 -35.7 14.0859
    endloop
  endfacet
  facet normal 0.671478 0 0.741024
    outer loop
      vertex -28.2021 -32.7 14.1979
      vertex -28.0785 -35.7 14.0859
      vertex -28.0785 -32.7 14.0859
    endloop
  endfacet
  facet normal 0.671478 0 0.741024
    outer loop
      vertex -28.0785 -35.7 14.0859
      vertex -28.2021 -32.7 14.1979
      vertex -28.2021 -35.7 14.1979
    endloop
  endfacet
  facet normal 0.33683 0 0.941566
    outer loop
      vertex -27.6506 -32.7 13.8294
      vertex -27.4935 -35.7 13.7732
      vertex -27.4935 -32.7 13.7732
    endloop
  endfacet
  facet normal 0.33683 0 0.941566
    outer loop
      vertex -27.4935 -35.7 13.7732
      vertex -27.6506 -32.7 13.8294
      vertex -27.6506 -35.7 13.8294
    endloop
  endfacet
  facet normal 0.146788 0 0.989168
    outer loop
      vertex -27.3317 -32.7 13.7327
      vertex -27.1666 -35.7 13.7082
      vertex -27.1666 -32.7 13.7082
    endloop
  endfacet
  facet normal 0.146788 0 0.989168
    outer loop
      vertex -27.1666 -35.7 13.7082
      vertex -27.3317 -32.7 13.7327
      vertex -27.3317 -35.7 13.7327
    endloop
  endfacet
  facet normal -0.998791 0 -0.0491602
    outer loop
      vertex -25.3 -35.7 15.4
      vertex -25.3082 -32.7 15.5666
      vertex -25.3 -32.7 15.4
    endloop
  endfacet
  facet normal -0.998791 -0 -0.0491602
    outer loop
      vertex -25.3082 -32.7 15.5666
      vertex -25.3 -35.7 15.4
      vertex -25.3082 -35.7 15.5666
    endloop
  endfacet
  facet normal -0.146788 0 -0.989168
    outer loop
      vertex -26.8334 -35.7 17.0918
      vertex -26.6683 -32.7 17.0673
      vertex -26.6683 -35.7 17.0673
    endloop
  endfacet
  facet normal -0.146788 0 -0.989168
    outer loop
      vertex -26.6683 -32.7 17.0673
      vertex -26.8334 -35.7 17.0918
      vertex -26.8334 -32.7 17.0918
    endloop
  endfacet
  facet normal -0.0491602 0 -0.998791
    outer loop
      vertex -27 -35.7 17.1
      vertex -26.8334 -32.7 17.0918
      vertex -26.8334 -35.7 17.0918
    endloop
  endfacet
  facet normal -0.0491602 0 -0.998791
    outer loop
      vertex -26.8334 -32.7 17.0918
      vertex -27 -35.7 17.1
      vertex -27 -32.7 17.1
    endloop
  endfacet
  facet normal -0.514231 0 -0.857652
    outer loop
      vertex -26.1986 -35.7 16.8993
      vertex -26.0555 -32.7 16.8135
      vertex -26.0555 -35.7 16.8135
    endloop
  endfacet
  facet normal -0.514231 0 -0.857652
    outer loop
      vertex -26.0555 -32.7 16.8135
      vertex -26.1986 -35.7 16.8993
      vertex -26.1986 -32.7 16.8993
    endloop
  endfacet
  facet normal -0.671478 0 -0.741024
    outer loop
      vertex -25.9215 -35.7 16.7141
      vertex -25.7979 -32.7 16.6021
      vertex -25.7979 -35.7 16.6021
    endloop
  endfacet
  facet normal -0.671478 0 -0.741024
    outer loop
      vertex -25.7979 -32.7 16.6021
      vertex -25.9215 -35.7 16.7141
      vertex -25.9215 -32.7 16.7141
    endloop
  endfacet
  facet normal -0.595772 0 -0.803154
    outer loop
      vertex -26.0555 -35.7 16.8135
      vertex -25.9215 -32.7 16.7141
      vertex -25.9215 -35.7 16.7141
    endloop
  endfacet
  facet normal -0.595772 0 -0.803154
    outer loop
      vertex -25.9215 -32.7 16.7141
      vertex -26.0555 -35.7 16.8135
      vertex -26.0555 -32.7 16.8135
    endloop
  endfacet
  facet normal -0.803154 0 -0.595772
    outer loop
      vertex -25.5865 -35.7 16.3445
      vertex -25.6859 -32.7 16.4785
      vertex -25.5865 -32.7 16.3445
    endloop
  endfacet
  facet normal -0.803154 -0 -0.595772
    outer loop
      vertex -25.6859 -32.7 16.4785
      vertex -25.5865 -35.7 16.3445
      vertex -25.6859 -35.7 16.4785
    endloop
  endfacet
  facet normal -0.857652 0 -0.514231
    outer loop
      vertex -25.5007 -35.7 16.2014
      vertex -25.5865 -32.7 16.3445
      vertex -25.5007 -32.7 16.2014
    endloop
  endfacet
  facet normal -0.857652 -0 -0.514231
    outer loop
      vertex -25.5865 -32.7 16.3445
      vertex -25.5007 -35.7 16.2014
      vertex -25.5865 -35.7 16.3445
    endloop
  endfacet
  facet normal 0.671478 0 -0.741024
    outer loop
      vertex -28.2021 -35.7 16.6021
      vertex -28.0785 -32.7 16.7141
      vertex -28.0785 -35.7 16.7141
    endloop
  endfacet
  facet normal 0.671478 0 -0.741024
    outer loop
      vertex -28.0785 -32.7 16.7141
      vertex -28.2021 -35.7 16.6021
      vertex -28.2021 -32.7 16.6021
    endloop
  endfacet
  facet normal 0.595772 0 -0.803154
    outer loop
      vertex -28.0785 -35.7 16.7141
      vertex -27.9445 -32.7 16.8135
      vertex -27.9445 -35.7 16.8135
    endloop
  endfacet
  facet normal 0.595772 0 -0.803154
    outer loop
      vertex -27.9445 -32.7 16.8135
      vertex -28.0785 -35.7 16.7141
      vertex -28.0785 -32.7 16.7141
    endloop
  endfacet
  facet normal 0.514231 0 -0.857652
    outer loop
      vertex -27.9445 -35.7 16.8135
      vertex -27.8014 -32.7 16.8993
      vertex -27.8014 -35.7 16.8993
    endloop
  endfacet
  facet normal 0.514231 0 -0.857652
    outer loop
      vertex -27.8014 -32.7 16.8993
      vertex -27.9445 -35.7 16.8135
      vertex -27.9445 -32.7 16.8135
    endloop
  endfacet
  facet normal 0.146788 0 -0.989168
    outer loop
      vertex -27.3317 -35.7 17.0673
      vertex -27.1666 -32.7 17.0918
      vertex -27.1666 -35.7 17.0918
    endloop
  endfacet
  facet normal 0.146788 0 -0.989168
    outer loop
      vertex -27.1666 -32.7 17.0918
      vertex -27.3317 -35.7 17.0673
      vertex -27.3317 -32.7 17.0673
    endloop
  endfacet
  facet normal 0.904043 0 -0.427442
    outer loop
      vertex -28.4993 -35.7 16.2014
      vertex -28.5706 -32.7 16.0506
      vertex -28.4993 -32.7 16.2014
    endloop
  endfacet
  facet normal 0.904043 0 -0.427442
    outer loop
      vertex -28.5706 -32.7 16.0506
      vertex -28.4993 -35.7 16.2014
      vertex -28.5706 -35.7 16.0506
    endloop
  endfacet
  facet normal 0.857652 0 -0.514231
    outer loop
      vertex -28.4135 -35.7 16.3445
      vertex -28.4993 -32.7 16.2014
      vertex -28.4135 -32.7 16.3445
    endloop
  endfacet
  facet normal 0.857652 0 -0.514231
    outer loop
      vertex -28.4993 -32.7 16.2014
      vertex -28.4135 -35.7 16.3445
      vertex -28.4993 -35.7 16.2014
    endloop
  endfacet
  facet normal 0.998791 0 -0.0491602
    outer loop
      vertex -28.6918 -35.7 15.5666
      vertex -28.7 -32.7 15.4
      vertex -28.6918 -32.7 15.5666
    endloop
  endfacet
  facet normal 0.998791 0 -0.0491602
    outer loop
      vertex -28.7 -32.7 15.4
      vertex -28.6918 -35.7 15.5666
      vertex -28.7 -35.7 15.4
    endloop
  endfacet
  facet normal 0.970072 0 -0.242818
    outer loop
      vertex -28.6268 -35.7 15.8935
      vertex -28.6673 -32.7 15.7317
      vertex -28.6268 -32.7 15.8935
    endloop
  endfacet
  facet normal 0.970072 0 -0.242818
    outer loop
      vertex -28.6673 -32.7 15.7317
      vertex -28.6268 -35.7 15.8935
      vertex -28.6673 -35.7 15.7317
    endloop
  endfacet
  facet normal -0.741024 0 0.671478
    outer loop
      vertex -25.7979 -35.7 14.1979
      vertex -25.6859 -32.7 14.3215
      vertex -25.7979 -32.7 14.1979
    endloop
  endfacet
  facet normal -0.741024 0 0.671478
    outer loop
      vertex -25.6859 -32.7 14.3215
      vertex -25.7979 -35.7 14.1979
      vertex -25.6859 -35.7 14.3215
    endloop
  endfacet
  facet normal -0.427442 0 0.904043
    outer loop
      vertex -26.3494 -32.7 13.8294
      vertex -26.1986 -35.7 13.9007
      vertex -26.1986 -32.7 13.9007
    endloop
  endfacet
  facet normal -0.427442 0 0.904043
    outer loop
      vertex -26.1986 -35.7 13.9007
      vertex -26.3494 -32.7 13.8294
      vertex -26.3494 -35.7 13.8294
    endloop
  endfacet
  facet normal -0.427442 0 -0.904043
    outer loop
      vertex -26.3494 -35.7 16.9706
      vertex -26.1986 -32.7 16.8993
      vertex -26.1986 -35.7 16.8993
    endloop
  endfacet
  facet normal -0.427442 0 -0.904043
    outer loop
      vertex -26.1986 -32.7 16.8993
      vertex -26.3494 -35.7 16.9706
      vertex -26.3494 -32.7 16.9706
    endloop
  endfacet
  facet normal -0.941566 0 -0.33683
    outer loop
      vertex -25.3732 -35.7 15.8935
      vertex -25.4294 -32.7 16.0506
      vertex -25.3732 -32.7 15.8935
    endloop
  endfacet
  facet normal -0.941566 -0 -0.33683
    outer loop
      vertex -25.4294 -32.7 16.0506
      vertex -25.3732 -35.7 15.8935
      vertex -25.4294 -35.7 16.0506
    endloop
  endfacet
  facet normal -0.989168 0 -0.146788
    outer loop
      vertex -25.3082 -35.7 15.5666
      vertex -25.3327 -32.7 15.7317
      vertex -25.3082 -32.7 15.5666
    endloop
  endfacet
  facet normal -0.989168 -0 -0.146788
    outer loop
      vertex -25.3327 -32.7 15.7317
      vertex -25.3082 -35.7 15.5666
      vertex -25.3327 -35.7 15.7317
    endloop
  endfacet
  facet normal 0.427442 0 -0.904043
    outer loop
      vertex -27.8014 -35.7 16.8993
      vertex -27.6506 -32.7 16.9706
      vertex -27.6506 -35.7 16.9706
    endloop
  endfacet
  facet normal 0.427442 0 -0.904043
    outer loop
      vertex -27.6506 -32.7 16.9706
      vertex -27.8014 -35.7 16.8993
      vertex -27.8014 -32.7 16.8993
    endloop
  endfacet
  facet normal 0.242818 0 -0.970072
    outer loop
      vertex -27.4935 -35.7 17.0268
      vertex -27.3317 -32.7 17.0673
      vertex -27.3317 -35.7 17.0673
    endloop
  endfacet
  facet normal 0.242818 0 -0.970072
    outer loop
      vertex -27.3317 -32.7 17.0673
      vertex -27.4935 -35.7 17.0268
      vertex -27.4935 -32.7 17.0268
    endloop
  endfacet
  facet normal 0.0491602 0 -0.998791
    outer loop
      vertex -27.1666 -35.7 17.0918
      vertex -27 -32.7 17.1
      vertex -27 -35.7 17.1
    endloop
  endfacet
  facet normal 0.0491602 0 -0.998791
    outer loop
      vertex -27 -32.7 17.1
      vertex -27.1666 -35.7 17.0918
      vertex -27.1666 -32.7 17.0918
    endloop
  endfacet
  facet normal 0.741024 0 -0.671478
    outer loop
      vertex -28.2021 -35.7 16.6021
      vertex -28.3141 -32.7 16.4785
      vertex -28.2021 -32.7 16.6021
    endloop
  endfacet
  facet normal 0.741024 0 -0.671478
    outer loop
      vertex -28.3141 -32.7 16.4785
      vertex -28.2021 -35.7 16.6021
      vertex -28.3141 -35.7 16.4785
    endloop
  endfacet
  facet normal 0.989168 0 -0.146788
    outer loop
      vertex -28.6673 -35.7 15.7317
      vertex -28.6918 -32.7 15.5666
      vertex -28.6673 -32.7 15.7317
    endloop
  endfacet
  facet normal 0.989168 0 -0.146788
    outer loop
      vertex -28.6918 -32.7 15.5666
      vertex -28.6673 -35.7 15.7317
      vertex -28.6918 -35.7 15.5666
    endloop
  endfacet
  facet normal -0.242818 0 -0.970072
    outer loop
      vertex -26.6683 -35.7 17.0673
      vertex -26.5065 -32.7 17.0268
      vertex -26.5065 -35.7 17.0268
    endloop
  endfacet
  facet normal -0.242818 0 -0.970072
    outer loop
      vertex -26.5065 -32.7 17.0268
      vertex -26.6683 -35.7 17.0673
      vertex -26.6683 -32.7 17.0673
    endloop
  endfacet
  facet normal -0.970015 0 0.243043
    outer loop
      vertex -5.3732 -35.7 29.9065
      vertex -5.33266 -32.7 30.0683
      vertex -5.3732 -32.7 29.9065
    endloop
  endfacet
  facet normal -0.970015 0 0.243043
    outer loop
      vertex -5.33266 -32.7 30.0683
      vertex -5.3732 -35.7 29.9065
      vertex -5.33266 -35.7 30.0683
    endloop
  endfacet
  facet normal -0.998794 0 0.0491004
    outer loop
      vertex -5.30819 -35.7 30.2334
      vertex -5.3 -32.7 30.4
      vertex -5.30819 -32.7 30.2334
    endloop
  endfacet
  facet normal -0.998794 0 0.0491004
    outer loop
      vertex -5.3 -32.7 30.4
      vertex -5.30819 -35.7 30.2334
      vertex -5.3 -35.7 30.4
    endloop
  endfacet
  facet normal 0.998794 -0 0.0491004
    outer loop
      vertex -8.7 -35.7 30.4
      vertex -8.69181 -32.7 30.2334
      vertex -8.7 -32.7 30.4
    endloop
  endfacet
  facet normal 0.998794 0 0.0491004
    outer loop
      vertex -8.69181 -32.7 30.2334
      vertex -8.7 -35.7 30.4
      vertex -8.69181 -35.7 30.2334
    endloop
  endfacet
  facet normal 0.0491513 0 0.998791
    outer loop
      vertex -7.16663 -32.7 28.7082
      vertex -7 -35.7 28.7
      vertex -7 -32.7 28.7
    endloop
  endfacet
  facet normal 0.0491513 0 0.998791
    outer loop
      vertex -7 -35.7 28.7
      vertex -7.16663 -32.7 28.7082
      vertex -7.16663 -35.7 28.7082
    endloop
  endfacet
  facet normal -0.671448 0 0.741051
    outer loop
      vertex -5.92153 -32.7 29.0859
      vertex -5.79792 -35.7 29.1979
      vertex -5.79792 -32.7 29.1979
    endloop
  endfacet
  facet normal -0.671448 0 0.741051
    outer loop
      vertex -5.79792 -35.7 29.1979
      vertex -5.92153 -32.7 29.0859
      vertex -5.92153 -35.7 29.0859
    endloop
  endfacet
  facet normal 0.740905 -0 0.67161
    outer loop
      vertex -8.31412 -35.7 29.3215
      vertex -8.20208 -32.7 29.1979
      vertex -8.31412 -32.7 29.3215
    endloop
  endfacet
  facet normal 0.740905 0 0.67161
    outer loop
      vertex -8.20208 -32.7 29.1979
      vertex -8.31412 -35.7 29.3215
      vertex -8.20208 -35.7 29.1979
    endloop
  endfacet
  facet normal 0.427419 0 0.904054
    outer loop
      vertex -7.80137 -32.7 28.9007
      vertex -7.65056 -35.7 28.8294
      vertex -7.65056 -32.7 28.8294
    endloop
  endfacet
  facet normal 0.427419 0 0.904054
    outer loop
      vertex -7.65056 -35.7 28.8294
      vertex -7.80137 -32.7 28.9007
      vertex -7.80137 -35.7 28.9007
    endloop
  endfacet
  facet normal 0.803211 0 -0.595695
    outer loop
      vertex -8.31412 -35.7 31.4785
      vertex -8.4135 -32.7 31.3445
      vertex -8.31412 -32.7 31.4785
    endloop
  endfacet
  facet normal 0.803211 0 -0.595695
    outer loop
      vertex -8.4135 -32.7 31.3445
      vertex -8.31412 -35.7 31.4785
      vertex -8.4135 -35.7 31.3445
    endloop
  endfacet
  facet normal -0.941566 0 0.33683
    outer loop
      vertex -5.4294 -35.7 29.7494
      vertex -5.3732 -32.7 29.9065
      vertex -5.4294 -32.7 29.7494
    endloop
  endfacet
  facet normal -0.941566 0 0.33683
    outer loop
      vertex -5.3732 -32.7 29.9065
      vertex -5.4294 -35.7 29.7494
      vertex -5.3732 -35.7 29.9065
    endloop
  endfacet
  facet normal -0.336868 0 0.941552
    outer loop
      vertex -6.50652 -32.7 28.7732
      vertex -6.34944 -35.7 28.8294
      vertex -6.34944 -32.7 28.8294
    endloop
  endfacet
  facet normal -0.336868 0 0.941552
    outer loop
      vertex -6.34944 -35.7 28.8294
      vertex -6.50652 -32.7 28.7732
      vertex -6.50652 -35.7 28.7732
    endloop
  endfacet
  facet normal 0.857731 -0 0.514099
    outer loop
      vertex -8.49927 -35.7 29.5986
      vertex -8.4135 -32.7 29.4555
      vertex -8.49927 -32.7 29.5986
    endloop
  endfacet
  facet normal 0.857731 0 0.514099
    outer loop
      vertex -8.4135 -32.7 29.4555
      vertex -8.49927 -35.7 29.5986
      vertex -8.4135 -35.7 29.4555
    endloop
  endfacet
  facet normal 0.803211 -0 0.595695
    outer loop
      vertex -8.4135 -35.7 29.4555
      vertex -8.31412 -32.7 29.3215
      vertex -8.4135 -32.7 29.4555
    endloop
  endfacet
  facet normal 0.803211 0 0.595695
    outer loop
      vertex -8.31412 -32.7 29.3215
      vertex -8.4135 -35.7 29.4555
      vertex -8.31412 -35.7 29.3215
    endloop
  endfacet
  facet normal -0.903973 0 -0.427589
    outer loop
      vertex -5.4294 -35.7 31.0506
      vertex -5.50073 -32.7 31.2014
      vertex -5.4294 -32.7 31.0506
    endloop
  endfacet
  facet normal -0.903973 -0 -0.427589
    outer loop
      vertex -5.50073 -32.7 31.2014
      vertex -5.4294 -35.7 31.0506
      vertex -5.50073 -35.7 31.2014
    endloop
  endfacet
  facet normal -0.336868 0 -0.941552
    outer loop
      vertex -6.50652 -35.7 32.0268
      vertex -6.34944 -32.7 31.9706
      vertex -6.34944 -35.7 31.9706
    endloop
  endfacet
  facet normal -0.336868 0 -0.941552
    outer loop
      vertex -6.34944 -32.7 31.9706
      vertex -6.50652 -35.7 32.0268
      vertex -6.50652 -32.7 32.0268
    endloop
  endfacet
  facet normal -0.740905 0 -0.67161
    outer loop
      vertex -5.68588 -35.7 31.4785
      vertex -5.79792 -32.7 31.6021
      vertex -5.68588 -32.7 31.4785
    endloop
  endfacet
  facet normal -0.740905 -0 -0.67161
    outer loop
      vertex -5.79792 -32.7 31.6021
      vertex -5.68588 -35.7 31.4785
      vertex -5.79792 -35.7 31.6021
    endloop
  endfacet
  facet normal -0.970015 0 -0.243043
    outer loop
      vertex -5.33266 -35.7 30.7317
      vertex -5.3732 -32.7 30.8935
      vertex -5.33266 -32.7 30.7317
    endloop
  endfacet
  facet normal -0.970015 -0 -0.243043
    outer loop
      vertex -5.3732 -32.7 30.8935
      vertex -5.33266 -35.7 30.7317
      vertex -5.3732 -35.7 30.8935
    endloop
  endfacet
  facet normal 0.336868 0 -0.941552
    outer loop
      vertex -7.65056 -35.7 31.9706
      vertex -7.49348 -32.7 32.0268
      vertex -7.49348 -35.7 32.0268
    endloop
  endfacet
  facet normal 0.336868 0 -0.941552
    outer loop
      vertex -7.49348 -32.7 32.0268
      vertex -7.65056 -35.7 31.9706
      vertex -7.65056 -32.7 31.9706
    endloop
  endfacet
  facet normal 0.514231 0 -0.857652
    outer loop
      vertex -7.94447 -35.7 31.8135
      vertex -7.80137 -32.7 31.8993
      vertex -7.80137 -35.7 31.8993
    endloop
  endfacet
  facet normal 0.514231 0 -0.857652
    outer loop
      vertex -7.80137 -32.7 31.8993
      vertex -7.94447 -35.7 31.8135
      vertex -7.94447 -32.7 31.8135
    endloop
  endfacet
  facet normal -0.989194 0 0.146612
    outer loop
      vertex -5.33266 -35.7 30.0683
      vertex -5.30819 -32.7 30.2334
      vertex -5.33266 -32.7 30.0683
    endloop
  endfacet
  facet normal -0.989194 0 0.146612
    outer loop
      vertex -5.30819 -32.7 30.2334
      vertex -5.33266 -35.7 30.0683
      vertex -5.30819 -35.7 30.2334
    endloop
  endfacet
  facet normal -0.903973 0 0.427589
    outer loop
      vertex -5.50073 -35.7 29.5986
      vertex -5.4294 -32.7 29.7494
      vertex -5.50073 -32.7 29.5986
    endloop
  endfacet
  facet normal -0.903973 0 0.427589
    outer loop
      vertex -5.4294 -32.7 29.7494
      vertex -5.50073 -35.7 29.5986
      vertex -5.4294 -35.7 29.7494
    endloop
  endfacet
  facet normal -0.857731 0 0.514099
    outer loop
      vertex -5.5865 -35.7 29.4555
      vertex -5.50073 -32.7 29.5986
      vertex -5.5865 -32.7 29.4555
    endloop
  endfacet
  facet normal -0.857731 0 0.514099
    outer loop
      vertex -5.50073 -32.7 29.5986
      vertex -5.5865 -35.7 29.4555
      vertex -5.50073 -35.7 29.5986
    endloop
  endfacet
  facet normal -0.803211 0 0.595695
    outer loop
      vertex -5.68588 -35.7 29.3215
      vertex -5.5865 -32.7 29.4555
      vertex -5.68588 -32.7 29.3215
    endloop
  endfacet
  facet normal -0.803211 0 0.595695
    outer loop
      vertex -5.5865 -32.7 29.4555
      vertex -5.68588 -35.7 29.3215
      vertex -5.5865 -35.7 29.4555
    endloop
  endfacet
  facet normal -0.242775 0 0.970083
    outer loop
      vertex -6.66835 -32.7 28.7327
      vertex -6.50652 -35.7 28.7732
      vertex -6.50652 -32.7 28.7732
    endloop
  endfacet
  facet normal -0.242775 0 0.970083
    outer loop
      vertex -6.50652 -35.7 28.7732
      vertex -6.66835 -32.7 28.7327
      vertex -6.66835 -35.7 28.7327
    endloop
  endfacet
  facet normal -0.146857 0 0.989158
    outer loop
      vertex -6.83337 -32.7 28.7082
      vertex -6.66835 -35.7 28.7327
      vertex -6.66835 -32.7 28.7327
    endloop
  endfacet
  facet normal -0.146857 0 0.989158
    outer loop
      vertex -6.66835 -35.7 28.7327
      vertex -6.83337 -32.7 28.7082
      vertex -6.83337 -35.7 28.7082
    endloop
  endfacet
  facet normal -0.0491513 0 0.998791
    outer loop
      vertex -7 -32.7 28.7
      vertex -6.83337 -35.7 28.7082
      vertex -6.83337 -32.7 28.7082
    endloop
  endfacet
  facet normal -0.0491513 0 0.998791
    outer loop
      vertex -6.83337 -35.7 28.7082
      vertex -7 -32.7 28.7
      vertex -7 -35.7 28.7
    endloop
  endfacet
  facet normal -0.595772 0 0.803154
    outer loop
      vertex -6.05553 -32.7 28.9865
      vertex -5.92153 -35.7 29.0859
      vertex -5.92153 -32.7 29.0859
    endloop
  endfacet
  facet normal -0.595772 0 0.803154
    outer loop
      vertex -5.92153 -35.7 29.0859
      vertex -6.05553 -32.7 28.9865
      vertex -6.05553 -35.7 28.9865
    endloop
  endfacet
  facet normal -0.514258 0 0.857636
    outer loop
      vertex -6.19862 -32.7 28.9007
      vertex -6.05553 -35.7 28.9865
      vertex -6.05553 -32.7 28.9865
    endloop
  endfacet
  facet normal -0.514258 0 0.857636
    outer loop
      vertex -6.05553 -35.7 28.9865
      vertex -6.19862 -32.7 28.9007
      vertex -6.19862 -35.7 28.9007
    endloop
  endfacet
  facet normal 0.903996 -0 0.42754
    outer loop
      vertex -8.57059 -35.7 29.7494
      vertex -8.49927 -32.7 29.5986
      vertex -8.57059 -32.7 29.7494
    endloop
  endfacet
  facet normal 0.903996 0 0.42754
    outer loop
      vertex -8.49927 -32.7 29.5986
      vertex -8.57059 -35.7 29.7494
      vertex -8.49927 -35.7 29.5986
    endloop
  endfacet
  facet normal 0.941546 -0 0.336883
    outer loop
      vertex -8.6268 -35.7 29.9065
      vertex -8.57059 -32.7 29.7494
      vertex -8.6268 -32.7 29.9065
    endloop
  endfacet
  facet normal 0.941546 0 0.336883
    outer loop
      vertex -8.57059 -32.7 29.7494
      vertex -8.6268 -35.7 29.9065
      vertex -8.57059 -35.7 29.7494
    endloop
  endfacet
  facet normal 0.97003 -0 0.242987
    outer loop
      vertex -8.66733 -35.7 30.0683
      vertex -8.6268 -32.7 29.9065
      vertex -8.66733 -32.7 30.0683
    endloop
  endfacet
  facet normal 0.97003 0 0.242987
    outer loop
      vertex -8.6268 -32.7 29.9065
      vertex -8.66733 -35.7 30.0683
      vertex -8.6268 -35.7 29.9065
    endloop
  endfacet
  facet normal 0.989185 -0 0.14667
    outer loop
      vertex -8.69181 -35.7 30.2334
      vertex -8.66733 -32.7 30.0683
      vertex -8.69181 -32.7 30.2334
    endloop
  endfacet
  facet normal 0.989185 0 0.14667
    outer loop
      vertex -8.66733 -32.7 30.0683
      vertex -8.69181 -35.7 30.2334
      vertex -8.66733 -35.7 30.0683
    endloop
  endfacet
  facet normal 0.514231 0 0.857652
    outer loop
      vertex -7.94447 -32.7 28.9865
      vertex -7.80137 -35.7 28.9007
      vertex -7.80137 -32.7 28.9007
    endloop
  endfacet
  facet normal 0.514231 0 0.857652
    outer loop
      vertex -7.80137 -35.7 28.9007
      vertex -7.94447 -32.7 28.9865
      vertex -7.94447 -35.7 28.9865
    endloop
  endfacet
  facet normal 0.595772 0 0.803154
    outer loop
      vertex -8.07847 -32.7 29.0859
      vertex -7.94447 -35.7 28.9865
      vertex -7.94447 -32.7 28.9865
    endloop
  endfacet
  facet normal 0.595772 0 0.803154
    outer loop
      vertex -7.94447 -35.7 28.9865
      vertex -8.07847 -32.7 29.0859
      vertex -8.07847 -35.7 29.0859
    endloop
  endfacet
  facet normal 0.671448 0 0.741051
    outer loop
      vertex -8.20208 -32.7 29.1979
      vertex -8.07847 -35.7 29.0859
      vertex -8.07847 -32.7 29.0859
    endloop
  endfacet
  facet normal 0.671448 0 0.741051
    outer loop
      vertex -8.07847 -35.7 29.0859
      vertex -8.20208 -32.7 29.1979
      vertex -8.20208 -35.7 29.1979
    endloop
  endfacet
  facet normal 0.146857 0 0.989158
    outer loop
      vertex -7.33165 -32.7 28.7327
      vertex -7.16663 -35.7 28.7082
      vertex -7.16663 -32.7 28.7082
    endloop
  endfacet
  facet normal 0.146857 0 0.989158
    outer loop
      vertex -7.16663 -35.7 28.7082
      vertex -7.33165 -32.7 28.7327
      vertex -7.33165 -35.7 28.7327
    endloop
  endfacet
  facet normal 0.242775 0 0.970083
    outer loop
      vertex -7.49348 -32.7 28.7732
      vertex -7.33165 -35.7 28.7327
      vertex -7.33165 -32.7 28.7327
    endloop
  endfacet
  facet normal 0.242775 0 0.970083
    outer loop
      vertex -7.33165 -35.7 28.7327
      vertex -7.49348 -32.7 28.7732
      vertex -7.49348 -35.7 28.7732
    endloop
  endfacet
  facet normal -0.0491513 0 -0.998791
    outer loop
      vertex -7 -35.7 32.1
      vertex -6.83337 -32.7 32.0918
      vertex -6.83337 -35.7 32.0918
    endloop
  endfacet
  facet normal -0.0491513 0 -0.998791
    outer loop
      vertex -6.83337 -32.7 32.0918
      vertex -7 -35.7 32.1
      vertex -7 -32.7 32.1
    endloop
  endfacet
  facet normal -0.514258 0 -0.857636
    outer loop
      vertex -6.19862 -35.7 31.8993
      vertex -6.05553 -32.7 31.8135
      vertex -6.05553 -35.7 31.8135
    endloop
  endfacet
  facet normal -0.514258 0 -0.857636
    outer loop
      vertex -6.05553 -32.7 31.8135
      vertex -6.19862 -35.7 31.8993
      vertex -6.19862 -32.7 31.8993
    endloop
  endfacet
  facet normal -0.671448 0 -0.741051
    outer loop
      vertex -5.92153 -35.7 31.7141
      vertex -5.79792 -32.7 31.6021
      vertex -5.79792 -35.7 31.6021
    endloop
  endfacet
  facet normal -0.671448 0 -0.741051
    outer loop
      vertex -5.79792 -32.7 31.6021
      vertex -5.92153 -35.7 31.7141
      vertex -5.92153 -32.7 31.7141
    endloop
  endfacet
  facet normal -0.595772 0 -0.803154
    outer loop
      vertex -6.05553 -35.7 31.8135
      vertex -5.92153 -32.7 31.7141
      vertex -5.92153 -35.7 31.7141
    endloop
  endfacet
  facet normal -0.595772 0 -0.803154
    outer loop
      vertex -5.92153 -32.7 31.7141
      vertex -6.05553 -35.7 31.8135
      vertex -6.05553 -32.7 31.8135
    endloop
  endfacet
  facet normal -0.803211 0 -0.595695
    outer loop
      vertex -5.5865 -35.7 31.3445
      vertex -5.68588 -32.7 31.4785
      vertex -5.5865 -32.7 31.3445
    endloop
  endfacet
  facet normal -0.803211 -0 -0.595695
    outer loop
      vertex -5.68588 -32.7 31.4785
      vertex -5.5865 -35.7 31.3445
      vertex -5.68588 -35.7 31.4785
    endloop
  endfacet
  facet normal -0.857731 0 -0.514099
    outer loop
      vertex -5.50073 -35.7 31.2014
      vertex -5.5865 -32.7 31.3445
      vertex -5.50073 -32.7 31.2014
    endloop
  endfacet
  facet normal -0.857731 -0 -0.514099
    outer loop
      vertex -5.5865 -32.7 31.3445
      vertex -5.50073 -35.7 31.2014
      vertex -5.5865 -35.7 31.3445
    endloop
  endfacet
  facet normal 0.146857 0 -0.989158
    outer loop
      vertex -7.33165 -35.7 32.0673
      vertex -7.16663 -32.7 32.0918
      vertex -7.16663 -35.7 32.0918
    endloop
  endfacet
  facet normal 0.146857 0 -0.989158
    outer loop
      vertex -7.16663 -32.7 32.0918
      vertex -7.33165 -35.7 32.0673
      vertex -7.33165 -32.7 32.0673
    endloop
  endfacet
  facet normal 0.671448 0 -0.741051
    outer loop
      vertex -8.20208 -35.7 31.6021
      vertex -8.07847 -32.7 31.7141
      vertex -8.07847 -35.7 31.7141
    endloop
  endfacet
  facet normal 0.671448 0 -0.741051
    outer loop
      vertex -8.07847 -32.7 31.7141
      vertex -8.20208 -35.7 31.6021
      vertex -8.20208 -32.7 31.6021
    endloop
  endfacet
  facet normal 0.0491513 0 -0.998791
    outer loop
      vertex -7.16663 -35.7 32.0918
      vertex -7 -32.7 32.1
      vertex -7 -35.7 32.1
    endloop
  endfacet
  facet normal 0.0491513 0 -0.998791
    outer loop
      vertex -7 -32.7 32.1
      vertex -7.16663 -35.7 32.0918
      vertex -7.16663 -32.7 32.0918
    endloop
  endfacet
  facet normal 0.595772 0 -0.803154
    outer loop
      vertex -8.07847 -35.7 31.7141
      vertex -7.94447 -32.7 31.8135
      vertex -7.94447 -35.7 31.8135
    endloop
  endfacet
  facet normal 0.595772 0 -0.803154
    outer loop
      vertex -7.94447 -32.7 31.8135
      vertex -8.07847 -35.7 31.7141
      vertex -8.07847 -32.7 31.7141
    endloop
  endfacet
  facet normal 0.740905 0 -0.67161
    outer loop
      vertex -8.20208 -35.7 31.6021
      vertex -8.31412 -32.7 31.4785
      vertex -8.20208 -32.7 31.6021
    endloop
  endfacet
  facet normal 0.740905 0 -0.67161
    outer loop
      vertex -8.31412 -32.7 31.4785
      vertex -8.20208 -35.7 31.6021
      vertex -8.31412 -35.7 31.4785
    endloop
  endfacet
  facet normal 0.903996 0 -0.42754
    outer loop
      vertex -8.49927 -35.7 31.2014
      vertex -8.57059 -32.7 31.0506
      vertex -8.49927 -32.7 31.2014
    endloop
  endfacet
  facet normal 0.903996 0 -0.42754
    outer loop
      vertex -8.57059 -32.7 31.0506
      vertex -8.49927 -35.7 31.2014
      vertex -8.57059 -35.7 31.0506
    endloop
  endfacet
  facet normal 0.97003 0 -0.242987
    outer loop
      vertex -8.6268 -35.7 30.8935
      vertex -8.66733 -32.7 30.7317
      vertex -8.6268 -32.7 30.8935
    endloop
  endfacet
  facet normal 0.97003 0 -0.242987
    outer loop
      vertex -8.66733 -32.7 30.7317
      vertex -8.6268 -35.7 30.8935
      vertex -8.66733 -35.7 30.7317
    endloop
  endfacet
  facet normal 0.998794 0 -0.0491004
    outer loop
      vertex -8.69181 -35.7 30.5666
      vertex -8.7 -32.7 30.4
      vertex -8.69181 -32.7 30.5666
    endloop
  endfacet
  facet normal 0.998794 0 -0.0491004
    outer loop
      vertex -8.7 -32.7 30.4
      vertex -8.69181 -35.7 30.5666
      vertex -8.7 -35.7 30.4
    endloop
  endfacet
  facet normal -0.740905 0 0.67161
    outer loop
      vertex -5.79792 -35.7 29.1979
      vertex -5.68588 -32.7 29.3215
      vertex -5.79792 -32.7 29.1979
    endloop
  endfacet
  facet normal -0.740905 0 0.67161
    outer loop
      vertex -5.68588 -32.7 29.3215
      vertex -5.79792 -35.7 29.1979
      vertex -5.68588 -35.7 29.3215
    endloop
  endfacet
  facet normal -0.427396 0 0.904065
    outer loop
      vertex -6.34944 -32.7 28.8294
      vertex -6.19862 -35.7 28.9007
      vertex -6.19862 -32.7 28.9007
    endloop
  endfacet
  facet normal -0.427396 0 0.904065
    outer loop
      vertex -6.19862 -35.7 28.9007
      vertex -6.34944 -32.7 28.8294
      vertex -6.34944 -35.7 28.8294
    endloop
  endfacet
  facet normal 0.336868 0 0.941552
    outer loop
      vertex -7.65056 -32.7 28.8294
      vertex -7.49348 -35.7 28.7732
      vertex -7.49348 -32.7 28.7732
    endloop
  endfacet
  facet normal 0.336868 0 0.941552
    outer loop
      vertex -7.49348 -35.7 28.7732
      vertex -7.65056 -32.7 28.8294
      vertex -7.65056 -35.7 28.8294
    endloop
  endfacet
  facet normal -0.146857 0 -0.989158
    outer loop
      vertex -6.83337 -35.7 32.0918
      vertex -6.66835 -32.7 32.0673
      vertex -6.66835 -35.7 32.0673
    endloop
  endfacet
  facet normal -0.146857 0 -0.989158
    outer loop
      vertex -6.66835 -32.7 32.0673
      vertex -6.83337 -35.7 32.0918
      vertex -6.83337 -32.7 32.0918
    endloop
  endfacet
  facet normal -0.427396 0 -0.904065
    outer loop
      vertex -6.34944 -35.7 31.9706
      vertex -6.19862 -32.7 31.8993
      vertex -6.19862 -35.7 31.8993
    endloop
  endfacet
  facet normal -0.427396 0 -0.904065
    outer loop
      vertex -6.19862 -32.7 31.8993
      vertex -6.34944 -35.7 31.9706
      vertex -6.34944 -32.7 31.9706
    endloop
  endfacet
  facet normal -0.941566 0 -0.33683
    outer loop
      vertex -5.3732 -35.7 30.8935
      vertex -5.4294 -32.7 31.0506
      vertex -5.3732 -32.7 30.8935
    endloop
  endfacet
  facet normal -0.941566 -0 -0.33683
    outer loop
      vertex -5.4294 -32.7 31.0506
      vertex -5.3732 -35.7 30.8935
      vertex -5.4294 -35.7 31.0506
    endloop
  endfacet
  facet normal -0.989194 0 -0.146612
    outer loop
      vertex -5.30819 -35.7 30.5666
      vertex -5.33266 -32.7 30.7317
      vertex -5.30819 -32.7 30.5666
    endloop
  endfacet
  facet normal -0.989194 -0 -0.146612
    outer loop
      vertex -5.33266 -32.7 30.7317
      vertex -5.30819 -35.7 30.5666
      vertex -5.33266 -35.7 30.7317
    endloop
  endfacet
  facet normal -0.998794 0 -0.0491004
    outer loop
      vertex -5.3 -35.7 30.4
      vertex -5.30819 -32.7 30.5666
      vertex -5.3 -32.7 30.4
    endloop
  endfacet
  facet normal -0.998794 -0 -0.0491004
    outer loop
      vertex -5.30819 -32.7 30.5666
      vertex -5.3 -35.7 30.4
      vertex -5.30819 -35.7 30.5666
    endloop
  endfacet
  facet normal 0.242775 0 -0.970083
    outer loop
      vertex -7.49348 -35.7 32.0268
      vertex -7.33165 -32.7 32.0673
      vertex -7.33165 -35.7 32.0673
    endloop
  endfacet
  facet normal 0.242775 0 -0.970083
    outer loop
      vertex -7.33165 -32.7 32.0673
      vertex -7.49348 -35.7 32.0268
      vertex -7.49348 -32.7 32.0268
    endloop
  endfacet
  facet normal 0.427419 0 -0.904054
    outer loop
      vertex -7.80137 -35.7 31.8993
      vertex -7.65056 -32.7 31.9706
      vertex -7.65056 -35.7 31.9706
    endloop
  endfacet
  facet normal 0.427419 0 -0.904054
    outer loop
      vertex -7.65056 -32.7 31.9706
      vertex -7.80137 -35.7 31.8993
      vertex -7.80137 -32.7 31.8993
    endloop
  endfacet
  facet normal 0.857731 0 -0.514099
    outer loop
      vertex -8.4135 -35.7 31.3445
      vertex -8.49927 -32.7 31.2014
      vertex -8.4135 -32.7 31.3445
    endloop
  endfacet
  facet normal 0.857731 0 -0.514099
    outer loop
      vertex -8.49927 -32.7 31.2014
      vertex -8.4135 -35.7 31.3445
      vertex -8.49927 -35.7 31.2014
    endloop
  endfacet
  facet normal 0.989185 0 -0.14667
    outer loop
      vertex -8.66733 -35.7 30.7317
      vertex -8.69181 -32.7 30.5666
      vertex -8.66733 -32.7 30.7317
    endloop
  endfacet
  facet normal 0.989185 0 -0.14667
    outer loop
      vertex -8.69181 -32.7 30.5666
      vertex -8.66733 -35.7 30.7317
      vertex -8.69181 -35.7 30.5666
    endloop
  endfacet
  facet normal 0.941546 0 -0.336883
    outer loop
      vertex -8.57059 -35.7 31.0506
      vertex -8.6268 -32.7 30.8935
      vertex -8.57059 -32.7 31.0506
    endloop
  endfacet
  facet normal 0.941546 0 -0.336883
    outer loop
      vertex -8.6268 -32.7 30.8935
      vertex -8.57059 -35.7 31.0506
      vertex -8.6268 -35.7 30.8935
    endloop
  endfacet
  facet normal -0.242775 0 -0.970083
    outer loop
      vertex -6.66835 -35.7 32.0673
      vertex -6.50652 -32.7 32.0268
      vertex -6.50652 -35.7 32.0268
    endloop
  endfacet
  facet normal -0.242775 0 -0.970083
    outer loop
      vertex -6.50652 -32.7 32.0268
      vertex -6.66835 -35.7 32.0673
      vertex -6.66835 -32.7 32.0673
    endloop
  endfacet
  facet normal 1 -0 0
    outer loop
      vertex 10.5 -35.7 7.7
      vertex 10.5 -32.7 3.7
      vertex 10.5 -32.7 7.7
    endloop
  endfacet
  facet normal 1 0 0
    outer loop
      vertex 10.5 -32.7 3.7
      vertex 10.5 -35.7 7.7
      vertex 10.5 -35.7 3.7
    endloop
  endfacet
  facet normal 0 0 -1
    outer loop
      vertex 10.5 -35.7 7.7
      vertex 23.5 -32.7 7.7
      vertex 23.5 -35.7 7.7
    endloop
  endfacet
  facet normal -0 0 -1
    outer loop
      vertex 23.5 -32.7 7.7
      vertex 10.5 -35.7 7.7
      vertex 10.5 -32.7 7.7
    endloop
  endfacet
  facet normal -1 0 0
    outer loop
      vertex 23.5 -35.7 3.7
      vertex 23.5 -32.7 7.7
      vertex 23.5 -32.7 3.7
    endloop
  endfacet
  facet normal -1 -0 0
    outer loop
      vertex 23.5 -32.7 7.7
      vertex 23.5 -35.7 3.7
      vertex 23.5 -35.7 7.7
    endloop
  endfacet
  facet normal -0 0 1
    outer loop
      vertex 10.5 -32.7 3.7
      vertex 23.5 -35.7 3.7
      vertex 23.5 -32.7 3.7
    endloop
  endfacet
  facet normal 0 0 1
    outer loop
      vertex 23.5 -35.7 3.7
      vertex 10.5 -32.7 3.7
      vertex 10.5 -35.7 3.7
    endloop
  endfacet
  facet normal 1 -0 0
    outer loop
      vertex -23.5 -35.7 11.9
      vertex -23.5 -32.7 7.9
      vertex -23.5 -32.7 11.9
    endloop
  endfacet
  facet normal 1 0 0
    outer loop
      vertex -23.5 -32.7 7.9
      vertex -23.5 -35.7 11.9
      vertex -23.5 -35.7 7.9
    endloop
  endfacet
  facet normal 0 0 -1
    outer loop
      vertex -23.5 -35.7 11.9
      vertex -10.5 -32.7 11.9
      vertex -10.5 -35.7 11.9
    endloop
  endfacet
  facet normal -0 0 -1
    outer loop
      vertex -10.5 -32.7 11.9
      vertex -23.5 -35.7 11.9
      vertex -23.5 -32.7 11.9
    endloop
  endfacet
  facet normal -1 0 0
    outer loop
      vertex -10.5 -35.7 7.9
      vertex -10.5 -32.7 11.9
      vertex -10.5 -32.7 7.9
    endloop
  endfacet
  facet normal -1 -0 0
    outer loop
      vertex -10.5 -32.7 11.9
      vertex -10.5 -35.7 7.9
      vertex -10.5 -35.7 11.9
    endloop
  endfacet
  facet normal -0 0 1
    outer loop
      vertex -23.5 -32.7 7.9
      vertex -10.5 -35.7 7.9
      vertex -10.5 -32.7 7.9
    endloop
  endfacet
  facet normal 0 0 1
    outer loop
      vertex -10.5 -35.7 7.9
      vertex -23.5 -32.7 7.9
      vertex -23.5 -35.7 7.9
    endloop
  endfacet
  facet normal 1 -0 0
    outer loop
      vertex -21 33.3 20.1
      vertex -21 35.7 11.1
      vertex -21 35.7 20.1
    endloop
  endfacet
  facet normal 1 0 0
    outer loop
      vertex -21 35.7 11.1
      vertex -21 33.3 20.1
      vertex -21 33.3 11.1
    endloop
  endfacet
  facet normal 0 0 -1
    outer loop
      vertex -21 33.3 20.1
      vertex 21 35.7 20.1
      vertex 21 33.3 20.1
    endloop
  endfacet
  facet normal -0 0 -1
    outer loop
      vertex 21 35.7 20.1
      vertex -21 33.3 20.1
      vertex -21 35.7 20.1
    endloop
  endfacet
  facet normal -1 0 0
    outer loop
      vertex 21 33.3 11.1
      vertex 21 35.7 20.1
      vertex 21 35.7 11.1
    endloop
  endfacet
  facet normal -1 -0 0
    outer loop
      vertex 21 35.7 20.1
      vertex 21 33.3 11.1
      vertex 21 33.3 20.1
    endloop
  endfacet
  facet normal -0 0 1
    outer loop
      vertex -21 35.7 11.1
      vertex 21 33.3 11.1
      vertex 21 35.7 11.1
    endloop
  endfacet
  facet normal 0 0 1
    outer loop
      vertex 21 33.3 11.1
      vertex -21 35.7 11.1
      vertex -21 33.3 11.1
    endloop
  endfacet
endsolid OpenSCAD_Model
