solid OpenSCAD_Model
  facet normal -0.998791 -0.0491602 0
    outer loop
      vertex -29.3 -22.2 0
      vertex -29.3082 -22.0334 0.849999
      vertex -29.3082 -22.0334 0
    endloop
  endfacet
  facet normal -0.998791 -0.0491602 0
    outer loop
      vertex -29.3082 -22.0334 0.849999
      vertex -29.3 -22.2 0
      vertex -29.3 -22.2 0.849999
    endloop
  endfacet
  facet normal 0.998791 -0.0491602 0
    outer loop
      vertex -32.7 -22.2 0.849999
      vertex -32.6918 -22.0334 0
      vertex -32.6918 -22.0334 0.849999
    endloop
  endfacet
  facet normal 0.998791 -0.0491602 0
    outer loop
      vertex -32.6918 -22.0334 0
      vertex -32.7 -22.2 0.849999
      vertex -32.7 -22.2 0
    endloop
  endfacet
  facet normal 0.0491602 -0.998791 0
    outer loop
      vertex -31.1666 -20.5082 0
      vertex -31 -20.5 0.849999
      vertex -31.1666 -20.5082 0.849999
    endloop
  endfacet
  facet normal 0.0491602 -0.998791 0
    outer loop
      vertex -31 -20.5 0.849999
      vertex -31.1666 -20.5082 0
      vertex -31 -20.5 0
    endloop
  endfacet
  facet normal -0.671478 -0.741024 0
    outer loop
      vertex -29.9215 -20.8859 0
      vertex -29.7979 -20.9979 0.849999
      vertex -29.9215 -20.8859 0.849999
    endloop
  endfacet
  facet normal -0.671478 -0.741024 -0
    outer loop
      vertex -29.7979 -20.9979 0.849999
      vertex -29.9215 -20.8859 0
      vertex -29.7979 -20.9979 0
    endloop
  endfacet
  facet normal 0.741024 -0.671478 0
    outer loop
      vertex -32.3141 -21.1215 0.849999
      vertex -32.2021 -20.9979 0
      vertex -32.2021 -20.9979 0.849999
    endloop
  endfacet
  facet normal 0.741024 -0.671478 0
    outer loop
      vertex -32.2021 -20.9979 0
      vertex -32.3141 -21.1215 0.849999
      vertex -32.3141 -21.1215 0
    endloop
  endfacet
  facet normal 0.427442 -0.904043 0
    outer loop
      vertex -31.8014 -20.7007 0
      vertex -31.6506 -20.6294 0.849999
      vertex -31.8014 -20.7007 0.849999
    endloop
  endfacet
  facet normal 0.427442 -0.904043 0
    outer loop
      vertex -31.6506 -20.6294 0.849999
      vertex -31.8014 -20.7007 0
      vertex -31.6506 -20.6294 0
    endloop
  endfacet
  facet normal 0.970072 0.242818 0
    outer loop
      vertex -32.6268 -22.6935 0.849999
      vertex -32.6673 -22.5317 0
      vertex -32.6673 -22.5317 0.849999
    endloop
  endfacet
  facet normal 0.970072 0.242818 0
    outer loop
      vertex -32.6673 -22.5317 0
      vertex -32.6268 -22.6935 0.849999
      vertex -32.6268 -22.6935 0
    endloop
  endfacet
  facet normal -0.904043 -0.427442 0
    outer loop
      vertex -29.4294 -21.5494 0
      vertex -29.5007 -21.3986 0.849999
      vertex -29.5007 -21.3986 0
    endloop
  endfacet
  facet normal -0.904043 -0.427442 0
    outer loop
      vertex -29.5007 -21.3986 0.849999
      vertex -29.4294 -21.5494 0
      vertex -29.4294 -21.5494 0.849999
    endloop
  endfacet
  facet normal -0.33683 -0.941566 0
    outer loop
      vertex -30.5065 -20.5732 0
      vertex -30.3494 -20.6294 0.849999
      vertex -30.5065 -20.5732 0.849999
    endloop
  endfacet
  facet normal -0.33683 -0.941566 -0
    outer loop
      vertex -30.3494 -20.6294 0.849999
      vertex -30.5065 -20.5732 0
      vertex -30.3494 -20.6294 0
    endloop
  endfacet
  facet normal 0.857652 -0.514231 0
    outer loop
      vertex -32.4993 -21.3986 0.849999
      vertex -32.4135 -21.2555 0
      vertex -32.4135 -21.2555 0.849999
    endloop
  endfacet
  facet normal 0.857652 -0.514231 0
    outer loop
      vertex -32.4135 -21.2555 0
      vertex -32.4993 -21.3986 0.849999
      vertex -32.4993 -21.3986 0
    endloop
  endfacet
  facet normal 0.803154 -0.595772 0
    outer loop
      vertex -32.4135 -21.2555 0.849999
      vertex -32.3141 -21.1215 0
      vertex -32.3141 -21.1215 0.849999
    endloop
  endfacet
  facet normal 0.803154 -0.595772 0
    outer loop
      vertex -32.3141 -21.1215 0
      vertex -32.4135 -21.2555 0.849999
      vertex -32.4135 -21.2555 0
    endloop
  endfacet
  facet normal 0.242818 -0.970072 0
    outer loop
      vertex -31.4935 -20.5732 0
      vertex -31.3317 -20.5327 0.849999
      vertex -31.4935 -20.5732 0.849999
    endloop
  endfacet
  facet normal 0.242818 -0.970072 0
    outer loop
      vertex -31.3317 -20.5327 0.849999
      vertex -31.4935 -20.5732 0
      vertex -31.3317 -20.5327 0
    endloop
  endfacet
  facet normal -0.904043 0.427442 0
    outer loop
      vertex -29.5007 -23.0014 0
      vertex -29.4294 -22.8506 0.849999
      vertex -29.4294 -22.8506 0
    endloop
  endfacet
  facet normal -0.904043 0.427442 0
    outer loop
      vertex -29.4294 -22.8506 0.849999
      vertex -29.5007 -23.0014 0
      vertex -29.5007 -23.0014 0.849999
    endloop
  endfacet
  facet normal -0.33683 0.941566 0
    outer loop
      vertex -30.3494 -23.7706 0
      vertex -30.5065 -23.8268 0.849999
      vertex -30.3494 -23.7706 0.849999
    endloop
  endfacet
  facet normal -0.33683 0.941566 0
    outer loop
      vertex -30.5065 -23.8268 0.849999
      vertex -30.3494 -23.7706 0
      vertex -30.5065 -23.8268 0
    endloop
  endfacet
  facet normal -0.741024 0.671478 0
    outer loop
      vertex -29.7979 -23.4021 0
      vertex -29.6859 -23.2785 0.849999
      vertex -29.6859 -23.2785 0
    endloop
  endfacet
  facet normal -0.741024 0.671478 0
    outer loop
      vertex -29.6859 -23.2785 0.849999
      vertex -29.7979 -23.4021 0
      vertex -29.7979 -23.4021 0.849999
    endloop
  endfacet
  facet normal -0.970072 0.242818 0
    outer loop
      vertex -29.3732 -22.6935 0
      vertex -29.3327 -22.5317 0.849999
      vertex -29.3327 -22.5317 0
    endloop
  endfacet
  facet normal -0.970072 0.242818 0
    outer loop
      vertex -29.3327 -22.5317 0.849999
      vertex -29.3732 -22.6935 0
      vertex -29.3732 -22.6935 0.849999
    endloop
  endfacet
  facet normal 0.33683 0.941566 -0
    outer loop
      vertex -31.4935 -23.8268 0
      vertex -31.6506 -23.7706 0.849999
      vertex -31.4935 -23.8268 0.849999
    endloop
  endfacet
  facet normal 0.33683 0.941566 0
    outer loop
      vertex -31.6506 -23.7706 0.849999
      vertex -31.4935 -23.8268 0
      vertex -31.6506 -23.7706 0
    endloop
  endfacet
  facet normal 0.803154 0.595772 0
    outer loop
      vertex -32.3141 -23.2785 0.849999
      vertex -32.4135 -23.1445 0
      vertex -32.4135 -23.1445 0.849999
    endloop
  endfacet
  facet normal 0.803154 0.595772 0
    outer loop
      vertex -32.4135 -23.1445 0
      vertex -32.3141 -23.2785 0.849999
      vertex -32.3141 -23.2785 0
    endloop
  endfacet
  facet normal -0.970072 -0.242818 0
    outer loop
      vertex -29.3327 -21.8683 0
      vertex -29.3732 -21.7065 0.849999
      vertex -29.3732 -21.7065 0
    endloop
  endfacet
  facet normal -0.970072 -0.242818 0
    outer loop
      vertex -29.3732 -21.7065 0.849999
      vertex -29.3327 -21.8683 0
      vertex -29.3327 -21.8683 0.849999
    endloop
  endfacet
  facet normal -0.989168 -0.146788 0
    outer loop
      vertex -29.3082 -22.0334 0
      vertex -29.3327 -21.8683 0.849999
      vertex -29.3327 -21.8683 0
    endloop
  endfacet
  facet normal -0.989168 -0.146788 0
    outer loop
      vertex -29.3327 -21.8683 0.849999
      vertex -29.3082 -22.0334 0
      vertex -29.3082 -22.0334 0.849999
    endloop
  endfacet
  facet normal -0.941566 -0.33683 0
    outer loop
      vertex -29.3732 -21.7065 0
      vertex -29.4294 -21.5494 0.849999
      vertex -29.4294 -21.5494 0
    endloop
  endfacet
  facet normal -0.941566 -0.33683 0
    outer loop
      vertex -29.4294 -21.5494 0.849999
      vertex -29.3732 -21.7065 0
      vertex -29.3732 -21.7065 0.849999
    endloop
  endfacet
  facet normal -0.803154 -0.595772 0
    outer loop
      vertex -29.5865 -21.2555 0
      vertex -29.6859 -21.1215 0.849999
      vertex -29.6859 -21.1215 0
    endloop
  endfacet
  facet normal -0.803154 -0.595772 0
    outer loop
      vertex -29.6859 -21.1215 0.849999
      vertex -29.5865 -21.2555 0
      vertex -29.5865 -21.2555 0.849999
    endloop
  endfacet
  facet normal -0.857652 -0.514231 0
    outer loop
      vertex -29.5007 -21.3986 0
      vertex -29.5865 -21.2555 0.849999
      vertex -29.5865 -21.2555 0
    endloop
  endfacet
  facet normal -0.857652 -0.514231 0
    outer loop
      vertex -29.5865 -21.2555 0.849999
      vertex -29.5007 -21.3986 0
      vertex -29.5007 -21.3986 0.849999
    endloop
  endfacet
  facet normal -0.146788 -0.989168 0
    outer loop
      vertex -30.8334 -20.5082 0
      vertex -30.6683 -20.5327 0.849999
      vertex -30.8334 -20.5082 0.849999
    endloop
  endfacet
  facet normal -0.146788 -0.989168 -0
    outer loop
      vertex -30.6683 -20.5327 0.849999
      vertex -30.8334 -20.5082 0
      vertex -30.6683 -20.5327 0
    endloop
  endfacet
  facet normal -0.0491602 -0.998791 0
    outer loop
      vertex -31 -20.5 0
      vertex -30.8334 -20.5082 0.849999
      vertex -31 -20.5 0.849999
    endloop
  endfacet
  facet normal -0.0491602 -0.998791 -0
    outer loop
      vertex -30.8334 -20.5082 0.849999
      vertex -31 -20.5 0
      vertex -30.8334 -20.5082 0
    endloop
  endfacet
  facet normal -0.514231 -0.857652 0
    outer loop
      vertex -30.1986 -20.7007 0
      vertex -30.0555 -20.7865 0.849999
      vertex -30.1986 -20.7007 0.849999
    endloop
  endfacet
  facet normal -0.514231 -0.857652 -0
    outer loop
      vertex -30.0555 -20.7865 0.849999
      vertex -30.1986 -20.7007 0
      vertex -30.0555 -20.7865 0
    endloop
  endfacet
  facet normal -0.595772 -0.803154 0
    outer loop
      vertex -30.0555 -20.7865 0
      vertex -29.9215 -20.8859 0.849999
      vertex -30.0555 -20.7865 0.849999
    endloop
  endfacet
  facet normal -0.595772 -0.803154 -0
    outer loop
      vertex -29.9215 -20.8859 0.849999
      vertex -30.0555 -20.7865 0
      vertex -29.9215 -20.8859 0
    endloop
  endfacet
  facet normal 0.970072 -0.242818 0
    outer loop
      vertex -32.6673 -21.8683 0.849999
      vertex -32.6268 -21.7065 0
      vertex -32.6268 -21.7065 0.849999
    endloop
  endfacet
  facet normal 0.970072 -0.242818 0
    outer loop
      vertex -32.6268 -21.7065 0
      vertex -32.6673 -21.8683 0.849999
      vertex -32.6673 -21.8683 0
    endloop
  endfacet
  facet normal 0.904043 -0.427442 0
    outer loop
      vertex -32.5706 -21.5494 0.849999
      vertex -32.4993 -21.3986 0
      vertex -32.4993 -21.3986 0.849999
    endloop
  endfacet
  facet normal 0.904043 -0.427442 0
    outer loop
      vertex -32.4993 -21.3986 0
      vertex -32.5706 -21.5494 0.849999
      vertex -32.5706 -21.5494 0
    endloop
  endfacet
  facet normal 0.989168 -0.146788 0
    outer loop
      vertex -32.6918 -22.0334 0.849999
      vertex -32.6673 -21.8683 0
      vertex -32.6673 -21.8683 0.849999
    endloop
  endfacet
  facet normal 0.989168 -0.146788 0
    outer loop
      vertex -32.6673 -21.8683 0
      vertex -32.6918 -22.0334 0.849999
      vertex -32.6918 -22.0334 0
    endloop
  endfacet
  facet normal 0.595772 -0.803154 0
    outer loop
      vertex -32.0785 -20.8859 0
      vertex -31.9445 -20.7865 0.849999
      vertex -32.0785 -20.8859 0.849999
    endloop
  endfacet
  facet normal 0.595772 -0.803154 0
    outer loop
      vertex -31.9445 -20.7865 0.849999
      vertex -32.0785 -20.8859 0
      vertex -31.9445 -20.7865 0
    endloop
  endfacet
  facet normal 0.146788 -0.989168 0
    outer loop
      vertex -31.3317 -20.5327 0
      vertex -31.1666 -20.5082 0.849999
      vertex -31.3317 -20.5327 0.849999
    endloop
  endfacet
  facet normal 0.146788 -0.989168 0
    outer loop
      vertex -31.1666 -20.5082 0.849999
      vertex -31.3317 -20.5327 0
      vertex -31.1666 -20.5082 0
    endloop
  endfacet
  facet normal -0.998791 0.0491602 0
    outer loop
      vertex -29.3082 -22.3666 0
      vertex -29.3 -22.2 0.849999
      vertex -29.3 -22.2 0
    endloop
  endfacet
  facet normal -0.998791 0.0491602 0
    outer loop
      vertex -29.3 -22.2 0.849999
      vertex -29.3082 -22.3666 0
      vertex -29.3082 -22.3666 0.849999
    endloop
  endfacet
  facet normal -0.146788 0.989168 0
    outer loop
      vertex -30.6683 -23.8673 0
      vertex -30.8334 -23.8918 0.849999
      vertex -30.6683 -23.8673 0.849999
    endloop
  endfacet
  facet normal -0.146788 0.989168 0
    outer loop
      vertex -30.8334 -23.8918 0.849999
      vertex -30.6683 -23.8673 0
      vertex -30.8334 -23.8918 0
    endloop
  endfacet
  facet normal -0.0491602 0.998791 0
    outer loop
      vertex -30.8334 -23.8918 0
      vertex -31 -23.9 0.849999
      vertex -30.8334 -23.8918 0.849999
    endloop
  endfacet
  facet normal -0.0491602 0.998791 0
    outer loop
      vertex -31 -23.9 0.849999
      vertex -30.8334 -23.8918 0
      vertex -31 -23.9 0
    endloop
  endfacet
  facet normal -0.514231 0.857652 0
    outer loop
      vertex -30.0555 -23.6135 0
      vertex -30.1986 -23.6993 0.849999
      vertex -30.0555 -23.6135 0.849999
    endloop
  endfacet
  facet normal -0.514231 0.857652 0
    outer loop
      vertex -30.1986 -23.6993 0.849999
      vertex -30.0555 -23.6135 0
      vertex -30.1986 -23.6993 0
    endloop
  endfacet
  facet normal -0.671478 0.741024 0
    outer loop
      vertex -29.7979 -23.4021 0
      vertex -29.9215 -23.5141 0.849999
      vertex -29.7979 -23.4021 0.849999
    endloop
  endfacet
  facet normal -0.671478 0.741024 0
    outer loop
      vertex -29.9215 -23.5141 0.849999
      vertex -29.7979 -23.4021 0
      vertex -29.9215 -23.5141 0
    endloop
  endfacet
  facet normal -0.595772 0.803154 0
    outer loop
      vertex -29.9215 -23.5141 0
      vertex -30.0555 -23.6135 0.849999
      vertex -29.9215 -23.5141 0.849999
    endloop
  endfacet
  facet normal -0.595772 0.803154 0
    outer loop
      vertex -30.0555 -23.6135 0.849999
      vertex -29.9215 -23.5141 0
      vertex -30.0555 -23.6135 0
    endloop
  endfacet
  facet normal -0.803154 0.595772 0
    outer loop
      vertex -29.6859 -23.2785 0
      vertex -29.5865 -23.1445 0.849999
      vertex -29.5865 -23.1445 0
    endloop
  endfacet
  facet normal -0.803154 0.595772 0
    outer loop
      vertex -29.5865 -23.1445 0.849999
      vertex -29.6859 -23.2785 0
      vertex -29.6859 -23.2785 0.849999
    endloop
  endfacet
  facet normal -0.857652 0.514231 0
    outer loop
      vertex -29.5865 -23.1445 0
      vertex -29.5007 -23.0014 0.849999
      vertex -29.5007 -23.0014 0
    endloop
  endfacet
  facet normal -0.857652 0.514231 0
    outer loop
      vertex -29.5007 -23.0014 0.849999
      vertex -29.5865 -23.1445 0
      vertex -29.5865 -23.1445 0.849999
    endloop
  endfacet
  facet normal 0.671478 0.741024 -0
    outer loop
      vertex -32.0785 -23.5141 0
      vertex -32.2021 -23.4021 0.849999
      vertex -32.0785 -23.5141 0.849999
    endloop
  endfacet
  facet normal 0.671478 0.741024 0
    outer loop
      vertex -32.2021 -23.4021 0.849999
      vertex -32.0785 -23.5141 0
      vertex -32.2021 -23.4021 0
    endloop
  endfacet
  facet normal 0.595772 0.803154 -0
    outer loop
      vertex -31.9445 -23.6135 0
      vertex -32.0785 -23.5141 0.849999
      vertex -31.9445 -23.6135 0.849999
    endloop
  endfacet
  facet normal 0.595772 0.803154 0
    outer loop
      vertex -32.0785 -23.5141 0.849999
      vertex -31.9445 -23.6135 0
      vertex -32.0785 -23.5141 0
    endloop
  endfacet
  facet normal 0.514231 0.857652 -0
    outer loop
      vertex -31.8014 -23.6993 0
      vertex -31.9445 -23.6135 0.849999
      vertex -31.8014 -23.6993 0.849999
    endloop
  endfacet
  facet normal 0.514231 0.857652 0
    outer loop
      vertex -31.9445 -23.6135 0.849999
      vertex -31.8014 -23.6993 0
      vertex -31.9445 -23.6135 0
    endloop
  endfacet
  facet normal 0.146788 0.989168 -0
    outer loop
      vertex -31.1666 -23.8918 0
      vertex -31.3317 -23.8673 0.849999
      vertex -31.1666 -23.8918 0.849999
    endloop
  endfacet
  facet normal 0.146788 0.989168 0
    outer loop
      vertex -31.3317 -23.8673 0.849999
      vertex -31.1666 -23.8918 0
      vertex -31.3317 -23.8673 0
    endloop
  endfacet
  facet normal 0.904043 0.427442 0
    outer loop
      vertex -32.4993 -23.0014 0.849999
      vertex -32.5706 -22.8506 0
      vertex -32.5706 -22.8506 0.849999
    endloop
  endfacet
  facet normal 0.904043 0.427442 0
    outer loop
      vertex -32.5706 -22.8506 0
      vertex -32.4993 -23.0014 0.849999
      vertex -32.4993 -23.0014 0
    endloop
  endfacet
  facet normal 0.857652 0.514231 0
    outer loop
      vertex -32.4135 -23.1445 0.849999
      vertex -32.4993 -23.0014 0
      vertex -32.4993 -23.0014 0.849999
    endloop
  endfacet
  facet normal 0.857652 0.514231 0
    outer loop
      vertex -32.4993 -23.0014 0
      vertex -32.4135 -23.1445 0.849999
      vertex -32.4135 -23.1445 0
    endloop
  endfacet
  facet normal 0.941566 0.33683 0
    outer loop
      vertex -32.5706 -22.8506 0.849999
      vertex -32.6268 -22.6935 0
      vertex -32.6268 -22.6935 0.849999
    endloop
  endfacet
  facet normal 0.941566 0.33683 0
    outer loop
      vertex -32.6268 -22.6935 0
      vertex -32.5706 -22.8506 0.849999
      vertex -32.5706 -22.8506 0
    endloop
  endfacet
  facet normal 0.998791 0.0491602 0
    outer loop
      vertex -32.6918 -22.3666 0.849999
      vertex -32.7 -22.2 0
      vertex -32.7 -22.2 0.849999
    endloop
  endfacet
  facet normal 0.998791 0.0491602 0
    outer loop
      vertex -32.7 -22.2 0
      vertex -32.6918 -22.3666 0.849999
      vertex -32.6918 -22.3666 0
    endloop
  endfacet
  facet normal -0.741024 -0.671478 0
    outer loop
      vertex -29.6859 -21.1215 0
      vertex -29.7979 -20.9979 0.849999
      vertex -29.7979 -20.9979 0
    endloop
  endfacet
  facet normal -0.741024 -0.671478 0
    outer loop
      vertex -29.7979 -20.9979 0.849999
      vertex -29.6859 -21.1215 0
      vertex -29.6859 -21.1215 0.849999
    endloop
  endfacet
  facet normal -0.242818 -0.970072 0
    outer loop
      vertex -30.6683 -20.5327 0
      vertex -30.5065 -20.5732 0.849999
      vertex -30.6683 -20.5327 0.849999
    endloop
  endfacet
  facet normal -0.242818 -0.970072 -0
    outer loop
      vertex -30.5065 -20.5732 0.849999
      vertex -30.6683 -20.5327 0
      vertex -30.5065 -20.5732 0
    endloop
  endfacet
  facet normal -0.427442 -0.904043 0
    outer loop
      vertex -30.3494 -20.6294 0
      vertex -30.1986 -20.7007 0.849999
      vertex -30.3494 -20.6294 0.849999
    endloop
  endfacet
  facet normal -0.427442 -0.904043 -0
    outer loop
      vertex -30.1986 -20.7007 0.849999
      vertex -30.3494 -20.6294 0
      vertex -30.1986 -20.7007 0
    endloop
  endfacet
  facet normal 0.941566 -0.33683 0
    outer loop
      vertex -32.6268 -21.7065 0.849999
      vertex -32.5706 -21.5494 0
      vertex -32.5706 -21.5494 0.849999
    endloop
  endfacet
  facet normal 0.941566 -0.33683 0
    outer loop
      vertex -32.5706 -21.5494 0
      vertex -32.6268 -21.7065 0.849999
      vertex -32.6268 -21.7065 0
    endloop
  endfacet
  facet normal 0.671478 -0.741024 0
    outer loop
      vertex -32.2021 -20.9979 0
      vertex -32.0785 -20.8859 0.849999
      vertex -32.2021 -20.9979 0.849999
    endloop
  endfacet
  facet normal 0.671478 -0.741024 0
    outer loop
      vertex -32.0785 -20.8859 0.849999
      vertex -32.2021 -20.9979 0
      vertex -32.0785 -20.8859 0
    endloop
  endfacet
  facet normal 0.514231 -0.857652 0
    outer loop
      vertex -31.9445 -20.7865 0
      vertex -31.8014 -20.7007 0.849999
      vertex -31.9445 -20.7865 0.849999
    endloop
  endfacet
  facet normal 0.514231 -0.857652 0
    outer loop
      vertex -31.8014 -20.7007 0.849999
      vertex -31.9445 -20.7865 0
      vertex -31.8014 -20.7007 0
    endloop
  endfacet
  facet normal 0.33683 -0.941566 0
    outer loop
      vertex -31.6506 -20.6294 0
      vertex -31.4935 -20.5732 0.849999
      vertex -31.6506 -20.6294 0.849999
    endloop
  endfacet
  facet normal 0.33683 -0.941566 0
    outer loop
      vertex -31.4935 -20.5732 0.849999
      vertex -31.6506 -20.6294 0
      vertex -31.4935 -20.5732 0
    endloop
  endfacet
  facet normal -0.427442 0.904043 0
    outer loop
      vertex -30.1986 -23.6993 0
      vertex -30.3494 -23.7706 0.849999
      vertex -30.1986 -23.6993 0.849999
    endloop
  endfacet
  facet normal -0.427442 0.904043 0
    outer loop
      vertex -30.3494 -23.7706 0.849999
      vertex -30.1986 -23.6993 0
      vertex -30.3494 -23.7706 0
    endloop
  endfacet
  facet normal -0.941566 0.33683 0
    outer loop
      vertex -29.4294 -22.8506 0
      vertex -29.3732 -22.6935 0.849999
      vertex -29.3732 -22.6935 0
    endloop
  endfacet
  facet normal -0.941566 0.33683 0
    outer loop
      vertex -29.3732 -22.6935 0.849999
      vertex -29.4294 -22.8506 0
      vertex -29.4294 -22.8506 0.849999
    endloop
  endfacet
  facet normal -0.989168 0.146788 0
    outer loop
      vertex -29.3327 -22.5317 0
      vertex -29.3082 -22.3666 0.849999
      vertex -29.3082 -22.3666 0
    endloop
  endfacet
  facet normal -0.989168 0.146788 0
    outer loop
      vertex -29.3082 -22.3666 0.849999
      vertex -29.3327 -22.5317 0
      vertex -29.3327 -22.5317 0.849999
    endloop
  endfacet
  facet normal 0.427442 0.904043 -0
    outer loop
      vertex -31.6506 -23.7706 0
      vertex -31.8014 -23.6993 0.849999
      vertex -31.6506 -23.7706 0.849999
    endloop
  endfacet
  facet normal 0.427442 0.904043 0
    outer loop
      vertex -31.8014 -23.6993 0.849999
      vertex -31.6506 -23.7706 0
      vertex -31.8014 -23.6993 0
    endloop
  endfacet
  facet normal 0.242818 0.970072 -0
    outer loop
      vertex -31.3317 -23.8673 0
      vertex -31.4935 -23.8268 0.849999
      vertex -31.3317 -23.8673 0.849999
    endloop
  endfacet
  facet normal 0.242818 0.970072 0
    outer loop
      vertex -31.4935 -23.8268 0.849999
      vertex -31.3317 -23.8673 0
      vertex -31.4935 -23.8268 0
    endloop
  endfacet
  facet normal 0.0491602 0.998791 -0
    outer loop
      vertex -31 -23.9 0
      vertex -31.1666 -23.8918 0.849999
      vertex -31 -23.9 0.849999
    endloop
  endfacet
  facet normal 0.0491602 0.998791 0
    outer loop
      vertex -31.1666 -23.8918 0.849999
      vertex -31 -23.9 0
      vertex -31.1666 -23.8918 0
    endloop
  endfacet
  facet normal 0.741024 0.671478 0
    outer loop
      vertex -32.2021 -23.4021 0.849999
      vertex -32.3141 -23.2785 0
      vertex -32.3141 -23.2785 0.849999
    endloop
  endfacet
  facet normal 0.741024 0.671478 0
    outer loop
      vertex -32.3141 -23.2785 0
      vertex -32.2021 -23.4021 0.849999
      vertex -32.2021 -23.4021 0
    endloop
  endfacet
  facet normal 0.989168 0.146788 0
    outer loop
      vertex -32.6673 -22.5317 0.849999
      vertex -32.6918 -22.3666 0
      vertex -32.6918 -22.3666 0.849999
    endloop
  endfacet
  facet normal 0.989168 0.146788 0
    outer loop
      vertex -32.6918 -22.3666 0
      vertex -32.6673 -22.5317 0.849999
      vertex -32.6673 -22.5317 0
    endloop
  endfacet
  facet normal -0.242818 0.970072 0
    outer loop
      vertex -30.5065 -23.8268 0
      vertex -30.6683 -23.8673 0.849999
      vertex -30.5065 -23.8268 0.849999
    endloop
  endfacet
  facet normal -0.242818 0.970072 0
    outer loop
      vertex -30.6683 -23.8673 0.849999
      vertex -30.5065 -23.8268 0
      vertex -30.6683 -23.8673 0
    endloop
  endfacet
  facet normal -0.525982 0.476618 0.704399
    outer loop
      vertex -29.7979 -23.4021 0.849999
      vertex -28.7082 -24.4903 2.4
      vertex -29.6859 -23.2785 0.849999
    endloop
  endfacet
  facet normal -0.534446 0.46764 0.704046
    outer loop
      vertex -28.7082 -24.4903 2.4
      vertex -29.7979 -23.4021 0.849999
      vertex -28.7089 -24.4911 2.4
    endloop
  endfacet
  facet normal -0.708936 -0.0349428 0.704407
    outer loop
      vertex -27.7599 -22.2 2.4
      vertex -27.7755 -21.8835 2.4
      vertex -29.3 -22.2 0.849999
    endloop
  endfacet
  facet normal -0.711064 0 0.703127
    outer loop
      vertex -29.3082 -22.0334 0.849999
      vertex -27.7755 -21.8835 2.4
      vertex -27.7755 -21.8824 2.4
    endloop
  endfacet
  facet normal -0.708942 -0.0348939 0.704403
    outer loop
      vertex -27.7755 -21.8835 2.4
      vertex -29.3082 -22.0334 0.849999
      vertex -29.3 -22.2 0.849999
    endloop
  endfacet
  facet normal -0.708942 0.0348939 0.704403
    outer loop
      vertex -29.3082 -22.3666 0.849999
      vertex -27.7755 -22.5165 2.4
      vertex -29.3 -22.2 0.849999
    endloop
  endfacet
  facet normal -0.711064 0 0.703127
    outer loop
      vertex -27.7755 -22.5165 2.4
      vertex -29.3082 -22.3666 0.849999
      vertex -27.7755 -22.5176 2.4
    endloop
  endfacet
  facet normal 0.708942 0.0348939 0.704403
    outer loop
      vertex -34.2245 -22.5165 2.4
      vertex -32.6918 -22.3666 0.849999
      vertex -32.7 -22.2 0.849999
    endloop
  endfacet
  facet normal 0.711064 0 0.703127
    outer loop
      vertex -32.6918 -22.3666 0.849999
      vertex -34.2245 -22.5165 2.4
      vertex -34.2245 -22.5176 2.4
    endloop
  endfacet
  facet normal -0.0349428 0.708936 0.704407
    outer loop
      vertex -30.6835 -25.4245 2.4
      vertex -31 -23.9 0.849999
      vertex -31 -25.4401 2.4
    endloop
  endfacet
  facet normal 0.104173 -0.702103 0.704414
    outer loop
      vertex -31.1666 -20.5082 0.849999
      vertex -31.3176 -18.9755 2.4
      vertex -31.631 -19.022 2.4
    endloop
  endfacet
  facet normal 0.570143 -0.422793 0.704402
    outer loop
      vertex -32.3141 -21.1215 0.849999
      vertex -33.5046 -20.1445 2.4
      vertex -33.6934 -20.3991 2.4
    endloop
  endfacet
  facet normal -0.422793 -0.570143 0.704402
    outer loop
      vertex -28.9445 -19.6954 2.4
      vertex -29.1991 -19.5066 2.4
      vertex -29.9215 -20.8859 0.849999
    endloop
  endfacet
  facet normal -0.702116 0.104142 0.704406
    outer loop
      vertex -27.8222 -22.8321 2.4
      vertex -27.7757 -22.5186 2.4
      vertex -29.3327 -22.5317 0.849999
    endloop
  endfacet
  facet normal -0.567924 0.425943 0.704298
    outer loop
      vertex -29.5865 -23.1445 0.849999
      vertex -28.3066 -24.0009 2.4
      vertex -28.306 -24.0001 2.4
    endloop
  endfacet
  facet normal -0.570086 0.422885 0.704394
    outer loop
      vertex -28.3066 -24.0009 2.4
      vertex -29.5865 -23.1445 0.849999
      vertex -29.6859 -23.2785 0.849999
    endloop
  endfacet
  facet normal 0.711064 -0 0.703127
    outer loop
      vertex -34.2245 -21.8835 2.4
      vertex -32.6918 -22.0334 0.849999
      vertex -34.2245 -21.8824 2.4
    endloop
  endfacet
  facet normal 0.708942 -0.0348939 0.704403
    outer loop
      vertex -32.6918 -22.0334 0.849999
      vertex -34.2245 -21.8835 2.4
      vertex -32.7 -22.2 0.849999
    endloop
  endfacet
  facet normal -0.668297 0.239189 0.704391
    outer loop
      vertex -28.0066 -23.4399 2.4
      vertex -27.8998 -23.1415 2.4
      vertex -29.4294 -22.8506 0.849999
    endloop
  endfacet
  facet normal -0.708936 0.0349428 0.704407
    outer loop
      vertex -27.7755 -22.5165 2.4
      vertex -27.7599 -22.2 2.4
      vertex -29.3 -22.2 0.849999
    endloop
  endfacet
  facet normal -0.658675 0.26347 0.704791
    outer loop
      vertex -29.4294 -22.8506 0.849999
      vertex -28.007 -23.4409 2.4
      vertex -28.0066 -23.4399 2.4
    endloop
  endfacet
  facet normal -0.641687 0.303397 0.704406
    outer loop
      vertex -28.007 -23.4409 2.4
      vertex -29.4294 -22.8506 0.849999
      vertex -29.5007 -23.0014 0.849999
    endloop
  endfacet
  facet normal -0.303397 0.641687 0.704406
    outer loop
      vertex -30.3494 -23.7706 0.849999
      vertex -29.7591 -25.193 2.4
      vertex -30.1986 -23.6993 0.849999
    endloop
  endfacet
  facet normal -0.26347 0.658675 0.704791
    outer loop
      vertex -29.7591 -25.193 2.4
      vertex -30.3494 -23.7706 0.849999
      vertex -29.7601 -25.1934 2.4
    endloop
  endfacet
  facet normal -0.238991 0.668369 0.70439
    outer loop
      vertex -30.0595 -25.3005 2.4
      vertex -29.7611 -25.1938 2.4
      vertex -30.5065 -23.8268 0.849999
    endloop
  endfacet
  facet normal -0.47666 0.525938 0.704404
    outer loop
      vertex -28.9445 -24.7046 2.4
      vertex -28.7097 -24.4918 2.4
      vertex -29.9215 -23.5141 0.849999
    endloop
  endfacet
  facet normal 0.668297 0.239189 0.704391
    outer loop
      vertex -33.9934 -23.4399 2.4
      vertex -32.5706 -22.8506 0.849999
      vertex -34.1002 -23.1415 2.4
    endloop
  endfacet
  facet normal 0.702116 0.104142 0.704406
    outer loop
      vertex -34.1778 -22.8321 2.4
      vertex -32.6673 -22.5317 0.849999
      vertex -34.2243 -22.5186 2.4
    endloop
  endfacet
  facet normal 0.239189 -0.668297 0.704391
    outer loop
      vertex -31.6506 -20.6294 0.849999
      vertex -31.9415 -19.0998 2.4
      vertex -32.2399 -19.2066 2.4
    endloop
  endfacet
  facet normal 0.668326 -0.239083 0.7044
    outer loop
      vertex -34.1002 -21.2585 2.4
      vertex -32.6268 -21.7065 0.849999
      vertex -32.5706 -21.5494 0.849999
    endloop
  endfacet
  facet normal 0.679475 -0.203843 0.704813
    outer loop
      vertex -32.6268 -21.7065 0.849999
      vertex -34.1002 -21.2585 2.4
      vertex -34.1005 -21.2595 2.4
    endloop
  endfacet
  facet normal 0.688526 -0.172468 0.704405
    outer loop
      vertex -32.6673 -21.8683 0.849999
      vertex -34.1008 -21.2605 2.4
      vertex -34.1778 -21.5679 2.4
    endloop
  endfacet
  facet normal -0.203843 -0.679475 0.704813
    outer loop
      vertex -30.0605 -19.0992 2.4
      vertex -30.5065 -20.5732 0.849999
      vertex -30.0595 -19.0995 2.4
    endloop
  endfacet
  facet normal -0.172354 -0.688564 0.704396
    outer loop
      vertex -30.5065 -20.5732 0.849999
      vertex -30.0605 -19.0992 2.4
      vertex -30.6683 -20.5327 0.849999
    endloop
  endfacet
  facet normal -0.608828 -0.364894 0.704401
    outer loop
      vertex -28.1425 -20.6726 2.4
      vertex -28.3054 -20.4008 2.4
      vertex -29.5007 -21.3986 0.849999
    endloop
  endfacet
  facet normal -0.69729 0.139458 0.703092
    outer loop
      vertex -29.3082 -22.3666 0.849999
      vertex -27.7757 -22.5186 2.4
      vertex -27.7755 -22.5176 2.4
    endloop
  endfacet
  facet normal -0.702112 0.10419 0.704402
    outer loop
      vertex -27.7757 -22.5186 2.4
      vertex -29.3082 -22.3666 0.849999
      vertex -29.3327 -22.5317 0.849999
    endloop
  endfacet
  facet normal -0.688526 0.172468 0.704405
    outer loop
      vertex -27.8992 -23.1395 2.4
      vertex -27.8222 -22.8321 2.4
      vertex -29.3327 -22.5317 0.849999
    endloop
  endfacet
  facet normal -0.570143 0.422793 0.704402
    outer loop
      vertex -28.4954 -24.2555 2.4
      vertex -28.3066 -24.0009 2.4
      vertex -29.6859 -23.2785 0.849999
    endloop
  endfacet
  facet normal -0.525938 0.47666 0.704404
    outer loop
      vertex -28.7082 -24.4903 2.4
      vertex -28.4954 -24.2555 2.4
      vertex -29.6859 -23.2785 0.849999
    endloop
  endfacet
  facet normal -0.608828 0.364894 0.704401
    outer loop
      vertex -28.3054 -23.9992 2.4
      vertex -28.1425 -23.7274 2.4
      vertex -29.5007 -23.0014 0.849999
    endloop
  endfacet
  facet normal -0.641658 0.303472 0.7044
    outer loop
      vertex -28.1425 -23.7274 2.4
      vertex -28.007 -23.4409 2.4
      vertex -29.5007 -23.0014 0.849999
    endloop
  endfacet
  facet normal -0.172472 0.688543 0.704387
    outer loop
      vertex -30.3669 -25.3775 2.4
      vertex -30.0595 -25.3005 2.4
      vertex -30.5065 -23.8268 0.849999
    endloop
  endfacet
  facet normal -0.172354 0.688563 0.704397
    outer loop
      vertex -30.6683 -23.8673 0.849999
      vertex -30.3669 -25.3775 2.4
      vertex -30.5065 -23.8268 0.849999
    endloop
  endfacet
  facet normal -0.204295 0.680984 0.703224
    outer loop
      vertex -30.3669 -25.3775 2.4
      vertex -30.6683 -23.8673 0.849999
      vertex -30.3679 -25.3778 2.4
    endloop
  endfacet
  facet normal -0.393494 0.590242 0.704824
    outer loop
      vertex -30.0555 -23.6135 0.849999
      vertex -29.2008 -24.8946 2.4
      vertex -29.1999 -24.894 2.4
    endloop
  endfacet
  facet normal -0.364997 0.608754 0.704411
    outer loop
      vertex -29.2008 -24.8946 2.4
      vertex -30.0555 -23.6135 0.849999
      vertex -30.1986 -23.6993 0.849999
    endloop
  endfacet
  facet normal -0.422793 0.570143 0.704402
    outer loop
      vertex -29.1991 -24.8934 2.4
      vertex -28.9445 -24.7046 2.4
      vertex -29.9215 -23.5141 0.849999
    endloop
  endfacet
  facet normal -0.422885 0.570086 0.704394
    outer loop
      vertex -30.0555 -23.6135 0.849999
      vertex -29.1991 -24.8934 2.4
      vertex -29.9215 -23.5141 0.849999
    endloop
  endfacet
  facet normal -0.425943 0.567924 0.704298
    outer loop
      vertex -29.1991 -24.8934 2.4
      vertex -30.0555 -23.6135 0.849999
      vertex -29.1999 -24.894 2.4
    endloop
  endfacet
  facet normal 0.702112 0.10419 0.704402
    outer loop
      vertex -32.6918 -22.3666 0.849999
      vertex -34.2243 -22.5186 2.4
      vertex -32.6673 -22.5317 0.849999
    endloop
  endfacet
  facet normal 0.69729 0.139458 0.703092
    outer loop
      vertex -34.2243 -22.5186 2.4
      vertex -32.6918 -22.3666 0.849999
      vertex -34.2245 -22.5176 2.4
    endloop
  endfacet
  facet normal 0.525938 0.47666 0.704404
    outer loop
      vertex -33.2918 -24.4903 2.4
      vertex -32.3141 -23.2785 0.849999
      vertex -33.5046 -24.2555 2.4
    endloop
  endfacet
  facet normal 0.303397 0.641687 0.704406
    outer loop
      vertex -32.2409 -25.193 2.4
      vertex -31.6506 -23.7706 0.849999
      vertex -31.8014 -23.6993 0.849999
    endloop
  endfacet
  facet normal 0.26347 0.658675 0.704791
    outer loop
      vertex -31.6506 -23.7706 0.849999
      vertex -32.2409 -25.193 2.4
      vertex -32.2399 -25.1934 2.4
    endloop
  endfacet
  facet normal 0.238991 0.668369 0.70439
    outer loop
      vertex -31.9405 -25.3005 2.4
      vertex -31.4935 -23.8268 0.849999
      vertex -32.2389 -25.1938 2.4
    endloop
  endfacet
  facet normal 0.570086 -0.422885 0.704394
    outer loop
      vertex -33.6934 -20.3991 2.4
      vertex -32.4135 -21.2555 0.849999
      vertex -32.3141 -21.1215 0.849999
    endloop
  endfacet
  facet normal 0.567924 -0.425943 0.704298
    outer loop
      vertex -32.4135 -21.2555 0.849999
      vertex -33.6934 -20.3991 2.4
      vertex -33.694 -20.3999 2.4
    endloop
  endfacet
  facet normal 0.47666 -0.525938 0.704404
    outer loop
      vertex -32.0785 -20.8859 0.849999
      vertex -33.0555 -19.6954 2.4
      vertex -33.2903 -19.9082 2.4
    endloop
  endfacet
  facet normal 0.172354 -0.688564 0.704396
    outer loop
      vertex -31.9395 -19.0992 2.4
      vertex -31.4935 -20.5732 0.849999
      vertex -31.3317 -20.5327 0.849999
    endloop
  endfacet
  facet normal 0.203843 -0.679475 0.704813
    outer loop
      vertex -31.4935 -20.5732 0.849999
      vertex -31.9395 -19.0992 2.4
      vertex -31.9405 -19.0995 2.4
    endloop
  endfacet
  facet normal 0.660635 -0.264254 0.70266
    outer loop
      vertex -33.8579 -20.6736 2.4
      vertex -32.4993 -21.3986 0.849999
      vertex -33.8575 -20.6726 2.4
    endloop
  endfacet
  facet normal 0.641708 -0.303407 0.704383
    outer loop
      vertex -32.4993 -21.3986 0.849999
      vertex -33.8579 -20.6736 2.4
      vertex -32.5706 -21.5494 0.849999
    endloop
  endfacet
  facet normal 0.668297 -0.239189 0.704391
    outer loop
      vertex -32.5706 -21.5494 0.849999
      vertex -33.9934 -20.9601 2.4
      vertex -34.1002 -21.2585 2.4
    endloop
  endfacet
  facet normal 0.702116 -0.104142 0.704406
    outer loop
      vertex -32.6673 -21.8683 0.849999
      vertex -34.1778 -21.5679 2.4
      vertex -34.2243 -21.8814 2.4
    endloop
  endfacet
  facet normal 0.708936 -0.0349428 0.704407
    outer loop
      vertex -32.7 -22.2 0.849999
      vertex -34.2245 -21.8835 2.4
      vertex -34.2401 -22.2 2.4
    endloop
  endfacet
  facet normal 0.708936 0.0349428 0.704407
    outer loop
      vertex -34.2245 -22.5165 2.4
      vertex -32.7 -22.2 0.849999
      vertex -34.2401 -22.2 2.4
    endloop
  endfacet
  facet normal -0.239189 -0.668297 0.704391
    outer loop
      vertex -29.7601 -19.2066 2.4
      vertex -30.0585 -19.0998 2.4
      vertex -30.3494 -20.6294 0.849999
    endloop
  endfacet
  facet normal -0.126905 -0.697978 0.704785
    outer loop
      vertex -30.369 -19.022 2.4
      vertex -30.6683 -20.5327 0.849999
      vertex -30.3679 -19.0222 2.4
    endloop
  endfacet
  facet normal -0.104188 -0.702099 0.704416
    outer loop
      vertex -30.6683 -20.5327 0.849999
      vertex -30.369 -19.022 2.4
      vertex -30.8334 -20.5082 0.849999
    endloop
  endfacet
  facet normal -0.590242 -0.393494 0.704824
    outer loop
      vertex -29.5865 -21.2555 0.849999
      vertex -28.3054 -20.4008 2.4
      vertex -28.306 -20.3999 2.4
    endloop
  endfacet
  facet normal -0.608754 -0.364997 0.704411
    outer loop
      vertex -28.3054 -20.4008 2.4
      vertex -29.5865 -21.2555 0.849999
      vertex -29.5007 -21.3986 0.849999
    endloop
  endfacet
  facet normal -0.688564 0.172354 0.704396
    outer loop
      vertex -29.3732 -22.6935 0.849999
      vertex -27.8992 -23.1395 2.4
      vertex -29.3327 -22.5317 0.849999
    endloop
  endfacet
  facet normal -0.679475 0.203843 0.704813
    outer loop
      vertex -27.8992 -23.1395 2.4
      vertex -29.3732 -22.6935 0.849999
      vertex -27.8995 -23.1405 2.4
    endloop
  endfacet
  facet normal -0.679475 0.203843 0.704813
    outer loop
      vertex -29.3732 -22.6935 0.849999
      vertex -27.8998 -23.1415 2.4
      vertex -27.8995 -23.1405 2.4
    endloop
  endfacet
  facet normal -0.668326 0.239083 0.7044
    outer loop
      vertex -27.8998 -23.1415 2.4
      vertex -29.3732 -22.6935 0.849999
      vertex -29.4294 -22.8506 0.849999
    endloop
  endfacet
  facet normal -0.608754 0.364997 0.704411
    outer loop
      vertex -29.5865 -23.1445 0.849999
      vertex -28.3054 -23.9992 2.4
      vertex -29.5007 -23.0014 0.849999
    endloop
  endfacet
  facet normal -0.590242 0.393494 0.704824
    outer loop
      vertex -28.3054 -23.9992 2.4
      vertex -29.5865 -23.1445 0.849999
      vertex -28.306 -24.0001 2.4
    endloop
  endfacet
  facet normal -0.104142 0.702116 0.704406
    outer loop
      vertex -30.3679 -25.3778 2.4
      vertex -30.6683 -23.8673 0.849999
      vertex -30.6814 -25.4243 2.4
    endloop
  endfacet
  facet normal -0.364894 0.608828 0.704401
    outer loop
      vertex -29.4726 -25.0575 2.4
      vertex -29.2008 -24.8946 2.4
      vertex -30.1986 -23.6993 0.849999
    endloop
  endfacet
  facet normal -0.303472 0.641658 0.7044
    outer loop
      vertex -29.7591 -25.193 2.4
      vertex -29.4726 -25.0575 2.4
      vertex -30.1986 -23.6993 0.849999
    endloop
  endfacet
  facet normal -0.46764 0.534446 0.704046
    outer loop
      vertex -29.7979 -23.4021 0.849999
      vertex -28.7097 -24.4918 2.4
      vertex -28.7089 -24.4911 2.4
    endloop
  endfacet
  facet normal -0.476618 0.525982 0.704399
    outer loop
      vertex -28.7097 -24.4918 2.4
      vertex -29.7979 -23.4021 0.849999
      vertex -29.9215 -23.5141 0.849999
    endloop
  endfacet
  facet normal 0.641687 0.303397 0.704406
    outer loop
      vertex -32.5706 -22.8506 0.849999
      vertex -33.993 -23.4409 2.4
      vertex -32.4993 -23.0014 0.849999
    endloop
  endfacet
  facet normal 0.658675 0.26347 0.704791
    outer loop
      vertex -33.993 -23.4409 2.4
      vertex -32.5706 -22.8506 0.849999
      vertex -33.9934 -23.4399 2.4
    endloop
  endfacet
  facet normal 0.476618 0.525982 0.704399
    outer loop
      vertex -32.2021 -23.4021 0.849999
      vertex -33.2903 -24.4918 2.4
      vertex -32.0785 -23.5141 0.849999
    endloop
  endfacet
  facet normal 0.46764 0.534446 0.704046
    outer loop
      vertex -33.2903 -24.4918 2.4
      vertex -32.2021 -23.4021 0.849999
      vertex -33.2911 -24.4911 2.4
    endloop
  endfacet
  facet normal 0.688526 0.172468 0.704405
    outer loop
      vertex -34.1008 -23.1395 2.4
      vertex -32.6673 -22.5317 0.849999
      vertex -34.1778 -22.8321 2.4
    endloop
  endfacet
  facet normal 0.303472 0.641658 0.7044
    outer loop
      vertex -32.2409 -25.193 2.4
      vertex -31.8014 -23.6993 0.849999
      vertex -32.5274 -25.0575 2.4
    endloop
  endfacet
  facet normal 0.139458 0.69729 0.703092
    outer loop
      vertex -31.1666 -23.8918 0.849999
      vertex -31.3186 -25.4243 2.4
      vertex -31.3176 -25.4245 2.4
    endloop
  endfacet
  facet normal 0.10419 0.702112 0.704402
    outer loop
      vertex -31.3186 -25.4243 2.4
      vertex -31.1666 -23.8918 0.849999
      vertex -31.3317 -23.8673 0.849999
    endloop
  endfacet
  facet normal 0.364894 0.608828 0.704401
    outer loop
      vertex -32.5274 -25.0575 2.4
      vertex -31.8014 -23.6993 0.849999
      vertex -32.7992 -24.8946 2.4
    endloop
  endfacet
  facet normal 0.364997 0.608754 0.704411
    outer loop
      vertex -31.9445 -23.6135 0.849999
      vertex -32.7992 -24.8946 2.4
      vertex -31.8014 -23.6993 0.849999
    endloop
  endfacet
  facet normal 0.393494 0.590242 0.704824
    outer loop
      vertex -32.7992 -24.8946 2.4
      vertex -31.9445 -23.6135 0.849999
      vertex -32.8001 -24.894 2.4
    endloop
  endfacet
  facet normal 0.422793 -0.570143 0.704402
    outer loop
      vertex -32.0785 -20.8859 0.849999
      vertex -32.8009 -19.5066 2.4
      vertex -33.0555 -19.6954 2.4
    endloop
  endfacet
  facet normal 0.525938 -0.47666 0.704404
    outer loop
      vertex -32.3141 -21.1215 0.849999
      vertex -33.2918 -19.9097 2.4
      vertex -33.5046 -20.1445 2.4
    endloop
  endfacet
  facet normal 0.425943 -0.567924 0.704298
    outer loop
      vertex -32.8009 -19.5066 2.4
      vertex -31.9445 -20.7865 0.849999
      vertex -32.8001 -19.506 2.4
    endloop
  endfacet
  facet normal 0.422885 -0.570086 0.704394
    outer loop
      vertex -31.9445 -20.7865 0.849999
      vertex -32.8009 -19.5066 2.4
      vertex -32.0785 -20.8859 0.849999
    endloop
  endfacet
  facet normal 0.364894 -0.608828 0.704401
    outer loop
      vertex -31.8014 -20.7007 0.849999
      vertex -32.5274 -19.3425 2.4
      vertex -32.7992 -19.5054 2.4
    endloop
  endfacet
  facet normal 0.26347 -0.658675 0.704791
    outer loop
      vertex -32.2409 -19.207 2.4
      vertex -31.6506 -20.6294 0.849999
      vertex -32.2399 -19.2066 2.4
    endloop
  endfacet
  facet normal 0.303397 -0.641687 0.704406
    outer loop
      vertex -31.6506 -20.6294 0.849999
      vertex -32.2409 -19.207 2.4
      vertex -31.8014 -20.7007 0.849999
    endloop
  endfacet
  facet normal 0.303472 -0.641658 0.7044
    outer loop
      vertex -31.8014 -20.7007 0.849999
      vertex -32.2409 -19.207 2.4
      vertex -32.5274 -19.3425 2.4
    endloop
  endfacet
  facet normal 0.172468 -0.688526 0.704405
    outer loop
      vertex -31.3317 -20.5327 0.849999
      vertex -31.6321 -19.0222 2.4
      vertex -31.9395 -19.0992 2.4
    endloop
  endfacet
  facet normal 0.104188 -0.702099 0.704416
    outer loop
      vertex -31.631 -19.022 2.4
      vertex -31.3317 -20.5327 0.849999
      vertex -31.1666 -20.5082 0.849999
    endloop
  endfacet
  facet normal 0.126905 -0.697978 0.704785
    outer loop
      vertex -31.3317 -20.5327 0.849999
      vertex -31.631 -19.022 2.4
      vertex -31.6321 -19.0222 2.4
    endloop
  endfacet
  facet normal 0.641668 -0.303477 0.704389
    outer loop
      vertex -32.5706 -21.5494 0.849999
      vertex -33.8579 -20.6736 2.4
      vertex -33.9934 -20.9601 2.4
    endloop
  endfacet
  facet normal 0.679475 -0.203843 0.704813
    outer loop
      vertex -34.1008 -21.2605 2.4
      vertex -32.6268 -21.7065 0.849999
      vertex -34.1005 -21.2595 2.4
    endloop
  endfacet
  facet normal 0.688564 -0.172354 0.704396
    outer loop
      vertex -32.6268 -21.7065 0.849999
      vertex -34.1008 -21.2605 2.4
      vertex -32.6673 -21.8683 0.849999
    endloop
  endfacet
  facet normal -0.303472 -0.641658 0.7044
    outer loop
      vertex -29.4726 -19.3425 2.4
      vertex -29.7591 -19.207 2.4
      vertex -30.1986 -20.7007 0.849999
    endloop
  endfacet
  facet normal -0.26347 -0.658675 0.704791
    outer loop
      vertex -30.3494 -20.6294 0.849999
      vertex -29.7591 -19.207 2.4
      vertex -29.7601 -19.2066 2.4
    endloop
  endfacet
  facet normal -0.303397 -0.641687 0.704406
    outer loop
      vertex -29.7591 -19.207 2.4
      vertex -30.3494 -20.6294 0.849999
      vertex -30.1986 -20.7007 0.849999
    endloop
  endfacet
  facet normal -0.0643544 -0.707898 0.703376
    outer loop
      vertex -31 -20.5 0.849999
      vertex -30.9989 -18.96 2.4
      vertex -31 -18.9599 2.4
    endloop
  endfacet
  facet normal -0.0348942 -0.708947 0.704398
    outer loop
      vertex -30.9989 -18.96 2.4
      vertex -31 -20.5 0.849999
      vertex -30.8334 -20.5082 0.849999
    endloop
  endfacet
  facet normal -0.534446 -0.46764 0.704046
    outer loop
      vertex -29.7979 -20.9979 0.849999
      vertex -28.7082 -19.9097 2.4
      vertex -28.7089 -19.9089 2.4
    endloop
  endfacet
  facet normal -0.525982 -0.476618 0.704399
    outer loop
      vertex -28.7082 -19.9097 2.4
      vertex -29.7979 -20.9979 0.849999
      vertex -29.6859 -21.1215 0.849999
    endloop
  endfacet
  facet normal -0.26347 0.658675 0.704791
    outer loop
      vertex -30.3494 -23.7706 0.849999
      vertex -29.7611 -25.1938 2.4
      vertex -29.7601 -25.1934 2.4
    endloop
  endfacet
  facet normal -0.239084 0.668328 0.704398
    outer loop
      vertex -29.7611 -25.1938 2.4
      vertex -30.3494 -23.7706 0.849999
      vertex -30.5065 -23.8268 0.849999
    endloop
  endfacet
  facet normal -0.10419 0.702112 0.704402
    outer loop
      vertex -30.8334 -23.8918 0.849999
      vertex -30.6814 -25.4243 2.4
      vertex -30.6683 -23.8673 0.849999
    endloop
  endfacet
  facet normal -0.139458 0.69729 0.703092
    outer loop
      vertex -30.6814 -25.4243 2.4
      vertex -30.8334 -23.8918 0.849999
      vertex -30.6824 -25.4245 2.4
    endloop
  endfacet
  facet normal 0 0.711064 0.703127
    outer loop
      vertex -30.8334 -23.8918 0.849999
      vertex -30.6835 -25.4245 2.4
      vertex -30.6824 -25.4245 2.4
    endloop
  endfacet
  facet normal -0.0348939 0.708942 0.704403
    outer loop
      vertex -30.6835 -25.4245 2.4
      vertex -30.8334 -23.8918 0.849999
      vertex -31 -23.9 0.849999
    endloop
  endfacet
  facet normal 0.608754 0.364997 0.704411
    outer loop
      vertex -33.6946 -23.9992 2.4
      vertex -32.4135 -23.1445 0.849999
      vertex -32.4993 -23.0014 0.849999
    endloop
  endfacet
  facet normal 0.590242 0.393494 0.704824
    outer loop
      vertex -32.4135 -23.1445 0.849999
      vertex -33.6946 -23.9992 2.4
      vertex -33.694 -24.0001 2.4
    endloop
  endfacet
  facet normal 0.570143 0.422793 0.704402
    outer loop
      vertex -33.5046 -24.2555 2.4
      vertex -32.3141 -23.2785 0.849999
      vertex -33.6934 -24.0009 2.4
    endloop
  endfacet
  facet normal 0.570086 0.422885 0.704394
    outer loop
      vertex -32.4135 -23.1445 0.849999
      vertex -33.6934 -24.0009 2.4
      vertex -32.3141 -23.2785 0.849999
    endloop
  endfacet
  facet normal 0.567924 0.425943 0.704298
    outer loop
      vertex -33.6934 -24.0009 2.4
      vertex -32.4135 -23.1445 0.849999
      vertex -33.694 -24.0001 2.4
    endloop
  endfacet
  facet normal 0.668326 0.239083 0.7044
    outer loop
      vertex -32.6268 -22.6935 0.849999
      vertex -34.1002 -23.1415 2.4
      vertex -32.5706 -22.8506 0.849999
    endloop
  endfacet
  facet normal 0.679475 0.203843 0.704813
    outer loop
      vertex -34.1002 -23.1415 2.4
      vertex -32.6268 -22.6935 0.849999
      vertex -34.1005 -23.1405 2.4
    endloop
  endfacet
  facet normal 0.688564 0.172354 0.704396
    outer loop
      vertex -34.1008 -23.1395 2.4
      vertex -32.6268 -22.6935 0.849999
      vertex -32.6673 -22.5317 0.849999
    endloop
  endfacet
  facet normal 0.679475 0.203843 0.704813
    outer loop
      vertex -32.6268 -22.6935 0.849999
      vertex -34.1008 -23.1395 2.4
      vertex -34.1005 -23.1405 2.4
    endloop
  endfacet
  facet normal 0.422885 0.570086 0.704394
    outer loop
      vertex -32.8009 -24.8934 2.4
      vertex -31.9445 -23.6135 0.849999
      vertex -32.0785 -23.5141 0.849999
    endloop
  endfacet
  facet normal 0.425943 0.567924 0.704298
    outer loop
      vertex -31.9445 -23.6135 0.849999
      vertex -32.8009 -24.8934 2.4
      vertex -32.8001 -24.894 2.4
    endloop
  endfacet
  facet normal 0.172472 0.688543 0.704387
    outer loop
      vertex -31.6331 -25.3775 2.4
      vertex -31.4935 -23.8268 0.849999
      vertex -31.9405 -25.3005 2.4
    endloop
  endfacet
  facet normal 0.104142 0.702116 0.704406
    outer loop
      vertex -31.3186 -25.4243 2.4
      vertex -31.3317 -23.8673 0.849999
      vertex -31.6321 -25.3778 2.4
    endloop
  endfacet
  facet normal 0.239084 0.668328 0.704398
    outer loop
      vertex -31.6506 -23.7706 0.849999
      vertex -32.2389 -25.1938 2.4
      vertex -31.4935 -23.8268 0.849999
    endloop
  endfacet
  facet normal 0.26347 0.658675 0.704791
    outer loop
      vertex -32.2389 -25.1938 2.4
      vertex -31.6506 -23.7706 0.849999
      vertex -32.2399 -25.1934 2.4
    endloop
  endfacet
  facet normal 0.534446 -0.46764 0.704046
    outer loop
      vertex -33.2918 -19.9097 2.4
      vertex -32.2021 -20.9979 0.849999
      vertex -33.2911 -19.9089 2.4
    endloop
  endfacet
  facet normal 0.525982 -0.476618 0.704399
    outer loop
      vertex -32.2021 -20.9979 0.849999
      vertex -33.2918 -19.9097 2.4
      vertex -32.3141 -21.1215 0.849999
    endloop
  endfacet
  facet normal 0.476618 -0.525982 0.704399
    outer loop
      vertex -33.2903 -19.9082 2.4
      vertex -32.2021 -20.9979 0.849999
      vertex -32.0785 -20.8859 0.849999
    endloop
  endfacet
  facet normal 0.46764 -0.534446 0.704046
    outer loop
      vertex -32.2021 -20.9979 0.849999
      vertex -33.2903 -19.9082 2.4
      vertex -33.2911 -19.9089 2.4
    endloop
  endfacet
  facet normal 0.364997 -0.608754 0.704411
    outer loop
      vertex -32.7992 -19.5054 2.4
      vertex -31.9445 -20.7865 0.849999
      vertex -31.8014 -20.7007 0.849999
    endloop
  endfacet
  facet normal 0.393494 -0.590242 0.704824
    outer loop
      vertex -31.9445 -20.7865 0.849999
      vertex -32.7992 -19.5054 2.4
      vertex -32.8001 -19.506 2.4
    endloop
  endfacet
  facet normal 0.203843 -0.679475 0.704813
    outer loop
      vertex -31.9415 -19.0998 2.4
      vertex -31.4935 -20.5732 0.849999
      vertex -31.9405 -19.0995 2.4
    endloop
  endfacet
  facet normal 0.239083 -0.668326 0.7044
    outer loop
      vertex -31.4935 -20.5732 0.849999
      vertex -31.9415 -19.0998 2.4
      vertex -31.6506 -20.6294 0.849999
    endloop
  endfacet
  facet normal 0.608828 -0.364894 0.704401
    outer loop
      vertex -32.4993 -21.3986 0.849999
      vertex -33.6946 -20.4008 2.4
      vertex -33.8575 -20.6726 2.4
    endloop
  endfacet
  facet normal 0.590242 -0.393494 0.704824
    outer loop
      vertex -33.6946 -20.4008 2.4
      vertex -32.4135 -21.2555 0.849999
      vertex -33.694 -20.3999 2.4
    endloop
  endfacet
  facet normal 0.608754 -0.364997 0.704411
    outer loop
      vertex -32.4135 -21.2555 0.849999
      vertex -33.6946 -20.4008 2.4
      vertex -32.4993 -21.3986 0.849999
    endloop
  endfacet
  facet normal 0.702112 -0.10419 0.704402
    outer loop
      vertex -34.2243 -21.8814 2.4
      vertex -32.6918 -22.0334 0.849999
      vertex -32.6673 -21.8683 0.849999
    endloop
  endfacet
  facet normal 0.69729 -0.139458 0.703092
    outer loop
      vertex -32.6918 -22.0334 0.849999
      vertex -34.2243 -21.8814 2.4
      vertex -34.2245 -21.8824 2.4
    endloop
  endfacet
  facet normal -0.364894 -0.608828 0.704401
    outer loop
      vertex -29.2008 -19.5054 2.4
      vertex -29.4726 -19.3425 2.4
      vertex -30.1986 -20.7007 0.849999
    endloop
  endfacet
  facet normal -0.172468 -0.688526 0.704405
    outer loop
      vertex -30.0605 -19.0992 2.4
      vertex -30.3679 -19.0222 2.4
      vertex -30.6683 -20.5327 0.849999
    endloop
  endfacet
  facet normal 0.0348942 -0.708947 0.704398
    outer loop
      vertex -31 -20.5 0.849999
      vertex -31.0011 -18.96 2.4
      vertex -31.1666 -20.5082 0.849999
    endloop
  endfacet
  facet normal 0.0643544 -0.707898 0.703376
    outer loop
      vertex -31.0011 -18.96 2.4
      vertex -31 -20.5 0.849999
      vertex -31 -18.9599 2.4
    endloop
  endfacet
  facet normal 0.0347191 -0.708942 0.704411
    outer loop
      vertex -31.1666 -20.5082 0.849999
      vertex -31.0011 -18.96 2.4
      vertex -31.3176 -18.9755 2.4
    endloop
  endfacet
  facet normal -0.641668 -0.303477 0.704389
    outer loop
      vertex -28.0066 -20.9601 2.4
      vertex -28.1421 -20.6736 2.4
      vertex -29.4294 -21.5494 0.849999
    endloop
  endfacet
  facet normal -0.679475 -0.203843 0.704813
    outer loop
      vertex -29.3732 -21.7065 0.849999
      vertex -27.8992 -21.2605 2.4
      vertex -27.8995 -21.2595 2.4
    endloop
  endfacet
  facet normal -0.688564 -0.172354 0.704396
    outer loop
      vertex -27.8992 -21.2605 2.4
      vertex -29.3732 -21.7065 0.849999
      vertex -29.3327 -21.8683 0.849999
    endloop
  endfacet
  facet normal -0.668297 -0.239189 0.704391
    outer loop
      vertex -27.8998 -21.2585 2.4
      vertex -28.0066 -20.9601 2.4
      vertex -29.4294 -21.5494 0.849999
    endloop
  endfacet
  facet normal -0.679475 -0.203843 0.704813
    outer loop
      vertex -27.8998 -21.2585 2.4
      vertex -29.3732 -21.7065 0.849999
      vertex -27.8995 -21.2595 2.4
    endloop
  endfacet
  facet normal -0.668326 -0.239083 0.7044
    outer loop
      vertex -29.3732 -21.7065 0.849999
      vertex -27.8998 -21.2585 2.4
      vertex -29.4294 -21.5494 0.849999
    endloop
  endfacet
  facet normal -0.688526 -0.172468 0.704405
    outer loop
      vertex -27.8222 -21.5679 2.4
      vertex -27.8992 -21.2605 2.4
      vertex -29.3327 -21.8683 0.849999
    endloop
  endfacet
  facet normal -0.46764 -0.534446 0.704046
    outer loop
      vertex -28.7097 -19.9082 2.4
      vertex -29.7979 -20.9979 0.849999
      vertex -28.7089 -19.9089 2.4
    endloop
  endfacet
  facet normal -0.476618 -0.525982 0.704399
    outer loop
      vertex -29.7979 -20.9979 0.849999
      vertex -28.7097 -19.9082 2.4
      vertex -29.9215 -20.8859 0.849999
    endloop
  endfacet
  facet normal -0.47666 -0.525938 0.704404
    outer loop
      vertex -28.7097 -19.9082 2.4
      vertex -28.9445 -19.6954 2.4
      vertex -29.9215 -20.8859 0.849999
    endloop
  endfacet
  facet normal -0.525938 -0.47666 0.704404
    outer loop
      vertex -28.4954 -20.1445 2.4
      vertex -28.7082 -19.9097 2.4
      vertex -29.6859 -21.1215 0.849999
    endloop
  endfacet
  facet normal -0.570143 -0.422793 0.704402
    outer loop
      vertex -28.3066 -20.3991 2.4
      vertex -28.4954 -20.1445 2.4
      vertex -29.6859 -21.1215 0.849999
    endloop
  endfacet
  facet normal 0.608828 0.364894 0.704401
    outer loop
      vertex -33.6946 -23.9992 2.4
      vertex -32.4993 -23.0014 0.849999
      vertex -33.8575 -23.7274 2.4
    endloop
  endfacet
  facet normal 0.641658 0.303472 0.7044
    outer loop
      vertex -33.8575 -23.7274 2.4
      vertex -32.4993 -23.0014 0.849999
      vertex -33.993 -23.4409 2.4
    endloop
  endfacet
  facet normal 0.525982 0.476618 0.704399
    outer loop
      vertex -33.2918 -24.4903 2.4
      vertex -32.2021 -23.4021 0.849999
      vertex -32.3141 -23.2785 0.849999
    endloop
  endfacet
  facet normal 0.534446 0.46764 0.704046
    outer loop
      vertex -32.2021 -23.4021 0.849999
      vertex -33.2918 -24.4903 2.4
      vertex -33.2911 -24.4911 2.4
    endloop
  endfacet
  facet normal 0.422793 0.570143 0.704402
    outer loop
      vertex -32.8009 -24.8934 2.4
      vertex -32.0785 -23.5141 0.849999
      vertex -33.0555 -24.7046 2.4
    endloop
  endfacet
  facet normal 0.47666 0.525938 0.704404
    outer loop
      vertex -33.0555 -24.7046 2.4
      vertex -32.0785 -23.5141 0.849999
      vertex -33.2903 -24.4918 2.4
    endloop
  endfacet
  facet normal 0.0348939 0.708942 0.704403
    outer loop
      vertex -31.1666 -23.8918 0.849999
      vertex -31.3165 -25.4245 2.4
      vertex -31 -23.9 0.849999
    endloop
  endfacet
  facet normal 0 0.711064 0.703127
    outer loop
      vertex -31.3165 -25.4245 2.4
      vertex -31.1666 -23.8918 0.849999
      vertex -31.3176 -25.4245 2.4
    endloop
  endfacet
  facet normal 0.0349428 0.708936 0.704407
    outer loop
      vertex -31 -25.4401 2.4
      vertex -31 -23.9 0.849999
      vertex -31.3165 -25.4245 2.4
    endloop
  endfacet
  facet normal 0.172354 0.688563 0.704397
    outer loop
      vertex -31.6331 -25.3775 2.4
      vertex -31.3317 -23.8673 0.849999
      vertex -31.4935 -23.8268 0.849999
    endloop
  endfacet
  facet normal 0.204295 0.680984 0.703224
    outer loop
      vertex -31.3317 -23.8673 0.849999
      vertex -31.6331 -25.3775 2.4
      vertex -31.6321 -25.3778 2.4
    endloop
  endfacet
  facet normal -0.203843 -0.679475 0.704813
    outer loop
      vertex -30.5065 -20.5732 0.849999
      vertex -30.0585 -19.0998 2.4
      vertex -30.0595 -19.0995 2.4
    endloop
  endfacet
  facet normal -0.239083 -0.668326 0.7044
    outer loop
      vertex -30.0585 -19.0998 2.4
      vertex -30.5065 -20.5732 0.849999
      vertex -30.3494 -20.6294 0.849999
    endloop
  endfacet
  facet normal -0.393494 -0.590242 0.704824
    outer loop
      vertex -29.2008 -19.5054 2.4
      vertex -30.0555 -20.7865 0.849999
      vertex -29.1999 -19.506 2.4
    endloop
  endfacet
  facet normal -0.364997 -0.608754 0.704411
    outer loop
      vertex -30.0555 -20.7865 0.849999
      vertex -29.2008 -19.5054 2.4
      vertex -30.1986 -20.7007 0.849999
    endloop
  endfacet
  facet normal -0.425943 -0.567924 0.704298
    outer loop
      vertex -30.0555 -20.7865 0.849999
      vertex -29.1991 -19.5066 2.4
      vertex -29.1999 -19.506 2.4
    endloop
  endfacet
  facet normal -0.422885 -0.570086 0.704394
    outer loop
      vertex -29.1991 -19.5066 2.4
      vertex -30.0555 -20.7865 0.849999
      vertex -29.9215 -20.8859 0.849999
    endloop
  endfacet
  facet normal -0.0347191 -0.708942 0.704411
    outer loop
      vertex -30.8334 -20.5082 0.849999
      vertex -30.6824 -18.9755 2.4
      vertex -30.9989 -18.96 2.4
    endloop
  endfacet
  facet normal -0.104173 -0.702103 0.704414
    outer loop
      vertex -30.369 -19.022 2.4
      vertex -30.6824 -18.9755 2.4
      vertex -30.8334 -20.5082 0.849999
    endloop
  endfacet
  facet normal -0.660635 -0.264254 0.70266
    outer loop
      vertex -29.5007 -21.3986 0.849999
      vertex -28.1421 -20.6736 2.4
      vertex -28.1425 -20.6726 2.4
    endloop
  endfacet
  facet normal -0.641708 -0.303407 0.704383
    outer loop
      vertex -28.1421 -20.6736 2.4
      vertex -29.5007 -21.3986 0.849999
      vertex -29.4294 -21.5494 0.849999
    endloop
  endfacet
  facet normal -0.702116 -0.104142 0.704406
    outer loop
      vertex -27.7757 -21.8814 2.4
      vertex -27.8222 -21.5679 2.4
      vertex -29.3327 -21.8683 0.849999
    endloop
  endfacet
  facet normal -0.69729 -0.139458 0.703092
    outer loop
      vertex -27.7757 -21.8814 2.4
      vertex -29.3082 -22.0334 0.849999
      vertex -27.7755 -21.8824 2.4
    endloop
  endfacet
  facet normal -0.702112 -0.10419 0.704402
    outer loop
      vertex -29.3082 -22.0334 0.849999
      vertex -27.7757 -21.8814 2.4
      vertex -29.3327 -21.8683 0.849999
    endloop
  endfacet
  facet normal -0.567924 -0.425943 0.704298
    outer loop
      vertex -28.3066 -20.3991 2.4
      vertex -29.5865 -21.2555 0.849999
      vertex -28.306 -20.3999 2.4
    endloop
  endfacet
  facet normal -0.570086 -0.422885 0.704394
    outer loop
      vertex -29.5865 -21.2555 0.849999
      vertex -28.3066 -20.3991 2.4
      vertex -29.6859 -21.1215 0.849999
    endloop
  endfacet
  facet normal -0.998791 -0.0491602 0
    outer loop
      vertex 32.7 -22.2 0
      vertex 32.6918 -22.0334 0.849999
      vertex 32.6918 -22.0334 0
    endloop
  endfacet
  facet normal -0.998791 -0.0491602 0
    outer loop
      vertex 32.6918 -22.0334 0.849999
      vertex 32.7 -22.2 0
      vertex 32.7 -22.2 0.849999
    endloop
  endfacet
  facet normal 0.998791 -0.0491602 0
    outer loop
      vertex 29.3 -22.2 0.849999
      vertex 29.3082 -22.0334 0
      vertex 29.3082 -22.0334 0.849999
    endloop
  endfacet
  facet normal 0.998791 -0.0491602 0
    outer loop
      vertex 29.3082 -22.0334 0
      vertex 29.3 -22.2 0.849999
      vertex 29.3 -22.2 0
    endloop
  endfacet
  facet normal 0.0491602 -0.998791 0
    outer loop
      vertex 30.8334 -20.5082 0
      vertex 31 -20.5 0.849999
      vertex 30.8334 -20.5082 0.849999
    endloop
  endfacet
  facet normal 0.0491602 -0.998791 0
    outer loop
      vertex 31 -20.5 0.849999
      vertex 30.8334 -20.5082 0
      vertex 31 -20.5 0
    endloop
  endfacet
  facet normal -0.671478 -0.741024 0
    outer loop
      vertex 32.0785 -20.8859 0
      vertex 32.2021 -20.9979 0.849999
      vertex 32.0785 -20.8859 0.849999
    endloop
  endfacet
  facet normal -0.671478 -0.741024 -0
    outer loop
      vertex 32.2021 -20.9979 0.849999
      vertex 32.0785 -20.8859 0
      vertex 32.2021 -20.9979 0
    endloop
  endfacet
  facet normal 0.741024 -0.671478 0
    outer loop
      vertex 29.6859 -21.1215 0.849999
      vertex 29.7979 -20.9979 0
      vertex 29.7979 -20.9979 0.849999
    endloop
  endfacet
  facet normal 0.741024 -0.671478 0
    outer loop
      vertex 29.7979 -20.9979 0
      vertex 29.6859 -21.1215 0.849999
      vertex 29.6859 -21.1215 0
    endloop
  endfacet
  facet normal 0.427442 -0.904043 0
    outer loop
      vertex 30.1986 -20.7007 0
      vertex 30.3494 -20.6294 0.849999
      vertex 30.1986 -20.7007 0.849999
    endloop
  endfacet
  facet normal 0.427442 -0.904043 0
    outer loop
      vertex 30.3494 -20.6294 0.849999
      vertex 30.1986 -20.7007 0
      vertex 30.3494 -20.6294 0
    endloop
  endfacet
  facet normal 0.941566 0.33683 0
    outer loop
      vertex 29.4294 -22.8506 0.849999
      vertex 29.3732 -22.6935 0
      vertex 29.3732 -22.6935 0.849999
    endloop
  endfacet
  facet normal 0.941566 0.33683 0
    outer loop
      vertex 29.3732 -22.6935 0
      vertex 29.4294 -22.8506 0.849999
      vertex 29.4294 -22.8506 0
    endloop
  endfacet
  facet normal -0.904043 -0.427442 0
    outer loop
      vertex 32.5706 -21.5494 0
      vertex 32.4993 -21.3986 0.849999
      vertex 32.4993 -21.3986 0
    endloop
  endfacet
  facet normal -0.904043 -0.427442 0
    outer loop
      vertex 32.4993 -21.3986 0.849999
      vertex 32.5706 -21.5494 0
      vertex 32.5706 -21.5494 0.849999
    endloop
  endfacet
  facet normal -0.33683 -0.941566 0
    outer loop
      vertex 31.4935 -20.5732 0
      vertex 31.6506 -20.6294 0.849999
      vertex 31.4935 -20.5732 0.849999
    endloop
  endfacet
  facet normal -0.33683 -0.941566 -0
    outer loop
      vertex 31.6506 -20.6294 0.849999
      vertex 31.4935 -20.5732 0
      vertex 31.6506 -20.6294 0
    endloop
  endfacet
  facet normal -0.514231 -0.857652 0
    outer loop
      vertex 31.8014 -20.7007 0
      vertex 31.9445 -20.7865 0.849999
      vertex 31.8014 -20.7007 0.849999
    endloop
  endfacet
  facet normal -0.514231 -0.857652 -0
    outer loop
      vertex 31.9445 -20.7865 0.849999
      vertex 31.8014 -20.7007 0
      vertex 31.9445 -20.7865 0
    endloop
  endfacet
  facet normal 0.904043 -0.427442 0
    outer loop
      vertex 29.4294 -21.5494 0.849999
      vertex 29.5007 -21.3986 0
      vertex 29.5007 -21.3986 0.849999
    endloop
  endfacet
  facet normal 0.904043 -0.427442 0
    outer loop
      vertex 29.5007 -21.3986 0
      vertex 29.4294 -21.5494 0.849999
      vertex 29.4294 -21.5494 0
    endloop
  endfacet
  facet normal 0.803154 -0.595772 0
    outer loop
      vertex 29.5865 -21.2555 0.849999
      vertex 29.6859 -21.1215 0
      vertex 29.6859 -21.1215 0.849999
    endloop
  endfacet
  facet normal 0.803154 -0.595772 0
    outer loop
      vertex 29.6859 -21.1215 0
      vertex 29.5865 -21.2555 0.849999
      vertex 29.5865 -21.2555 0
    endloop
  endfacet
  facet normal 0.242818 -0.970072 0
    outer loop
      vertex 30.5065 -20.5732 0
      vertex 30.6683 -20.5327 0.849999
      vertex 30.5065 -20.5732 0.849999
    endloop
  endfacet
  facet normal 0.242818 -0.970072 0
    outer loop
      vertex 30.6683 -20.5327 0.849999
      vertex 30.5065 -20.5732 0
      vertex 30.6683 -20.5327 0
    endloop
  endfacet
  facet normal -0.970072 -0.242818 0
    outer loop
      vertex 32.6673 -21.8683 0
      vertex 32.6268 -21.7065 0.849999
      vertex 32.6268 -21.7065 0
    endloop
  endfacet
  facet normal -0.970072 -0.242818 0
    outer loop
      vertex 32.6268 -21.7065 0.849999
      vertex 32.6673 -21.8683 0
      vertex 32.6673 -21.8683 0.849999
    endloop
  endfacet
  facet normal -0.989168 -0.146788 0
    outer loop
      vertex 32.6918 -22.0334 0
      vertex 32.6673 -21.8683 0.849999
      vertex 32.6673 -21.8683 0
    endloop
  endfacet
  facet normal -0.989168 -0.146788 0
    outer loop
      vertex 32.6673 -21.8683 0.849999
      vertex 32.6918 -22.0334 0
      vertex 32.6918 -22.0334 0.849999
    endloop
  endfacet
  facet normal -0.941566 -0.33683 0
    outer loop
      vertex 32.6268 -21.7065 0
      vertex 32.5706 -21.5494 0.849999
      vertex 32.5706 -21.5494 0
    endloop
  endfacet
  facet normal -0.941566 -0.33683 0
    outer loop
      vertex 32.5706 -21.5494 0.849999
      vertex 32.6268 -21.7065 0
      vertex 32.6268 -21.7065 0.849999
    endloop
  endfacet
  facet normal -0.803154 -0.595772 0
    outer loop
      vertex 32.4135 -21.2555 0
      vertex 32.3141 -21.1215 0.849999
      vertex 32.3141 -21.1215 0
    endloop
  endfacet
  facet normal -0.803154 -0.595772 0
    outer loop
      vertex 32.3141 -21.1215 0.849999
      vertex 32.4135 -21.2555 0
      vertex 32.4135 -21.2555 0.849999
    endloop
  endfacet
  facet normal -0.741024 -0.671478 0
    outer loop
      vertex 32.3141 -21.1215 0
      vertex 32.2021 -20.9979 0.849999
      vertex 32.2021 -20.9979 0
    endloop
  endfacet
  facet normal -0.741024 -0.671478 0
    outer loop
      vertex 32.2021 -20.9979 0.849999
      vertex 32.3141 -21.1215 0
      vertex 32.3141 -21.1215 0.849999
    endloop
  endfacet
  facet normal -0.857652 -0.514231 0
    outer loop
      vertex 32.4993 -21.3986 0
      vertex 32.4135 -21.2555 0.849999
      vertex 32.4135 -21.2555 0
    endloop
  endfacet
  facet normal -0.857652 -0.514231 0
    outer loop
      vertex 32.4135 -21.2555 0.849999
      vertex 32.4993 -21.3986 0
      vertex 32.4993 -21.3986 0.849999
    endloop
  endfacet
  facet normal -0.146788 -0.989168 0
    outer loop
      vertex 31.1666 -20.5082 0
      vertex 31.3317 -20.5327 0.849999
      vertex 31.1666 -20.5082 0.849999
    endloop
  endfacet
  facet normal -0.146788 -0.989168 -0
    outer loop
      vertex 31.3317 -20.5327 0.849999
      vertex 31.1666 -20.5082 0
      vertex 31.3317 -20.5327 0
    endloop
  endfacet
  facet normal -0.242818 -0.970072 0
    outer loop
      vertex 31.3317 -20.5327 0
      vertex 31.4935 -20.5732 0.849999
      vertex 31.3317 -20.5327 0.849999
    endloop
  endfacet
  facet normal -0.242818 -0.970072 -0
    outer loop
      vertex 31.4935 -20.5732 0.849999
      vertex 31.3317 -20.5327 0
      vertex 31.4935 -20.5732 0
    endloop
  endfacet
  facet normal -0.0491602 -0.998791 0
    outer loop
      vertex 31 -20.5 0
      vertex 31.1666 -20.5082 0.849999
      vertex 31 -20.5 0.849999
    endloop
  endfacet
  facet normal -0.0491602 -0.998791 -0
    outer loop
      vertex 31.1666 -20.5082 0.849999
      vertex 31 -20.5 0
      vertex 31.1666 -20.5082 0
    endloop
  endfacet
  facet normal -0.427442 -0.904043 0
    outer loop
      vertex 31.6506 -20.6294 0
      vertex 31.8014 -20.7007 0.849999
      vertex 31.6506 -20.6294 0.849999
    endloop
  endfacet
  facet normal -0.427442 -0.904043 -0
    outer loop
      vertex 31.8014 -20.7007 0.849999
      vertex 31.6506 -20.6294 0
      vertex 31.8014 -20.7007 0
    endloop
  endfacet
  facet normal -0.595772 -0.803154 0
    outer loop
      vertex 31.9445 -20.7865 0
      vertex 32.0785 -20.8859 0.849999
      vertex 31.9445 -20.7865 0.849999
    endloop
  endfacet
  facet normal -0.595772 -0.803154 -0
    outer loop
      vertex 32.0785 -20.8859 0.849999
      vertex 31.9445 -20.7865 0
      vertex 32.0785 -20.8859 0
    endloop
  endfacet
  facet normal 0.970072 -0.242818 0
    outer loop
      vertex 29.3327 -21.8683 0.849999
      vertex 29.3732 -21.7065 0
      vertex 29.3732 -21.7065 0.849999
    endloop
  endfacet
  facet normal 0.970072 -0.242818 0
    outer loop
      vertex 29.3732 -21.7065 0
      vertex 29.3327 -21.8683 0.849999
      vertex 29.3327 -21.8683 0
    endloop
  endfacet
  facet normal 0.857652 -0.514231 0
    outer loop
      vertex 29.5007 -21.3986 0.849999
      vertex 29.5865 -21.2555 0
      vertex 29.5865 -21.2555 0.849999
    endloop
  endfacet
  facet normal 0.857652 -0.514231 0
    outer loop
      vertex 29.5865 -21.2555 0
      vertex 29.5007 -21.3986 0.849999
      vertex 29.5007 -21.3986 0
    endloop
  endfacet
  facet normal 0.941566 -0.33683 0
    outer loop
      vertex 29.3732 -21.7065 0.849999
      vertex 29.4294 -21.5494 0
      vertex 29.4294 -21.5494 0.849999
    endloop
  endfacet
  facet normal 0.941566 -0.33683 0
    outer loop
      vertex 29.4294 -21.5494 0
      vertex 29.3732 -21.7065 0.849999
      vertex 29.3732 -21.7065 0
    endloop
  endfacet
  facet normal 0.989168 -0.146788 0
    outer loop
      vertex 29.3082 -22.0334 0.849999
      vertex 29.3327 -21.8683 0
      vertex 29.3327 -21.8683 0.849999
    endloop
  endfacet
  facet normal 0.989168 -0.146788 0
    outer loop
      vertex 29.3327 -21.8683 0
      vertex 29.3082 -22.0334 0.849999
      vertex 29.3082 -22.0334 0
    endloop
  endfacet
  facet normal 0.595772 -0.803154 0
    outer loop
      vertex 29.9215 -20.8859 0
      vertex 30.0555 -20.7865 0.849999
      vertex 29.9215 -20.8859 0.849999
    endloop
  endfacet
  facet normal 0.595772 -0.803154 0
    outer loop
      vertex 30.0555 -20.7865 0.849999
      vertex 29.9215 -20.8859 0
      vertex 30.0555 -20.7865 0
    endloop
  endfacet
  facet normal 0.514231 -0.857652 0
    outer loop
      vertex 30.0555 -20.7865 0
      vertex 30.1986 -20.7007 0.849999
      vertex 30.0555 -20.7865 0.849999
    endloop
  endfacet
  facet normal 0.514231 -0.857652 0
    outer loop
      vertex 30.1986 -20.7007 0.849999
      vertex 30.0555 -20.7865 0
      vertex 30.1986 -20.7007 0
    endloop
  endfacet
  facet normal 0.671478 -0.741024 0
    outer loop
      vertex 29.7979 -20.9979 0
      vertex 29.9215 -20.8859 0.849999
      vertex 29.7979 -20.9979 0.849999
    endloop
  endfacet
  facet normal 0.671478 -0.741024 0
    outer loop
      vertex 29.9215 -20.8859 0.849999
      vertex 29.7979 -20.9979 0
      vertex 29.9215 -20.8859 0
    endloop
  endfacet
  facet normal 0.33683 -0.941566 0
    outer loop
      vertex 30.3494 -20.6294 0
      vertex 30.5065 -20.5732 0.849999
      vertex 30.3494 -20.6294 0.849999
    endloop
  endfacet
  facet normal 0.33683 -0.941566 0
    outer loop
      vertex 30.5065 -20.5732 0.849999
      vertex 30.3494 -20.6294 0
      vertex 30.5065 -20.5732 0
    endloop
  endfacet
  facet normal 0.146788 -0.989168 0
    outer loop
      vertex 30.6683 -20.5327 0
      vertex 30.8334 -20.5082 0.849999
      vertex 30.6683 -20.5327 0.849999
    endloop
  endfacet
  facet normal 0.146788 -0.989168 0
    outer loop
      vertex 30.8334 -20.5082 0.849999
      vertex 30.6683 -20.5327 0
      vertex 30.8334 -20.5082 0
    endloop
  endfacet
  facet normal -0.998791 0.0491602 0
    outer loop
      vertex 32.6918 -22.3666 0
      vertex 32.7 -22.2 0.849999
      vertex 32.7 -22.2 0
    endloop
  endfacet
  facet normal -0.998791 0.0491602 0
    outer loop
      vertex 32.7 -22.2 0.849999
      vertex 32.6918 -22.3666 0
      vertex 32.6918 -22.3666 0.849999
    endloop
  endfacet
  facet normal -0.0491602 0.998791 0
    outer loop
      vertex 31.1666 -23.8918 0
      vertex 31 -23.9 0.849999
      vertex 31.1666 -23.8918 0.849999
    endloop
  endfacet
  facet normal -0.0491602 0.998791 0
    outer loop
      vertex 31 -23.9 0.849999
      vertex 31.1666 -23.8918 0
      vertex 31 -23.9 0
    endloop
  endfacet
  facet normal -0.33683 0.941566 0
    outer loop
      vertex 31.6506 -23.7706 0
      vertex 31.4935 -23.8268 0.849999
      vertex 31.6506 -23.7706 0.849999
    endloop
  endfacet
  facet normal -0.33683 0.941566 0
    outer loop
      vertex 31.4935 -23.8268 0.849999
      vertex 31.6506 -23.7706 0
      vertex 31.4935 -23.8268 0
    endloop
  endfacet
  facet normal -0.671478 0.741024 0
    outer loop
      vertex 32.2021 -23.4021 0
      vertex 32.0785 -23.5141 0.849999
      vertex 32.2021 -23.4021 0.849999
    endloop
  endfacet
  facet normal -0.671478 0.741024 0
    outer loop
      vertex 32.0785 -23.5141 0.849999
      vertex 32.2021 -23.4021 0
      vertex 32.0785 -23.5141 0
    endloop
  endfacet
  facet normal -0.514231 0.857652 0
    outer loop
      vertex 31.9445 -23.6135 0
      vertex 31.8014 -23.6993 0.849999
      vertex 31.9445 -23.6135 0.849999
    endloop
  endfacet
  facet normal -0.514231 0.857652 0
    outer loop
      vertex 31.8014 -23.6993 0.849999
      vertex 31.9445 -23.6135 0
      vertex 31.8014 -23.6993 0
    endloop
  endfacet
  facet normal -0.803154 0.595772 0
    outer loop
      vertex 32.3141 -23.2785 0
      vertex 32.4135 -23.1445 0.849999
      vertex 32.4135 -23.1445 0
    endloop
  endfacet
  facet normal -0.803154 0.595772 0
    outer loop
      vertex 32.4135 -23.1445 0.849999
      vertex 32.3141 -23.2785 0
      vertex 32.3141 -23.2785 0.849999
    endloop
  endfacet
  facet normal -0.904043 0.427442 0
    outer loop
      vertex 32.4993 -23.0014 0
      vertex 32.5706 -22.8506 0.849999
      vertex 32.5706 -22.8506 0
    endloop
  endfacet
  facet normal -0.904043 0.427442 0
    outer loop
      vertex 32.5706 -22.8506 0.849999
      vertex 32.4993 -23.0014 0
      vertex 32.4993 -23.0014 0.849999
    endloop
  endfacet
  facet normal 0.671478 0.741024 -0
    outer loop
      vertex 29.9215 -23.5141 0
      vertex 29.7979 -23.4021 0.849999
      vertex 29.9215 -23.5141 0.849999
    endloop
  endfacet
  facet normal 0.671478 0.741024 0
    outer loop
      vertex 29.7979 -23.4021 0.849999
      vertex 29.9215 -23.5141 0
      vertex 29.7979 -23.4021 0
    endloop
  endfacet
  facet normal 0.514231 0.857652 -0
    outer loop
      vertex 30.1986 -23.6993 0
      vertex 30.0555 -23.6135 0.849999
      vertex 30.1986 -23.6993 0.849999
    endloop
  endfacet
  facet normal 0.514231 0.857652 0
    outer loop
      vertex 30.0555 -23.6135 0.849999
      vertex 30.1986 -23.6993 0
      vertex 30.0555 -23.6135 0
    endloop
  endfacet
  facet normal 0.33683 0.941566 -0
    outer loop
      vertex 30.5065 -23.8268 0
      vertex 30.3494 -23.7706 0.849999
      vertex 30.5065 -23.8268 0.849999
    endloop
  endfacet
  facet normal 0.33683 0.941566 0
    outer loop
      vertex 30.3494 -23.7706 0.849999
      vertex 30.5065 -23.8268 0
      vertex 30.3494 -23.7706 0
    endloop
  endfacet
  facet normal 0.146788 0.989168 -0
    outer loop
      vertex 30.8334 -23.8918 0
      vertex 30.6683 -23.8673 0.849999
      vertex 30.8334 -23.8918 0.849999
    endloop
  endfacet
  facet normal 0.146788 0.989168 0
    outer loop
      vertex 30.6683 -23.8673 0.849999
      vertex 30.8334 -23.8918 0
      vertex 30.6683 -23.8673 0
    endloop
  endfacet
  facet normal 0.904043 0.427442 0
    outer loop
      vertex 29.5007 -23.0014 0.849999
      vertex 29.4294 -22.8506 0
      vertex 29.4294 -22.8506 0.849999
    endloop
  endfacet
  facet normal 0.904043 0.427442 0
    outer loop
      vertex 29.4294 -22.8506 0
      vertex 29.5007 -23.0014 0.849999
      vertex 29.5007 -23.0014 0
    endloop
  endfacet
  facet normal 0.803154 0.595772 0
    outer loop
      vertex 29.6859 -23.2785 0.849999
      vertex 29.5865 -23.1445 0
      vertex 29.5865 -23.1445 0.849999
    endloop
  endfacet
  facet normal 0.803154 0.595772 0
    outer loop
      vertex 29.5865 -23.1445 0
      vertex 29.6859 -23.2785 0.849999
      vertex 29.6859 -23.2785 0
    endloop
  endfacet
  facet normal 0.970072 0.242818 0
    outer loop
      vertex 29.3732 -22.6935 0.849999
      vertex 29.3327 -22.5317 0
      vertex 29.3327 -22.5317 0.849999
    endloop
  endfacet
  facet normal 0.970072 0.242818 0
    outer loop
      vertex 29.3327 -22.5317 0
      vertex 29.3732 -22.6935 0.849999
      vertex 29.3732 -22.6935 0
    endloop
  endfacet
  facet normal 0.998791 0.0491602 0
    outer loop
      vertex 29.3082 -22.3666 0.849999
      vertex 29.3 -22.2 0
      vertex 29.3 -22.2 0.849999
    endloop
  endfacet
  facet normal 0.998791 0.0491602 0
    outer loop
      vertex 29.3 -22.2 0
      vertex 29.3082 -22.3666 0.849999
      vertex 29.3082 -22.3666 0
    endloop
  endfacet
  facet normal -0.146788 0.989168 0
    outer loop
      vertex 31.3317 -23.8673 0
      vertex 31.1666 -23.8918 0.849999
      vertex 31.3317 -23.8673 0.849999
    endloop
  endfacet
  facet normal -0.146788 0.989168 0
    outer loop
      vertex 31.1666 -23.8918 0.849999
      vertex 31.3317 -23.8673 0
      vertex 31.1666 -23.8918 0
    endloop
  endfacet
  facet normal -0.427442 0.904043 0
    outer loop
      vertex 31.8014 -23.6993 0
      vertex 31.6506 -23.7706 0.849999
      vertex 31.8014 -23.6993 0.849999
    endloop
  endfacet
  facet normal -0.427442 0.904043 0
    outer loop
      vertex 31.6506 -23.7706 0.849999
      vertex 31.8014 -23.6993 0
      vertex 31.6506 -23.7706 0
    endloop
  endfacet
  facet normal -0.741024 0.671478 0
    outer loop
      vertex 32.2021 -23.4021 0
      vertex 32.3141 -23.2785 0.849999
      vertex 32.3141 -23.2785 0
    endloop
  endfacet
  facet normal -0.741024 0.671478 0
    outer loop
      vertex 32.3141 -23.2785 0.849999
      vertex 32.2021 -23.4021 0
      vertex 32.2021 -23.4021 0.849999
    endloop
  endfacet
  facet normal -0.595772 0.803154 0
    outer loop
      vertex 32.0785 -23.5141 0
      vertex 31.9445 -23.6135 0.849999
      vertex 32.0785 -23.5141 0.849999
    endloop
  endfacet
  facet normal -0.595772 0.803154 0
    outer loop
      vertex 31.9445 -23.6135 0.849999
      vertex 32.0785 -23.5141 0
      vertex 31.9445 -23.6135 0
    endloop
  endfacet
  facet normal -0.857652 0.514231 0
    outer loop
      vertex 32.4135 -23.1445 0
      vertex 32.4993 -23.0014 0.849999
      vertex 32.4993 -23.0014 0
    endloop
  endfacet
  facet normal -0.857652 0.514231 0
    outer loop
      vertex 32.4993 -23.0014 0.849999
      vertex 32.4135 -23.1445 0
      vertex 32.4135 -23.1445 0.849999
    endloop
  endfacet
  facet normal -0.941566 0.33683 0
    outer loop
      vertex 32.5706 -22.8506 0
      vertex 32.6268 -22.6935 0.849999
      vertex 32.6268 -22.6935 0
    endloop
  endfacet
  facet normal -0.941566 0.33683 0
    outer loop
      vertex 32.6268 -22.6935 0.849999
      vertex 32.5706 -22.8506 0
      vertex 32.5706 -22.8506 0.849999
    endloop
  endfacet
  facet normal -0.989168 0.146788 0
    outer loop
      vertex 32.6673 -22.5317 0
      vertex 32.6918 -22.3666 0.849999
      vertex 32.6918 -22.3666 0
    endloop
  endfacet
  facet normal -0.989168 0.146788 0
    outer loop
      vertex 32.6918 -22.3666 0.849999
      vertex 32.6673 -22.5317 0
      vertex 32.6673 -22.5317 0.849999
    endloop
  endfacet
  facet normal -0.970072 0.242818 0
    outer loop
      vertex 32.6268 -22.6935 0
      vertex 32.6673 -22.5317 0.849999
      vertex 32.6673 -22.5317 0
    endloop
  endfacet
  facet normal -0.970072 0.242818 0
    outer loop
      vertex 32.6673 -22.5317 0.849999
      vertex 32.6268 -22.6935 0
      vertex 32.6268 -22.6935 0.849999
    endloop
  endfacet
  facet normal 0.595772 0.803154 -0
    outer loop
      vertex 30.0555 -23.6135 0
      vertex 29.9215 -23.5141 0.849999
      vertex 30.0555 -23.6135 0.849999
    endloop
  endfacet
  facet normal 0.595772 0.803154 0
    outer loop
      vertex 29.9215 -23.5141 0.849999
      vertex 30.0555 -23.6135 0
      vertex 29.9215 -23.5141 0
    endloop
  endfacet
  facet normal 0.427442 0.904043 -0
    outer loop
      vertex 30.3494 -23.7706 0
      vertex 30.1986 -23.6993 0.849999
      vertex 30.3494 -23.7706 0.849999
    endloop
  endfacet
  facet normal 0.427442 0.904043 0
    outer loop
      vertex 30.1986 -23.6993 0.849999
      vertex 30.3494 -23.7706 0
      vertex 30.1986 -23.6993 0
    endloop
  endfacet
  facet normal 0.242818 0.970072 -0
    outer loop
      vertex 30.6683 -23.8673 0
      vertex 30.5065 -23.8268 0.849999
      vertex 30.6683 -23.8673 0.849999
    endloop
  endfacet
  facet normal 0.242818 0.970072 0
    outer loop
      vertex 30.5065 -23.8268 0.849999
      vertex 30.6683 -23.8673 0
      vertex 30.5065 -23.8268 0
    endloop
  endfacet
  facet normal 0.0491602 0.998791 -0
    outer loop
      vertex 31 -23.9 0
      vertex 30.8334 -23.8918 0.849999
      vertex 31 -23.9 0.849999
    endloop
  endfacet
  facet normal 0.0491602 0.998791 0
    outer loop
      vertex 30.8334 -23.8918 0.849999
      vertex 31 -23.9 0
      vertex 30.8334 -23.8918 0
    endloop
  endfacet
  facet normal 0.857652 0.514231 0
    outer loop
      vertex 29.5865 -23.1445 0.849999
      vertex 29.5007 -23.0014 0
      vertex 29.5007 -23.0014 0.849999
    endloop
  endfacet
  facet normal 0.857652 0.514231 0
    outer loop
      vertex 29.5007 -23.0014 0
      vertex 29.5865 -23.1445 0.849999
      vertex 29.5865 -23.1445 0
    endloop
  endfacet
  facet normal 0.741024 0.671478 0
    outer loop
      vertex 29.7979 -23.4021 0.849999
      vertex 29.6859 -23.2785 0
      vertex 29.6859 -23.2785 0.849999
    endloop
  endfacet
  facet normal 0.741024 0.671478 0
    outer loop
      vertex 29.6859 -23.2785 0
      vertex 29.7979 -23.4021 0.849999
      vertex 29.7979 -23.4021 0
    endloop
  endfacet
  facet normal 0.989168 0.146788 0
    outer loop
      vertex 29.3327 -22.5317 0.849999
      vertex 29.3082 -22.3666 0
      vertex 29.3082 -22.3666 0.849999
    endloop
  endfacet
  facet normal 0.989168 0.146788 0
    outer loop
      vertex 29.3082 -22.3666 0
      vertex 29.3327 -22.5317 0.849999
      vertex 29.3327 -22.5317 0
    endloop
  endfacet
  facet normal -0.242818 0.970072 0
    outer loop
      vertex 31.4935 -23.8268 0
      vertex 31.3317 -23.8673 0.849999
      vertex 31.4935 -23.8268 0.849999
    endloop
  endfacet
  facet normal -0.242818 0.970072 0
    outer loop
      vertex 31.3317 -23.8673 0.849999
      vertex 31.4935 -23.8268 0
      vertex 31.3317 -23.8673 0
    endloop
  endfacet
  facet normal -0.525982 0.476618 0.704399
    outer loop
      vertex 32.2021 -23.4021 0.849999
      vertex 33.2918 -24.4903 2.4
      vertex 32.3141 -23.2785 0.849999
    endloop
  endfacet
  facet normal -0.534446 0.46764 0.704046
    outer loop
      vertex 33.2918 -24.4903 2.4
      vertex 32.2021 -23.4021 0.849999
      vertex 33.2911 -24.4911 2.4
    endloop
  endfacet
  facet normal -0.708936 -0.0349428 0.704407
    outer loop
      vertex 34.2401 -22.2 2.4
      vertex 34.2245 -21.8835 2.4
      vertex 32.7 -22.2 0.849999
    endloop
  endfacet
  facet normal -0.711064 0 0.703127
    outer loop
      vertex 32.6918 -22.0334 0.849999
      vertex 34.2245 -21.8835 2.4
      vertex 34.2245 -21.8824 2.4
    endloop
  endfacet
  facet normal -0.708942 -0.0348939 0.704403
    outer loop
      vertex 34.2245 -21.8835 2.4
      vertex 32.6918 -22.0334 0.849999
      vertex 32.7 -22.2 0.849999
    endloop
  endfacet
  facet normal -0.708942 0.0348939 0.704403
    outer loop
      vertex 32.6918 -22.3666 0.849999
      vertex 34.2245 -22.5165 2.4
      vertex 32.7 -22.2 0.849999
    endloop
  endfacet
  facet normal -0.711064 0 0.703127
    outer loop
      vertex 34.2245 -22.5165 2.4
      vertex 32.6918 -22.3666 0.849999
      vertex 34.2245 -22.5176 2.4
    endloop
  endfacet
  facet normal 0.708942 0.0348939 0.704403
    outer loop
      vertex 27.7755 -22.5165 2.4
      vertex 29.3082 -22.3666 0.849999
      vertex 29.3 -22.2 0.849999
    endloop
  endfacet
  facet normal 0.711064 0 0.703127
    outer loop
      vertex 29.3082 -22.3666 0.849999
      vertex 27.7755 -22.5165 2.4
      vertex 27.7755 -22.5176 2.4
    endloop
  endfacet
  facet normal -0.0349428 0.708936 0.704407
    outer loop
      vertex 31.3165 -25.4245 2.4
      vertex 31 -23.9 0.849999
      vertex 31 -25.4401 2.4
    endloop
  endfacet
  facet normal 0.104173 -0.702103 0.704414
    outer loop
      vertex 30.8334 -20.5082 0.849999
      vertex 30.6824 -18.9755 2.4
      vertex 30.369 -19.022 2.4
    endloop
  endfacet
  facet normal 0.570143 -0.422793 0.704402
    outer loop
      vertex 29.6859 -21.1215 0.849999
      vertex 28.4954 -20.1445 2.4
      vertex 28.3066 -20.3991 2.4
    endloop
  endfacet
  facet normal -0.422793 -0.570143 0.704402
    outer loop
      vertex 33.0555 -19.6954 2.4
      vertex 32.8009 -19.5066 2.4
      vertex 32.0785 -20.8859 0.849999
    endloop
  endfacet
  facet normal -0.702116 0.104142 0.704406
    outer loop
      vertex 34.1778 -22.8321 2.4
      vertex 34.2243 -22.5186 2.4
      vertex 32.6673 -22.5317 0.849999
    endloop
  endfacet
  facet normal -0.567924 0.425943 0.704298
    outer loop
      vertex 32.4135 -23.1445 0.849999
      vertex 33.6934 -24.0009 2.4
      vertex 33.694 -24.0001 2.4
    endloop
  endfacet
  facet normal -0.570086 0.422885 0.704394
    outer loop
      vertex 33.6934 -24.0009 2.4
      vertex 32.4135 -23.1445 0.849999
      vertex 32.3141 -23.2785 0.849999
    endloop
  endfacet
  facet normal 0.422793 0.570143 0.704402
    outer loop
      vertex 29.1991 -24.8934 2.4
      vertex 29.9215 -23.5141 0.849999
      vertex 28.9445 -24.7046 2.4
    endloop
  endfacet
  facet normal 0.711064 -0 0.703127
    outer loop
      vertex 27.7755 -21.8835 2.4
      vertex 29.3082 -22.0334 0.849999
      vertex 27.7755 -21.8824 2.4
    endloop
  endfacet
  facet normal 0.708942 -0.0348939 0.704403
    outer loop
      vertex 29.3082 -22.0334 0.849999
      vertex 27.7755 -21.8835 2.4
      vertex 29.3 -22.2 0.849999
    endloop
  endfacet
  facet normal -0.668297 0.239189 0.704391
    outer loop
      vertex 33.9934 -23.4399 2.4
      vertex 34.1002 -23.1415 2.4
      vertex 32.5706 -22.8506 0.849999
    endloop
  endfacet
  facet normal -0.708936 0.0349428 0.704407
    outer loop
      vertex 34.2245 -22.5165 2.4
      vertex 34.2401 -22.2 2.4
      vertex 32.7 -22.2 0.849999
    endloop
  endfacet
  facet normal -0.658675 0.26347 0.704791
    outer loop
      vertex 32.5706 -22.8506 0.849999
      vertex 33.993 -23.4409 2.4
      vertex 33.9934 -23.4399 2.4
    endloop
  endfacet
  facet normal -0.641687 0.303397 0.704406
    outer loop
      vertex 33.993 -23.4409 2.4
      vertex 32.5706 -22.8506 0.849999
      vertex 32.4993 -23.0014 0.849999
    endloop
  endfacet
  facet normal -0.303397 0.641687 0.704406
    outer loop
      vertex 31.6506 -23.7706 0.849999
      vertex 32.2409 -25.193 2.4
      vertex 31.8014 -23.6993 0.849999
    endloop
  endfacet
  facet normal -0.26347 0.658675 0.704791
    outer loop
      vertex 32.2409 -25.193 2.4
      vertex 31.6506 -23.7706 0.849999
      vertex 32.2399 -25.1934 2.4
    endloop
  endfacet
  facet normal -0.238991 0.668369 0.70439
    outer loop
      vertex 31.9405 -25.3005 2.4
      vertex 32.2389 -25.1938 2.4
      vertex 31.4935 -23.8268 0.849999
    endloop
  endfacet
  facet normal -0.47666 0.525938 0.704404
    outer loop
      vertex 33.0555 -24.7046 2.4
      vertex 33.2903 -24.4918 2.4
      vertex 32.0785 -23.5141 0.849999
    endloop
  endfacet
  facet normal 0.702116 0.104142 0.704406
    outer loop
      vertex 27.8222 -22.8321 2.4
      vertex 29.3327 -22.5317 0.849999
      vertex 27.7757 -22.5186 2.4
    endloop
  endfacet
  facet normal 0.525938 0.47666 0.704404
    outer loop
      vertex 28.7082 -24.4903 2.4
      vertex 29.6859 -23.2785 0.849999
      vertex 28.4954 -24.2555 2.4
    endloop
  endfacet
  facet normal 0.239189 -0.668297 0.704391
    outer loop
      vertex 30.3494 -20.6294 0.849999
      vertex 30.0585 -19.0998 2.4
      vertex 29.7601 -19.2066 2.4
    endloop
  endfacet
  facet normal 0.668326 -0.239083 0.7044
    outer loop
      vertex 27.8998 -21.2585 2.4
      vertex 29.3732 -21.7065 0.849999
      vertex 29.4294 -21.5494 0.849999
    endloop
  endfacet
  facet normal 0.679475 -0.203843 0.704813
    outer loop
      vertex 29.3732 -21.7065 0.849999
      vertex 27.8998 -21.2585 2.4
      vertex 27.8995 -21.2595 2.4
    endloop
  endfacet
  facet normal 0.688526 -0.172468 0.704405
    outer loop
      vertex 29.3327 -21.8683 0.849999
      vertex 27.8992 -21.2605 2.4
      vertex 27.8222 -21.5679 2.4
    endloop
  endfacet
  facet normal -0.203843 -0.679475 0.704813
    outer loop
      vertex 31.9395 -19.0992 2.4
      vertex 31.4935 -20.5732 0.849999
      vertex 31.9405 -19.0995 2.4
    endloop
  endfacet
  facet normal -0.172354 -0.688564 0.704396
    outer loop
      vertex 31.4935 -20.5732 0.849999
      vertex 31.9395 -19.0992 2.4
      vertex 31.3317 -20.5327 0.849999
    endloop
  endfacet
  facet normal -0.608828 -0.364894 0.704401
    outer loop
      vertex 33.8575 -20.6726 2.4
      vertex 33.6946 -20.4008 2.4
      vertex 32.4993 -21.3986 0.849999
    endloop
  endfacet
  facet normal -0.69729 0.139458 0.703092
    outer loop
      vertex 32.6918 -22.3666 0.849999
      vertex 34.2243 -22.5186 2.4
      vertex 34.2245 -22.5176 2.4
    endloop
  endfacet
  facet normal -0.702112 0.10419 0.704402
    outer loop
      vertex 34.2243 -22.5186 2.4
      vertex 32.6918 -22.3666 0.849999
      vertex 32.6673 -22.5317 0.849999
    endloop
  endfacet
  facet normal -0.688526 0.172468 0.704405
    outer loop
      vertex 34.1008 -23.1395 2.4
      vertex 34.1778 -22.8321 2.4
      vertex 32.6673 -22.5317 0.849999
    endloop
  endfacet
  facet normal -0.570143 0.422793 0.704402
    outer loop
      vertex 33.5046 -24.2555 2.4
      vertex 33.6934 -24.0009 2.4
      vertex 32.3141 -23.2785 0.849999
    endloop
  endfacet
  facet normal -0.525938 0.47666 0.704404
    outer loop
      vertex 33.2918 -24.4903 2.4
      vertex 33.5046 -24.2555 2.4
      vertex 32.3141 -23.2785 0.849999
    endloop
  endfacet
  facet normal -0.608828 0.364894 0.704401
    outer loop
      vertex 33.6946 -23.9992 2.4
      vertex 33.8575 -23.7274 2.4
      vertex 32.4993 -23.0014 0.849999
    endloop
  endfacet
  facet normal -0.641658 0.303472 0.7044
    outer loop
      vertex 33.8575 -23.7274 2.4
      vertex 33.993 -23.4409 2.4
      vertex 32.4993 -23.0014 0.849999
    endloop
  endfacet
  facet normal -0.172472 0.688543 0.704387
    outer loop
      vertex 31.6331 -25.3775 2.4
      vertex 31.9405 -25.3005 2.4
      vertex 31.4935 -23.8268 0.849999
    endloop
  endfacet
  facet normal -0.172354 0.688563 0.704397
    outer loop
      vertex 31.3317 -23.8673 0.849999
      vertex 31.6331 -25.3775 2.4
      vertex 31.4935 -23.8268 0.849999
    endloop
  endfacet
  facet normal -0.204295 0.680984 0.703224
    outer loop
      vertex 31.6331 -25.3775 2.4
      vertex 31.3317 -23.8673 0.849999
      vertex 31.6321 -25.3778 2.4
    endloop
  endfacet
  facet normal -0.393494 0.590242 0.704824
    outer loop
      vertex 31.9445 -23.6135 0.849999
      vertex 32.7992 -24.8946 2.4
      vertex 32.8001 -24.894 2.4
    endloop
  endfacet
  facet normal -0.364997 0.608754 0.704411
    outer loop
      vertex 32.7992 -24.8946 2.4
      vertex 31.9445 -23.6135 0.849999
      vertex 31.8014 -23.6993 0.849999
    endloop
  endfacet
  facet normal -0.422793 0.570143 0.704402
    outer loop
      vertex 32.8009 -24.8934 2.4
      vertex 33.0555 -24.7046 2.4
      vertex 32.0785 -23.5141 0.849999
    endloop
  endfacet
  facet normal -0.422885 0.570086 0.704394
    outer loop
      vertex 31.9445 -23.6135 0.849999
      vertex 32.8009 -24.8934 2.4
      vertex 32.0785 -23.5141 0.849999
    endloop
  endfacet
  facet normal -0.425943 0.567924 0.704298
    outer loop
      vertex 32.8009 -24.8934 2.4
      vertex 31.9445 -23.6135 0.849999
      vertex 32.8001 -24.894 2.4
    endloop
  endfacet
  facet normal 0.688564 0.172354 0.704396
    outer loop
      vertex 27.8992 -23.1395 2.4
      vertex 29.3732 -22.6935 0.849999
      vertex 29.3327 -22.5317 0.849999
    endloop
  endfacet
  facet normal 0.679475 0.203843 0.704813
    outer loop
      vertex 29.3732 -22.6935 0.849999
      vertex 27.8992 -23.1395 2.4
      vertex 27.8995 -23.1405 2.4
    endloop
  endfacet
  facet normal 0.238991 0.668369 0.70439
    outer loop
      vertex 30.0595 -25.3005 2.4
      vertex 30.5065 -23.8268 0.849999
      vertex 29.7611 -25.1938 2.4
    endloop
  endfacet
  facet normal 0.172472 0.688543 0.704387
    outer loop
      vertex 30.3669 -25.3775 2.4
      vertex 30.5065 -23.8268 0.849999
      vertex 30.0595 -25.3005 2.4
    endloop
  endfacet
  facet normal 0.608828 0.364894 0.704401
    outer loop
      vertex 28.3054 -23.9992 2.4
      vertex 29.5007 -23.0014 0.849999
      vertex 28.1425 -23.7274 2.4
    endloop
  endfacet
  facet normal 0.570086 0.422885 0.704394
    outer loop
      vertex 29.5865 -23.1445 0.849999
      vertex 28.3066 -24.0009 2.4
      vertex 29.6859 -23.2785 0.849999
    endloop
  endfacet
  facet normal 0.567924 0.425943 0.704298
    outer loop
      vertex 28.3066 -24.0009 2.4
      vertex 29.5865 -23.1445 0.849999
      vertex 28.306 -24.0001 2.4
    endloop
  endfacet
  facet normal 0.422885 0.570086 0.704394
    outer loop
      vertex 29.1991 -24.8934 2.4
      vertex 30.0555 -23.6135 0.849999
      vertex 29.9215 -23.5141 0.849999
    endloop
  endfacet
  facet normal 0.425943 0.567924 0.704298
    outer loop
      vertex 30.0555 -23.6135 0.849999
      vertex 29.1991 -24.8934 2.4
      vertex 29.1999 -24.894 2.4
    endloop
  endfacet
  facet normal 0.570086 -0.422885 0.704394
    outer loop
      vertex 28.3066 -20.3991 2.4
      vertex 29.5865 -21.2555 0.849999
      vertex 29.6859 -21.1215 0.849999
    endloop
  endfacet
  facet normal 0.567924 -0.425943 0.704298
    outer loop
      vertex 29.5865 -21.2555 0.849999
      vertex 28.3066 -20.3991 2.4
      vertex 28.306 -20.3999 2.4
    endloop
  endfacet
  facet normal 0.47666 -0.525938 0.704404
    outer loop
      vertex 29.9215 -20.8859 0.849999
      vertex 28.9445 -19.6954 2.4
      vertex 28.7097 -19.9082 2.4
    endloop
  endfacet
  facet normal 0.172354 -0.688564 0.704396
    outer loop
      vertex 30.0605 -19.0992 2.4
      vertex 30.5065 -20.5732 0.849999
      vertex 30.6683 -20.5327 0.849999
    endloop
  endfacet
  facet normal 0.203843 -0.679475 0.704813
    outer loop
      vertex 30.5065 -20.5732 0.849999
      vertex 30.0605 -19.0992 2.4
      vertex 30.0595 -19.0995 2.4
    endloop
  endfacet
  facet normal 0.660635 -0.264254 0.70266
    outer loop
      vertex 28.1421 -20.6736 2.4
      vertex 29.5007 -21.3986 0.849999
      vertex 28.1425 -20.6726 2.4
    endloop
  endfacet
  facet normal 0.641708 -0.303407 0.704383
    outer loop
      vertex 29.5007 -21.3986 0.849999
      vertex 28.1421 -20.6736 2.4
      vertex 29.4294 -21.5494 0.849999
    endloop
  endfacet
  facet normal 0.668297 -0.239189 0.704391
    outer loop
      vertex 29.4294 -21.5494 0.849999
      vertex 28.0066 -20.9601 2.4
      vertex 27.8998 -21.2585 2.4
    endloop
  endfacet
  facet normal 0.702116 -0.104142 0.704406
    outer loop
      vertex 29.3327 -21.8683 0.849999
      vertex 27.8222 -21.5679 2.4
      vertex 27.7757 -21.8814 2.4
    endloop
  endfacet
  facet normal 0.708936 -0.0349428 0.704407
    outer loop
      vertex 29.3 -22.2 0.849999
      vertex 27.7755 -21.8835 2.4
      vertex 27.7599 -22.2 2.4
    endloop
  endfacet
  facet normal 0.708936 0.0349428 0.704407
    outer loop
      vertex 27.7755 -22.5165 2.4
      vertex 29.3 -22.2 0.849999
      vertex 27.7599 -22.2 2.4
    endloop
  endfacet
  facet normal -0.239189 -0.668297 0.704391
    outer loop
      vertex 32.2399 -19.2066 2.4
      vertex 31.9415 -19.0998 2.4
      vertex 31.6506 -20.6294 0.849999
    endloop
  endfacet
  facet normal -0.104173 -0.702103 0.704414
    outer loop
      vertex 31.631 -19.022 2.4
      vertex 31.3176 -18.9755 2.4
      vertex 31.1666 -20.5082 0.849999
    endloop
  endfacet
  facet normal -0.688564 0.172354 0.704396
    outer loop
      vertex 32.6268 -22.6935 0.849999
      vertex 34.1008 -23.1395 2.4
      vertex 32.6673 -22.5317 0.849999
    endloop
  endfacet
  facet normal -0.679475 0.203843 0.704813
    outer loop
      vertex 34.1008 -23.1395 2.4
      vertex 32.6268 -22.6935 0.849999
      vertex 34.1005 -23.1405 2.4
    endloop
  endfacet
  facet normal -0.679475 0.203843 0.704813
    outer loop
      vertex 32.6268 -22.6935 0.849999
      vertex 34.1002 -23.1415 2.4
      vertex 34.1005 -23.1405 2.4
    endloop
  endfacet
  facet normal -0.668326 0.239083 0.7044
    outer loop
      vertex 34.1002 -23.1415 2.4
      vertex 32.6268 -22.6935 0.849999
      vertex 32.5706 -22.8506 0.849999
    endloop
  endfacet
  facet normal -0.608754 0.364997 0.704411
    outer loop
      vertex 32.4135 -23.1445 0.849999
      vertex 33.6946 -23.9992 2.4
      vertex 32.4993 -23.0014 0.849999
    endloop
  endfacet
  facet normal -0.590242 0.393494 0.704824
    outer loop
      vertex 33.6946 -23.9992 2.4
      vertex 32.4135 -23.1445 0.849999
      vertex 33.694 -24.0001 2.4
    endloop
  endfacet
  facet normal -0.104142 0.702116 0.704406
    outer loop
      vertex 31.6321 -25.3778 2.4
      vertex 31.3317 -23.8673 0.849999
      vertex 31.3186 -25.4243 2.4
    endloop
  endfacet
  facet normal -0.364894 0.608828 0.704401
    outer loop
      vertex 32.5274 -25.0575 2.4
      vertex 32.7992 -24.8946 2.4
      vertex 31.8014 -23.6993 0.849999
    endloop
  endfacet
  facet normal -0.303472 0.641658 0.7044
    outer loop
      vertex 32.2409 -25.193 2.4
      vertex 32.5274 -25.0575 2.4
      vertex 31.8014 -23.6993 0.849999
    endloop
  endfacet
  facet normal -0.46764 0.534446 0.704046
    outer loop
      vertex 32.2021 -23.4021 0.849999
      vertex 33.2903 -24.4918 2.4
      vertex 33.2911 -24.4911 2.4
    endloop
  endfacet
  facet normal -0.476618 0.525982 0.704399
    outer loop
      vertex 33.2903 -24.4918 2.4
      vertex 32.2021 -23.4021 0.849999
      vertex 32.0785 -23.5141 0.849999
    endloop
  endfacet
  facet normal 0.702112 0.10419 0.704402
    outer loop
      vertex 29.3082 -22.3666 0.849999
      vertex 27.7757 -22.5186 2.4
      vertex 29.3327 -22.5317 0.849999
    endloop
  endfacet
  facet normal 0.69729 0.139458 0.703092
    outer loop
      vertex 27.7757 -22.5186 2.4
      vertex 29.3082 -22.3666 0.849999
      vertex 27.7755 -22.5176 2.4
    endloop
  endfacet
  facet normal 0.688526 0.172468 0.704405
    outer loop
      vertex 27.8992 -23.1395 2.4
      vertex 29.3327 -22.5317 0.849999
      vertex 27.8222 -22.8321 2.4
    endloop
  endfacet
  facet normal 0.303472 0.641658 0.7044
    outer loop
      vertex 29.7591 -25.193 2.4
      vertex 30.1986 -23.6993 0.849999
      vertex 29.4726 -25.0575 2.4
    endloop
  endfacet
  facet normal 0.0348939 0.708942 0.704403
    outer loop
      vertex 30.8334 -23.8918 0.849999
      vertex 30.6835 -25.4245 2.4
      vertex 31 -23.9 0.849999
    endloop
  endfacet
  facet normal 0 0.711064 0.703127
    outer loop
      vertex 30.6835 -25.4245 2.4
      vertex 30.8334 -23.8918 0.849999
      vertex 30.6824 -25.4245 2.4
    endloop
  endfacet
  facet normal 0.0349428 0.708936 0.704407
    outer loop
      vertex 31 -25.4401 2.4
      vertex 31 -23.9 0.849999
      vertex 30.6835 -25.4245 2.4
    endloop
  endfacet
  facet normal 0.239084 0.668328 0.704398
    outer loop
      vertex 30.3494 -23.7706 0.849999
      vertex 29.7611 -25.1938 2.4
      vertex 30.5065 -23.8268 0.849999
    endloop
  endfacet
  facet normal 0.26347 0.658675 0.704791
    outer loop
      vertex 29.7611 -25.1938 2.4
      vertex 30.3494 -23.7706 0.849999
      vertex 29.7601 -25.1934 2.4
    endloop
  endfacet
  facet normal 0.47666 0.525938 0.704404
    outer loop
      vertex 28.9445 -24.7046 2.4
      vertex 29.9215 -23.5141 0.849999
      vertex 28.7097 -24.4918 2.4
    endloop
  endfacet
  facet normal 0.641687 0.303397 0.704406
    outer loop
      vertex 29.4294 -22.8506 0.849999
      vertex 28.007 -23.4409 2.4
      vertex 29.5007 -23.0014 0.849999
    endloop
  endfacet
  facet normal 0.658675 0.26347 0.704791
    outer loop
      vertex 28.007 -23.4409 2.4
      vertex 29.4294 -22.8506 0.849999
      vertex 28.0066 -23.4399 2.4
    endloop
  endfacet
  facet normal 0.641658 0.303472 0.7044
    outer loop
      vertex 28.1425 -23.7274 2.4
      vertex 29.5007 -23.0014 0.849999
      vertex 28.007 -23.4409 2.4
    endloop
  endfacet
  facet normal 0.570143 0.422793 0.704402
    outer loop
      vertex 28.4954 -24.2555 2.4
      vertex 29.6859 -23.2785 0.849999
      vertex 28.3066 -24.0009 2.4
    endloop
  endfacet
  facet normal 0.422793 -0.570143 0.704402
    outer loop
      vertex 29.9215 -20.8859 0.849999
      vertex 29.1991 -19.5066 2.4
      vertex 28.9445 -19.6954 2.4
    endloop
  endfacet
  facet normal 0.525938 -0.47666 0.704404
    outer loop
      vertex 29.6859 -21.1215 0.849999
      vertex 28.7082 -19.9097 2.4
      vertex 28.4954 -20.1445 2.4
    endloop
  endfacet
  facet normal 0.425943 -0.567924 0.704298
    outer loop
      vertex 29.1991 -19.5066 2.4
      vertex 30.0555 -20.7865 0.849999
      vertex 29.1999 -19.506 2.4
    endloop
  endfacet
  facet normal 0.422885 -0.570086 0.704394
    outer loop
      vertex 30.0555 -20.7865 0.849999
      vertex 29.1991 -19.5066 2.4
      vertex 29.9215 -20.8859 0.849999
    endloop
  endfacet
  facet normal 0.364894 -0.608828 0.704401
    outer loop
      vertex 30.1986 -20.7007 0.849999
      vertex 29.4726 -19.3425 2.4
      vertex 29.2008 -19.5054 2.4
    endloop
  endfacet
  facet normal 0.26347 -0.658675 0.704791
    outer loop
      vertex 29.7591 -19.207 2.4
      vertex 30.3494 -20.6294 0.849999
      vertex 29.7601 -19.2066 2.4
    endloop
  endfacet
  facet normal 0.303397 -0.641687 0.704406
    outer loop
      vertex 30.3494 -20.6294 0.849999
      vertex 29.7591 -19.207 2.4
      vertex 30.1986 -20.7007 0.849999
    endloop
  endfacet
  facet normal 0.303472 -0.641658 0.7044
    outer loop
      vertex 30.1986 -20.7007 0.849999
      vertex 29.7591 -19.207 2.4
      vertex 29.4726 -19.3425 2.4
    endloop
  endfacet
  facet normal 0.172468 -0.688526 0.704405
    outer loop
      vertex 30.6683 -20.5327 0.849999
      vertex 30.3679 -19.0222 2.4
      vertex 30.0605 -19.0992 2.4
    endloop
  endfacet
  facet normal 0.104188 -0.702099 0.704416
    outer loop
      vertex 30.369 -19.022 2.4
      vertex 30.6683 -20.5327 0.849999
      vertex 30.8334 -20.5082 0.849999
    endloop
  endfacet
  facet normal 0.126905 -0.697978 0.704785
    outer loop
      vertex 30.6683 -20.5327 0.849999
      vertex 30.369 -19.022 2.4
      vertex 30.3679 -19.0222 2.4
    endloop
  endfacet
  facet normal 0.641668 -0.303477 0.704389
    outer loop
      vertex 29.4294 -21.5494 0.849999
      vertex 28.1421 -20.6736 2.4
      vertex 28.0066 -20.9601 2.4
    endloop
  endfacet
  facet normal 0.679475 -0.203843 0.704813
    outer loop
      vertex 27.8992 -21.2605 2.4
      vertex 29.3732 -21.7065 0.849999
      vertex 27.8995 -21.2595 2.4
    endloop
  endfacet
  facet normal 0.688564 -0.172354 0.704396
    outer loop
      vertex 29.3732 -21.7065 0.849999
      vertex 27.8992 -21.2605 2.4
      vertex 29.3327 -21.8683 0.849999
    endloop
  endfacet
  facet normal -0.303472 -0.641658 0.7044
    outer loop
      vertex 32.5274 -19.3425 2.4
      vertex 32.2409 -19.207 2.4
      vertex 31.8014 -20.7007 0.849999
    endloop
  endfacet
  facet normal -0.26347 -0.658675 0.704791
    outer loop
      vertex 31.6506 -20.6294 0.849999
      vertex 32.2409 -19.207 2.4
      vertex 32.2399 -19.2066 2.4
    endloop
  endfacet
  facet normal -0.303397 -0.641687 0.704406
    outer loop
      vertex 32.2409 -19.207 2.4
      vertex 31.6506 -20.6294 0.849999
      vertex 31.8014 -20.7007 0.849999
    endloop
  endfacet
  facet normal -0.534446 -0.46764 0.704046
    outer loop
      vertex 32.2021 -20.9979 0.849999
      vertex 33.2918 -19.9097 2.4
      vertex 33.2911 -19.9089 2.4
    endloop
  endfacet
  facet normal -0.525982 -0.476618 0.704399
    outer loop
      vertex 33.2918 -19.9097 2.4
      vertex 32.2021 -20.9979 0.849999
      vertex 32.3141 -21.1215 0.849999
    endloop
  endfacet
  facet normal -0.525938 -0.47666 0.704404
    outer loop
      vertex 33.5046 -20.1445 2.4
      vertex 33.2918 -19.9097 2.4
      vertex 32.3141 -21.1215 0.849999
    endloop
  endfacet
  facet normal -0.26347 0.658675 0.704791
    outer loop
      vertex 31.6506 -23.7706 0.849999
      vertex 32.2389 -25.1938 2.4
      vertex 32.2399 -25.1934 2.4
    endloop
  endfacet
  facet normal -0.239084 0.668328 0.704398
    outer loop
      vertex 32.2389 -25.1938 2.4
      vertex 31.6506 -23.7706 0.849999
      vertex 31.4935 -23.8268 0.849999
    endloop
  endfacet
  facet normal -0.10419 0.702112 0.704402
    outer loop
      vertex 31.1666 -23.8918 0.849999
      vertex 31.3186 -25.4243 2.4
      vertex 31.3317 -23.8673 0.849999
    endloop
  endfacet
  facet normal -0.139458 0.69729 0.703092
    outer loop
      vertex 31.3186 -25.4243 2.4
      vertex 31.1666 -23.8918 0.849999
      vertex 31.3176 -25.4245 2.4
    endloop
  endfacet
  facet normal 0 0.711064 0.703127
    outer loop
      vertex 31.1666 -23.8918 0.849999
      vertex 31.3165 -25.4245 2.4
      vertex 31.3176 -25.4245 2.4
    endloop
  endfacet
  facet normal -0.0348939 0.708942 0.704403
    outer loop
      vertex 31.3165 -25.4245 2.4
      vertex 31.1666 -23.8918 0.849999
      vertex 31 -23.9 0.849999
    endloop
  endfacet
  facet normal 0.139458 0.69729 0.703092
    outer loop
      vertex 30.8334 -23.8918 0.849999
      vertex 30.6814 -25.4243 2.4
      vertex 30.6824 -25.4245 2.4
    endloop
  endfacet
  facet normal 0.10419 0.702112 0.704402
    outer loop
      vertex 30.6814 -25.4243 2.4
      vertex 30.8334 -23.8918 0.849999
      vertex 30.6683 -23.8673 0.849999
    endloop
  endfacet
  facet normal 0.364894 0.608828 0.704401
    outer loop
      vertex 29.4726 -25.0575 2.4
      vertex 30.1986 -23.6993 0.849999
      vertex 29.2008 -24.8946 2.4
    endloop
  endfacet
  facet normal 0.364997 0.608754 0.704411
    outer loop
      vertex 30.0555 -23.6135 0.849999
      vertex 29.2008 -24.8946 2.4
      vertex 30.1986 -23.6993 0.849999
    endloop
  endfacet
  facet normal 0.393494 0.590242 0.704824
    outer loop
      vertex 29.2008 -24.8946 2.4
      vertex 30.0555 -23.6135 0.849999
      vertex 29.1999 -24.894 2.4
    endloop
  endfacet
  facet normal 0.476618 0.525982 0.704399
    outer loop
      vertex 29.7979 -23.4021 0.849999
      vertex 28.7097 -24.4918 2.4
      vertex 29.9215 -23.5141 0.849999
    endloop
  endfacet
  facet normal 0.46764 0.534446 0.704046
    outer loop
      vertex 28.7097 -24.4918 2.4
      vertex 29.7979 -23.4021 0.849999
      vertex 28.7089 -24.4911 2.4
    endloop
  endfacet
  facet normal 0.525982 0.476618 0.704399
    outer loop
      vertex 28.7082 -24.4903 2.4
      vertex 29.7979 -23.4021 0.849999
      vertex 29.6859 -23.2785 0.849999
    endloop
  endfacet
  facet normal 0.534446 0.46764 0.704046
    outer loop
      vertex 29.7979 -23.4021 0.849999
      vertex 28.7082 -24.4903 2.4
      vertex 28.7089 -24.4911 2.4
    endloop
  endfacet
  facet normal 0.668297 0.239189 0.704391
    outer loop
      vertex 28.0066 -23.4399 2.4
      vertex 29.4294 -22.8506 0.849999
      vertex 27.8998 -23.1415 2.4
    endloop
  endfacet
  facet normal 0.668326 0.239083 0.7044
    outer loop
      vertex 29.3732 -22.6935 0.849999
      vertex 27.8998 -23.1415 2.4
      vertex 29.4294 -22.8506 0.849999
    endloop
  endfacet
  facet normal 0.679475 0.203843 0.704813
    outer loop
      vertex 27.8998 -23.1415 2.4
      vertex 29.3732 -22.6935 0.849999
      vertex 27.8995 -23.1405 2.4
    endloop
  endfacet
  facet normal 0.608754 0.364997 0.704411
    outer loop
      vertex 28.3054 -23.9992 2.4
      vertex 29.5865 -23.1445 0.849999
      vertex 29.5007 -23.0014 0.849999
    endloop
  endfacet
  facet normal 0.590242 0.393494 0.704824
    outer loop
      vertex 29.5865 -23.1445 0.849999
      vertex 28.3054 -23.9992 2.4
      vertex 28.306 -24.0001 2.4
    endloop
  endfacet
  facet normal 0.534446 -0.46764 0.704046
    outer loop
      vertex 28.7082 -19.9097 2.4
      vertex 29.7979 -20.9979 0.849999
      vertex 28.7089 -19.9089 2.4
    endloop
  endfacet
  facet normal 0.525982 -0.476618 0.704399
    outer loop
      vertex 29.7979 -20.9979 0.849999
      vertex 28.7082 -19.9097 2.4
      vertex 29.6859 -21.1215 0.849999
    endloop
  endfacet
  facet normal 0.476618 -0.525982 0.704399
    outer loop
      vertex 28.7097 -19.9082 2.4
      vertex 29.7979 -20.9979 0.849999
      vertex 29.9215 -20.8859 0.849999
    endloop
  endfacet
  facet normal 0.46764 -0.534446 0.704046
    outer loop
      vertex 29.7979 -20.9979 0.849999
      vertex 28.7097 -19.9082 2.4
      vertex 28.7089 -19.9089 2.4
    endloop
  endfacet
  facet normal 0.364997 -0.608754 0.704411
    outer loop
      vertex 29.2008 -19.5054 2.4
      vertex 30.0555 -20.7865 0.849999
      vertex 30.1986 -20.7007 0.849999
    endloop
  endfacet
  facet normal 0.393494 -0.590242 0.704824
    outer loop
      vertex 30.0555 -20.7865 0.849999
      vertex 29.2008 -19.5054 2.4
      vertex 29.1999 -19.506 2.4
    endloop
  endfacet
  facet normal 0.203843 -0.679475 0.704813
    outer loop
      vertex 30.0585 -19.0998 2.4
      vertex 30.5065 -20.5732 0.849999
      vertex 30.0595 -19.0995 2.4
    endloop
  endfacet
  facet normal 0.239083 -0.668326 0.7044
    outer loop
      vertex 30.5065 -20.5732 0.849999
      vertex 30.0585 -19.0998 2.4
      vertex 30.3494 -20.6294 0.849999
    endloop
  endfacet
  facet normal 0.608828 -0.364894 0.704401
    outer loop
      vertex 29.5007 -21.3986 0.849999
      vertex 28.3054 -20.4008 2.4
      vertex 28.1425 -20.6726 2.4
    endloop
  endfacet
  facet normal 0.590242 -0.393494 0.704824
    outer loop
      vertex 28.3054 -20.4008 2.4
      vertex 29.5865 -21.2555 0.849999
      vertex 28.306 -20.3999 2.4
    endloop
  endfacet
  facet normal 0.608754 -0.364997 0.704411
    outer loop
      vertex 29.5865 -21.2555 0.849999
      vertex 28.3054 -20.4008 2.4
      vertex 29.5007 -21.3986 0.849999
    endloop
  endfacet
  facet normal 0.702112 -0.10419 0.704402
    outer loop
      vertex 27.7757 -21.8814 2.4
      vertex 29.3082 -22.0334 0.849999
      vertex 29.3327 -21.8683 0.849999
    endloop
  endfacet
  facet normal 0.69729 -0.139458 0.703092
    outer loop
      vertex 29.3082 -22.0334 0.849999
      vertex 27.7757 -21.8814 2.4
      vertex 27.7755 -21.8824 2.4
    endloop
  endfacet
  facet normal -0.364894 -0.608828 0.704401
    outer loop
      vertex 32.7992 -19.5054 2.4
      vertex 32.5274 -19.3425 2.4
      vertex 31.8014 -20.7007 0.849999
    endloop
  endfacet
  facet normal -0.126905 -0.697978 0.704785
    outer loop
      vertex 31.631 -19.022 2.4
      vertex 31.3317 -20.5327 0.849999
      vertex 31.6321 -19.0222 2.4
    endloop
  endfacet
  facet normal -0.104188 -0.702099 0.704416
    outer loop
      vertex 31.3317 -20.5327 0.849999
      vertex 31.631 -19.022 2.4
      vertex 31.1666 -20.5082 0.849999
    endloop
  endfacet
  facet normal -0.172468 -0.688526 0.704405
    outer loop
      vertex 31.9395 -19.0992 2.4
      vertex 31.6321 -19.0222 2.4
      vertex 31.3317 -20.5327 0.849999
    endloop
  endfacet
  facet normal 0.0348942 -0.708947 0.704398
    outer loop
      vertex 31 -20.5 0.849999
      vertex 30.9989 -18.96 2.4
      vertex 30.8334 -20.5082 0.849999
    endloop
  endfacet
  facet normal 0.0643544 -0.707898 0.703376
    outer loop
      vertex 30.9989 -18.96 2.4
      vertex 31 -20.5 0.849999
      vertex 31 -18.9599 2.4
    endloop
  endfacet
  facet normal 0.0347191 -0.708942 0.704411
    outer loop
      vertex 30.8334 -20.5082 0.849999
      vertex 30.9989 -18.96 2.4
      vertex 30.6824 -18.9755 2.4
    endloop
  endfacet
  facet normal -0.641668 -0.303477 0.704389
    outer loop
      vertex 33.9934 -20.9601 2.4
      vertex 33.8579 -20.6736 2.4
      vertex 32.5706 -21.5494 0.849999
    endloop
  endfacet
  facet normal -0.679475 -0.203843 0.704813
    outer loop
      vertex 32.6268 -21.7065 0.849999
      vertex 34.1008 -21.2605 2.4
      vertex 34.1005 -21.2595 2.4
    endloop
  endfacet
  facet normal -0.688564 -0.172354 0.704396
    outer loop
      vertex 34.1008 -21.2605 2.4
      vertex 32.6268 -21.7065 0.849999
      vertex 32.6673 -21.8683 0.849999
    endloop
  endfacet
  facet normal -0.668297 -0.239189 0.704391
    outer loop
      vertex 34.1002 -21.2585 2.4
      vertex 33.9934 -20.9601 2.4
      vertex 32.5706 -21.5494 0.849999
    endloop
  endfacet
  facet normal -0.679475 -0.203843 0.704813
    outer loop
      vertex 34.1002 -21.2585 2.4
      vertex 32.6268 -21.7065 0.849999
      vertex 34.1005 -21.2595 2.4
    endloop
  endfacet
  facet normal -0.668326 -0.239083 0.7044
    outer loop
      vertex 32.6268 -21.7065 0.849999
      vertex 34.1002 -21.2585 2.4
      vertex 32.5706 -21.5494 0.849999
    endloop
  endfacet
  facet normal -0.688526 -0.172468 0.704405
    outer loop
      vertex 34.1778 -21.5679 2.4
      vertex 34.1008 -21.2605 2.4
      vertex 32.6673 -21.8683 0.849999
    endloop
  endfacet
  facet normal -0.46764 -0.534446 0.704046
    outer loop
      vertex 33.2903 -19.9082 2.4
      vertex 32.2021 -20.9979 0.849999
      vertex 33.2911 -19.9089 2.4
    endloop
  endfacet
  facet normal -0.476618 -0.525982 0.704399
    outer loop
      vertex 32.2021 -20.9979 0.849999
      vertex 33.2903 -19.9082 2.4
      vertex 32.0785 -20.8859 0.849999
    endloop
  endfacet
  facet normal -0.47666 -0.525938 0.704404
    outer loop
      vertex 33.2903 -19.9082 2.4
      vertex 33.0555 -19.6954 2.4
      vertex 32.0785 -20.8859 0.849999
    endloop
  endfacet
  facet normal -0.570143 -0.422793 0.704402
    outer loop
      vertex 33.6934 -20.3991 2.4
      vertex 33.5046 -20.1445 2.4
      vertex 32.3141 -21.1215 0.849999
    endloop
  endfacet
  facet normal 0.104142 0.702116 0.704406
    outer loop
      vertex 30.6814 -25.4243 2.4
      vertex 30.6683 -23.8673 0.849999
      vertex 30.3679 -25.3778 2.4
    endloop
  endfacet
  facet normal 0.172354 0.688563 0.704397
    outer loop
      vertex 30.3669 -25.3775 2.4
      vertex 30.6683 -23.8673 0.849999
      vertex 30.5065 -23.8268 0.849999
    endloop
  endfacet
  facet normal 0.204295 0.680984 0.703224
    outer loop
      vertex 30.6683 -23.8673 0.849999
      vertex 30.3669 -25.3775 2.4
      vertex 30.3679 -25.3778 2.4
    endloop
  endfacet
  facet normal 0.303397 0.641687 0.704406
    outer loop
      vertex 29.7591 -25.193 2.4
      vertex 30.3494 -23.7706 0.849999
      vertex 30.1986 -23.6993 0.849999
    endloop
  endfacet
  facet normal 0.26347 0.658675 0.704791
    outer loop
      vertex 30.3494 -23.7706 0.849999
      vertex 29.7591 -25.193 2.4
      vertex 29.7601 -25.1934 2.4
    endloop
  endfacet
  facet normal -0.203843 -0.679475 0.704813
    outer loop
      vertex 31.4935 -20.5732 0.849999
      vertex 31.9415 -19.0998 2.4
      vertex 31.9405 -19.0995 2.4
    endloop
  endfacet
  facet normal -0.239083 -0.668326 0.7044
    outer loop
      vertex 31.9415 -19.0998 2.4
      vertex 31.4935 -20.5732 0.849999
      vertex 31.6506 -20.6294 0.849999
    endloop
  endfacet
  facet normal -0.393494 -0.590242 0.704824
    outer loop
      vertex 32.7992 -19.5054 2.4
      vertex 31.9445 -20.7865 0.849999
      vertex 32.8001 -19.506 2.4
    endloop
  endfacet
  facet normal -0.364997 -0.608754 0.704411
    outer loop
      vertex 31.9445 -20.7865 0.849999
      vertex 32.7992 -19.5054 2.4
      vertex 31.8014 -20.7007 0.849999
    endloop
  endfacet
  facet normal -0.425943 -0.567924 0.704298
    outer loop
      vertex 31.9445 -20.7865 0.849999
      vertex 32.8009 -19.5066 2.4
      vertex 32.8001 -19.506 2.4
    endloop
  endfacet
  facet normal -0.422885 -0.570086 0.704394
    outer loop
      vertex 32.8009 -19.5066 2.4
      vertex 31.9445 -20.7865 0.849999
      vertex 32.0785 -20.8859 0.849999
    endloop
  endfacet
  facet normal -0.0643544 -0.707898 0.703376
    outer loop
      vertex 31 -20.5 0.849999
      vertex 31.0011 -18.96 2.4
      vertex 31 -18.9599 2.4
    endloop
  endfacet
  facet normal -0.0348942 -0.708947 0.704398
    outer loop
      vertex 31.0011 -18.96 2.4
      vertex 31 -20.5 0.849999
      vertex 31.1666 -20.5082 0.849999
    endloop
  endfacet
  facet normal -0.0347191 -0.708942 0.704411
    outer loop
      vertex 31.1666 -20.5082 0.849999
      vertex 31.3176 -18.9755 2.4
      vertex 31.0011 -18.96 2.4
    endloop
  endfacet
  facet normal -0.660635 -0.264254 0.70266
    outer loop
      vertex 32.4993 -21.3986 0.849999
      vertex 33.8579 -20.6736 2.4
      vertex 33.8575 -20.6726 2.4
    endloop
  endfacet
  facet normal -0.641708 -0.303407 0.704383
    outer loop
      vertex 33.8579 -20.6736 2.4
      vertex 32.4993 -21.3986 0.849999
      vertex 32.5706 -21.5494 0.849999
    endloop
  endfacet
  facet normal -0.702116 -0.104142 0.704406
    outer loop
      vertex 34.2243 -21.8814 2.4
      vertex 34.1778 -21.5679 2.4
      vertex 32.6673 -21.8683 0.849999
    endloop
  endfacet
  facet normal -0.69729 -0.139458 0.703092
    outer loop
      vertex 34.2243 -21.8814 2.4
      vertex 32.6918 -22.0334 0.849999
      vertex 34.2245 -21.8824 2.4
    endloop
  endfacet
  facet normal -0.702112 -0.10419 0.704402
    outer loop
      vertex 32.6918 -22.0334 0.849999
      vertex 34.2243 -21.8814 2.4
      vertex 32.6673 -21.8683 0.849999
    endloop
  endfacet
  facet normal -0.567924 -0.425943 0.704298
    outer loop
      vertex 33.6934 -20.3991 2.4
      vertex 32.4135 -21.2555 0.849999
      vertex 33.694 -20.3999 2.4
    endloop
  endfacet
  facet normal -0.570086 -0.422885 0.704394
    outer loop
      vertex 32.4135 -21.2555 0.849999
      vertex 33.6934 -20.3991 2.4
      vertex 32.3141 -21.1215 0.849999
    endloop
  endfacet
  facet normal -0.590242 -0.393494 0.704824
    outer loop
      vertex 32.4135 -21.2555 0.849999
      vertex 33.6946 -20.4008 2.4
      vertex 33.694 -20.3999 2.4
    endloop
  endfacet
  facet normal -0.608754 -0.364997 0.704411
    outer loop
      vertex 33.6946 -20.4008 2.4
      vertex 32.4135 -21.2555 0.849999
      vertex 32.4993 -21.3986 0.849999
    endloop
  endfacet
  facet normal -0.970072 -0.242818 0
    outer loop
      vertex -29.3327 29.6317 0
      vertex -29.3732 29.7935 0.849999
      vertex -29.3732 29.7935 0
    endloop
  endfacet
  facet normal -0.970072 -0.242818 0
    outer loop
      vertex -29.3732 29.7935 0.849999
      vertex -29.3327 29.6317 0
      vertex -29.3327 29.6317 0.849999
    endloop
  endfacet
  facet normal -0.998791 -0.0491602 0
    outer loop
      vertex -29.3 29.3 0
      vertex -29.3082 29.4666 0.849999
      vertex -29.3082 29.4666 0
    endloop
  endfacet
  facet normal -0.998791 -0.0491602 0
    outer loop
      vertex -29.3082 29.4666 0.849999
      vertex -29.3 29.3 0
      vertex -29.3 29.3 0.849999
    endloop
  endfacet
  facet normal 0.998791 -0.0491602 0
    outer loop
      vertex -32.7 29.3 0.849999
      vertex -32.6918 29.4666 0
      vertex -32.6918 29.4666 0.849999
    endloop
  endfacet
  facet normal 0.998791 -0.0491602 0
    outer loop
      vertex -32.6918 29.4666 0
      vertex -32.7 29.3 0.849999
      vertex -32.7 29.3 0
    endloop
  endfacet
  facet normal 0.0491602 -0.998791 0
    outer loop
      vertex -31.1666 30.9918 0
      vertex -31 31 0.849999
      vertex -31.1666 30.9918 0.849999
    endloop
  endfacet
  facet normal 0.0491602 -0.998791 0
    outer loop
      vertex -31 31 0.849999
      vertex -31.1666 30.9918 0
      vertex -31 31 0
    endloop
  endfacet
  facet normal -0.671478 -0.741024 0
    outer loop
      vertex -29.9215 30.6141 0
      vertex -29.7979 30.5021 0.849999
      vertex -29.9215 30.6141 0.849999
    endloop
  endfacet
  facet normal -0.671478 -0.741024 -0
    outer loop
      vertex -29.7979 30.5021 0.849999
      vertex -29.9215 30.6141 0
      vertex -29.7979 30.5021 0
    endloop
  endfacet
  facet normal 0.741024 -0.671478 0
    outer loop
      vertex -32.3141 30.3785 0.849999
      vertex -32.2021 30.5021 0
      vertex -32.2021 30.5021 0.849999
    endloop
  endfacet
  facet normal 0.741024 -0.671478 0
    outer loop
      vertex -32.2021 30.5021 0
      vertex -32.3141 30.3785 0.849999
      vertex -32.3141 30.3785 0
    endloop
  endfacet
  facet normal 0.427442 -0.904043 0
    outer loop
      vertex -31.8014 30.7993 0
      vertex -31.6506 30.8706 0.849999
      vertex -31.8014 30.7993 0.849999
    endloop
  endfacet
  facet normal 0.427442 -0.904043 0
    outer loop
      vertex -31.6506 30.8706 0.849999
      vertex -31.8014 30.7993 0
      vertex -31.6506 30.8706 0
    endloop
  endfacet
  facet normal 0.803154 0.595772 0
    outer loop
      vertex -32.3141 28.2215 0.849999
      vertex -32.4135 28.3555 0
      vertex -32.4135 28.3555 0.849999
    endloop
  endfacet
  facet normal 0.803154 0.595772 0
    outer loop
      vertex -32.4135 28.3555 0
      vertex -32.3141 28.2215 0.849999
      vertex -32.3141 28.2215 0
    endloop
  endfacet
  facet normal -0.941566 -0.33683 0
    outer loop
      vertex -29.3732 29.7935 0
      vertex -29.4294 29.9506 0.849999
      vertex -29.4294 29.9506 0
    endloop
  endfacet
  facet normal -0.941566 -0.33683 0
    outer loop
      vertex -29.4294 29.9506 0.849999
      vertex -29.3732 29.7935 0
      vertex -29.3732 29.7935 0.849999
    endloop
  endfacet
  facet normal -0.33683 -0.941566 0
    outer loop
      vertex -30.5065 30.9268 0
      vertex -30.3494 30.8706 0.849999
      vertex -30.5065 30.9268 0.849999
    endloop
  endfacet
  facet normal -0.33683 -0.941566 -0
    outer loop
      vertex -30.3494 30.8706 0.849999
      vertex -30.5065 30.9268 0
      vertex -30.3494 30.8706 0
    endloop
  endfacet
  facet normal 0.857652 -0.514231 0
    outer loop
      vertex -32.4993 30.1014 0.849999
      vertex -32.4135 30.2445 0
      vertex -32.4135 30.2445 0.849999
    endloop
  endfacet
  facet normal 0.857652 -0.514231 0
    outer loop
      vertex -32.4135 30.2445 0
      vertex -32.4993 30.1014 0.849999
      vertex -32.4993 30.1014 0
    endloop
  endfacet
  facet normal 0.803154 -0.595772 0
    outer loop
      vertex -32.4135 30.2445 0.849999
      vertex -32.3141 30.3785 0
      vertex -32.3141 30.3785 0.849999
    endloop
  endfacet
  facet normal 0.803154 -0.595772 0
    outer loop
      vertex -32.3141 30.3785 0
      vertex -32.4135 30.2445 0.849999
      vertex -32.4135 30.2445 0
    endloop
  endfacet
  facet normal -0.904043 0.427442 0
    outer loop
      vertex -29.5007 28.4986 0
      vertex -29.4294 28.6494 0.849999
      vertex -29.4294 28.6494 0
    endloop
  endfacet
  facet normal -0.904043 0.427442 0
    outer loop
      vertex -29.4294 28.6494 0.849999
      vertex -29.5007 28.4986 0
      vertex -29.5007 28.4986 0.849999
    endloop
  endfacet
  facet normal -0.33683 0.941566 0
    outer loop
      vertex -30.3494 27.7294 0
      vertex -30.5065 27.6732 0.849999
      vertex -30.3494 27.7294 0.849999
    endloop
  endfacet
  facet normal -0.33683 0.941566 0
    outer loop
      vertex -30.5065 27.6732 0.849999
      vertex -30.3494 27.7294 0
      vertex -30.5065 27.6732 0
    endloop
  endfacet
  facet normal -0.741024 0.671478 0
    outer loop
      vertex -29.7979 28.0979 0
      vertex -29.6859 28.2215 0.849999
      vertex -29.6859 28.2215 0
    endloop
  endfacet
  facet normal -0.741024 0.671478 0
    outer loop
      vertex -29.6859 28.2215 0.849999
      vertex -29.7979 28.0979 0
      vertex -29.7979 28.0979 0.849999
    endloop
  endfacet
  facet normal -0.970072 0.242818 0
    outer loop
      vertex -29.3732 28.8065 0
      vertex -29.3327 28.9683 0.849999
      vertex -29.3327 28.9683 0
    endloop
  endfacet
  facet normal -0.970072 0.242818 0
    outer loop
      vertex -29.3327 28.9683 0.849999
      vertex -29.3732 28.8065 0
      vertex -29.3732 28.8065 0.849999
    endloop
  endfacet
  facet normal 0.33683 0.941566 -0
    outer loop
      vertex -31.4935 27.6732 0
      vertex -31.6506 27.7294 0.849999
      vertex -31.4935 27.6732 0.849999
    endloop
  endfacet
  facet normal 0.33683 0.941566 0
    outer loop
      vertex -31.6506 27.7294 0.849999
      vertex -31.4935 27.6732 0
      vertex -31.6506 27.7294 0
    endloop
  endfacet
  facet normal 0.514231 0.857652 -0
    outer loop
      vertex -31.8014 27.8007 0
      vertex -31.9445 27.8865 0.849999
      vertex -31.8014 27.8007 0.849999
    endloop
  endfacet
  facet normal 0.514231 0.857652 0
    outer loop
      vertex -31.9445 27.8865 0.849999
      vertex -31.8014 27.8007 0
      vertex -31.9445 27.8865 0
    endloop
  endfacet
  facet normal -0.989168 -0.146788 0
    outer loop
      vertex -29.3082 29.4666 0
      vertex -29.3327 29.6317 0.849999
      vertex -29.3327 29.6317 0
    endloop
  endfacet
  facet normal -0.989168 -0.146788 0
    outer loop
      vertex -29.3327 29.6317 0.849999
      vertex -29.3082 29.4666 0
      vertex -29.3082 29.4666 0.849999
    endloop
  endfacet
  facet normal -0.904043 -0.427442 0
    outer loop
      vertex -29.4294 29.9506 0
      vertex -29.5007 30.1014 0.849999
      vertex -29.5007 30.1014 0
    endloop
  endfacet
  facet normal -0.904043 -0.427442 0
    outer loop
      vertex -29.5007 30.1014 0.849999
      vertex -29.4294 29.9506 0
      vertex -29.4294 29.9506 0.849999
    endloop
  endfacet
  facet normal -0.857652 -0.514231 0
    outer loop
      vertex -29.5007 30.1014 0
      vertex -29.5865 30.2445 0.849999
      vertex -29.5865 30.2445 0
    endloop
  endfacet
  facet normal -0.857652 -0.514231 0
    outer loop
      vertex -29.5865 30.2445 0.849999
      vertex -29.5007 30.1014 0
      vertex -29.5007 30.1014 0.849999
    endloop
  endfacet
  facet normal -0.741024 -0.671478 0
    outer loop
      vertex -29.6859 30.3785 0
      vertex -29.7979 30.5021 0.849999
      vertex -29.7979 30.5021 0
    endloop
  endfacet
  facet normal -0.741024 -0.671478 0
    outer loop
      vertex -29.7979 30.5021 0.849999
      vertex -29.6859 30.3785 0
      vertex -29.6859 30.3785 0.849999
    endloop
  endfacet
  facet normal -0.803154 -0.595772 0
    outer loop
      vertex -29.5865 30.2445 0
      vertex -29.6859 30.3785 0.849999
      vertex -29.6859 30.3785 0
    endloop
  endfacet
  facet normal -0.803154 -0.595772 0
    outer loop
      vertex -29.6859 30.3785 0.849999
      vertex -29.5865 30.2445 0
      vertex -29.5865 30.2445 0.849999
    endloop
  endfacet
  facet normal -0.242818 -0.970072 0
    outer loop
      vertex -30.6683 30.9673 0
      vertex -30.5065 30.9268 0.849999
      vertex -30.6683 30.9673 0.849999
    endloop
  endfacet
  facet normal -0.242818 -0.970072 -0
    outer loop
      vertex -30.5065 30.9268 0.849999
      vertex -30.6683 30.9673 0
      vertex -30.5065 30.9268 0
    endloop
  endfacet
  facet normal -0.146788 -0.989168 0
    outer loop
      vertex -30.8334 30.9918 0
      vertex -30.6683 30.9673 0.849999
      vertex -30.8334 30.9918 0.849999
    endloop
  endfacet
  facet normal -0.146788 -0.989168 -0
    outer loop
      vertex -30.6683 30.9673 0.849999
      vertex -30.8334 30.9918 0
      vertex -30.6683 30.9673 0
    endloop
  endfacet
  facet normal -0.0491602 -0.998791 0
    outer loop
      vertex -31 31 0
      vertex -30.8334 30.9918 0.849999
      vertex -31 31 0.849999
    endloop
  endfacet
  facet normal -0.0491602 -0.998791 -0
    outer loop
      vertex -30.8334 30.9918 0.849999
      vertex -31 31 0
      vertex -30.8334 30.9918 0
    endloop
  endfacet
  facet normal -0.595772 -0.803154 0
    outer loop
      vertex -30.0555 30.7135 0
      vertex -29.9215 30.6141 0.849999
      vertex -30.0555 30.7135 0.849999
    endloop
  endfacet
  facet normal -0.595772 -0.803154 -0
    outer loop
      vertex -29.9215 30.6141 0.849999
      vertex -30.0555 30.7135 0
      vertex -29.9215 30.6141 0
    endloop
  endfacet
  facet normal -0.427442 -0.904043 0
    outer loop
      vertex -30.3494 30.8706 0
      vertex -30.1986 30.7993 0.849999
      vertex -30.3494 30.8706 0.849999
    endloop
  endfacet
  facet normal -0.427442 -0.904043 -0
    outer loop
      vertex -30.1986 30.7993 0.849999
      vertex -30.3494 30.8706 0
      vertex -30.1986 30.7993 0
    endloop
  endfacet
  facet normal -0.514231 -0.857652 0
    outer loop
      vertex -30.1986 30.7993 0
      vertex -30.0555 30.7135 0.849999
      vertex -30.1986 30.7993 0.849999
    endloop
  endfacet
  facet normal -0.514231 -0.857652 -0
    outer loop
      vertex -30.0555 30.7135 0.849999
      vertex -30.1986 30.7993 0
      vertex -30.0555 30.7135 0
    endloop
  endfacet
  facet normal 0.904043 -0.427442 0
    outer loop
      vertex -32.5706 29.9506 0.849999
      vertex -32.4993 30.1014 0
      vertex -32.4993 30.1014 0.849999
    endloop
  endfacet
  facet normal 0.904043 -0.427442 0
    outer loop
      vertex -32.4993 30.1014 0
      vertex -32.5706 29.9506 0.849999
      vertex -32.5706 29.9506 0
    endloop
  endfacet
  facet normal 0.970072 -0.242818 0
    outer loop
      vertex -32.6673 29.6317 0.849999
      vertex -32.6268 29.7935 0
      vertex -32.6268 29.7935 0.849999
    endloop
  endfacet
  facet normal 0.970072 -0.242818 0
    outer loop
      vertex -32.6268 29.7935 0
      vertex -32.6673 29.6317 0.849999
      vertex -32.6673 29.6317 0
    endloop
  endfacet
  facet normal 0.595772 -0.803154 0
    outer loop
      vertex -32.0785 30.6141 0
      vertex -31.9445 30.7135 0.849999
      vertex -32.0785 30.6141 0.849999
    endloop
  endfacet
  facet normal 0.595772 -0.803154 0
    outer loop
      vertex -31.9445 30.7135 0.849999
      vertex -32.0785 30.6141 0
      vertex -31.9445 30.7135 0
    endloop
  endfacet
  facet normal 0.146788 -0.989168 0
    outer loop
      vertex -31.3317 30.9673 0
      vertex -31.1666 30.9918 0.849999
      vertex -31.3317 30.9673 0.849999
    endloop
  endfacet
  facet normal 0.146788 -0.989168 0
    outer loop
      vertex -31.1666 30.9918 0.849999
      vertex -31.3317 30.9673 0
      vertex -31.1666 30.9918 0
    endloop
  endfacet
  facet normal 0.242818 -0.970072 0
    outer loop
      vertex -31.4935 30.9268 0
      vertex -31.3317 30.9673 0.849999
      vertex -31.4935 30.9268 0.849999
    endloop
  endfacet
  facet normal 0.242818 -0.970072 0
    outer loop
      vertex -31.3317 30.9673 0.849999
      vertex -31.4935 30.9268 0
      vertex -31.3317 30.9673 0
    endloop
  endfacet
  facet normal -0.0491602 0.998791 0
    outer loop
      vertex -30.8334 27.6082 0
      vertex -31 27.6 0.849999
      vertex -30.8334 27.6082 0.849999
    endloop
  endfacet
  facet normal -0.0491602 0.998791 0
    outer loop
      vertex -31 27.6 0.849999
      vertex -30.8334 27.6082 0
      vertex -31 27.6 0
    endloop
  endfacet
  facet normal -0.514231 0.857652 0
    outer loop
      vertex -30.0555 27.8865 0
      vertex -30.1986 27.8007 0.849999
      vertex -30.0555 27.8865 0.849999
    endloop
  endfacet
  facet normal -0.514231 0.857652 0
    outer loop
      vertex -30.1986 27.8007 0.849999
      vertex -30.0555 27.8865 0
      vertex -30.1986 27.8007 0
    endloop
  endfacet
  facet normal -0.671478 0.741024 0
    outer loop
      vertex -29.7979 28.0979 0
      vertex -29.9215 27.9859 0.849999
      vertex -29.7979 28.0979 0.849999
    endloop
  endfacet
  facet normal -0.671478 0.741024 0
    outer loop
      vertex -29.9215 27.9859 0.849999
      vertex -29.7979 28.0979 0
      vertex -29.9215 27.9859 0
    endloop
  endfacet
  facet normal -0.595772 0.803154 0
    outer loop
      vertex -29.9215 27.9859 0
      vertex -30.0555 27.8865 0.849999
      vertex -29.9215 27.9859 0.849999
    endloop
  endfacet
  facet normal -0.595772 0.803154 0
    outer loop
      vertex -30.0555 27.8865 0.849999
      vertex -29.9215 27.9859 0
      vertex -30.0555 27.8865 0
    endloop
  endfacet
  facet normal -0.803154 0.595772 0
    outer loop
      vertex -29.6859 28.2215 0
      vertex -29.5865 28.3555 0.849999
      vertex -29.5865 28.3555 0
    endloop
  endfacet
  facet normal -0.803154 0.595772 0
    outer loop
      vertex -29.5865 28.3555 0.849999
      vertex -29.6859 28.2215 0
      vertex -29.6859 28.2215 0.849999
    endloop
  endfacet
  facet normal -0.857652 0.514231 0
    outer loop
      vertex -29.5865 28.3555 0
      vertex -29.5007 28.4986 0.849999
      vertex -29.5007 28.4986 0
    endloop
  endfacet
  facet normal -0.857652 0.514231 0
    outer loop
      vertex -29.5007 28.4986 0.849999
      vertex -29.5865 28.3555 0
      vertex -29.5865 28.3555 0.849999
    endloop
  endfacet
  facet normal 0.146788 0.989168 -0
    outer loop
      vertex -31.1666 27.6082 0
      vertex -31.3317 27.6327 0.849999
      vertex -31.1666 27.6082 0.849999
    endloop
  endfacet
  facet normal 0.146788 0.989168 0
    outer loop
      vertex -31.3317 27.6327 0.849999
      vertex -31.1666 27.6082 0
      vertex -31.3317 27.6327 0
    endloop
  endfacet
  facet normal 0.671478 0.741024 -0
    outer loop
      vertex -32.0785 27.9859 0
      vertex -32.2021 28.0979 0.849999
      vertex -32.0785 27.9859 0.849999
    endloop
  endfacet
  facet normal 0.671478 0.741024 0
    outer loop
      vertex -32.2021 28.0979 0.849999
      vertex -32.0785 27.9859 0
      vertex -32.2021 28.0979 0
    endloop
  endfacet
  facet normal 0.427442 0.904043 -0
    outer loop
      vertex -31.6506 27.7294 0
      vertex -31.8014 27.8007 0.849999
      vertex -31.6506 27.7294 0.849999
    endloop
  endfacet
  facet normal 0.427442 0.904043 0
    outer loop
      vertex -31.8014 27.8007 0.849999
      vertex -31.6506 27.7294 0
      vertex -31.8014 27.8007 0
    endloop
  endfacet
  facet normal 0.0491602 0.998791 -0
    outer loop
      vertex -31 27.6 0
      vertex -31.1666 27.6082 0.849999
      vertex -31 27.6 0.849999
    endloop
  endfacet
  facet normal 0.0491602 0.998791 0
    outer loop
      vertex -31.1666 27.6082 0.849999
      vertex -31 27.6 0
      vertex -31.1666 27.6082 0
    endloop
  endfacet
  facet normal 0.595772 0.803154 -0
    outer loop
      vertex -31.9445 27.8865 0
      vertex -32.0785 27.9859 0.849999
      vertex -31.9445 27.8865 0.849999
    endloop
  endfacet
  facet normal 0.595772 0.803154 0
    outer loop
      vertex -32.0785 27.9859 0.849999
      vertex -31.9445 27.8865 0
      vertex -32.0785 27.9859 0
    endloop
  endfacet
  facet normal 0.741024 0.671478 0
    outer loop
      vertex -32.2021 28.0979 0.849999
      vertex -32.3141 28.2215 0
      vertex -32.3141 28.2215 0.849999
    endloop
  endfacet
  facet normal 0.741024 0.671478 0
    outer loop
      vertex -32.3141 28.2215 0
      vertex -32.2021 28.0979 0.849999
      vertex -32.2021 28.0979 0
    endloop
  endfacet
  facet normal 0.904043 0.427442 0
    outer loop
      vertex -32.4993 28.4986 0.849999
      vertex -32.5706 28.6494 0
      vertex -32.5706 28.6494 0.849999
    endloop
  endfacet
  facet normal 0.904043 0.427442 0
    outer loop
      vertex -32.5706 28.6494 0
      vertex -32.4993 28.4986 0.849999
      vertex -32.4993 28.4986 0
    endloop
  endfacet
  facet normal 0.970072 0.242818 0
    outer loop
      vertex -32.6268 28.8065 0.849999
      vertex -32.6673 28.9683 0
      vertex -32.6673 28.9683 0.849999
    endloop
  endfacet
  facet normal 0.970072 0.242818 0
    outer loop
      vertex -32.6673 28.9683 0
      vertex -32.6268 28.8065 0.849999
      vertex -32.6268 28.8065 0
    endloop
  endfacet
  facet normal 0.998791 0.0491602 0
    outer loop
      vertex -32.6918 29.1334 0.849999
      vertex -32.7 29.3 0
      vertex -32.7 29.3 0.849999
    endloop
  endfacet
  facet normal 0.998791 0.0491602 0
    outer loop
      vertex -32.7 29.3 0
      vertex -32.6918 29.1334 0.849999
      vertex -32.6918 29.1334 0
    endloop
  endfacet
  facet normal 0.941566 0.33683 0
    outer loop
      vertex -32.5706 28.6494 0.849999
      vertex -32.6268 28.8065 0
      vertex -32.6268 28.8065 0.849999
    endloop
  endfacet
  facet normal 0.941566 0.33683 0
    outer loop
      vertex -32.6268 28.8065 0
      vertex -32.5706 28.6494 0.849999
      vertex -32.5706 28.6494 0
    endloop
  endfacet
  facet normal 0.989168 -0.146788 0
    outer loop
      vertex -32.6918 29.4666 0.849999
      vertex -32.6673 29.6317 0
      vertex -32.6673 29.6317 0.849999
    endloop
  endfacet
  facet normal 0.989168 -0.146788 0
    outer loop
      vertex -32.6673 29.6317 0
      vertex -32.6918 29.4666 0.849999
      vertex -32.6918 29.4666 0
    endloop
  endfacet
  facet normal 0.941566 -0.33683 0
    outer loop
      vertex -32.6268 29.7935 0.849999
      vertex -32.5706 29.9506 0
      vertex -32.5706 29.9506 0.849999
    endloop
  endfacet
  facet normal 0.941566 -0.33683 0
    outer loop
      vertex -32.5706 29.9506 0
      vertex -32.6268 29.7935 0.849999
      vertex -32.6268 29.7935 0
    endloop
  endfacet
  facet normal 0.671478 -0.741024 0
    outer loop
      vertex -32.2021 30.5021 0
      vertex -32.0785 30.6141 0.849999
      vertex -32.2021 30.5021 0.849999
    endloop
  endfacet
  facet normal 0.671478 -0.741024 0
    outer loop
      vertex -32.0785 30.6141 0.849999
      vertex -32.2021 30.5021 0
      vertex -32.0785 30.6141 0
    endloop
  endfacet
  facet normal 0.514231 -0.857652 0
    outer loop
      vertex -31.9445 30.7135 0
      vertex -31.8014 30.7993 0.849999
      vertex -31.9445 30.7135 0.849999
    endloop
  endfacet
  facet normal 0.514231 -0.857652 0
    outer loop
      vertex -31.8014 30.7993 0.849999
      vertex -31.9445 30.7135 0
      vertex -31.8014 30.7993 0
    endloop
  endfacet
  facet normal 0.33683 -0.941566 0
    outer loop
      vertex -31.6506 30.8706 0
      vertex -31.4935 30.9268 0.849999
      vertex -31.6506 30.8706 0.849999
    endloop
  endfacet
  facet normal 0.33683 -0.941566 0
    outer loop
      vertex -31.4935 30.9268 0.849999
      vertex -31.6506 30.8706 0
      vertex -31.4935 30.9268 0
    endloop
  endfacet
  facet normal -0.146788 0.989168 0
    outer loop
      vertex -30.6683 27.6327 0
      vertex -30.8334 27.6082 0.849999
      vertex -30.6683 27.6327 0.849999
    endloop
  endfacet
  facet normal -0.146788 0.989168 0
    outer loop
      vertex -30.8334 27.6082 0.849999
      vertex -30.6683 27.6327 0
      vertex -30.8334 27.6082 0
    endloop
  endfacet
  facet normal -0.427442 0.904043 0
    outer loop
      vertex -30.1986 27.8007 0
      vertex -30.3494 27.7294 0.849999
      vertex -30.1986 27.8007 0.849999
    endloop
  endfacet
  facet normal -0.427442 0.904043 0
    outer loop
      vertex -30.3494 27.7294 0.849999
      vertex -30.1986 27.8007 0
      vertex -30.3494 27.7294 0
    endloop
  endfacet
  facet normal -0.941566 0.33683 0
    outer loop
      vertex -29.4294 28.6494 0
      vertex -29.3732 28.8065 0.849999
      vertex -29.3732 28.8065 0
    endloop
  endfacet
  facet normal -0.941566 0.33683 0
    outer loop
      vertex -29.3732 28.8065 0.849999
      vertex -29.4294 28.6494 0
      vertex -29.4294 28.6494 0.849999
    endloop
  endfacet
  facet normal -0.989168 0.146788 0
    outer loop
      vertex -29.3327 28.9683 0
      vertex -29.3082 29.1334 0.849999
      vertex -29.3082 29.1334 0
    endloop
  endfacet
  facet normal -0.989168 0.146788 0
    outer loop
      vertex -29.3082 29.1334 0.849999
      vertex -29.3327 28.9683 0
      vertex -29.3327 28.9683 0.849999
    endloop
  endfacet
  facet normal -0.998791 0.0491602 0
    outer loop
      vertex -29.3082 29.1334 0
      vertex -29.3 29.3 0.849999
      vertex -29.3 29.3 0
    endloop
  endfacet
  facet normal -0.998791 0.0491602 0
    outer loop
      vertex -29.3 29.3 0.849999
      vertex -29.3082 29.1334 0
      vertex -29.3082 29.1334 0.849999
    endloop
  endfacet
  facet normal 0.242818 0.970072 -0
    outer loop
      vertex -31.3317 27.6327 0
      vertex -31.4935 27.6732 0.849999
      vertex -31.3317 27.6327 0.849999
    endloop
  endfacet
  facet normal 0.242818 0.970072 0
    outer loop
      vertex -31.4935 27.6732 0.849999
      vertex -31.3317 27.6327 0
      vertex -31.4935 27.6732 0
    endloop
  endfacet
  facet normal 0.857652 0.514231 0
    outer loop
      vertex -32.4135 28.3555 0.849999
      vertex -32.4993 28.4986 0
      vertex -32.4993 28.4986 0.849999
    endloop
  endfacet
  facet normal 0.857652 0.514231 0
    outer loop
      vertex -32.4993 28.4986 0
      vertex -32.4135 28.3555 0.849999
      vertex -32.4135 28.3555 0
    endloop
  endfacet
  facet normal 0.989168 0.146788 0
    outer loop
      vertex -32.6673 28.9683 0.849999
      vertex -32.6918 29.1334 0
      vertex -32.6918 29.1334 0.849999
    endloop
  endfacet
  facet normal 0.989168 0.146788 0
    outer loop
      vertex -32.6918 29.1334 0
      vertex -32.6673 28.9683 0.849999
      vertex -32.6673 28.9683 0
    endloop
  endfacet
  facet normal -0.242818 0.970072 0
    outer loop
      vertex -30.5065 27.6732 0
      vertex -30.6683 27.6327 0.849999
      vertex -30.5065 27.6732 0.849999
    endloop
  endfacet
  facet normal -0.242818 0.970072 0
    outer loop
      vertex -30.6683 27.6327 0.849999
      vertex -30.5065 27.6732 0
      vertex -30.6683 27.6327 0
    endloop
  endfacet
  facet normal -0.525982 0.476618 0.704399
    outer loop
      vertex -29.7979 28.0979 0.849999
      vertex -28.7082 27.0097 2.4
      vertex -29.6859 28.2215 0.849999
    endloop
  endfacet
  facet normal -0.534446 0.46764 0.704046
    outer loop
      vertex -28.7082 27.0097 2.4
      vertex -29.7979 28.0979 0.849999
      vertex -28.7089 27.0089 2.4
    endloop
  endfacet
  facet normal -0.708936 -0.0349428 0.704407
    outer loop
      vertex -27.7599 29.3 2.4
      vertex -27.7755 29.6165 2.4
      vertex -29.3 29.3 0.849999
    endloop
  endfacet
  facet normal -0.711064 0 0.703127
    outer loop
      vertex -29.3082 29.4666 0.849999
      vertex -27.7755 29.6165 2.4
      vertex -27.7755 29.6176 2.4
    endloop
  endfacet
  facet normal -0.708942 -0.0348939 0.704403
    outer loop
      vertex -27.7755 29.6165 2.4
      vertex -29.3082 29.4666 0.849999
      vertex -29.3 29.3 0.849999
    endloop
  endfacet
  facet normal -0.708942 0.0348939 0.704403
    outer loop
      vertex -29.3082 29.1334 0.849999
      vertex -27.7755 28.9835 2.4
      vertex -29.3 29.3 0.849999
    endloop
  endfacet
  facet normal -0.711064 0 0.703127
    outer loop
      vertex -27.7755 28.9835 2.4
      vertex -29.3082 29.1334 0.849999
      vertex -27.7755 28.9824 2.4
    endloop
  endfacet
  facet normal 0.708942 0.0348939 0.704403
    outer loop
      vertex -34.2245 28.9835 2.4
      vertex -32.6918 29.1334 0.849999
      vertex -32.7 29.3 0.849999
    endloop
  endfacet
  facet normal 0.711064 0 0.703127
    outer loop
      vertex -32.6918 29.1334 0.849999
      vertex -34.2245 28.9835 2.4
      vertex -34.2245 28.9824 2.4
    endloop
  endfacet
  facet normal -0.0349428 0.708936 0.704407
    outer loop
      vertex -30.6835 26.0755 2.4
      vertex -31 27.6 0.849999
      vertex -31 26.0599 2.4
    endloop
  endfacet
  facet normal 0.104173 -0.702103 0.704414
    outer loop
      vertex -31.1666 30.9918 0.849999
      vertex -31.3176 32.5245 2.4
      vertex -31.631 32.478 2.4
    endloop
  endfacet
  facet normal 0.570086 -0.422885 0.704394
    outer loop
      vertex -33.6934 31.1009 2.4
      vertex -32.4135 30.2445 0.849999
      vertex -32.3141 30.3785 0.849999
    endloop
  endfacet
  facet normal 0.567924 -0.425943 0.704298
    outer loop
      vertex -32.4135 30.2445 0.849999
      vertex -33.6934 31.1009 2.4
      vertex -33.694 31.1001 2.4
    endloop
  endfacet
  facet normal -0.702116 0.104142 0.704406
    outer loop
      vertex -27.8222 28.6679 2.4
      vertex -27.7757 28.9814 2.4
      vertex -29.3327 28.9683 0.849999
    endloop
  endfacet
  facet normal 0.688526 -0.172468 0.704405
    outer loop
      vertex -32.6673 29.6317 0.849999
      vertex -34.1008 30.2395 2.4
      vertex -34.1778 29.9321 2.4
    endloop
  endfacet
  facet normal -0.668297 0.239189 0.704391
    outer loop
      vertex -28.0066 28.0601 2.4
      vertex -27.8998 28.3585 2.4
      vertex -29.4294 28.6494 0.849999
    endloop
  endfacet
  facet normal -0.708936 0.0349428 0.704407
    outer loop
      vertex -27.7755 28.9835 2.4
      vertex -27.7599 29.3 2.4
      vertex -29.3 29.3 0.849999
    endloop
  endfacet
  facet normal -0.658675 0.26347 0.704791
    outer loop
      vertex -29.4294 28.6494 0.849999
      vertex -28.007 28.0591 2.4
      vertex -28.0066 28.0601 2.4
    endloop
  endfacet
  facet normal -0.641687 0.303397 0.704406
    outer loop
      vertex -28.007 28.0591 2.4
      vertex -29.4294 28.6494 0.849999
      vertex -29.5007 28.4986 0.849999
    endloop
  endfacet
  facet normal -0.303472 0.641658 0.7044
    outer loop
      vertex -29.7591 26.307 2.4
      vertex -29.4726 26.4425 2.4
      vertex -30.1986 27.8007 0.849999
    endloop
  endfacet
  facet normal -0.303397 0.641687 0.704406
    outer loop
      vertex -30.3494 27.7294 0.849999
      vertex -29.7591 26.307 2.4
      vertex -30.1986 27.8007 0.849999
    endloop
  endfacet
  facet normal -0.26347 0.658675 0.704791
    outer loop
      vertex -29.7591 26.307 2.4
      vertex -30.3494 27.7294 0.849999
      vertex -29.7601 26.3066 2.4
    endloop
  endfacet
  facet normal 0.364997 0.608754 0.704411
    outer loop
      vertex -31.9445 27.8865 0.849999
      vertex -32.7992 26.6054 2.4
      vertex -31.8014 27.8007 0.849999
    endloop
  endfacet
  facet normal 0.393494 0.590242 0.704824
    outer loop
      vertex -32.7992 26.6054 2.4
      vertex -31.9445 27.8865 0.849999
      vertex -32.8001 26.606 2.4
    endloop
  endfacet
  facet normal 0.525938 -0.47666 0.704404
    outer loop
      vertex -32.3141 30.3785 0.849999
      vertex -33.2918 31.5903 2.4
      vertex -33.5046 31.3555 2.4
    endloop
  endfacet
  facet normal 0.104188 -0.702099 0.704416
    outer loop
      vertex -31.631 32.478 2.4
      vertex -31.3317 30.9673 0.849999
      vertex -31.1666 30.9918 0.849999
    endloop
  endfacet
  facet normal 0.126905 -0.697978 0.704785
    outer loop
      vertex -31.3317 30.9673 0.849999
      vertex -31.631 32.478 2.4
      vertex -31.6321 32.4778 2.4
    endloop
  endfacet
  facet normal 0.641668 -0.303477 0.704389
    outer loop
      vertex -32.5706 29.9506 0.849999
      vertex -33.8579 30.8264 2.4
      vertex -33.9934 30.5399 2.4
    endloop
  endfacet
  facet normal 0.590242 -0.393494 0.704824
    outer loop
      vertex -33.6946 31.0992 2.4
      vertex -32.4135 30.2445 0.849999
      vertex -33.694 31.1001 2.4
    endloop
  endfacet
  facet normal 0.608754 -0.364997 0.704411
    outer loop
      vertex -32.4135 30.2445 0.849999
      vertex -33.6946 31.0992 2.4
      vertex -32.4993 30.1014 0.849999
    endloop
  endfacet
  facet normal -0.425943 -0.567924 0.704298
    outer loop
      vertex -30.0555 30.7135 0.849999
      vertex -29.1991 31.9934 2.4
      vertex -29.1999 31.994 2.4
    endloop
  endfacet
  facet normal -0.422885 -0.570086 0.704394
    outer loop
      vertex -29.1991 31.9934 2.4
      vertex -30.0555 30.7135 0.849999
      vertex -29.9215 30.6141 0.849999
    endloop
  endfacet
  facet normal -0.525938 -0.47666 0.704404
    outer loop
      vertex -28.4954 31.3555 2.4
      vertex -28.7082 31.5903 2.4
      vertex -29.6859 30.3785 0.849999
    endloop
  endfacet
  facet normal -0.69729 0.139458 0.703092
    outer loop
      vertex -29.3082 29.1334 0.849999
      vertex -27.7757 28.9814 2.4
      vertex -27.7755 28.9824 2.4
    endloop
  endfacet
  facet normal -0.702112 0.10419 0.704402
    outer loop
      vertex -27.7757 28.9814 2.4
      vertex -29.3082 29.1334 0.849999
      vertex -29.3327 28.9683 0.849999
    endloop
  endfacet
  facet normal -0.688526 0.172468 0.704405
    outer loop
      vertex -27.8992 28.3605 2.4
      vertex -27.8222 28.6679 2.4
      vertex -29.3327 28.9683 0.849999
    endloop
  endfacet
  facet normal -0.570143 0.422793 0.704402
    outer loop
      vertex -28.4954 27.2445 2.4
      vertex -28.3066 27.4991 2.4
      vertex -29.6859 28.2215 0.849999
    endloop
  endfacet
  facet normal -0.525938 0.47666 0.704404
    outer loop
      vertex -28.7082 27.0097 2.4
      vertex -28.4954 27.2445 2.4
      vertex -29.6859 28.2215 0.849999
    endloop
  endfacet
  facet normal -0.608828 0.364894 0.704401
    outer loop
      vertex -28.3054 27.5008 2.4
      vertex -28.1425 27.7726 2.4
      vertex -29.5007 28.4986 0.849999
    endloop
  endfacet
  facet normal -0.641658 0.303472 0.7044
    outer loop
      vertex -28.1425 27.7726 2.4
      vertex -28.007 28.0591 2.4
      vertex -29.5007 28.4986 0.849999
    endloop
  endfacet
  facet normal 0 0.711064 0.703127
    outer loop
      vertex -30.8334 27.6082 0.849999
      vertex -30.6835 26.0755 2.4
      vertex -30.6824 26.0755 2.4
    endloop
  endfacet
  facet normal -0.0348939 0.708942 0.704403
    outer loop
      vertex -30.6835 26.0755 2.4
      vertex -30.8334 27.6082 0.849999
      vertex -31 27.6 0.849999
    endloop
  endfacet
  facet normal -0.172472 0.688543 0.704387
    outer loop
      vertex -30.3669 26.1225 2.4
      vertex -30.0595 26.1995 2.4
      vertex -30.5065 27.6732 0.849999
    endloop
  endfacet
  facet normal -0.46764 0.534446 0.704046
    outer loop
      vertex -29.7979 28.0979 0.849999
      vertex -28.7097 27.0082 2.4
      vertex -28.7089 27.0089 2.4
    endloop
  endfacet
  facet normal -0.476618 0.525982 0.704399
    outer loop
      vertex -28.7097 27.0082 2.4
      vertex -29.7979 28.0979 0.849999
      vertex -29.9215 27.9859 0.849999
    endloop
  endfacet
  facet normal -0.47666 0.525938 0.704404
    outer loop
      vertex -28.9445 26.7954 2.4
      vertex -28.7097 27.0082 2.4
      vertex -29.9215 27.9859 0.849999
    endloop
  endfacet
  facet normal 0.702112 0.10419 0.704402
    outer loop
      vertex -32.6918 29.1334 0.849999
      vertex -34.2243 28.9814 2.4
      vertex -32.6673 28.9683 0.849999
    endloop
  endfacet
  facet normal 0.69729 0.139458 0.703092
    outer loop
      vertex -34.2243 28.9814 2.4
      vertex -32.6918 29.1334 0.849999
      vertex -34.2245 28.9824 2.4
    endloop
  endfacet
  facet normal 0.668297 0.239189 0.704391
    outer loop
      vertex -33.9934 28.0601 2.4
      vertex -32.5706 28.6494 0.849999
      vertex -34.1002 28.3585 2.4
    endloop
  endfacet
  facet normal 0.239084 0.668328 0.704398
    outer loop
      vertex -31.6506 27.7294 0.849999
      vertex -32.2389 26.3062 2.4
      vertex -31.4935 27.6732 0.849999
    endloop
  endfacet
  facet normal 0.26347 0.658675 0.704791
    outer loop
      vertex -32.2389 26.3062 2.4
      vertex -31.6506 27.7294 0.849999
      vertex -32.2399 26.3066 2.4
    endloop
  endfacet
  facet normal 0.139458 0.69729 0.703092
    outer loop
      vertex -31.1666 27.6082 0.849999
      vertex -31.3186 26.0757 2.4
      vertex -31.3176 26.0755 2.4
    endloop
  endfacet
  facet normal 0.10419 0.702112 0.704402
    outer loop
      vertex -31.3186 26.0757 2.4
      vertex -31.1666 27.6082 0.849999
      vertex -31.3317 27.6327 0.849999
    endloop
  endfacet
  facet normal 0.26347 -0.658675 0.704791
    outer loop
      vertex -32.2409 32.293 2.4
      vertex -31.6506 30.8706 0.849999
      vertex -32.2399 32.2934 2.4
    endloop
  endfacet
  facet normal 0.303397 -0.641687 0.704406
    outer loop
      vertex -31.6506 30.8706 0.849999
      vertex -32.2409 32.293 2.4
      vertex -31.8014 30.7993 0.849999
    endloop
  endfacet
  facet normal 0.570143 -0.422793 0.704402
    outer loop
      vertex -32.3141 30.3785 0.849999
      vertex -33.5046 31.3555 2.4
      vertex -33.6934 31.1009 2.4
    endloop
  endfacet
  facet normal 0.679475 -0.203843 0.704813
    outer loop
      vertex -34.1008 30.2395 2.4
      vertex -32.6268 29.7935 0.849999
      vertex -34.1005 30.2405 2.4
    endloop
  endfacet
  facet normal 0.688564 -0.172354 0.704396
    outer loop
      vertex -32.6268 29.7935 0.849999
      vertex -34.1008 30.2395 2.4
      vertex -32.6673 29.6317 0.849999
    endloop
  endfacet
  facet normal 0.708936 -0.0349428 0.704407
    outer loop
      vertex -32.7 29.3 0.849999
      vertex -34.2245 29.6165 2.4
      vertex -34.2401 29.3 2.4
    endloop
  endfacet
  facet normal 0.708936 0.0349428 0.704407
    outer loop
      vertex -34.2245 28.9835 2.4
      vertex -32.7 29.3 0.849999
      vertex -34.2401 29.3 2.4
    endloop
  endfacet
  facet normal -0.0347191 -0.708942 0.704411
    outer loop
      vertex -30.8334 30.9918 0.849999
      vertex -30.6824 32.5245 2.4
      vertex -30.9989 32.54 2.4
    endloop
  endfacet
  facet normal 0.0348942 -0.708947 0.704398
    outer loop
      vertex -31 31 0.849999
      vertex -31.0011 32.54 2.4
      vertex -31.1666 30.9918 0.849999
    endloop
  endfacet
  facet normal 0.0643544 -0.707898 0.703376
    outer loop
      vertex -31.0011 32.54 2.4
      vertex -31 31 0.849999
      vertex -31 32.5401 2.4
    endloop
  endfacet
  facet normal -0.660635 -0.264254 0.70266
    outer loop
      vertex -29.5007 30.1014 0.849999
      vertex -28.1421 30.8264 2.4
      vertex -28.1425 30.8274 2.4
    endloop
  endfacet
  facet normal -0.641708 -0.303407 0.704383
    outer loop
      vertex -28.1421 30.8264 2.4
      vertex -29.5007 30.1014 0.849999
      vertex -29.4294 29.9506 0.849999
    endloop
  endfacet
  facet normal -0.688564 0.172354 0.704396
    outer loop
      vertex -29.3732 28.8065 0.849999
      vertex -27.8992 28.3605 2.4
      vertex -29.3327 28.9683 0.849999
    endloop
  endfacet
  facet normal -0.679475 0.203843 0.704813
    outer loop
      vertex -27.8992 28.3605 2.4
      vertex -29.3732 28.8065 0.849999
      vertex -27.8995 28.3595 2.4
    endloop
  endfacet
  facet normal -0.679475 0.203843 0.704813
    outer loop
      vertex -29.3732 28.8065 0.849999
      vertex -27.8998 28.3585 2.4
      vertex -27.8995 28.3595 2.4
    endloop
  endfacet
  facet normal -0.668326 0.239083 0.7044
    outer loop
      vertex -27.8998 28.3585 2.4
      vertex -29.3732 28.8065 0.849999
      vertex -29.4294 28.6494 0.849999
    endloop
  endfacet
  facet normal -0.608754 0.364997 0.704411
    outer loop
      vertex -29.5865 28.3555 0.849999
      vertex -28.3054 27.5008 2.4
      vertex -29.5007 28.4986 0.849999
    endloop
  endfacet
  facet normal -0.590242 0.393494 0.704824
    outer loop
      vertex -28.3054 27.5008 2.4
      vertex -29.5865 28.3555 0.849999
      vertex -28.306 27.4999 2.4
    endloop
  endfacet
  facet normal -0.567924 0.425943 0.704298
    outer loop
      vertex -29.5865 28.3555 0.849999
      vertex -28.3066 27.4991 2.4
      vertex -28.306 27.4999 2.4
    endloop
  endfacet
  facet normal -0.570086 0.422885 0.704394
    outer loop
      vertex -28.3066 27.4991 2.4
      vertex -29.5865 28.3555 0.849999
      vertex -29.6859 28.2215 0.849999
    endloop
  endfacet
  facet normal -0.172354 0.688563 0.704397
    outer loop
      vertex -30.6683 27.6327 0.849999
      vertex -30.3669 26.1225 2.4
      vertex -30.5065 27.6732 0.849999
    endloop
  endfacet
  facet normal -0.204295 0.680984 0.703224
    outer loop
      vertex -30.3669 26.1225 2.4
      vertex -30.6683 27.6327 0.849999
      vertex -30.3679 26.1222 2.4
    endloop
  endfacet
  facet normal -0.104142 0.702116 0.704406
    outer loop
      vertex -30.3679 26.1222 2.4
      vertex -30.6683 27.6327 0.849999
      vertex -30.6814 26.0757 2.4
    endloop
  endfacet
  facet normal -0.393494 0.590242 0.704824
    outer loop
      vertex -30.0555 27.8865 0.849999
      vertex -29.2008 26.6054 2.4
      vertex -29.1999 26.606 2.4
    endloop
  endfacet
  facet normal -0.364997 0.608754 0.704411
    outer loop
      vertex -29.2008 26.6054 2.4
      vertex -30.0555 27.8865 0.849999
      vertex -30.1986 27.8007 0.849999
    endloop
  endfacet
  facet normal -0.364894 0.608828 0.704401
    outer loop
      vertex -29.4726 26.4425 2.4
      vertex -29.2008 26.6054 2.4
      vertex -30.1986 27.8007 0.849999
    endloop
  endfacet
  facet normal -0.422793 0.570143 0.704402
    outer loop
      vertex -29.1991 26.6066 2.4
      vertex -28.9445 26.7954 2.4
      vertex -29.9215 27.9859 0.849999
    endloop
  endfacet
  facet normal -0.422885 0.570086 0.704394
    outer loop
      vertex -30.0555 27.8865 0.849999
      vertex -29.1991 26.6066 2.4
      vertex -29.9215 27.9859 0.849999
    endloop
  endfacet
  facet normal -0.425943 0.567924 0.704298
    outer loop
      vertex -29.1991 26.6066 2.4
      vertex -30.0555 27.8865 0.849999
      vertex -29.1999 26.606 2.4
    endloop
  endfacet
  facet normal 0.608754 0.364997 0.704411
    outer loop
      vertex -33.6946 27.5008 2.4
      vertex -32.4135 28.3555 0.849999
      vertex -32.4993 28.4986 0.849999
    endloop
  endfacet
  facet normal 0.590242 0.393494 0.704824
    outer loop
      vertex -32.4135 28.3555 0.849999
      vertex -33.6946 27.5008 2.4
      vertex -33.694 27.4999 2.4
    endloop
  endfacet
  facet normal 0.688564 0.172354 0.704396
    outer loop
      vertex -34.1008 28.3605 2.4
      vertex -32.6268 28.8065 0.849999
      vertex -32.6673 28.9683 0.849999
    endloop
  endfacet
  facet normal 0.679475 0.203843 0.704813
    outer loop
      vertex -32.6268 28.8065 0.849999
      vertex -34.1008 28.3605 2.4
      vertex -34.1005 28.3595 2.4
    endloop
  endfacet
  facet normal 0.422793 0.570143 0.704402
    outer loop
      vertex -32.8009 26.6066 2.4
      vertex -32.0785 27.9859 0.849999
      vertex -33.0555 26.7954 2.4
    endloop
  endfacet
  facet normal 0.525982 0.476618 0.704399
    outer loop
      vertex -33.2918 27.0097 2.4
      vertex -32.2021 28.0979 0.849999
      vertex -32.3141 28.2215 0.849999
    endloop
  endfacet
  facet normal 0.534446 0.46764 0.704046
    outer loop
      vertex -32.2021 28.0979 0.849999
      vertex -33.2918 27.0097 2.4
      vertex -33.2911 27.0089 2.4
    endloop
  endfacet
  facet normal 0.702116 0.104142 0.704406
    outer loop
      vertex -34.1778 28.6679 2.4
      vertex -32.6673 28.9683 0.849999
      vertex -34.2243 28.9814 2.4
    endloop
  endfacet
  facet normal 0.688526 0.172468 0.704405
    outer loop
      vertex -34.1008 28.3605 2.4
      vertex -32.6673 28.9683 0.849999
      vertex -34.1778 28.6679 2.4
    endloop
  endfacet
  facet normal 0.172472 0.688543 0.704387
    outer loop
      vertex -31.6331 26.1225 2.4
      vertex -31.4935 27.6732 0.849999
      vertex -31.9405 26.1995 2.4
    endloop
  endfacet
  facet normal 0.303472 0.641658 0.7044
    outer loop
      vertex -32.2409 26.307 2.4
      vertex -31.8014 27.8007 0.849999
      vertex -32.5274 26.4425 2.4
    endloop
  endfacet
  facet normal 0.364894 0.608828 0.704401
    outer loop
      vertex -32.5274 26.4425 2.4
      vertex -31.8014 27.8007 0.849999
      vertex -32.7992 26.6054 2.4
    endloop
  endfacet
  facet normal 0.47666 -0.525938 0.704404
    outer loop
      vertex -32.0785 30.6141 0.849999
      vertex -33.0555 31.8046 2.4
      vertex -33.2903 31.5918 2.4
    endloop
  endfacet
  facet normal 0.534446 -0.46764 0.704046
    outer loop
      vertex -33.2918 31.5903 2.4
      vertex -32.2021 30.5021 0.849999
      vertex -33.2911 31.5911 2.4
    endloop
  endfacet
  facet normal 0.525982 -0.476618 0.704399
    outer loop
      vertex -32.2021 30.5021 0.849999
      vertex -33.2918 31.5903 2.4
      vertex -32.3141 30.3785 0.849999
    endloop
  endfacet
  facet normal 0.364997 -0.608754 0.704411
    outer loop
      vertex -32.7992 31.9946 2.4
      vertex -31.9445 30.7135 0.849999
      vertex -31.8014 30.7993 0.849999
    endloop
  endfacet
  facet normal 0.393494 -0.590242 0.704824
    outer loop
      vertex -31.9445 30.7135 0.849999
      vertex -32.7992 31.9946 2.4
      vertex -32.8001 31.994 2.4
    endloop
  endfacet
  facet normal 0.422793 -0.570143 0.704402
    outer loop
      vertex -32.0785 30.6141 0.849999
      vertex -32.8009 31.9934 2.4
      vertex -33.0555 31.8046 2.4
    endloop
  endfacet
  facet normal 0.203843 -0.679475 0.704813
    outer loop
      vertex -31.9415 32.4002 2.4
      vertex -31.4935 30.9268 0.849999
      vertex -31.9405 32.4005 2.4
    endloop
  endfacet
  facet normal 0.239083 -0.668326 0.7044
    outer loop
      vertex -31.4935 30.9268 0.849999
      vertex -31.9415 32.4002 2.4
      vertex -31.6506 30.8706 0.849999
    endloop
  endfacet
  facet normal 0.172468 -0.688526 0.704405
    outer loop
      vertex -31.3317 30.9673 0.849999
      vertex -31.6321 32.4778 2.4
      vertex -31.9395 32.4008 2.4
    endloop
  endfacet
  facet normal 0.364894 -0.608828 0.704401
    outer loop
      vertex -31.8014 30.7993 0.849999
      vertex -32.5274 32.1575 2.4
      vertex -32.7992 31.9946 2.4
    endloop
  endfacet
  facet normal 0.303472 -0.641658 0.7044
    outer loop
      vertex -31.8014 30.7993 0.849999
      vertex -32.2409 32.293 2.4
      vertex -32.5274 32.1575 2.4
    endloop
  endfacet
  facet normal 0.239189 -0.668297 0.704391
    outer loop
      vertex -31.6506 30.8706 0.849999
      vertex -31.9415 32.4002 2.4
      vertex -32.2399 32.2934 2.4
    endloop
  endfacet
  facet normal 0.668326 -0.239083 0.7044
    outer loop
      vertex -34.1002 30.2415 2.4
      vertex -32.6268 29.7935 0.849999
      vertex -32.5706 29.9506 0.849999
    endloop
  endfacet
  facet normal 0.679475 -0.203843 0.704813
    outer loop
      vertex -32.6268 29.7935 0.849999
      vertex -34.1002 30.2415 2.4
      vertex -34.1005 30.2405 2.4
    endloop
  endfacet
  facet normal 0.668297 -0.239189 0.704391
    outer loop
      vertex -32.5706 29.9506 0.849999
      vertex -33.9934 30.5399 2.4
      vertex -34.1002 30.2415 2.4
    endloop
  endfacet
  facet normal 0.702116 -0.104142 0.704406
    outer loop
      vertex -32.6673 29.6317 0.849999
      vertex -34.1778 29.9321 2.4
      vertex -34.2243 29.6186 2.4
    endloop
  endfacet
  facet normal -0.422793 -0.570143 0.704402
    outer loop
      vertex -28.9445 31.8046 2.4
      vertex -29.1991 31.9934 2.4
      vertex -29.9215 30.6141 0.849999
    endloop
  endfacet
  facet normal -0.364894 -0.608828 0.704401
    outer loop
      vertex -29.2008 31.9946 2.4
      vertex -29.4726 32.1575 2.4
      vertex -30.1986 30.7993 0.849999
    endloop
  endfacet
  facet normal -0.203843 -0.679475 0.704813
    outer loop
      vertex -30.5065 30.9268 0.849999
      vertex -30.0585 32.4002 2.4
      vertex -30.0595 32.4005 2.4
    endloop
  endfacet
  facet normal -0.239083 -0.668326 0.7044
    outer loop
      vertex -30.0585 32.4002 2.4
      vertex -30.5065 30.9268 0.849999
      vertex -30.3494 30.8706 0.849999
    endloop
  endfacet
  facet normal -0.303472 -0.641658 0.7044
    outer loop
      vertex -29.4726 32.1575 2.4
      vertex -29.7591 32.293 2.4
      vertex -30.1986 30.7993 0.849999
    endloop
  endfacet
  facet normal -0.104173 -0.702103 0.704414
    outer loop
      vertex -30.369 32.478 2.4
      vertex -30.6824 32.5245 2.4
      vertex -30.8334 30.9918 0.849999
    endloop
  endfacet
  facet normal 0.0347191 -0.708942 0.704411
    outer loop
      vertex -31.1666 30.9918 0.849999
      vertex -31.0011 32.54 2.4
      vertex -31.3176 32.5245 2.4
    endloop
  endfacet
  facet normal -0.641668 -0.303477 0.704389
    outer loop
      vertex -28.0066 30.5399 2.4
      vertex -28.1421 30.8264 2.4
      vertex -29.4294 29.9506 0.849999
    endloop
  endfacet
  facet normal -0.570143 -0.422793 0.704402
    outer loop
      vertex -28.3066 31.1009 2.4
      vertex -28.4954 31.3555 2.4
      vertex -29.6859 30.3785 0.849999
    endloop
  endfacet
  facet normal -0.10419 0.702112 0.704402
    outer loop
      vertex -30.8334 27.6082 0.849999
      vertex -30.6814 26.0757 2.4
      vertex -30.6683 27.6327 0.849999
    endloop
  endfacet
  facet normal -0.139458 0.69729 0.703092
    outer loop
      vertex -30.6814 26.0757 2.4
      vertex -30.8334 27.6082 0.849999
      vertex -30.6824 26.0755 2.4
    endloop
  endfacet
  facet normal -0.26347 0.658675 0.704791
    outer loop
      vertex -30.3494 27.7294 0.849999
      vertex -29.7611 26.3062 2.4
      vertex -29.7601 26.3066 2.4
    endloop
  endfacet
  facet normal -0.239084 0.668328 0.704398
    outer loop
      vertex -29.7611 26.3062 2.4
      vertex -30.3494 27.7294 0.849999
      vertex -30.5065 27.6732 0.849999
    endloop
  endfacet
  facet normal -0.238991 0.668369 0.70439
    outer loop
      vertex -30.0595 26.1995 2.4
      vertex -29.7611 26.3062 2.4
      vertex -30.5065 27.6732 0.849999
    endloop
  endfacet
  facet normal 0.525938 0.47666 0.704404
    outer loop
      vertex -33.2918 27.0097 2.4
      vertex -32.3141 28.2215 0.849999
      vertex -33.5046 27.2445 2.4
    endloop
  endfacet
  facet normal 0.641658 0.303472 0.7044
    outer loop
      vertex -33.8575 27.7726 2.4
      vertex -32.4993 28.4986 0.849999
      vertex -33.993 28.0591 2.4
    endloop
  endfacet
  facet normal 0.608828 0.364894 0.704401
    outer loop
      vertex -33.6946 27.5008 2.4
      vertex -32.4993 28.4986 0.849999
      vertex -33.8575 27.7726 2.4
    endloop
  endfacet
  facet normal 0.668326 0.239083 0.7044
    outer loop
      vertex -32.6268 28.8065 0.849999
      vertex -34.1002 28.3585 2.4
      vertex -32.5706 28.6494 0.849999
    endloop
  endfacet
  facet normal 0.679475 0.203843 0.704813
    outer loop
      vertex -34.1002 28.3585 2.4
      vertex -32.6268 28.8065 0.849999
      vertex -34.1005 28.3595 2.4
    endloop
  endfacet
  facet normal 0.47666 0.525938 0.704404
    outer loop
      vertex -33.0555 26.7954 2.4
      vertex -32.0785 27.9859 0.849999
      vertex -33.2903 27.0082 2.4
    endloop
  endfacet
  facet normal 0.476618 0.525982 0.704399
    outer loop
      vertex -32.2021 28.0979 0.849999
      vertex -33.2903 27.0082 2.4
      vertex -32.0785 27.9859 0.849999
    endloop
  endfacet
  facet normal 0.46764 0.534446 0.704046
    outer loop
      vertex -33.2903 27.0082 2.4
      vertex -32.2021 28.0979 0.849999
      vertex -33.2911 27.0089 2.4
    endloop
  endfacet
  facet normal 0.0348939 0.708942 0.704403
    outer loop
      vertex -31.1666 27.6082 0.849999
      vertex -31.3165 26.0755 2.4
      vertex -31 27.6 0.849999
    endloop
  endfacet
  facet normal 0 0.711064 0.703127
    outer loop
      vertex -31.3165 26.0755 2.4
      vertex -31.1666 27.6082 0.849999
      vertex -31.3176 26.0755 2.4
    endloop
  endfacet
  facet normal 0.238991 0.668369 0.70439
    outer loop
      vertex -31.9405 26.1995 2.4
      vertex -31.4935 27.6732 0.849999
      vertex -32.2389 26.3062 2.4
    endloop
  endfacet
  facet normal 0.303397 0.641687 0.704406
    outer loop
      vertex -32.2409 26.307 2.4
      vertex -31.6506 27.7294 0.849999
      vertex -31.8014 27.8007 0.849999
    endloop
  endfacet
  facet normal 0.26347 0.658675 0.704791
    outer loop
      vertex -31.6506 27.7294 0.849999
      vertex -32.2409 26.307 2.4
      vertex -32.2399 26.3066 2.4
    endloop
  endfacet
  facet normal 0.476618 -0.525982 0.704399
    outer loop
      vertex -33.2903 31.5918 2.4
      vertex -32.2021 30.5021 0.849999
      vertex -32.0785 30.6141 0.849999
    endloop
  endfacet
  facet normal 0.46764 -0.534446 0.704046
    outer loop
      vertex -32.2021 30.5021 0.849999
      vertex -33.2903 31.5918 2.4
      vertex -33.2911 31.5911 2.4
    endloop
  endfacet
  facet normal 0.172354 -0.688564 0.704396
    outer loop
      vertex -31.9395 32.4008 2.4
      vertex -31.4935 30.9268 0.849999
      vertex -31.3317 30.9673 0.849999
    endloop
  endfacet
  facet normal 0.203843 -0.679475 0.704813
    outer loop
      vertex -31.4935 30.9268 0.849999
      vertex -31.9395 32.4008 2.4
      vertex -31.9405 32.4005 2.4
    endloop
  endfacet
  facet normal 0.425943 -0.567924 0.704298
    outer loop
      vertex -32.8009 31.9934 2.4
      vertex -31.9445 30.7135 0.849999
      vertex -32.8001 31.994 2.4
    endloop
  endfacet
  facet normal 0.422885 -0.570086 0.704394
    outer loop
      vertex -31.9445 30.7135 0.849999
      vertex -32.8009 31.9934 2.4
      vertex -32.0785 30.6141 0.849999
    endloop
  endfacet
  facet normal 0.660635 -0.264254 0.70266
    outer loop
      vertex -33.8579 30.8264 2.4
      vertex -32.4993 30.1014 0.849999
      vertex -33.8575 30.8274 2.4
    endloop
  endfacet
  facet normal 0.641708 -0.303407 0.704383
    outer loop
      vertex -32.4993 30.1014 0.849999
      vertex -33.8579 30.8264 2.4
      vertex -32.5706 29.9506 0.849999
    endloop
  endfacet
  facet normal 0.608828 -0.364894 0.704401
    outer loop
      vertex -32.4993 30.1014 0.849999
      vertex -33.6946 31.0992 2.4
      vertex -33.8575 30.8274 2.4
    endloop
  endfacet
  facet normal 0.711064 -0 0.703127
    outer loop
      vertex -34.2245 29.6165 2.4
      vertex -32.6918 29.4666 0.849999
      vertex -34.2245 29.6176 2.4
    endloop
  endfacet
  facet normal 0.708942 -0.0348939 0.704403
    outer loop
      vertex -32.6918 29.4666 0.849999
      vertex -34.2245 29.6165 2.4
      vertex -32.7 29.3 0.849999
    endloop
  endfacet
  facet normal 0.702112 -0.10419 0.704402
    outer loop
      vertex -34.2243 29.6186 2.4
      vertex -32.6918 29.4666 0.849999
      vertex -32.6673 29.6317 0.849999
    endloop
  endfacet
  facet normal 0.69729 -0.139458 0.703092
    outer loop
      vertex -32.6918 29.4666 0.849999
      vertex -34.2243 29.6186 2.4
      vertex -34.2245 29.6176 2.4
    endloop
  endfacet
  facet normal -0.26347 -0.658675 0.704791
    outer loop
      vertex -30.3494 30.8706 0.849999
      vertex -29.7591 32.293 2.4
      vertex -29.7601 32.2934 2.4
    endloop
  endfacet
  facet normal -0.303397 -0.641687 0.704406
    outer loop
      vertex -29.7591 32.293 2.4
      vertex -30.3494 30.8706 0.849999
      vertex -30.1986 30.7993 0.849999
    endloop
  endfacet
  facet normal -0.239189 -0.668297 0.704391
    outer loop
      vertex -29.7601 32.2934 2.4
      vertex -30.0585 32.4002 2.4
      vertex -30.3494 30.8706 0.849999
    endloop
  endfacet
  facet normal -0.126905 -0.697978 0.704785
    outer loop
      vertex -30.369 32.478 2.4
      vertex -30.6683 30.9673 0.849999
      vertex -30.3679 32.4778 2.4
    endloop
  endfacet
  facet normal -0.104188 -0.702099 0.704416
    outer loop
      vertex -30.6683 30.9673 0.849999
      vertex -30.369 32.478 2.4
      vertex -30.8334 30.9918 0.849999
    endloop
  endfacet
  facet normal -0.0643544 -0.707898 0.703376
    outer loop
      vertex -31 31 0.849999
      vertex -30.9989 32.54 2.4
      vertex -31 32.5401 2.4
    endloop
  endfacet
  facet normal -0.0348942 -0.708947 0.704398
    outer loop
      vertex -30.9989 32.54 2.4
      vertex -31 31 0.849999
      vertex -30.8334 30.9918 0.849999
    endloop
  endfacet
  facet normal -0.668297 -0.239189 0.704391
    outer loop
      vertex -27.8998 30.2415 2.4
      vertex -28.0066 30.5399 2.4
      vertex -29.4294 29.9506 0.849999
    endloop
  endfacet
  facet normal -0.688526 -0.172468 0.704405
    outer loop
      vertex -27.8222 29.9321 2.4
      vertex -27.8992 30.2395 2.4
      vertex -29.3327 29.6317 0.849999
    endloop
  endfacet
  facet normal -0.679475 -0.203843 0.704813
    outer loop
      vertex -29.3732 29.7935 0.849999
      vertex -27.8992 30.2395 2.4
      vertex -27.8995 30.2405 2.4
    endloop
  endfacet
  facet normal -0.688564 -0.172354 0.704396
    outer loop
      vertex -27.8992 30.2395 2.4
      vertex -29.3732 29.7935 0.849999
      vertex -29.3327 29.6317 0.849999
    endloop
  endfacet
  facet normal -0.47666 -0.525938 0.704404
    outer loop
      vertex -28.7097 31.5918 2.4
      vertex -28.9445 31.8046 2.4
      vertex -29.9215 30.6141 0.849999
    endloop
  endfacet
  facet normal -0.608828 -0.364894 0.704401
    outer loop
      vertex -28.1425 30.8274 2.4
      vertex -28.3054 31.0992 2.4
      vertex -29.5007 30.1014 0.849999
    endloop
  endfacet
  facet normal 0.570143 0.422793 0.704402
    outer loop
      vertex -33.5046 27.2445 2.4
      vertex -32.3141 28.2215 0.849999
      vertex -33.6934 27.4991 2.4
    endloop
  endfacet
  facet normal 0.570086 0.422885 0.704394
    outer loop
      vertex -32.4135 28.3555 0.849999
      vertex -33.6934 27.4991 2.4
      vertex -32.3141 28.2215 0.849999
    endloop
  endfacet
  facet normal 0.567924 0.425943 0.704298
    outer loop
      vertex -33.6934 27.4991 2.4
      vertex -32.4135 28.3555 0.849999
      vertex -33.694 27.4999 2.4
    endloop
  endfacet
  facet normal 0.641687 0.303397 0.704406
    outer loop
      vertex -32.5706 28.6494 0.849999
      vertex -33.993 28.0591 2.4
      vertex -32.4993 28.4986 0.849999
    endloop
  endfacet
  facet normal 0.658675 0.26347 0.704791
    outer loop
      vertex -33.993 28.0591 2.4
      vertex -32.5706 28.6494 0.849999
      vertex -33.9934 28.0601 2.4
    endloop
  endfacet
  facet normal 0.422885 0.570086 0.704394
    outer loop
      vertex -32.8009 26.6066 2.4
      vertex -31.9445 27.8865 0.849999
      vertex -32.0785 27.9859 0.849999
    endloop
  endfacet
  facet normal 0.425943 0.567924 0.704298
    outer loop
      vertex -31.9445 27.8865 0.849999
      vertex -32.8009 26.6066 2.4
      vertex -32.8001 26.606 2.4
    endloop
  endfacet
  facet normal 0.0349428 0.708936 0.704407
    outer loop
      vertex -31 26.0599 2.4
      vertex -31 27.6 0.849999
      vertex -31.3165 26.0755 2.4
    endloop
  endfacet
  facet normal 0.104142 0.702116 0.704406
    outer loop
      vertex -31.3186 26.0757 2.4
      vertex -31.3317 27.6327 0.849999
      vertex -31.6321 26.1222 2.4
    endloop
  endfacet
  facet normal 0.172354 0.688563 0.704397
    outer loop
      vertex -31.6331 26.1225 2.4
      vertex -31.3317 27.6327 0.849999
      vertex -31.4935 27.6732 0.849999
    endloop
  endfacet
  facet normal 0.204295 0.680984 0.703224
    outer loop
      vertex -31.3317 27.6327 0.849999
      vertex -31.6331 26.1225 2.4
      vertex -31.6321 26.1222 2.4
    endloop
  endfacet
  facet normal -0.393494 -0.590242 0.704824
    outer loop
      vertex -29.2008 31.9946 2.4
      vertex -30.0555 30.7135 0.849999
      vertex -29.1999 31.994 2.4
    endloop
  endfacet
  facet normal -0.364997 -0.608754 0.704411
    outer loop
      vertex -30.0555 30.7135 0.849999
      vertex -29.2008 31.9946 2.4
      vertex -30.1986 30.7993 0.849999
    endloop
  endfacet
  facet normal -0.172468 -0.688526 0.704405
    outer loop
      vertex -30.0605 32.4008 2.4
      vertex -30.3679 32.4778 2.4
      vertex -30.6683 30.9673 0.849999
    endloop
  endfacet
  facet normal -0.203843 -0.679475 0.704813
    outer loop
      vertex -30.0605 32.4008 2.4
      vertex -30.5065 30.9268 0.849999
      vertex -30.0595 32.4005 2.4
    endloop
  endfacet
  facet normal -0.172354 -0.688564 0.704396
    outer loop
      vertex -30.5065 30.9268 0.849999
      vertex -30.0605 32.4008 2.4
      vertex -30.6683 30.9673 0.849999
    endloop
  endfacet
  facet normal -0.679475 -0.203843 0.704813
    outer loop
      vertex -27.8998 30.2415 2.4
      vertex -29.3732 29.7935 0.849999
      vertex -27.8995 30.2405 2.4
    endloop
  endfacet
  facet normal -0.668326 -0.239083 0.7044
    outer loop
      vertex -29.3732 29.7935 0.849999
      vertex -27.8998 30.2415 2.4
      vertex -29.4294 29.9506 0.849999
    endloop
  endfacet
  facet normal -0.702116 -0.104142 0.704406
    outer loop
      vertex -27.7757 29.6186 2.4
      vertex -27.8222 29.9321 2.4
      vertex -29.3327 29.6317 0.849999
    endloop
  endfacet
  facet normal -0.69729 -0.139458 0.703092
    outer loop
      vertex -27.7757 29.6186 2.4
      vertex -29.3082 29.4666 0.849999
      vertex -27.7755 29.6176 2.4
    endloop
  endfacet
  facet normal -0.702112 -0.10419 0.704402
    outer loop
      vertex -29.3082 29.4666 0.849999
      vertex -27.7757 29.6186 2.4
      vertex -29.3327 29.6317 0.849999
    endloop
  endfacet
  facet normal -0.46764 -0.534446 0.704046
    outer loop
      vertex -28.7097 31.5918 2.4
      vertex -29.7979 30.5021 0.849999
      vertex -28.7089 31.5911 2.4
    endloop
  endfacet
  facet normal -0.476618 -0.525982 0.704399
    outer loop
      vertex -29.7979 30.5021 0.849999
      vertex -28.7097 31.5918 2.4
      vertex -29.9215 30.6141 0.849999
    endloop
  endfacet
  facet normal -0.534446 -0.46764 0.704046
    outer loop
      vertex -29.7979 30.5021 0.849999
      vertex -28.7082 31.5903 2.4
      vertex -28.7089 31.5911 2.4
    endloop
  endfacet
  facet normal -0.525982 -0.476618 0.704399
    outer loop
      vertex -28.7082 31.5903 2.4
      vertex -29.7979 30.5021 0.849999
      vertex -29.6859 30.3785 0.849999
    endloop
  endfacet
  facet normal -0.567924 -0.425943 0.704298
    outer loop
      vertex -28.3066 31.1009 2.4
      vertex -29.5865 30.2445 0.849999
      vertex -28.306 31.1001 2.4
    endloop
  endfacet
  facet normal -0.570086 -0.422885 0.704394
    outer loop
      vertex -29.5865 30.2445 0.849999
      vertex -28.3066 31.1009 2.4
      vertex -29.6859 30.3785 0.849999
    endloop
  endfacet
  facet normal -0.590242 -0.393494 0.704824
    outer loop
      vertex -29.5865 30.2445 0.849999
      vertex -28.3054 31.0992 2.4
      vertex -28.306 31.1001 2.4
    endloop
  endfacet
  facet normal -0.608754 -0.364997 0.704411
    outer loop
      vertex -28.3054 31.0992 2.4
      vertex -29.5865 30.2445 0.849999
      vertex -29.5007 30.1014 0.849999
    endloop
  endfacet
  facet normal -0.998791 -0.0491602 0
    outer loop
      vertex 32.7 29.3 0
      vertex 32.6918 29.4666 0.849999
      vertex 32.6918 29.4666 0
    endloop
  endfacet
  facet normal -0.998791 -0.0491602 0
    outer loop
      vertex 32.6918 29.4666 0.849999
      vertex 32.7 29.3 0
      vertex 32.7 29.3 0.849999
    endloop
  endfacet
  facet normal 0.998791 -0.0491602 0
    outer loop
      vertex 29.3 29.3 0.849999
      vertex 29.3082 29.4666 0
      vertex 29.3082 29.4666 0.849999
    endloop
  endfacet
  facet normal 0.998791 -0.0491602 0
    outer loop
      vertex 29.3082 29.4666 0
      vertex 29.3 29.3 0.849999
      vertex 29.3 29.3 0
    endloop
  endfacet
  facet normal 0.0491602 -0.998791 0
    outer loop
      vertex 30.8334 30.9918 0
      vertex 31 31 0.849999
      vertex 30.8334 30.9918 0.849999
    endloop
  endfacet
  facet normal 0.0491602 -0.998791 0
    outer loop
      vertex 31 31 0.849999
      vertex 30.8334 30.9918 0
      vertex 31 31 0
    endloop
  endfacet
  facet normal -0.671478 -0.741024 0
    outer loop
      vertex 32.0785 30.6141 0
      vertex 32.2021 30.5021 0.849999
      vertex 32.0785 30.6141 0.849999
    endloop
  endfacet
  facet normal -0.671478 -0.741024 -0
    outer loop
      vertex 32.2021 30.5021 0.849999
      vertex 32.0785 30.6141 0
      vertex 32.2021 30.5021 0
    endloop
  endfacet
  facet normal 0.741024 -0.671478 0
    outer loop
      vertex 29.6859 30.3785 0.849999
      vertex 29.7979 30.5021 0
      vertex 29.7979 30.5021 0.849999
    endloop
  endfacet
  facet normal 0.741024 -0.671478 0
    outer loop
      vertex 29.7979 30.5021 0
      vertex 29.6859 30.3785 0.849999
      vertex 29.6859 30.3785 0
    endloop
  endfacet
  facet normal 0.427442 -0.904043 0
    outer loop
      vertex 30.1986 30.7993 0
      vertex 30.3494 30.8706 0.849999
      vertex 30.1986 30.7993 0.849999
    endloop
  endfacet
  facet normal 0.427442 -0.904043 0
    outer loop
      vertex 30.3494 30.8706 0.849999
      vertex 30.1986 30.7993 0
      vertex 30.3494 30.8706 0
    endloop
  endfacet
  facet normal 0.970072 0.242818 0
    outer loop
      vertex 29.3732 28.8065 0.849999
      vertex 29.3327 28.9683 0
      vertex 29.3327 28.9683 0.849999
    endloop
  endfacet
  facet normal 0.970072 0.242818 0
    outer loop
      vertex 29.3327 28.9683 0
      vertex 29.3732 28.8065 0.849999
      vertex 29.3732 28.8065 0
    endloop
  endfacet
  facet normal -0.904043 -0.427442 0
    outer loop
      vertex 32.5706 29.9506 0
      vertex 32.4993 30.1014 0.849999
      vertex 32.4993 30.1014 0
    endloop
  endfacet
  facet normal -0.904043 -0.427442 0
    outer loop
      vertex 32.4993 30.1014 0.849999
      vertex 32.5706 29.9506 0
      vertex 32.5706 29.9506 0.849999
    endloop
  endfacet
  facet normal -0.33683 -0.941566 0
    outer loop
      vertex 31.4935 30.9268 0
      vertex 31.6506 30.8706 0.849999
      vertex 31.4935 30.9268 0.849999
    endloop
  endfacet
  facet normal -0.33683 -0.941566 -0
    outer loop
      vertex 31.6506 30.8706 0.849999
      vertex 31.4935 30.9268 0
      vertex 31.6506 30.8706 0
    endloop
  endfacet
  facet normal 0.857652 -0.514231 0
    outer loop
      vertex 29.5007 30.1014 0.849999
      vertex 29.5865 30.2445 0
      vertex 29.5865 30.2445 0.849999
    endloop
  endfacet
  facet normal 0.857652 -0.514231 0
    outer loop
      vertex 29.5865 30.2445 0
      vertex 29.5007 30.1014 0.849999
      vertex 29.5007 30.1014 0
    endloop
  endfacet
  facet normal 0.803154 -0.595772 0
    outer loop
      vertex 29.5865 30.2445 0.849999
      vertex 29.6859 30.3785 0
      vertex 29.6859 30.3785 0.849999
    endloop
  endfacet
  facet normal 0.803154 -0.595772 0
    outer loop
      vertex 29.6859 30.3785 0
      vertex 29.5865 30.2445 0.849999
      vertex 29.5865 30.2445 0
    endloop
  endfacet
  facet normal 0.242818 -0.970072 0
    outer loop
      vertex 30.5065 30.9268 0
      vertex 30.6683 30.9673 0.849999
      vertex 30.5065 30.9268 0.849999
    endloop
  endfacet
  facet normal 0.242818 -0.970072 0
    outer loop
      vertex 30.6683 30.9673 0.849999
      vertex 30.5065 30.9268 0
      vertex 30.6683 30.9673 0
    endloop
  endfacet
  facet normal -0.904043 0.427442 0
    outer loop
      vertex 32.4993 28.4986 0
      vertex 32.5706 28.6494 0.849999
      vertex 32.5706 28.6494 0
    endloop
  endfacet
  facet normal -0.904043 0.427442 0
    outer loop
      vertex 32.5706 28.6494 0.849999
      vertex 32.4993 28.4986 0
      vertex 32.4993 28.4986 0.849999
    endloop
  endfacet
  facet normal -0.33683 0.941566 0
    outer loop
      vertex 31.6506 27.7294 0
      vertex 31.4935 27.6732 0.849999
      vertex 31.6506 27.7294 0.849999
    endloop
  endfacet
  facet normal -0.33683 0.941566 0
    outer loop
      vertex 31.4935 27.6732 0.849999
      vertex 31.6506 27.7294 0
      vertex 31.4935 27.6732 0
    endloop
  endfacet
  facet normal -0.741024 0.671478 0
    outer loop
      vertex 32.2021 28.0979 0
      vertex 32.3141 28.2215 0.849999
      vertex 32.3141 28.2215 0
    endloop
  endfacet
  facet normal -0.741024 0.671478 0
    outer loop
      vertex 32.3141 28.2215 0.849999
      vertex 32.2021 28.0979 0
      vertex 32.2021 28.0979 0.849999
    endloop
  endfacet
  facet normal -0.970072 0.242818 0
    outer loop
      vertex 32.6268 28.8065 0
      vertex 32.6673 28.9683 0.849999
      vertex 32.6673 28.9683 0
    endloop
  endfacet
  facet normal -0.970072 0.242818 0
    outer loop
      vertex 32.6673 28.9683 0.849999
      vertex 32.6268 28.8065 0
      vertex 32.6268 28.8065 0.849999
    endloop
  endfacet
  facet normal 0.33683 0.941566 -0
    outer loop
      vertex 30.5065 27.6732 0
      vertex 30.3494 27.7294 0.849999
      vertex 30.5065 27.6732 0.849999
    endloop
  endfacet
  facet normal 0.33683 0.941566 0
    outer loop
      vertex 30.3494 27.7294 0.849999
      vertex 30.5065 27.6732 0
      vertex 30.3494 27.7294 0
    endloop
  endfacet
  facet normal 0.741024 0.671478 0
    outer loop
      vertex 29.7979 28.0979 0.849999
      vertex 29.6859 28.2215 0
      vertex 29.6859 28.2215 0.849999
    endloop
  endfacet
  facet normal 0.741024 0.671478 0
    outer loop
      vertex 29.6859 28.2215 0
      vertex 29.7979 28.0979 0.849999
      vertex 29.7979 28.0979 0
    endloop
  endfacet
  facet normal 0.803154 0.595772 0
    outer loop
      vertex 29.6859 28.2215 0.849999
      vertex 29.5865 28.3555 0
      vertex 29.5865 28.3555 0.849999
    endloop
  endfacet
  facet normal 0.803154 0.595772 0
    outer loop
      vertex 29.5865 28.3555 0
      vertex 29.6859 28.2215 0.849999
      vertex 29.6859 28.2215 0
    endloop
  endfacet
  facet normal -0.970072 -0.242818 0
    outer loop
      vertex 32.6673 29.6317 0
      vertex 32.6268 29.7935 0.849999
      vertex 32.6268 29.7935 0
    endloop
  endfacet
  facet normal -0.970072 -0.242818 0
    outer loop
      vertex 32.6268 29.7935 0.849999
      vertex 32.6673 29.6317 0
      vertex 32.6673 29.6317 0.849999
    endloop
  endfacet
  facet normal -0.989168 -0.146788 0
    outer loop
      vertex 32.6918 29.4666 0
      vertex 32.6673 29.6317 0.849999
      vertex 32.6673 29.6317 0
    endloop
  endfacet
  facet normal -0.989168 -0.146788 0
    outer loop
      vertex 32.6673 29.6317 0.849999
      vertex 32.6918 29.4666 0
      vertex 32.6918 29.4666 0.849999
    endloop
  endfacet
  facet normal -0.941566 -0.33683 0
    outer loop
      vertex 32.6268 29.7935 0
      vertex 32.5706 29.9506 0.849999
      vertex 32.5706 29.9506 0
    endloop
  endfacet
  facet normal -0.941566 -0.33683 0
    outer loop
      vertex 32.5706 29.9506 0.849999
      vertex 32.6268 29.7935 0
      vertex 32.6268 29.7935 0.849999
    endloop
  endfacet
  facet normal -0.803154 -0.595772 0
    outer loop
      vertex 32.4135 30.2445 0
      vertex 32.3141 30.3785 0.849999
      vertex 32.3141 30.3785 0
    endloop
  endfacet
  facet normal -0.803154 -0.595772 0
    outer loop
      vertex 32.3141 30.3785 0.849999
      vertex 32.4135 30.2445 0
      vertex 32.4135 30.2445 0.849999
    endloop
  endfacet
  facet normal -0.857652 -0.514231 0
    outer loop
      vertex 32.4993 30.1014 0
      vertex 32.4135 30.2445 0.849999
      vertex 32.4135 30.2445 0
    endloop
  endfacet
  facet normal -0.857652 -0.514231 0
    outer loop
      vertex 32.4135 30.2445 0.849999
      vertex 32.4993 30.1014 0
      vertex 32.4993 30.1014 0.849999
    endloop
  endfacet
  facet normal -0.146788 -0.989168 0
    outer loop
      vertex 31.1666 30.9918 0
      vertex 31.3317 30.9673 0.849999
      vertex 31.1666 30.9918 0.849999
    endloop
  endfacet
  facet normal -0.146788 -0.989168 -0
    outer loop
      vertex 31.3317 30.9673 0.849999
      vertex 31.1666 30.9918 0
      vertex 31.3317 30.9673 0
    endloop
  endfacet
  facet normal -0.242818 -0.970072 0
    outer loop
      vertex 31.3317 30.9673 0
      vertex 31.4935 30.9268 0.849999
      vertex 31.3317 30.9673 0.849999
    endloop
  endfacet
  facet normal -0.242818 -0.970072 -0
    outer loop
      vertex 31.4935 30.9268 0.849999
      vertex 31.3317 30.9673 0
      vertex 31.4935 30.9268 0
    endloop
  endfacet
  facet normal -0.0491602 -0.998791 0
    outer loop
      vertex 31 31 0
      vertex 31.1666 30.9918 0.849999
      vertex 31 31 0.849999
    endloop
  endfacet
  facet normal -0.0491602 -0.998791 -0
    outer loop
      vertex 31.1666 30.9918 0.849999
      vertex 31 31 0
      vertex 31.1666 30.9918 0
    endloop
  endfacet
  facet normal -0.514231 -0.857652 0
    outer loop
      vertex 31.8014 30.7993 0
      vertex 31.9445 30.7135 0.849999
      vertex 31.8014 30.7993 0.849999
    endloop
  endfacet
  facet normal -0.514231 -0.857652 -0
    outer loop
      vertex 31.9445 30.7135 0.849999
      vertex 31.8014 30.7993 0
      vertex 31.9445 30.7135 0
    endloop
  endfacet
  facet normal -0.595772 -0.803154 0
    outer loop
      vertex 31.9445 30.7135 0
      vertex 32.0785 30.6141 0.849999
      vertex 31.9445 30.7135 0.849999
    endloop
  endfacet
  facet normal -0.595772 -0.803154 -0
    outer loop
      vertex 32.0785 30.6141 0.849999
      vertex 31.9445 30.7135 0
      vertex 32.0785 30.6141 0
    endloop
  endfacet
  facet normal 0.970072 -0.242818 0
    outer loop
      vertex 29.3327 29.6317 0.849999
      vertex 29.3732 29.7935 0
      vertex 29.3732 29.7935 0.849999
    endloop
  endfacet
  facet normal 0.970072 -0.242818 0
    outer loop
      vertex 29.3732 29.7935 0
      vertex 29.3327 29.6317 0.849999
      vertex 29.3327 29.6317 0
    endloop
  endfacet
  facet normal 0.904043 -0.427442 0
    outer loop
      vertex 29.4294 29.9506 0.849999
      vertex 29.5007 30.1014 0
      vertex 29.5007 30.1014 0.849999
    endloop
  endfacet
  facet normal 0.904043 -0.427442 0
    outer loop
      vertex 29.5007 30.1014 0
      vertex 29.4294 29.9506 0.849999
      vertex 29.4294 29.9506 0
    endloop
  endfacet
  facet normal 0.941566 -0.33683 0
    outer loop
      vertex 29.3732 29.7935 0.849999
      vertex 29.4294 29.9506 0
      vertex 29.4294 29.9506 0.849999
    endloop
  endfacet
  facet normal 0.941566 -0.33683 0
    outer loop
      vertex 29.4294 29.9506 0
      vertex 29.3732 29.7935 0.849999
      vertex 29.3732 29.7935 0
    endloop
  endfacet
  facet normal 0.989168 -0.146788 0
    outer loop
      vertex 29.3082 29.4666 0.849999
      vertex 29.3327 29.6317 0
      vertex 29.3327 29.6317 0.849999
    endloop
  endfacet
  facet normal 0.989168 -0.146788 0
    outer loop
      vertex 29.3327 29.6317 0
      vertex 29.3082 29.4666 0.849999
      vertex 29.3082 29.4666 0
    endloop
  endfacet
  facet normal 0.514231 -0.857652 0
    outer loop
      vertex 30.0555 30.7135 0
      vertex 30.1986 30.7993 0.849999
      vertex 30.0555 30.7135 0.849999
    endloop
  endfacet
  facet normal 0.514231 -0.857652 0
    outer loop
      vertex 30.1986 30.7993 0.849999
      vertex 30.0555 30.7135 0
      vertex 30.1986 30.7993 0
    endloop
  endfacet
  facet normal 0.595772 -0.803154 0
    outer loop
      vertex 29.9215 30.6141 0
      vertex 30.0555 30.7135 0.849999
      vertex 29.9215 30.6141 0.849999
    endloop
  endfacet
  facet normal 0.595772 -0.803154 0
    outer loop
      vertex 30.0555 30.7135 0.849999
      vertex 29.9215 30.6141 0
      vertex 30.0555 30.7135 0
    endloop
  endfacet
  facet normal 0.671478 -0.741024 0
    outer loop
      vertex 29.7979 30.5021 0
      vertex 29.9215 30.6141 0.849999
      vertex 29.7979 30.5021 0.849999
    endloop
  endfacet
  facet normal 0.671478 -0.741024 0
    outer loop
      vertex 29.9215 30.6141 0.849999
      vertex 29.7979 30.5021 0
      vertex 29.9215 30.6141 0
    endloop
  endfacet
  facet normal 0.33683 -0.941566 0
    outer loop
      vertex 30.3494 30.8706 0
      vertex 30.5065 30.9268 0.849999
      vertex 30.3494 30.8706 0.849999
    endloop
  endfacet
  facet normal 0.33683 -0.941566 0
    outer loop
      vertex 30.5065 30.9268 0.849999
      vertex 30.3494 30.8706 0
      vertex 30.5065 30.9268 0
    endloop
  endfacet
  facet normal 0.146788 -0.989168 0
    outer loop
      vertex 30.6683 30.9673 0
      vertex 30.8334 30.9918 0.849999
      vertex 30.6683 30.9673 0.849999
    endloop
  endfacet
  facet normal 0.146788 -0.989168 0
    outer loop
      vertex 30.8334 30.9918 0.849999
      vertex 30.6683 30.9673 0
      vertex 30.8334 30.9918 0
    endloop
  endfacet
  facet normal -0.0491602 0.998791 0
    outer loop
      vertex 31.1666 27.6082 0
      vertex 31 27.6 0.849999
      vertex 31.1666 27.6082 0.849999
    endloop
  endfacet
  facet normal -0.0491602 0.998791 0
    outer loop
      vertex 31 27.6 0.849999
      vertex 31.1666 27.6082 0
      vertex 31 27.6 0
    endloop
  endfacet
  facet normal -0.514231 0.857652 0
    outer loop
      vertex 31.9445 27.8865 0
      vertex 31.8014 27.8007 0.849999
      vertex 31.9445 27.8865 0.849999
    endloop
  endfacet
  facet normal -0.514231 0.857652 0
    outer loop
      vertex 31.8014 27.8007 0.849999
      vertex 31.9445 27.8865 0
      vertex 31.8014 27.8007 0
    endloop
  endfacet
  facet normal -0.671478 0.741024 0
    outer loop
      vertex 32.2021 28.0979 0
      vertex 32.0785 27.9859 0.849999
      vertex 32.2021 28.0979 0.849999
    endloop
  endfacet
  facet normal -0.671478 0.741024 0
    outer loop
      vertex 32.0785 27.9859 0.849999
      vertex 32.2021 28.0979 0
      vertex 32.0785 27.9859 0
    endloop
  endfacet
  facet normal -0.595772 0.803154 0
    outer loop
      vertex 32.0785 27.9859 0
      vertex 31.9445 27.8865 0.849999
      vertex 32.0785 27.9859 0.849999
    endloop
  endfacet
  facet normal -0.595772 0.803154 0
    outer loop
      vertex 31.9445 27.8865 0.849999
      vertex 32.0785 27.9859 0
      vertex 31.9445 27.8865 0
    endloop
  endfacet
  facet normal -0.803154 0.595772 0
    outer loop
      vertex 32.3141 28.2215 0
      vertex 32.4135 28.3555 0.849999
      vertex 32.4135 28.3555 0
    endloop
  endfacet
  facet normal -0.803154 0.595772 0
    outer loop
      vertex 32.4135 28.3555 0.849999
      vertex 32.3141 28.2215 0
      vertex 32.3141 28.2215 0.849999
    endloop
  endfacet
  facet normal -0.857652 0.514231 0
    outer loop
      vertex 32.4135 28.3555 0
      vertex 32.4993 28.4986 0.849999
      vertex 32.4993 28.4986 0
    endloop
  endfacet
  facet normal -0.857652 0.514231 0
    outer loop
      vertex 32.4993 28.4986 0.849999
      vertex 32.4135 28.3555 0
      vertex 32.4135 28.3555 0.849999
    endloop
  endfacet
  facet normal 0.671478 0.741024 -0
    outer loop
      vertex 29.9215 27.9859 0
      vertex 29.7979 28.0979 0.849999
      vertex 29.9215 27.9859 0.849999
    endloop
  endfacet
  facet normal 0.671478 0.741024 0
    outer loop
      vertex 29.7979 28.0979 0.849999
      vertex 29.9215 27.9859 0
      vertex 29.7979 28.0979 0
    endloop
  endfacet
  facet normal 0.595772 0.803154 -0
    outer loop
      vertex 30.0555 27.8865 0
      vertex 29.9215 27.9859 0.849999
      vertex 30.0555 27.8865 0.849999
    endloop
  endfacet
  facet normal 0.595772 0.803154 0
    outer loop
      vertex 29.9215 27.9859 0.849999
      vertex 30.0555 27.8865 0
      vertex 29.9215 27.9859 0
    endloop
  endfacet
  facet normal 0.514231 0.857652 -0
    outer loop
      vertex 30.1986 27.8007 0
      vertex 30.0555 27.8865 0.849999
      vertex 30.1986 27.8007 0.849999
    endloop
  endfacet
  facet normal 0.514231 0.857652 0
    outer loop
      vertex 30.0555 27.8865 0.849999
      vertex 30.1986 27.8007 0
      vertex 30.0555 27.8865 0
    endloop
  endfacet
  facet normal 0.146788 0.989168 -0
    outer loop
      vertex 30.8334 27.6082 0
      vertex 30.6683 27.6327 0.849999
      vertex 30.8334 27.6082 0.849999
    endloop
  endfacet
  facet normal 0.146788 0.989168 0
    outer loop
      vertex 30.6683 27.6327 0.849999
      vertex 30.8334 27.6082 0
      vertex 30.6683 27.6327 0
    endloop
  endfacet
  facet normal 0.904043 0.427442 0
    outer loop
      vertex 29.5007 28.4986 0.849999
      vertex 29.4294 28.6494 0
      vertex 29.4294 28.6494 0.849999
    endloop
  endfacet
  facet normal 0.904043 0.427442 0
    outer loop
      vertex 29.4294 28.6494 0
      vertex 29.5007 28.4986 0.849999
      vertex 29.5007 28.4986 0
    endloop
  endfacet
  facet normal 0.998791 0.0491602 0
    outer loop
      vertex 29.3082 29.1334 0.849999
      vertex 29.3 29.3 0
      vertex 29.3 29.3 0.849999
    endloop
  endfacet
  facet normal 0.998791 0.0491602 0
    outer loop
      vertex 29.3 29.3 0
      vertex 29.3082 29.1334 0.849999
      vertex 29.3082 29.1334 0
    endloop
  endfacet
  facet normal -0.741024 -0.671478 0
    outer loop
      vertex 32.3141 30.3785 0
      vertex 32.2021 30.5021 0.849999
      vertex 32.2021 30.5021 0
    endloop
  endfacet
  facet normal -0.741024 -0.671478 0
    outer loop
      vertex 32.2021 30.5021 0.849999
      vertex 32.3141 30.3785 0
      vertex 32.3141 30.3785 0.849999
    endloop
  endfacet
  facet normal -0.427442 -0.904043 0
    outer loop
      vertex 31.6506 30.8706 0
      vertex 31.8014 30.7993 0.849999
      vertex 31.6506 30.8706 0.849999
    endloop
  endfacet
  facet normal -0.427442 -0.904043 -0
    outer loop
      vertex 31.8014 30.7993 0.849999
      vertex 31.6506 30.8706 0
      vertex 31.8014 30.7993 0
    endloop
  endfacet
  facet normal -0.146788 0.989168 0
    outer loop
      vertex 31.3317 27.6327 0
      vertex 31.1666 27.6082 0.849999
      vertex 31.3317 27.6327 0.849999
    endloop
  endfacet
  facet normal -0.146788 0.989168 0
    outer loop
      vertex 31.1666 27.6082 0.849999
      vertex 31.3317 27.6327 0
      vertex 31.1666 27.6082 0
    endloop
  endfacet
  facet normal -0.427442 0.904043 0
    outer loop
      vertex 31.8014 27.8007 0
      vertex 31.6506 27.7294 0.849999
      vertex 31.8014 27.8007 0.849999
    endloop
  endfacet
  facet normal -0.427442 0.904043 0
    outer loop
      vertex 31.6506 27.7294 0.849999
      vertex 31.8014 27.8007 0
      vertex 31.6506 27.7294 0
    endloop
  endfacet
  facet normal -0.941566 0.33683 0
    outer loop
      vertex 32.5706 28.6494 0
      vertex 32.6268 28.8065 0.849999
      vertex 32.6268 28.8065 0
    endloop
  endfacet
  facet normal -0.941566 0.33683 0
    outer loop
      vertex 32.6268 28.8065 0.849999
      vertex 32.5706 28.6494 0
      vertex 32.5706 28.6494 0.849999
    endloop
  endfacet
  facet normal -0.989168 0.146788 0
    outer loop
      vertex 32.6673 28.9683 0
      vertex 32.6918 29.1334 0.849999
      vertex 32.6918 29.1334 0
    endloop
  endfacet
  facet normal -0.989168 0.146788 0
    outer loop
      vertex 32.6918 29.1334 0.849999
      vertex 32.6673 28.9683 0
      vertex 32.6673 28.9683 0.849999
    endloop
  endfacet
  facet normal -0.998791 0.0491602 0
    outer loop
      vertex 32.6918 29.1334 0
      vertex 32.7 29.3 0.849999
      vertex 32.7 29.3 0
    endloop
  endfacet
  facet normal -0.998791 0.0491602 0
    outer loop
      vertex 32.7 29.3 0.849999
      vertex 32.6918 29.1334 0
      vertex 32.6918 29.1334 0.849999
    endloop
  endfacet
  facet normal 0.427442 0.904043 -0
    outer loop
      vertex 30.3494 27.7294 0
      vertex 30.1986 27.8007 0.849999
      vertex 30.3494 27.7294 0.849999
    endloop
  endfacet
  facet normal 0.427442 0.904043 0
    outer loop
      vertex 30.1986 27.8007 0.849999
      vertex 30.3494 27.7294 0
      vertex 30.1986 27.8007 0
    endloop
  endfacet
  facet normal 0.242818 0.970072 -0
    outer loop
      vertex 30.6683 27.6327 0
      vertex 30.5065 27.6732 0.849999
      vertex 30.6683 27.6327 0.849999
    endloop
  endfacet
  facet normal 0.242818 0.970072 0
    outer loop
      vertex 30.5065 27.6732 0.849999
      vertex 30.6683 27.6327 0
      vertex 30.5065 27.6732 0
    endloop
  endfacet
  facet normal 0.0491602 0.998791 -0
    outer loop
      vertex 31 27.6 0
      vertex 30.8334 27.6082 0.849999
      vertex 31 27.6 0.849999
    endloop
  endfacet
  facet normal 0.0491602 0.998791 0
    outer loop
      vertex 30.8334 27.6082 0.849999
      vertex 31 27.6 0
      vertex 30.8334 27.6082 0
    endloop
  endfacet
  facet normal 0.857652 0.514231 0
    outer loop
      vertex 29.5865 28.3555 0.849999
      vertex 29.5007 28.4986 0
      vertex 29.5007 28.4986 0.849999
    endloop
  endfacet
  facet normal 0.857652 0.514231 0
    outer loop
      vertex 29.5007 28.4986 0
      vertex 29.5865 28.3555 0.849999
      vertex 29.5865 28.3555 0
    endloop
  endfacet
  facet normal 0.941566 0.33683 0
    outer loop
      vertex 29.4294 28.6494 0.849999
      vertex 29.3732 28.8065 0
      vertex 29.3732 28.8065 0.849999
    endloop
  endfacet
  facet normal 0.941566 0.33683 0
    outer loop
      vertex 29.3732 28.8065 0
      vertex 29.4294 28.6494 0.849999
      vertex 29.4294 28.6494 0
    endloop
  endfacet
  facet normal 0.989168 0.146788 0
    outer loop
      vertex 29.3327 28.9683 0.849999
      vertex 29.3082 29.1334 0
      vertex 29.3082 29.1334 0.849999
    endloop
  endfacet
  facet normal 0.989168 0.146788 0
    outer loop
      vertex 29.3082 29.1334 0
      vertex 29.3327 28.9683 0.849999
      vertex 29.3327 28.9683 0
    endloop
  endfacet
  facet normal -0.242818 0.970072 0
    outer loop
      vertex 31.4935 27.6732 0
      vertex 31.3317 27.6327 0.849999
      vertex 31.4935 27.6732 0.849999
    endloop
  endfacet
  facet normal -0.242818 0.970072 0
    outer loop
      vertex 31.3317 27.6327 0.849999
      vertex 31.4935 27.6732 0
      vertex 31.3317 27.6327 0
    endloop
  endfacet
  facet normal -0.658675 0.26347 0.704791
    outer loop
      vertex 32.5706 28.6494 0.849999
      vertex 33.993 28.0591 2.4
      vertex 33.9934 28.0601 2.4
    endloop
  endfacet
  facet normal -0.641687 0.303397 0.704406
    outer loop
      vertex 33.993 28.0591 2.4
      vertex 32.5706 28.6494 0.849999
      vertex 32.4993 28.4986 0.849999
    endloop
  endfacet
  facet normal -0.708936 -0.0349428 0.704407
    outer loop
      vertex 34.2401 29.3 2.4
      vertex 34.2245 29.6165 2.4
      vertex 32.7 29.3 0.849999
    endloop
  endfacet
  facet normal -0.711064 0 0.703127
    outer loop
      vertex 32.6918 29.4666 0.849999
      vertex 34.2245 29.6165 2.4
      vertex 34.2245 29.6176 2.4
    endloop
  endfacet
  facet normal -0.708942 -0.0348939 0.704403
    outer loop
      vertex 34.2245 29.6165 2.4
      vertex 32.6918 29.4666 0.849999
      vertex 32.7 29.3 0.849999
    endloop
  endfacet
  facet normal 0.688564 0.172354 0.704396
    outer loop
      vertex 27.8992 28.3605 2.4
      vertex 29.3732 28.8065 0.849999
      vertex 29.3327 28.9683 0.849999
    endloop
  endfacet
  facet normal 0.679475 0.203843 0.704813
    outer loop
      vertex 29.3732 28.8065 0.849999
      vertex 27.8992 28.3605 2.4
      vertex 27.8995 28.3595 2.4
    endloop
  endfacet
  facet normal 0.570143 -0.422793 0.704402
    outer loop
      vertex 29.6859 30.3785 0.849999
      vertex 28.4954 31.3555 2.4
      vertex 28.3066 31.1009 2.4
    endloop
  endfacet
  facet normal -0.688526 0.172468 0.704405
    outer loop
      vertex 34.1008 28.3605 2.4
      vertex 34.1778 28.6679 2.4
      vertex 32.6673 28.9683 0.849999
    endloop
  endfacet
  facet normal -0.608828 0.364894 0.704401
    outer loop
      vertex 33.6946 27.5008 2.4
      vertex 33.8575 27.7726 2.4
      vertex 32.4993 28.4986 0.849999
    endloop
  endfacet
  facet normal -0.303397 0.641687 0.704406
    outer loop
      vertex 31.6506 27.7294 0.849999
      vertex 32.2409 26.307 2.4
      vertex 31.8014 27.8007 0.849999
    endloop
  endfacet
  facet normal -0.26347 0.658675 0.704791
    outer loop
      vertex 32.2409 26.307 2.4
      vertex 31.6506 27.7294 0.849999
      vertex 32.2399 26.3066 2.4
    endloop
  endfacet
  facet normal 0.172472 0.688543 0.704387
    outer loop
      vertex 30.3669 26.1225 2.4
      vertex 30.5065 27.6732 0.849999
      vertex 30.0595 26.1995 2.4
    endloop
  endfacet
  facet normal 0.641658 0.303472 0.7044
    outer loop
      vertex 28.1425 27.7726 2.4
      vertex 29.5007 28.4986 0.849999
      vertex 28.007 28.0591 2.4
    endloop
  endfacet
  facet normal 0.679475 -0.203843 0.704813
    outer loop
      vertex 27.8992 30.2395 2.4
      vertex 29.3732 29.7935 0.849999
      vertex 27.8995 30.2405 2.4
    endloop
  endfacet
  facet normal 0.688564 -0.172354 0.704396
    outer loop
      vertex 29.3732 29.7935 0.849999
      vertex 27.8992 30.2395 2.4
      vertex 29.3327 29.6317 0.849999
    endloop
  endfacet
  facet normal -0.422793 -0.570143 0.704402
    outer loop
      vertex 33.0555 31.8046 2.4
      vertex 32.8009 31.9934 2.4
      vertex 32.0785 30.6141 0.849999
    endloop
  endfacet
  facet normal -0.708936 0.0349428 0.704407
    outer loop
      vertex 34.2245 28.9835 2.4
      vertex 34.2401 29.3 2.4
      vertex 32.7 29.3 0.849999
    endloop
  endfacet
  facet normal -0.668297 0.239189 0.704391
    outer loop
      vertex 33.9934 28.0601 2.4
      vertex 34.1002 28.3585 2.4
      vertex 32.5706 28.6494 0.849999
    endloop
  endfacet
  facet normal -0.708942 0.0348939 0.704403
    outer loop
      vertex 32.6918 29.1334 0.849999
      vertex 34.2245 28.9835 2.4
      vertex 32.7 29.3 0.849999
    endloop
  endfacet
  facet normal -0.711064 0 0.703127
    outer loop
      vertex 34.2245 28.9835 2.4
      vertex 32.6918 29.1334 0.849999
      vertex 34.2245 28.9824 2.4
    endloop
  endfacet
  facet normal -0.641658 0.303472 0.7044
    outer loop
      vertex 33.8575 27.7726 2.4
      vertex 33.993 28.0591 2.4
      vertex 32.4993 28.4986 0.849999
    endloop
  endfacet
  facet normal -0.570143 0.422793 0.704402
    outer loop
      vertex 33.5046 27.2445 2.4
      vertex 33.6934 27.4991 2.4
      vertex 32.3141 28.2215 0.849999
    endloop
  endfacet
  facet normal -0.525938 0.47666 0.704404
    outer loop
      vertex 33.2918 27.0097 2.4
      vertex 33.5046 27.2445 2.4
      vertex 32.3141 28.2215 0.849999
    endloop
  endfacet
  facet normal 0 0.711064 0.703127
    outer loop
      vertex 31.1666 27.6082 0.849999
      vertex 31.3165 26.0755 2.4
      vertex 31.3176 26.0755 2.4
    endloop
  endfacet
  facet normal -0.0348939 0.708942 0.704403
    outer loop
      vertex 31.3165 26.0755 2.4
      vertex 31.1666 27.6082 0.849999
      vertex 31 27.6 0.849999
    endloop
  endfacet
  facet normal -0.422885 0.570086 0.704394
    outer loop
      vertex 31.9445 27.8865 0.849999
      vertex 32.8009 26.6066 2.4
      vertex 32.0785 27.9859 0.849999
    endloop
  endfacet
  facet normal -0.425943 0.567924 0.704298
    outer loop
      vertex 32.8009 26.6066 2.4
      vertex 31.9445 27.8865 0.849999
      vertex 32.8001 26.606 2.4
    endloop
  endfacet
  facet normal 0.422885 0.570086 0.704394
    outer loop
      vertex 29.1991 26.6066 2.4
      vertex 30.0555 27.8865 0.849999
      vertex 29.9215 27.9859 0.849999
    endloop
  endfacet
  facet normal 0.425943 0.567924 0.704298
    outer loop
      vertex 30.0555 27.8865 0.849999
      vertex 29.1991 26.6066 2.4
      vertex 29.1999 26.606 2.4
    endloop
  endfacet
  facet normal 0.172468 -0.688526 0.704405
    outer loop
      vertex 30.6683 30.9673 0.849999
      vertex 30.3679 32.4778 2.4
      vertex 30.0605 32.4008 2.4
    endloop
  endfacet
  facet normal 0.702112 -0.10419 0.704402
    outer loop
      vertex 27.7757 29.6186 2.4
      vertex 29.3082 29.4666 0.849999
      vertex 29.3327 29.6317 0.849999
    endloop
  endfacet
  facet normal 0.69729 -0.139458 0.703092
    outer loop
      vertex 29.3082 29.4666 0.849999
      vertex 27.7757 29.6186 2.4
      vertex 27.7755 29.6176 2.4
    endloop
  endfacet
  facet normal 0.668326 -0.239083 0.7044
    outer loop
      vertex 27.8998 30.2415 2.4
      vertex 29.3732 29.7935 0.849999
      vertex 29.4294 29.9506 0.849999
    endloop
  endfacet
  facet normal 0.679475 -0.203843 0.704813
    outer loop
      vertex 29.3732 29.7935 0.849999
      vertex 27.8998 30.2415 2.4
      vertex 27.8995 30.2405 2.4
    endloop
  endfacet
  facet normal 0.708936 -0.0349428 0.704407
    outer loop
      vertex 29.3 29.3 0.849999
      vertex 27.7755 29.6165 2.4
      vertex 27.7599 29.3 2.4
    endloop
  endfacet
  facet normal -0.203843 -0.679475 0.704813
    outer loop
      vertex 31.9395 32.4008 2.4
      vertex 31.4935 30.9268 0.849999
      vertex 31.9405 32.4005 2.4
    endloop
  endfacet
  facet normal -0.172354 -0.688564 0.704396
    outer loop
      vertex 31.4935 30.9268 0.849999
      vertex 31.9395 32.4008 2.4
      vertex 31.3317 30.9673 0.849999
    endloop
  endfacet
  facet normal -0.69729 0.139458 0.703092
    outer loop
      vertex 32.6918 29.1334 0.849999
      vertex 34.2243 28.9814 2.4
      vertex 34.2245 28.9824 2.4
    endloop
  endfacet
  facet normal -0.702112 0.10419 0.704402
    outer loop
      vertex 34.2243 28.9814 2.4
      vertex 32.6918 29.1334 0.849999
      vertex 32.6673 28.9683 0.849999
    endloop
  endfacet
  facet normal -0.702116 0.104142 0.704406
    outer loop
      vertex 34.1778 28.6679 2.4
      vertex 34.2243 28.9814 2.4
      vertex 32.6673 28.9683 0.849999
    endloop
  endfacet
  facet normal -0.525982 0.476618 0.704399
    outer loop
      vertex 32.2021 28.0979 0.849999
      vertex 33.2918 27.0097 2.4
      vertex 32.3141 28.2215 0.849999
    endloop
  endfacet
  facet normal -0.534446 0.46764 0.704046
    outer loop
      vertex 33.2918 27.0097 2.4
      vertex 32.2021 28.0979 0.849999
      vertex 33.2911 27.0089 2.4
    endloop
  endfacet
  facet normal -0.567924 0.425943 0.704298
    outer loop
      vertex 32.4135 28.3555 0.849999
      vertex 33.6934 27.4991 2.4
      vertex 33.694 27.4999 2.4
    endloop
  endfacet
  facet normal -0.570086 0.422885 0.704394
    outer loop
      vertex 33.6934 27.4991 2.4
      vertex 32.4135 28.3555 0.849999
      vertex 32.3141 28.2215 0.849999
    endloop
  endfacet
  facet normal -0.0349428 0.708936 0.704407
    outer loop
      vertex 31.3165 26.0755 2.4
      vertex 31 27.6 0.849999
      vertex 31 26.0599 2.4
    endloop
  endfacet
  facet normal -0.104142 0.702116 0.704406
    outer loop
      vertex 31.6321 26.1222 2.4
      vertex 31.3317 27.6327 0.849999
      vertex 31.3186 26.0757 2.4
    endloop
  endfacet
  facet normal -0.172354 0.688563 0.704397
    outer loop
      vertex 31.3317 27.6327 0.849999
      vertex 31.6331 26.1225 2.4
      vertex 31.4935 27.6732 0.849999
    endloop
  endfacet
  facet normal -0.204295 0.680984 0.703224
    outer loop
      vertex 31.6331 26.1225 2.4
      vertex 31.3317 27.6327 0.849999
      vertex 31.6321 26.1222 2.4
    endloop
  endfacet
  facet normal -0.393494 0.590242 0.704824
    outer loop
      vertex 31.9445 27.8865 0.849999
      vertex 32.7992 26.6054 2.4
      vertex 32.8001 26.606 2.4
    endloop
  endfacet
  facet normal -0.364997 0.608754 0.704411
    outer loop
      vertex 32.7992 26.6054 2.4
      vertex 31.9445 27.8865 0.849999
      vertex 31.8014 27.8007 0.849999
    endloop
  endfacet
  facet normal -0.46764 0.534446 0.704046
    outer loop
      vertex 32.2021 28.0979 0.849999
      vertex 33.2903 27.0082 2.4
      vertex 33.2911 27.0089 2.4
    endloop
  endfacet
  facet normal -0.476618 0.525982 0.704399
    outer loop
      vertex 33.2903 27.0082 2.4
      vertex 32.2021 28.0979 0.849999
      vertex 32.0785 27.9859 0.849999
    endloop
  endfacet
  facet normal 0.702112 0.10419 0.704402
    outer loop
      vertex 29.3082 29.1334 0.849999
      vertex 27.7757 28.9814 2.4
      vertex 29.3327 28.9683 0.849999
    endloop
  endfacet
  facet normal 0.69729 0.139458 0.703092
    outer loop
      vertex 27.7757 28.9814 2.4
      vertex 29.3082 29.1334 0.849999
      vertex 27.7755 28.9824 2.4
    endloop
  endfacet
  facet normal 0.364997 0.608754 0.704411
    outer loop
      vertex 30.0555 27.8865 0.849999
      vertex 29.2008 26.6054 2.4
      vertex 30.1986 27.8007 0.849999
    endloop
  endfacet
  facet normal 0.393494 0.590242 0.704824
    outer loop
      vertex 29.2008 26.6054 2.4
      vertex 30.0555 27.8865 0.849999
      vertex 29.1999 26.606 2.4
    endloop
  endfacet
  facet normal 0.570086 0.422885 0.704394
    outer loop
      vertex 29.5865 28.3555 0.849999
      vertex 28.3066 27.4991 2.4
      vertex 29.6859 28.2215 0.849999
    endloop
  endfacet
  facet normal 0.567924 0.425943 0.704298
    outer loop
      vertex 28.3066 27.4991 2.4
      vertex 29.5865 28.3555 0.849999
      vertex 28.306 27.4999 2.4
    endloop
  endfacet
  facet normal 0.104173 -0.702103 0.704414
    outer loop
      vertex 30.8334 30.9918 0.849999
      vertex 30.6824 32.5245 2.4
      vertex 30.369 32.478 2.4
    endloop
  endfacet
  facet normal 0.104188 -0.702099 0.704416
    outer loop
      vertex 30.369 32.478 2.4
      vertex 30.6683 30.9673 0.849999
      vertex 30.8334 30.9918 0.849999
    endloop
  endfacet
  facet normal 0.126905 -0.697978 0.704785
    outer loop
      vertex 30.6683 30.9673 0.849999
      vertex 30.369 32.478 2.4
      vertex 30.3679 32.4778 2.4
    endloop
  endfacet
  facet normal 0.47666 -0.525938 0.704404
    outer loop
      vertex 29.9215 30.6141 0.849999
      vertex 28.9445 31.8046 2.4
      vertex 28.7097 31.5918 2.4
    endloop
  endfacet
  facet normal 0.303472 -0.641658 0.7044
    outer loop
      vertex 30.1986 30.7993 0.849999
      vertex 29.7591 32.293 2.4
      vertex 29.4726 32.1575 2.4
    endloop
  endfacet
  facet normal 0.570086 -0.422885 0.704394
    outer loop
      vertex 28.3066 31.1009 2.4
      vertex 29.5865 30.2445 0.849999
      vertex 29.6859 30.3785 0.849999
    endloop
  endfacet
  facet normal 0.567924 -0.425943 0.704298
    outer loop
      vertex 29.5865 30.2445 0.849999
      vertex 28.3066 31.1009 2.4
      vertex 28.306 31.1001 2.4
    endloop
  endfacet
  facet normal 0.660635 -0.264254 0.70266
    outer loop
      vertex 28.1421 30.8264 2.4
      vertex 29.5007 30.1014 0.849999
      vertex 28.1425 30.8274 2.4
    endloop
  endfacet
  facet normal 0.641708 -0.303407 0.704383
    outer loop
      vertex 29.5007 30.1014 0.849999
      vertex 28.1421 30.8264 2.4
      vertex 29.4294 29.9506 0.849999
    endloop
  endfacet
  facet normal 0.668297 -0.239189 0.704391
    outer loop
      vertex 29.4294 29.9506 0.849999
      vertex 28.0066 30.5399 2.4
      vertex 27.8998 30.2415 2.4
    endloop
  endfacet
  facet normal 0.708936 0.0349428 0.704407
    outer loop
      vertex 27.7755 28.9835 2.4
      vertex 29.3 29.3 0.849999
      vertex 27.7599 29.3 2.4
    endloop
  endfacet
  facet normal -0.69729 -0.139458 0.703092
    outer loop
      vertex 34.2243 29.6186 2.4
      vertex 32.6918 29.4666 0.849999
      vertex 34.2245 29.6176 2.4
    endloop
  endfacet
  facet normal -0.702112 -0.10419 0.704402
    outer loop
      vertex 32.6918 29.4666 0.849999
      vertex 34.2243 29.6186 2.4
      vertex 32.6673 29.6317 0.849999
    endloop
  endfacet
  facet normal -0.239189 -0.668297 0.704391
    outer loop
      vertex 32.2399 32.2934 2.4
      vertex 31.9415 32.4002 2.4
      vertex 31.6506 30.8706 0.849999
    endloop
  endfacet
  facet normal -0.688564 0.172354 0.704396
    outer loop
      vertex 32.6268 28.8065 0.849999
      vertex 34.1008 28.3605 2.4
      vertex 32.6673 28.9683 0.849999
    endloop
  endfacet
  facet normal -0.679475 0.203843 0.704813
    outer loop
      vertex 34.1008 28.3605 2.4
      vertex 32.6268 28.8065 0.849999
      vertex 34.1005 28.3595 2.4
    endloop
  endfacet
  facet normal -0.679475 0.203843 0.704813
    outer loop
      vertex 32.6268 28.8065 0.849999
      vertex 34.1002 28.3585 2.4
      vertex 34.1005 28.3595 2.4
    endloop
  endfacet
  facet normal -0.668326 0.239083 0.7044
    outer loop
      vertex 34.1002 28.3585 2.4
      vertex 32.6268 28.8065 0.849999
      vertex 32.5706 28.6494 0.849999
    endloop
  endfacet
  facet normal -0.608754 0.364997 0.704411
    outer loop
      vertex 32.4135 28.3555 0.849999
      vertex 33.6946 27.5008 2.4
      vertex 32.4993 28.4986 0.849999
    endloop
  endfacet
  facet normal -0.590242 0.393494 0.704824
    outer loop
      vertex 33.6946 27.5008 2.4
      vertex 32.4135 28.3555 0.849999
      vertex 33.694 27.4999 2.4
    endloop
  endfacet
  facet normal -0.238991 0.668369 0.70439
    outer loop
      vertex 31.9405 26.1995 2.4
      vertex 32.2389 26.3062 2.4
      vertex 31.4935 27.6732 0.849999
    endloop
  endfacet
  facet normal -0.172472 0.688543 0.704387
    outer loop
      vertex 31.6331 26.1225 2.4
      vertex 31.9405 26.1995 2.4
      vertex 31.4935 27.6732 0.849999
    endloop
  endfacet
  facet normal -0.364894 0.608828 0.704401
    outer loop
      vertex 32.5274 26.4425 2.4
      vertex 32.7992 26.6054 2.4
      vertex 31.8014 27.8007 0.849999
    endloop
  endfacet
  facet normal -0.303472 0.641658 0.7044
    outer loop
      vertex 32.2409 26.307 2.4
      vertex 32.5274 26.4425 2.4
      vertex 31.8014 27.8007 0.849999
    endloop
  endfacet
  facet normal -0.47666 0.525938 0.704404
    outer loop
      vertex 33.0555 26.7954 2.4
      vertex 33.2903 27.0082 2.4
      vertex 32.0785 27.9859 0.849999
    endloop
  endfacet
  facet normal -0.422793 0.570143 0.704402
    outer loop
      vertex 32.8009 26.6066 2.4
      vertex 33.0555 26.7954 2.4
      vertex 32.0785 27.9859 0.849999
    endloop
  endfacet
  facet normal 0.668297 0.239189 0.704391
    outer loop
      vertex 28.0066 28.0601 2.4
      vertex 29.4294 28.6494 0.849999
      vertex 27.8998 28.3585 2.4
    endloop
  endfacet
  facet normal 0.668326 0.239083 0.7044
    outer loop
      vertex 29.3732 28.8065 0.849999
      vertex 27.8998 28.3585 2.4
      vertex 29.4294 28.6494 0.849999
    endloop
  endfacet
  facet normal 0.679475 0.203843 0.704813
    outer loop
      vertex 27.8998 28.3585 2.4
      vertex 29.3732 28.8065 0.849999
      vertex 27.8995 28.3595 2.4
    endloop
  endfacet
  facet normal 0.702116 0.104142 0.704406
    outer loop
      vertex 27.8222 28.6679 2.4
      vertex 29.3327 28.9683 0.849999
      vertex 27.7757 28.9814 2.4
    endloop
  endfacet
  facet normal 0.688526 0.172468 0.704405
    outer loop
      vertex 27.8992 28.3605 2.4
      vertex 29.3327 28.9683 0.849999
      vertex 27.8222 28.6679 2.4
    endloop
  endfacet
  facet normal 0.708942 0.0348939 0.704403
    outer loop
      vertex 27.7755 28.9835 2.4
      vertex 29.3082 29.1334 0.849999
      vertex 29.3 29.3 0.849999
    endloop
  endfacet
  facet normal 0.711064 0 0.703127
    outer loop
      vertex 29.3082 29.1334 0.849999
      vertex 27.7755 28.9835 2.4
      vertex 27.7755 28.9824 2.4
    endloop
  endfacet
  facet normal 0.0349428 0.708936 0.704407
    outer loop
      vertex 31 26.0599 2.4
      vertex 31 27.6 0.849999
      vertex 30.6835 26.0755 2.4
    endloop
  endfacet
  facet normal 0.303472 0.641658 0.7044
    outer loop
      vertex 29.7591 26.307 2.4
      vertex 30.1986 27.8007 0.849999
      vertex 29.4726 26.4425 2.4
    endloop
  endfacet
  facet normal 0.364894 0.608828 0.704401
    outer loop
      vertex 29.4726 26.4425 2.4
      vertex 30.1986 27.8007 0.849999
      vertex 29.2008 26.6054 2.4
    endloop
  endfacet
  facet normal 0.422793 0.570143 0.704402
    outer loop
      vertex 29.1991 26.6066 2.4
      vertex 29.9215 27.9859 0.849999
      vertex 28.9445 26.7954 2.4
    endloop
  endfacet
  facet normal 0.570143 0.422793 0.704402
    outer loop
      vertex 28.4954 27.2445 2.4
      vertex 29.6859 28.2215 0.849999
      vertex 28.3066 27.4991 2.4
    endloop
  endfacet
  facet normal 0.422793 -0.570143 0.704402
    outer loop
      vertex 29.9215 30.6141 0.849999
      vertex 29.1991 31.9934 2.4
      vertex 28.9445 31.8046 2.4
    endloop
  endfacet
  facet normal 0.239189 -0.668297 0.704391
    outer loop
      vertex 30.3494 30.8706 0.849999
      vertex 30.0585 32.4002 2.4
      vertex 29.7601 32.2934 2.4
    endloop
  endfacet
  facet normal 0.26347 -0.658675 0.704791
    outer loop
      vertex 29.7591 32.293 2.4
      vertex 30.3494 30.8706 0.849999
      vertex 29.7601 32.2934 2.4
    endloop
  endfacet
  facet normal 0.303397 -0.641687 0.704406
    outer loop
      vertex 30.3494 30.8706 0.849999
      vertex 29.7591 32.293 2.4
      vertex 30.1986 30.7993 0.849999
    endloop
  endfacet
  facet normal 0.172354 -0.688564 0.704396
    outer loop
      vertex 30.0605 32.4008 2.4
      vertex 30.5065 30.9268 0.849999
      vertex 30.6683 30.9673 0.849999
    endloop
  endfacet
  facet normal 0.203843 -0.679475 0.704813
    outer loop
      vertex 30.5065 30.9268 0.849999
      vertex 30.0605 32.4008 2.4
      vertex 30.0595 32.4005 2.4
    endloop
  endfacet
  facet normal 0.425943 -0.567924 0.704298
    outer loop
      vertex 29.1991 31.9934 2.4
      vertex 30.0555 30.7135 0.849999
      vertex 29.1999 31.994 2.4
    endloop
  endfacet
  facet normal 0.422885 -0.570086 0.704394
    outer loop
      vertex 30.0555 30.7135 0.849999
      vertex 29.1991 31.9934 2.4
      vertex 29.9215 30.6141 0.849999
    endloop
  endfacet
  facet normal 0.364894 -0.608828 0.704401
    outer loop
      vertex 30.1986 30.7993 0.849999
      vertex 29.4726 32.1575 2.4
      vertex 29.2008 31.9946 2.4
    endloop
  endfacet
  facet normal 0.525938 -0.47666 0.704404
    outer loop
      vertex 29.6859 30.3785 0.849999
      vertex 28.7082 31.5903 2.4
      vertex 28.4954 31.3555 2.4
    endloop
  endfacet
  facet normal 0.641668 -0.303477 0.704389
    outer loop
      vertex 29.4294 29.9506 0.849999
      vertex 28.1421 30.8264 2.4
      vertex 28.0066 30.5399 2.4
    endloop
  endfacet
  facet normal 0.702116 -0.104142 0.704406
    outer loop
      vertex 29.3327 29.6317 0.849999
      vertex 27.8222 29.9321 2.4
      vertex 27.7757 29.6186 2.4
    endloop
  endfacet
  facet normal 0.688526 -0.172468 0.704405
    outer loop
      vertex 29.3327 29.6317 0.849999
      vertex 27.8992 30.2395 2.4
      vertex 27.8222 29.9321 2.4
    endloop
  endfacet
  facet normal -0.688526 -0.172468 0.704405
    outer loop
      vertex 34.1778 29.9321 2.4
      vertex 34.1008 30.2395 2.4
      vertex 32.6673 29.6317 0.849999
    endloop
  endfacet
  facet normal -0.702116 -0.104142 0.704406
    outer loop
      vertex 34.2243 29.6186 2.4
      vertex 34.1778 29.9321 2.4
      vertex 32.6673 29.6317 0.849999
    endloop
  endfacet
  facet normal -0.570143 -0.422793 0.704402
    outer loop
      vertex 33.6934 31.1009 2.4
      vertex 33.5046 31.3555 2.4
      vertex 32.3141 30.3785 0.849999
    endloop
  endfacet
  facet normal -0.660635 -0.264254 0.70266
    outer loop
      vertex 32.4993 30.1014 0.849999
      vertex 33.8579 30.8264 2.4
      vertex 33.8575 30.8274 2.4
    endloop
  endfacet
  facet normal -0.641708 -0.303407 0.704383
    outer loop
      vertex 33.8579 30.8264 2.4
      vertex 32.4993 30.1014 0.849999
      vertex 32.5706 29.9506 0.849999
    endloop
  endfacet
  facet normal -0.303472 -0.641658 0.7044
    outer loop
      vertex 32.5274 32.1575 2.4
      vertex 32.2409 32.293 2.4
      vertex 31.8014 30.7993 0.849999
    endloop
  endfacet
  facet normal -0.26347 -0.658675 0.704791
    outer loop
      vertex 31.6506 30.8706 0.849999
      vertex 32.2409 32.293 2.4
      vertex 32.2399 32.2934 2.4
    endloop
  endfacet
  facet normal -0.303397 -0.641687 0.704406
    outer loop
      vertex 32.2409 32.293 2.4
      vertex 31.6506 30.8706 0.849999
      vertex 31.8014 30.7993 0.849999
    endloop
  endfacet
  facet normal 0.0348942 -0.708947 0.704398
    outer loop
      vertex 31 31 0.849999
      vertex 30.9989 32.54 2.4
      vertex 30.8334 30.9918 0.849999
    endloop
  endfacet
  facet normal 0.0643544 -0.707898 0.703376
    outer loop
      vertex 30.9989 32.54 2.4
      vertex 31 31 0.849999
      vertex 31 32.5401 2.4
    endloop
  endfacet
  facet normal -0.104173 -0.702103 0.704414
    outer loop
      vertex 31.631 32.478 2.4
      vertex 31.3176 32.5245 2.4
      vertex 31.1666 30.9918 0.849999
    endloop
  endfacet
  facet normal -0.10419 0.702112 0.704402
    outer loop
      vertex 31.1666 27.6082 0.849999
      vertex 31.3186 26.0757 2.4
      vertex 31.3317 27.6327 0.849999
    endloop
  endfacet
  facet normal -0.139458 0.69729 0.703092
    outer loop
      vertex 31.3186 26.0757 2.4
      vertex 31.1666 27.6082 0.849999
      vertex 31.3176 26.0755 2.4
    endloop
  endfacet
  facet normal -0.26347 0.658675 0.704791
    outer loop
      vertex 31.6506 27.7294 0.849999
      vertex 32.2389 26.3062 2.4
      vertex 32.2399 26.3066 2.4
    endloop
  endfacet
  facet normal -0.239084 0.668328 0.704398
    outer loop
      vertex 32.2389 26.3062 2.4
      vertex 31.6506 27.7294 0.849999
      vertex 31.4935 27.6732 0.849999
    endloop
  endfacet
  facet normal 0.641687 0.303397 0.704406
    outer loop
      vertex 29.4294 28.6494 0.849999
      vertex 28.007 28.0591 2.4
      vertex 29.5007 28.4986 0.849999
    endloop
  endfacet
  facet normal 0.658675 0.26347 0.704791
    outer loop
      vertex 28.007 28.0591 2.4
      vertex 29.4294 28.6494 0.849999
      vertex 28.0066 28.0601 2.4
    endloop
  endfacet
  facet normal 0.0348939 0.708942 0.704403
    outer loop
      vertex 30.8334 27.6082 0.849999
      vertex 30.6835 26.0755 2.4
      vertex 31 27.6 0.849999
    endloop
  endfacet
  facet normal 0 0.711064 0.703127
    outer loop
      vertex 30.6835 26.0755 2.4
      vertex 30.8334 27.6082 0.849999
      vertex 30.6824 26.0755 2.4
    endloop
  endfacet
  facet normal 0.139458 0.69729 0.703092
    outer loop
      vertex 30.8334 27.6082 0.849999
      vertex 30.6814 26.0757 2.4
      vertex 30.6824 26.0755 2.4
    endloop
  endfacet
  facet normal 0.10419 0.702112 0.704402
    outer loop
      vertex 30.6814 26.0757 2.4
      vertex 30.8334 27.6082 0.849999
      vertex 30.6683 27.6327 0.849999
    endloop
  endfacet
  facet normal 0.239084 0.668328 0.704398
    outer loop
      vertex 30.3494 27.7294 0.849999
      vertex 29.7611 26.3062 2.4
      vertex 30.5065 27.6732 0.849999
    endloop
  endfacet
  facet normal 0.26347 0.658675 0.704791
    outer loop
      vertex 29.7611 26.3062 2.4
      vertex 30.3494 27.7294 0.849999
      vertex 29.7601 26.3066 2.4
    endloop
  endfacet
  facet normal 0.238991 0.668369 0.70439
    outer loop
      vertex 30.0595 26.1995 2.4
      vertex 30.5065 27.6732 0.849999
      vertex 29.7611 26.3062 2.4
    endloop
  endfacet
  facet normal 0.476618 0.525982 0.704399
    outer loop
      vertex 29.7979 28.0979 0.849999
      vertex 28.7097 27.0082 2.4
      vertex 29.9215 27.9859 0.849999
    endloop
  endfacet
  facet normal 0.46764 0.534446 0.704046
    outer loop
      vertex 28.7097 27.0082 2.4
      vertex 29.7979 28.0979 0.849999
      vertex 28.7089 27.0089 2.4
    endloop
  endfacet
  facet normal 0.47666 0.525938 0.704404
    outer loop
      vertex 28.9445 26.7954 2.4
      vertex 29.9215 27.9859 0.849999
      vertex 28.7097 27.0082 2.4
    endloop
  endfacet
  facet normal 0.525982 0.476618 0.704399
    outer loop
      vertex 28.7082 27.0097 2.4
      vertex 29.7979 28.0979 0.849999
      vertex 29.6859 28.2215 0.849999
    endloop
  endfacet
  facet normal 0.534446 0.46764 0.704046
    outer loop
      vertex 29.7979 28.0979 0.849999
      vertex 28.7082 27.0097 2.4
      vertex 28.7089 27.0089 2.4
    endloop
  endfacet
  facet normal 0.525938 0.47666 0.704404
    outer loop
      vertex 28.7082 27.0097 2.4
      vertex 29.6859 28.2215 0.849999
      vertex 28.4954 27.2445 2.4
    endloop
  endfacet
  facet normal 0.203843 -0.679475 0.704813
    outer loop
      vertex 30.0585 32.4002 2.4
      vertex 30.5065 30.9268 0.849999
      vertex 30.0595 32.4005 2.4
    endloop
  endfacet
  facet normal 0.239083 -0.668326 0.7044
    outer loop
      vertex 30.5065 30.9268 0.849999
      vertex 30.0585 32.4002 2.4
      vertex 30.3494 30.8706 0.849999
    endloop
  endfacet
  facet normal 0.364997 -0.608754 0.704411
    outer loop
      vertex 29.2008 31.9946 2.4
      vertex 30.0555 30.7135 0.849999
      vertex 30.1986 30.7993 0.849999
    endloop
  endfacet
  facet normal 0.393494 -0.590242 0.704824
    outer loop
      vertex 30.0555 30.7135 0.849999
      vertex 29.2008 31.9946 2.4
      vertex 29.1999 31.994 2.4
    endloop
  endfacet
  facet normal 0.534446 -0.46764 0.704046
    outer loop
      vertex 28.7082 31.5903 2.4
      vertex 29.7979 30.5021 0.849999
      vertex 28.7089 31.5911 2.4
    endloop
  endfacet
  facet normal 0.525982 -0.476618 0.704399
    outer loop
      vertex 29.7979 30.5021 0.849999
      vertex 28.7082 31.5903 2.4
      vertex 29.6859 30.3785 0.849999
    endloop
  endfacet
  facet normal 0.476618 -0.525982 0.704399
    outer loop
      vertex 28.7097 31.5918 2.4
      vertex 29.7979 30.5021 0.849999
      vertex 29.9215 30.6141 0.849999
    endloop
  endfacet
  facet normal 0.46764 -0.534446 0.704046
    outer loop
      vertex 29.7979 30.5021 0.849999
      vertex 28.7097 31.5918 2.4
      vertex 28.7089 31.5911 2.4
    endloop
  endfacet
  facet normal 0.608828 -0.364894 0.704401
    outer loop
      vertex 29.5007 30.1014 0.849999
      vertex 28.3054 31.0992 2.4
      vertex 28.1425 30.8274 2.4
    endloop
  endfacet
  facet normal 0.590242 -0.393494 0.704824
    outer loop
      vertex 28.3054 31.0992 2.4
      vertex 29.5865 30.2445 0.849999
      vertex 28.306 31.1001 2.4
    endloop
  endfacet
  facet normal 0.608754 -0.364997 0.704411
    outer loop
      vertex 29.5865 30.2445 0.849999
      vertex 28.3054 31.0992 2.4
      vertex 29.5007 30.1014 0.849999
    endloop
  endfacet
  facet normal 0.711064 -0 0.703127
    outer loop
      vertex 27.7755 29.6165 2.4
      vertex 29.3082 29.4666 0.849999
      vertex 27.7755 29.6176 2.4
    endloop
  endfacet
  facet normal 0.708942 -0.0348939 0.704403
    outer loop
      vertex 29.3082 29.4666 0.849999
      vertex 27.7755 29.6165 2.4
      vertex 29.3 29.3 0.849999
    endloop
  endfacet
  facet normal -0.679475 -0.203843 0.704813
    outer loop
      vertex 32.6268 29.7935 0.849999
      vertex 34.1008 30.2395 2.4
      vertex 34.1005 30.2405 2.4
    endloop
  endfacet
  facet normal -0.688564 -0.172354 0.704396
    outer loop
      vertex 34.1008 30.2395 2.4
      vertex 32.6268 29.7935 0.849999
      vertex 32.6673 29.6317 0.849999
    endloop
  endfacet
  facet normal -0.567924 -0.425943 0.704298
    outer loop
      vertex 33.6934 31.1009 2.4
      vertex 32.4135 30.2445 0.849999
      vertex 33.694 31.1001 2.4
    endloop
  endfacet
  facet normal -0.570086 -0.422885 0.704394
    outer loop
      vertex 32.4135 30.2445 0.849999
      vertex 33.6934 31.1009 2.4
      vertex 32.3141 30.3785 0.849999
    endloop
  endfacet
  facet normal -0.525938 -0.47666 0.704404
    outer loop
      vertex 33.5046 31.3555 2.4
      vertex 33.2918 31.5903 2.4
      vertex 32.3141 30.3785 0.849999
    endloop
  endfacet
  facet normal -0.668297 -0.239189 0.704391
    outer loop
      vertex 34.1002 30.2415 2.4
      vertex 33.9934 30.5399 2.4
      vertex 32.5706 29.9506 0.849999
    endloop
  endfacet
  facet normal -0.641668 -0.303477 0.704389
    outer loop
      vertex 33.9934 30.5399 2.4
      vertex 33.8579 30.8264 2.4
      vertex 32.5706 29.9506 0.849999
    endloop
  endfacet
  facet normal -0.590242 -0.393494 0.704824
    outer loop
      vertex 32.4135 30.2445 0.849999
      vertex 33.6946 31.0992 2.4
      vertex 33.694 31.1001 2.4
    endloop
  endfacet
  facet normal -0.608754 -0.364997 0.704411
    outer loop
      vertex 33.6946 31.0992 2.4
      vertex 32.4135 30.2445 0.849999
      vertex 32.4993 30.1014 0.849999
    endloop
  endfacet
  facet normal -0.608828 -0.364894 0.704401
    outer loop
      vertex 33.8575 30.8274 2.4
      vertex 33.6946 31.0992 2.4
      vertex 32.4993 30.1014 0.849999
    endloop
  endfacet
  facet normal -0.364894 -0.608828 0.704401
    outer loop
      vertex 32.7992 31.9946 2.4
      vertex 32.5274 32.1575 2.4
      vertex 31.8014 30.7993 0.849999
    endloop
  endfacet
  facet normal -0.126905 -0.697978 0.704785
    outer loop
      vertex 31.631 32.478 2.4
      vertex 31.3317 30.9673 0.849999
      vertex 31.6321 32.4778 2.4
    endloop
  endfacet
  facet normal -0.104188 -0.702099 0.704416
    outer loop
      vertex 31.3317 30.9673 0.849999
      vertex 31.631 32.478 2.4
      vertex 31.1666 30.9918 0.849999
    endloop
  endfacet
  facet normal -0.172468 -0.688526 0.704405
    outer loop
      vertex 31.9395 32.4008 2.4
      vertex 31.6321 32.4778 2.4
      vertex 31.3317 30.9673 0.849999
    endloop
  endfacet
  facet normal 0.0347191 -0.708942 0.704411
    outer loop
      vertex 30.8334 30.9918 0.849999
      vertex 30.9989 32.54 2.4
      vertex 30.6824 32.5245 2.4
    endloop
  endfacet
  facet normal 0.608754 0.364997 0.704411
    outer loop
      vertex 28.3054 27.5008 2.4
      vertex 29.5865 28.3555 0.849999
      vertex 29.5007 28.4986 0.849999
    endloop
  endfacet
  facet normal 0.590242 0.393494 0.704824
    outer loop
      vertex 29.5865 28.3555 0.849999
      vertex 28.3054 27.5008 2.4
      vertex 28.306 27.4999 2.4
    endloop
  endfacet
  facet normal 0.608828 0.364894 0.704401
    outer loop
      vertex 28.3054 27.5008 2.4
      vertex 29.5007 28.4986 0.849999
      vertex 28.1425 27.7726 2.4
    endloop
  endfacet
  facet normal 0.104142 0.702116 0.704406
    outer loop
      vertex 30.6814 26.0757 2.4
      vertex 30.6683 27.6327 0.849999
      vertex 30.3679 26.1222 2.4
    endloop
  endfacet
  facet normal 0.172354 0.688563 0.704397
    outer loop
      vertex 30.3669 26.1225 2.4
      vertex 30.6683 27.6327 0.849999
      vertex 30.5065 27.6732 0.849999
    endloop
  endfacet
  facet normal 0.204295 0.680984 0.703224
    outer loop
      vertex 30.6683 27.6327 0.849999
      vertex 30.3669 26.1225 2.4
      vertex 30.3679 26.1222 2.4
    endloop
  endfacet
  facet normal 0.303397 0.641687 0.704406
    outer loop
      vertex 29.7591 26.307 2.4
      vertex 30.3494 27.7294 0.849999
      vertex 30.1986 27.8007 0.849999
    endloop
  endfacet
  facet normal 0.26347 0.658675 0.704791
    outer loop
      vertex 30.3494 27.7294 0.849999
      vertex 29.7591 26.307 2.4
      vertex 29.7601 26.3066 2.4
    endloop
  endfacet
  facet normal -0.679475 -0.203843 0.704813
    outer loop
      vertex 34.1002 30.2415 2.4
      vertex 32.6268 29.7935 0.849999
      vertex 34.1005 30.2405 2.4
    endloop
  endfacet
  facet normal -0.668326 -0.239083 0.7044
    outer loop
      vertex 32.6268 29.7935 0.849999
      vertex 34.1002 30.2415 2.4
      vertex 32.5706 29.9506 0.849999
    endloop
  endfacet
  facet normal -0.46764 -0.534446 0.704046
    outer loop
      vertex 33.2903 31.5918 2.4
      vertex 32.2021 30.5021 0.849999
      vertex 33.2911 31.5911 2.4
    endloop
  endfacet
  facet normal -0.476618 -0.525982 0.704399
    outer loop
      vertex 32.2021 30.5021 0.849999
      vertex 33.2903 31.5918 2.4
      vertex 32.0785 30.6141 0.849999
    endloop
  endfacet
  facet normal -0.47666 -0.525938 0.704404
    outer loop
      vertex 33.2903 31.5918 2.4
      vertex 33.0555 31.8046 2.4
      vertex 32.0785 30.6141 0.849999
    endloop
  endfacet
  facet normal -0.203843 -0.679475 0.704813
    outer loop
      vertex 31.4935 30.9268 0.849999
      vertex 31.9415 32.4002 2.4
      vertex 31.9405 32.4005 2.4
    endloop
  endfacet
  facet normal -0.239083 -0.668326 0.7044
    outer loop
      vertex 31.9415 32.4002 2.4
      vertex 31.4935 30.9268 0.849999
      vertex 31.6506 30.8706 0.849999
    endloop
  endfacet
  facet normal -0.393494 -0.590242 0.704824
    outer loop
      vertex 32.7992 31.9946 2.4
      vertex 31.9445 30.7135 0.849999
      vertex 32.8001 31.994 2.4
    endloop
  endfacet
  facet normal -0.364997 -0.608754 0.704411
    outer loop
      vertex 31.9445 30.7135 0.849999
      vertex 32.7992 31.9946 2.4
      vertex 31.8014 30.7993 0.849999
    endloop
  endfacet
  facet normal -0.425943 -0.567924 0.704298
    outer loop
      vertex 31.9445 30.7135 0.849999
      vertex 32.8009 31.9934 2.4
      vertex 32.8001 31.994 2.4
    endloop
  endfacet
  facet normal -0.422885 -0.570086 0.704394
    outer loop
      vertex 32.8009 31.9934 2.4
      vertex 31.9445 30.7135 0.849999
      vertex 32.0785 30.6141 0.849999
    endloop
  endfacet
  facet normal -0.0643544 -0.707898 0.703376
    outer loop
      vertex 31 31 0.849999
      vertex 31.0011 32.54 2.4
      vertex 31 32.5401 2.4
    endloop
  endfacet
  facet normal -0.0348942 -0.708947 0.704398
    outer loop
      vertex 31.0011 32.54 2.4
      vertex 31 31 0.849999
      vertex 31.1666 30.9918 0.849999
    endloop
  endfacet
  facet normal -0.0347191 -0.708942 0.704411
    outer loop
      vertex 31.1666 30.9918 0.849999
      vertex 31.3176 32.5245 2.4
      vertex 31.0011 32.54 2.4
    endloop
  endfacet
  facet normal -0.534446 -0.46764 0.704046
    outer loop
      vertex 32.2021 30.5021 0.849999
      vertex 33.2918 31.5903 2.4
      vertex 33.2911 31.5911 2.4
    endloop
  endfacet
  facet normal -0.525982 -0.476618 0.704399
    outer loop
      vertex 33.2918 31.5903 2.4
      vertex 32.2021 30.5021 0.849999
      vertex 32.3141 30.3785 0.849999
    endloop
  endfacet
  facet normal -1 0 0
    outer loop
      vertex -37.4 -35.7 0
      vertex -37.4 35.7 2.4
      vertex -37.4 35.7 0
    endloop
  endfacet
  facet normal -1 -0 0
    outer loop
      vertex -37.4 35.7 2.4
      vertex -37.4 -35.7 0
      vertex -37.4 -35.7 2.4
    endloop
  endfacet
  facet normal 0 0 1
    outer loop
      vertex 28.0066 28.0601 2.4
      vertex -28.0066 28.0601 2.4
      vertex 28.007 28.0591 2.4
    endloop
  endfacet
  facet normal 0 0 1
    outer loop
      vertex 28.4954 -20.1445 2.4
      vertex -27.7755 -21.8835 2.4
      vertex -27.7599 -22.2 2.4
    endloop
  endfacet
  facet normal 0 0 1
    outer loop
      vertex 28.007 28.0591 2.4
      vertex -28.0066 28.0601 2.4
      vertex 28.1425 27.7726 2.4
    endloop
  endfacet
  facet normal 0 0 1
    outer loop
      vertex 28.4954 -20.1445 2.4
      vertex -27.7755 -21.8824 2.4
      vertex -27.7755 -21.8835 2.4
    endloop
  endfacet
  facet normal -0 0 1
    outer loop
      vertex -28.007 28.0591 2.4
      vertex 28.1425 27.7726 2.4
      vertex -28.0066 28.0601 2.4
    endloop
  endfacet
  facet normal 0 0 1
    outer loop
      vertex 28.4954 -20.1445 2.4
      vertex -27.7757 -21.8814 2.4
      vertex -27.7755 -21.8824 2.4
    endloop
  endfacet
  facet normal 0 0 1
    outer loop
      vertex -28.1425 27.7726 2.4
      vertex 28.1425 27.7726 2.4
      vertex -28.007 28.0591 2.4
    endloop
  endfacet
  facet normal 0 0 1
    outer loop
      vertex 28.4954 -20.1445 2.4
      vertex -27.8222 -21.5679 2.4
      vertex -27.7757 -21.8814 2.4
    endloop
  endfacet
  facet normal 0 0 1
    outer loop
      vertex 28.1425 27.7726 2.4
      vertex -28.1425 27.7726 2.4
      vertex 28.3054 27.5008 2.4
    endloop
  endfacet
  facet normal 0 0 1
    outer loop
      vertex 28.4954 -20.1445 2.4
      vertex -27.8992 -21.2605 2.4
      vertex -27.8222 -21.5679 2.4
    endloop
  endfacet
  facet normal 0 0 1
    outer loop
      vertex 28.3054 27.5008 2.4
      vertex -28.1425 27.7726 2.4
      vertex 28.306 27.4999 2.4
    endloop
  endfacet
  facet normal 0 0 1
    outer loop
      vertex 28.4954 -20.1445 2.4
      vertex -27.8995 -21.2595 2.4
      vertex -27.8992 -21.2605 2.4
    endloop
  endfacet
  facet normal -0 0 1
    outer loop
      vertex -28.3054 27.5008 2.4
      vertex 28.306 27.4999 2.4
      vertex -28.1425 27.7726 2.4
    endloop
  endfacet
  facet normal 0 0 1
    outer loop
      vertex 28.4954 -20.1445 2.4
      vertex -27.8998 -21.2585 2.4
      vertex -27.8995 -21.2595 2.4
    endloop
  endfacet
  facet normal 0 0 1
    outer loop
      vertex -28.306 27.4999 2.4
      vertex 28.306 27.4999 2.4
      vertex -28.3054 27.5008 2.4
    endloop
  endfacet
  facet normal 0 0 1
    outer loop
      vertex 28.4954 -20.1445 2.4
      vertex -28.0066 -20.9601 2.4
      vertex -27.8998 -21.2585 2.4
    endloop
  endfacet
  facet normal 0 0 1
    outer loop
      vertex 28.306 27.4999 2.4
      vertex -28.306 27.4999 2.4
      vertex 28.3066 27.4991 2.4
    endloop
  endfacet
  facet normal 0 0 1
    outer loop
      vertex 28.4954 -20.1445 2.4
      vertex -28.1421 -20.6736 2.4
      vertex -28.0066 -20.9601 2.4
    endloop
  endfacet
  facet normal 0 0 1
    outer loop
      vertex 28.3066 27.4991 2.4
      vertex -28.306 27.4999 2.4
      vertex 28.4954 27.2445 2.4
    endloop
  endfacet
  facet normal 0 0 1
    outer loop
      vertex 28.4954 -20.1445 2.4
      vertex -28.1425 -20.6726 2.4
      vertex -28.1421 -20.6736 2.4
    endloop
  endfacet
  facet normal -0 0 1
    outer loop
      vertex -28.3066 27.4991 2.4
      vertex 28.4954 27.2445 2.4
      vertex -28.306 27.4999 2.4
    endloop
  endfacet
  facet normal 0 0 1
    outer loop
      vertex 28.4954 -20.1445 2.4
      vertex -28.3054 -20.4008 2.4
      vertex -28.1425 -20.6726 2.4
    endloop
  endfacet
  facet normal 0 0 1
    outer loop
      vertex -28.4954 27.2445 2.4
      vertex 28.4954 27.2445 2.4
      vertex -28.3066 27.4991 2.4
    endloop
  endfacet
  facet normal 0 0 1
    outer loop
      vertex 28.4954 -20.1445 2.4
      vertex -28.306 -20.3999 2.4
      vertex -28.3054 -20.4008 2.4
    endloop
  endfacet
  facet normal 0 0 1
    outer loop
      vertex 28.4954 27.2445 2.4
      vertex -28.4954 27.2445 2.4
      vertex 28.4954 -20.1445 2.4
    endloop
  endfacet
  facet normal 0 0 1
    outer loop
      vertex 28.4954 -20.1445 2.4
      vertex -28.3066 -20.3991 2.4
      vertex -28.306 -20.3999 2.4
    endloop
  endfacet
  facet normal 0 0 1
    outer loop
      vertex -28.4954 -20.1445 2.4
      vertex 28.4954 -20.1445 2.4
      vertex -28.4954 27.2445 2.4
    endloop
  endfacet
  facet normal 0 0 1
    outer loop
      vertex 28.4954 -20.1445 2.4
      vertex -28.4954 -20.1445 2.4
      vertex -28.3066 -20.3991 2.4
    endloop
  endfacet
  facet normal -0 0 1
    outer loop
      vertex -28.7082 27.0097 2.4
      vertex -28.4954 -20.1445 2.4
      vertex -28.4954 27.2445 2.4
    endloop
  endfacet
  facet normal 0 0 1
    outer loop
      vertex -28.7082 27.0097 2.4
      vertex -28.7082 -19.9097 2.4
      vertex -28.4954 -20.1445 2.4
    endloop
  endfacet
  facet normal -0 0 1
    outer loop
      vertex -28.7089 27.0089 2.4
      vertex -28.7082 -19.9097 2.4
      vertex -28.7082 27.0097 2.4
    endloop
  endfacet
  facet normal 0 0 1
    outer loop
      vertex -28.7089 27.0089 2.4
      vertex -28.7089 -19.9089 2.4
      vertex -28.7082 -19.9097 2.4
    endloop
  endfacet
  facet normal -0 0 1
    outer loop
      vertex -28.7097 27.0082 2.4
      vertex -28.7089 -19.9089 2.4
      vertex -28.7089 27.0089 2.4
    endloop
  endfacet
  facet normal 0 0 1
    outer loop
      vertex -28.7097 27.0082 2.4
      vertex -28.7097 -19.9082 2.4
      vertex -28.7089 -19.9089 2.4
    endloop
  endfacet
  facet normal -0 0 1
    outer loop
      vertex -28.9445 26.7954 2.4
      vertex -28.7097 -19.9082 2.4
      vertex -28.7097 27.0082 2.4
    endloop
  endfacet
  facet normal 0 0 1
    outer loop
      vertex -28.9445 26.7954 2.4
      vertex -28.9445 -19.6954 2.4
      vertex -28.7097 -19.9082 2.4
    endloop
  endfacet
  facet normal -0 0 1
    outer loop
      vertex -29.1991 26.6066 2.4
      vertex -28.9445 -19.6954 2.4
      vertex -28.9445 26.7954 2.4
    endloop
  endfacet
  facet normal 0 0 1
    outer loop
      vertex -29.1991 26.6066 2.4
      vertex -29.1991 -19.5066 2.4
      vertex -28.9445 -19.6954 2.4
    endloop
  endfacet
  facet normal -0 0 1
    outer loop
      vertex -29.1999 26.606 2.4
      vertex -29.1991 -19.5066 2.4
      vertex -29.1991 26.6066 2.4
    endloop
  endfacet
  facet normal 0 0 1
    outer loop
      vertex -29.1999 26.606 2.4
      vertex -29.1999 -19.506 2.4
      vertex -29.1991 -19.5066 2.4
    endloop
  endfacet
  facet normal -0 0 1
    outer loop
      vertex -29.2008 26.6054 2.4
      vertex -29.1999 -19.506 2.4
      vertex -29.1999 26.606 2.4
    endloop
  endfacet
  facet normal 0 0 1
    outer loop
      vertex -29.2008 26.6054 2.4
      vertex -29.2008 -19.5054 2.4
      vertex -29.1999 -19.506 2.4
    endloop
  endfacet
  facet normal -0 0 1
    outer loop
      vertex -29.4726 26.4425 2.4
      vertex -29.2008 -19.5054 2.4
      vertex -29.2008 26.6054 2.4
    endloop
  endfacet
  facet normal 0 0 1
    outer loop
      vertex -29.4726 26.4425 2.4
      vertex -29.4726 -19.3425 2.4
      vertex -29.2008 -19.5054 2.4
    endloop
  endfacet
  facet normal -0 0 1
    outer loop
      vertex -29.7591 26.307 2.4
      vertex -29.4726 -19.3425 2.4
      vertex -29.4726 26.4425 2.4
    endloop
  endfacet
  facet normal 0 0 1
    outer loop
      vertex -29.7591 26.307 2.4
      vertex -29.7591 -19.207 2.4
      vertex -29.4726 -19.3425 2.4
    endloop
  endfacet
  facet normal -0 0 1
    outer loop
      vertex -29.7601 26.3066 2.4
      vertex -29.7591 -19.207 2.4
      vertex -29.7591 26.307 2.4
    endloop
  endfacet
  facet normal 0 0 1
    outer loop
      vertex -29.7601 26.3066 2.4
      vertex -29.7601 -19.2066 2.4
      vertex -29.7591 -19.207 2.4
    endloop
  endfacet
  facet normal -0 0 1
    outer loop
      vertex -29.7611 26.3062 2.4
      vertex -29.7601 -19.2066 2.4
      vertex -29.7601 26.3066 2.4
    endloop
  endfacet
  facet normal 0 0 1
    outer loop
      vertex -29.7611 26.3062 2.4
      vertex -30.0585 -19.0998 2.4
      vertex -29.7601 -19.2066 2.4
    endloop
  endfacet
  facet normal -0 0 1
    outer loop
      vertex -30.0595 26.1995 2.4
      vertex -30.0585 -19.0998 2.4
      vertex -29.7611 26.3062 2.4
    endloop
  endfacet
  facet normal 0 0 1
    outer loop
      vertex -30.0595 26.1995 2.4
      vertex -30.0595 -19.0995 2.4
      vertex -30.0585 -19.0998 2.4
    endloop
  endfacet
  facet normal 0 0 1
    outer loop
      vertex -30.0595 26.1995 2.4
      vertex -30.0605 -19.0992 2.4
      vertex -30.0595 -19.0995 2.4
    endloop
  endfacet
  facet normal -0 0 1
    outer loop
      vertex -30.3669 26.1225 2.4
      vertex -30.0605 -19.0992 2.4
      vertex -30.0595 26.1995 2.4
    endloop
  endfacet
  facet normal -0 0 1
    outer loop
      vertex -30.3679 26.1222 2.4
      vertex -30.0605 -19.0992 2.4
      vertex -30.3669 26.1225 2.4
    endloop
  endfacet
  facet normal 0 0 1
    outer loop
      vertex -30.3679 26.1222 2.4
      vertex -30.3679 -19.0222 2.4
      vertex -30.0605 -19.0992 2.4
    endloop
  endfacet
  facet normal 0 0 1
    outer loop
      vertex -30.3679 26.1222 2.4
      vertex -30.369 -19.022 2.4
      vertex -30.3679 -19.0222 2.4
    endloop
  endfacet
  facet normal -0 0 1
    outer loop
      vertex -30.6814 26.0757 2.4
      vertex -30.369 -19.022 2.4
      vertex -30.3679 26.1222 2.4
    endloop
  endfacet
  facet normal -0 0 1
    outer loop
      vertex -30.6824 26.0755 2.4
      vertex -30.369 -19.022 2.4
      vertex -30.6814 26.0757 2.4
    endloop
  endfacet
  facet normal 0 0 1
    outer loop
      vertex -30.6824 26.0755 2.4
      vertex -30.6824 -18.9755 2.4
      vertex -30.369 -19.022 2.4
    endloop
  endfacet
  facet normal -0 0 1
    outer loop
      vertex -30.6835 26.0755 2.4
      vertex -30.6824 -18.9755 2.4
      vertex -30.6824 26.0755 2.4
    endloop
  endfacet
  facet normal 0 0 1
    outer loop
      vertex -30.6835 26.0755 2.4
      vertex -30.9989 -18.96 2.4
      vertex -30.6824 -18.9755 2.4
    endloop
  endfacet
  facet normal -0 0 1
    outer loop
      vertex -31 26.0599 2.4
      vertex -30.9989 -18.96 2.4
      vertex -30.6835 26.0755 2.4
    endloop
  endfacet
  facet normal 0 0 1
    outer loop
      vertex -31 26.0599 2.4
      vertex -31 -18.9599 2.4
      vertex -30.9989 -18.96 2.4
    endloop
  endfacet
  facet normal 0 0 1
    outer loop
      vertex -31 26.0599 2.4
      vertex -31.0011 -18.96 2.4
      vertex -31 -18.9599 2.4
    endloop
  endfacet
  facet normal 0 0 1
    outer loop
      vertex -31.3165 26.0755 2.4
      vertex -31.0011 -18.96 2.4
      vertex -31 26.0599 2.4
    endloop
  endfacet
  facet normal -0 0 1
    outer loop
      vertex -31.3176 26.0755 2.4
      vertex -31.0011 -18.96 2.4
      vertex -31.3165 26.0755 2.4
    endloop
  endfacet
  facet normal 0 0 1
    outer loop
      vertex -31.3176 26.0755 2.4
      vertex -31.3176 -18.9755 2.4
      vertex -31.0011 -18.96 2.4
    endloop
  endfacet
  facet normal 0 0 1
    outer loop
      vertex -31.3186 26.0757 2.4
      vertex -31.3176 -18.9755 2.4
      vertex -31.3176 26.0755 2.4
    endloop
  endfacet
  facet normal 0 0 1
    outer loop
      vertex -31.3186 26.0757 2.4
      vertex -31.631 -19.022 2.4
      vertex -31.3176 -18.9755 2.4
    endloop
  endfacet
  facet normal 0 0 1
    outer loop
      vertex -31.6321 26.1222 2.4
      vertex -31.631 -19.022 2.4
      vertex -31.3186 26.0757 2.4
    endloop
  endfacet
  facet normal 0 0 1
    outer loop
      vertex -31.6321 26.1222 2.4
      vertex -31.6321 -19.0222 2.4
      vertex -31.631 -19.022 2.4
    endloop
  endfacet
  facet normal 0 0 1
    outer loop
      vertex -31.6331 26.1225 2.4
      vertex -31.6321 -19.0222 2.4
      vertex -31.6321 26.1222 2.4
    endloop
  endfacet
  facet normal 0 0 1
    outer loop
      vertex -31.6331 26.1225 2.4
      vertex -31.9395 -19.0992 2.4
      vertex -31.6321 -19.0222 2.4
    endloop
  endfacet
  facet normal 0 0 1
    outer loop
      vertex -31.9405 26.1995 2.4
      vertex -31.9395 -19.0992 2.4
      vertex -31.6331 26.1225 2.4
    endloop
  endfacet
  facet normal 0 0 1
    outer loop
      vertex -31.9405 26.1995 2.4
      vertex -31.9405 -19.0995 2.4
      vertex -31.9395 -19.0992 2.4
    endloop
  endfacet
  facet normal 0 0 1
    outer loop
      vertex -31.9405 26.1995 2.4
      vertex -31.9415 -19.0998 2.4
      vertex -31.9405 -19.0995 2.4
    endloop
  endfacet
  facet normal 0 0 1
    outer loop
      vertex -32.2389 26.3062 2.4
      vertex -31.9415 -19.0998 2.4
      vertex -31.9405 26.1995 2.4
    endloop
  endfacet
  facet normal 0 0 1
    outer loop
      vertex -32.2399 26.3066 2.4
      vertex -31.9415 -19.0998 2.4
      vertex -32.2389 26.3062 2.4
    endloop
  endfacet
  facet normal 0 0 1
    outer loop
      vertex -32.2399 26.3066 2.4
      vertex -32.2399 -19.2066 2.4
      vertex -31.9415 -19.0998 2.4
    endloop
  endfacet
  facet normal 0 0 1
    outer loop
      vertex -32.2409 26.307 2.4
      vertex -32.2399 -19.2066 2.4
      vertex -32.2399 26.3066 2.4
    endloop
  endfacet
  facet normal 0 0 1
    outer loop
      vertex -32.2409 26.307 2.4
      vertex -32.2409 -19.207 2.4
      vertex -32.2399 -19.2066 2.4
    endloop
  endfacet
  facet normal 0 0 1
    outer loop
      vertex -32.5274 26.4425 2.4
      vertex -32.2409 -19.207 2.4
      vertex -32.2409 26.307 2.4
    endloop
  endfacet
  facet normal 0 0 1
    outer loop
      vertex -32.5274 26.4425 2.4
      vertex -32.5274 -19.3425 2.4
      vertex -32.2409 -19.207 2.4
    endloop
  endfacet
  facet normal 0 0 1
    outer loop
      vertex -32.7992 26.6054 2.4
      vertex -32.5274 -19.3425 2.4
      vertex -32.5274 26.4425 2.4
    endloop
  endfacet
  facet normal 0 0 1
    outer loop
      vertex -32.7992 26.6054 2.4
      vertex -32.7992 -19.5054 2.4
      vertex -32.5274 -19.3425 2.4
    endloop
  endfacet
  facet normal 0 0 1
    outer loop
      vertex -32.8001 26.606 2.4
      vertex -32.7992 -19.5054 2.4
      vertex -32.7992 26.6054 2.4
    endloop
  endfacet
  facet normal 0 0 1
    outer loop
      vertex -32.8001 26.606 2.4
      vertex -32.8001 -19.506 2.4
      vertex -32.7992 -19.5054 2.4
    endloop
  endfacet
  facet normal 0 0 1
    outer loop
      vertex -32.8009 26.6066 2.4
      vertex -32.8001 -19.506 2.4
      vertex -32.8001 26.606 2.4
    endloop
  endfacet
  facet normal 0 0 1
    outer loop
      vertex -32.8009 26.6066 2.4
      vertex -32.8009 -19.5066 2.4
      vertex -32.8001 -19.506 2.4
    endloop
  endfacet
  facet normal 0 0 1
    outer loop
      vertex -33.0555 26.7954 2.4
      vertex -32.8009 -19.5066 2.4
      vertex -32.8009 26.6066 2.4
    endloop
  endfacet
  facet normal 0 0 1
    outer loop
      vertex -33.0555 26.7954 2.4
      vertex -33.0555 -19.6954 2.4
      vertex -32.8009 -19.5066 2.4
    endloop
  endfacet
  facet normal 0 0 1
    outer loop
      vertex -33.2903 27.0082 2.4
      vertex -33.0555 -19.6954 2.4
      vertex -33.0555 26.7954 2.4
    endloop
  endfacet
  facet normal 0 0 1
    outer loop
      vertex -33.2903 27.0082 2.4
      vertex -33.2903 -19.9082 2.4
      vertex -33.0555 -19.6954 2.4
    endloop
  endfacet
  facet normal 0 0 1
    outer loop
      vertex -33.2911 27.0089 2.4
      vertex -33.2903 -19.9082 2.4
      vertex -33.2903 27.0082 2.4
    endloop
  endfacet
  facet normal 0 0 1
    outer loop
      vertex -33.2911 27.0089 2.4
      vertex -33.2911 -19.9089 2.4
      vertex -33.2903 -19.9082 2.4
    endloop
  endfacet
  facet normal 0 0 1
    outer loop
      vertex -33.2918 27.0097 2.4
      vertex -33.2911 -19.9089 2.4
      vertex -33.2911 27.0089 2.4
    endloop
  endfacet
  facet normal 0 0 1
    outer loop
      vertex -33.2918 27.0097 2.4
      vertex -33.2918 -19.9097 2.4
      vertex -33.2911 -19.9089 2.4
    endloop
  endfacet
  facet normal 0 0 1
    outer loop
      vertex -33.5046 27.2445 2.4
      vertex -33.2918 -19.9097 2.4
      vertex -33.2918 27.0097 2.4
    endloop
  endfacet
  facet normal 0 0 1
    outer loop
      vertex -33.5046 27.2445 2.4
      vertex -33.5046 -20.1445 2.4
      vertex -33.2918 -19.9097 2.4
    endloop
  endfacet
  facet normal 0 0 1
    outer loop
      vertex -33.6934 27.4991 2.4
      vertex -33.5046 -20.1445 2.4
      vertex -33.5046 27.2445 2.4
    endloop
  endfacet
  facet normal 0 0 1
    outer loop
      vertex -33.6934 27.4991 2.4
      vertex -33.6934 -20.3991 2.4
      vertex -33.5046 -20.1445 2.4
    endloop
  endfacet
  facet normal 0 0 1
    outer loop
      vertex -33.694 27.4999 2.4
      vertex -33.6934 -20.3991 2.4
      vertex -33.6934 27.4991 2.4
    endloop
  endfacet
  facet normal 0 0 1
    outer loop
      vertex -33.694 27.4999 2.4
      vertex -33.694 -20.3999 2.4
      vertex -33.6934 -20.3991 2.4
    endloop
  endfacet
  facet normal 0 0 1
    outer loop
      vertex -33.6946 27.5008 2.4
      vertex -33.694 -20.3999 2.4
      vertex -33.694 27.4999 2.4
    endloop
  endfacet
  facet normal 0 0 1
    outer loop
      vertex -33.6946 27.5008 2.4
      vertex -33.6946 -20.4008 2.4
      vertex -33.694 -20.3999 2.4
    endloop
  endfacet
  facet normal 0 0 1
    outer loop
      vertex -33.8575 27.7726 2.4
      vertex -33.6946 -20.4008 2.4
      vertex -33.6946 27.5008 2.4
    endloop
  endfacet
  facet normal 0 0 1
    outer loop
      vertex -33.8575 27.7726 2.4
      vertex -33.8575 -20.6726 2.4
      vertex -33.6946 -20.4008 2.4
    endloop
  endfacet
  facet normal 0 0 1
    outer loop
      vertex -33.8575 27.7726 2.4
      vertex -33.8579 -20.6736 2.4
      vertex -33.8575 -20.6726 2.4
    endloop
  endfacet
  facet normal 0 0 1
    outer loop
      vertex -33.993 28.0591 2.4
      vertex -33.8579 -20.6736 2.4
      vertex -33.8575 27.7726 2.4
    endloop
  endfacet
  facet normal 0 0 1
    outer loop
      vertex -33.9934 28.0601 2.4
      vertex -33.8579 -20.6736 2.4
      vertex -33.993 28.0591 2.4
    endloop
  endfacet
  facet normal 0 0 1
    outer loop
      vertex -33.9934 28.0601 2.4
      vertex -33.9934 -20.9601 2.4
      vertex -33.8579 -20.6736 2.4
    endloop
  endfacet
  facet normal 0 0 1
    outer loop
      vertex -37.4 35.7 2.4
      vertex -33.9934 28.0601 2.4
      vertex -34.1002 28.3585 2.4
    endloop
  endfacet
  facet normal 0 0 1
    outer loop
      vertex -33.9934 28.0601 2.4
      vertex -37.4 35.7 2.4
      vertex -33.9934 -20.9601 2.4
    endloop
  endfacet
  facet normal 0 0 1
    outer loop
      vertex -37.4 35.7 2.4
      vertex -34.1002 28.3585 2.4
      vertex -34.1005 28.3595 2.4
    endloop
  endfacet
  facet normal 0 0 1
    outer loop
      vertex -33.9934 -20.9601 2.4
      vertex -37.4 35.7 2.4
      vertex -34.1002 -21.2585 2.4
    endloop
  endfacet
  facet normal 0 0 1
    outer loop
      vertex -37.4 35.7 2.4
      vertex -34.1005 28.3595 2.4
      vertex -34.1008 28.3605 2.4
    endloop
  endfacet
  facet normal 0 0 1
    outer loop
      vertex -34.1002 -21.2585 2.4
      vertex -37.4 35.7 2.4
      vertex -34.1005 -21.2595 2.4
    endloop
  endfacet
  facet normal 0 0 1
    outer loop
      vertex -37.4 35.7 2.4
      vertex -34.1008 28.3605 2.4
      vertex -34.1778 28.6679 2.4
    endloop
  endfacet
  facet normal 0 0 1
    outer loop
      vertex -34.1005 -21.2595 2.4
      vertex -37.4 35.7 2.4
      vertex -34.1008 -21.2605 2.4
    endloop
  endfacet
  facet normal 0 0 1
    outer loop
      vertex -37.4 35.7 2.4
      vertex -34.1778 28.6679 2.4
      vertex -34.2243 28.9814 2.4
    endloop
  endfacet
  facet normal 0 0 1
    outer loop
      vertex -34.1008 -21.2605 2.4
      vertex -37.4 35.7 2.4
      vertex -34.1778 -21.5679 2.4
    endloop
  endfacet
  facet normal 0 0 1
    outer loop
      vertex -37.4 35.7 2.4
      vertex -34.2243 28.9814 2.4
      vertex -34.2245 28.9824 2.4
    endloop
  endfacet
  facet normal 0 0 1
    outer loop
      vertex -37.4 -35.7 2.4
      vertex -34.1778 -21.5679 2.4
      vertex -37.4 35.7 2.4
    endloop
  endfacet
  facet normal 0 0 1
    outer loop
      vertex -37.4 35.7 2.4
      vertex -34.2245 28.9824 2.4
      vertex -34.2245 28.9835 2.4
    endloop
  endfacet
  facet normal 0 0 1
    outer loop
      vertex -34.1778 -21.5679 2.4
      vertex -37.4 -35.7 2.4
      vertex -34.2243 -21.8814 2.4
    endloop
  endfacet
  facet normal 0 0 1
    outer loop
      vertex -37.4 35.7 2.4
      vertex -34.2245 28.9835 2.4
      vertex -34.2401 29.3 2.4
    endloop
  endfacet
  facet normal 0 0 1
    outer loop
      vertex -34.2243 -21.8814 2.4
      vertex -37.4 -35.7 2.4
      vertex -34.2245 -21.8824 2.4
    endloop
  endfacet
  facet normal 0 0 1
    outer loop
      vertex 34.2245 28.9824 2.4
      vertex 37.4 35.7 2.4
      vertex 34.2245 28.9835 2.4
    endloop
  endfacet
  facet normal 0 0 1
    outer loop
      vertex 37.4 35.7 2.4
      vertex 34.2245 -21.8835 2.4
      vertex 34.2401 -22.2 2.4
    endloop
  endfacet
  facet normal 0 0 1
    outer loop
      vertex 34.2243 28.9814 2.4
      vertex 37.4 35.7 2.4
      vertex 34.2245 28.9824 2.4
    endloop
  endfacet
  facet normal 0 0 1
    outer loop
      vertex 37.4 35.7 2.4
      vertex 34.2245 -21.8824 2.4
      vertex 34.2245 -21.8835 2.4
    endloop
  endfacet
  facet normal 0 0 1
    outer loop
      vertex 34.1778 28.6679 2.4
      vertex 37.4 35.7 2.4
      vertex 34.2243 28.9814 2.4
    endloop
  endfacet
  facet normal 0 0 1
    outer loop
      vertex 37.4 35.7 2.4
      vertex 34.2243 -21.8814 2.4
      vertex 34.2245 -21.8824 2.4
    endloop
  endfacet
  facet normal 0 0 1
    outer loop
      vertex 34.1008 28.3605 2.4
      vertex 37.4 35.7 2.4
      vertex 34.1778 28.6679 2.4
    endloop
  endfacet
  facet normal 0 0 1
    outer loop
      vertex 37.4 35.7 2.4
      vertex 34.1778 -21.5679 2.4
      vertex 34.2243 -21.8814 2.4
    endloop
  endfacet
  facet normal 0 0 1
    outer loop
      vertex 34.1005 28.3595 2.4
      vertex 37.4 35.7 2.4
      vertex 34.1008 28.3605 2.4
    endloop
  endfacet
  facet normal 0 0 1
    outer loop
      vertex 37.4 35.7 2.4
      vertex 34.1008 -21.2605 2.4
      vertex 34.1778 -21.5679 2.4
    endloop
  endfacet
  facet normal 0 0 1
    outer loop
      vertex 34.1002 28.3585 2.4
      vertex 37.4 35.7 2.4
      vertex 34.1005 28.3595 2.4
    endloop
  endfacet
  facet normal 0 0 1
    outer loop
      vertex 37.4 35.7 2.4
      vertex 34.1005 -21.2595 2.4
      vertex 34.1008 -21.2605 2.4
    endloop
  endfacet
  facet normal 0 0 1
    outer loop
      vertex 33.9934 28.0601 2.4
      vertex 37.4 35.7 2.4
      vertex 34.1002 28.3585 2.4
    endloop
  endfacet
  facet normal 0 0 1
    outer loop
      vertex 37.4 35.7 2.4
      vertex 34.1002 -21.2585 2.4
      vertex 34.1005 -21.2595 2.4
    endloop
  endfacet
  facet normal 0 0 1
    outer loop
      vertex 33.9934 -20.9601 2.4
      vertex 37.4 35.7 2.4
      vertex 33.9934 28.0601 2.4
    endloop
  endfacet
  facet normal 0 0 1
    outer loop
      vertex 37.4 35.7 2.4
      vertex 33.9934 -20.9601 2.4
      vertex 34.1002 -21.2585 2.4
    endloop
  endfacet
  facet normal -0 0 1
    outer loop
      vertex 33.993 28.0591 2.4
      vertex 33.9934 -20.9601 2.4
      vertex 33.9934 28.0601 2.4
    endloop
  endfacet
  facet normal 0 0 1
    outer loop
      vertex 33.993 28.0591 2.4
      vertex 33.8579 -20.6736 2.4
      vertex 33.9934 -20.9601 2.4
    endloop
  endfacet
  facet normal -0 0 1
    outer loop
      vertex 33.8575 27.7726 2.4
      vertex 33.8579 -20.6736 2.4
      vertex 33.993 28.0591 2.4
    endloop
  endfacet
  facet normal 0 0 1
    outer loop
      vertex 33.8575 27.7726 2.4
      vertex 33.8575 -20.6726 2.4
      vertex 33.8579 -20.6736 2.4
    endloop
  endfacet
  facet normal -0 0 1
    outer loop
      vertex 33.6946 27.5008 2.4
      vertex 33.8575 -20.6726 2.4
      vertex 33.8575 27.7726 2.4
    endloop
  endfacet
  facet normal 0 0 1
    outer loop
      vertex 33.6946 27.5008 2.4
      vertex 33.6946 -20.4008 2.4
      vertex 33.8575 -20.6726 2.4
    endloop
  endfacet
  facet normal -0 0 1
    outer loop
      vertex 33.694 27.4999 2.4
      vertex 33.6946 -20.4008 2.4
      vertex 33.6946 27.5008 2.4
    endloop
  endfacet
  facet normal 0 0 1
    outer loop
      vertex 33.694 27.4999 2.4
      vertex 33.694 -20.3999 2.4
      vertex 33.6946 -20.4008 2.4
    endloop
  endfacet
  facet normal -0 0 1
    outer loop
      vertex 33.6934 27.4991 2.4
      vertex 33.694 -20.3999 2.4
      vertex 33.694 27.4999 2.4
    endloop
  endfacet
  facet normal 0 0 1
    outer loop
      vertex 33.6934 27.4991 2.4
      vertex 33.6934 -20.3991 2.4
      vertex 33.694 -20.3999 2.4
    endloop
  endfacet
  facet normal -0 0 1
    outer loop
      vertex 33.5046 27.2445 2.4
      vertex 33.6934 -20.3991 2.4
      vertex 33.6934 27.4991 2.4
    endloop
  endfacet
  facet normal 0 0 1
    outer loop
      vertex 33.5046 27.2445 2.4
      vertex 33.5046 -20.1445 2.4
      vertex 33.6934 -20.3991 2.4
    endloop
  endfacet
  facet normal -0 0 1
    outer loop
      vertex 33.2918 27.0097 2.4
      vertex 33.5046 -20.1445 2.4
      vertex 33.5046 27.2445 2.4
    endloop
  endfacet
  facet normal 0 0 1
    outer loop
      vertex 33.2918 27.0097 2.4
      vertex 33.2918 -19.9097 2.4
      vertex 33.5046 -20.1445 2.4
    endloop
  endfacet
  facet normal -0 0 1
    outer loop
      vertex 33.2911 27.0089 2.4
      vertex 33.2918 -19.9097 2.4
      vertex 33.2918 27.0097 2.4
    endloop
  endfacet
  facet normal 0 0 1
    outer loop
      vertex 33.2911 27.0089 2.4
      vertex 33.2911 -19.9089 2.4
      vertex 33.2918 -19.9097 2.4
    endloop
  endfacet
  facet normal -0 0 1
    outer loop
      vertex 33.2903 27.0082 2.4
      vertex 33.2911 -19.9089 2.4
      vertex 33.2911 27.0089 2.4
    endloop
  endfacet
  facet normal 0 0 1
    outer loop
      vertex 33.2903 27.0082 2.4
      vertex 33.2903 -19.9082 2.4
      vertex 33.2911 -19.9089 2.4
    endloop
  endfacet
  facet normal -0 0 1
    outer loop
      vertex 33.0555 26.7954 2.4
      vertex 33.2903 -19.9082 2.4
      vertex 33.2903 27.0082 2.4
    endloop
  endfacet
  facet normal 0 0 1
    outer loop
      vertex 33.0555 26.7954 2.4
      vertex 33.0555 -19.6954 2.4
      vertex 33.2903 -19.9082 2.4
    endloop
  endfacet
  facet normal -0 0 1
    outer loop
      vertex 32.8009 26.6066 2.4
      vertex 33.0555 -19.6954 2.4
      vertex 33.0555 26.7954 2.4
    endloop
  endfacet
  facet normal 0 0 1
    outer loop
      vertex 32.8009 26.6066 2.4
      vertex 32.8009 -19.5066 2.4
      vertex 33.0555 -19.6954 2.4
    endloop
  endfacet
  facet normal -0 0 1
    outer loop
      vertex 32.8001 26.606 2.4
      vertex 32.8009 -19.5066 2.4
      vertex 32.8009 26.6066 2.4
    endloop
  endfacet
  facet normal 0 0 1
    outer loop
      vertex 32.8001 26.606 2.4
      vertex 32.8001 -19.506 2.4
      vertex 32.8009 -19.5066 2.4
    endloop
  endfacet
  facet normal -0 0 1
    outer loop
      vertex 32.7992 26.6054 2.4
      vertex 32.8001 -19.506 2.4
      vertex 32.8001 26.606 2.4
    endloop
  endfacet
  facet normal 0 0 1
    outer loop
      vertex 32.7992 26.6054 2.4
      vertex 32.7992 -19.5054 2.4
      vertex 32.8001 -19.506 2.4
    endloop
  endfacet
  facet normal -0 0 1
    outer loop
      vertex 32.5274 26.4425 2.4
      vertex 32.7992 -19.5054 2.4
      vertex 32.7992 26.6054 2.4
    endloop
  endfacet
  facet normal 0 0 1
    outer loop
      vertex 32.5274 26.4425 2.4
      vertex 32.5274 -19.3425 2.4
      vertex 32.7992 -19.5054 2.4
    endloop
  endfacet
  facet normal -0 0 1
    outer loop
      vertex 32.2409 26.307 2.4
      vertex 32.5274 -19.3425 2.4
      vertex 32.5274 26.4425 2.4
    endloop
  endfacet
  facet normal 0 0 1
    outer loop
      vertex 32.2409 26.307 2.4
      vertex 32.2409 -19.207 2.4
      vertex 32.5274 -19.3425 2.4
    endloop
  endfacet
  facet normal -0 0 1
    outer loop
      vertex 32.2399 26.3066 2.4
      vertex 32.2409 -19.207 2.4
      vertex 32.2409 26.307 2.4
    endloop
  endfacet
  facet normal 0 0 1
    outer loop
      vertex 32.2399 26.3066 2.4
      vertex 32.2399 -19.2066 2.4
      vertex 32.2409 -19.207 2.4
    endloop
  endfacet
  facet normal -0 0 1
    outer loop
      vertex 32.2389 26.3062 2.4
      vertex 32.2399 -19.2066 2.4
      vertex 32.2399 26.3066 2.4
    endloop
  endfacet
  facet normal 0 0 1
    outer loop
      vertex 32.2389 26.3062 2.4
      vertex 31.9415 -19.0998 2.4
      vertex 32.2399 -19.2066 2.4
    endloop
  endfacet
  facet normal -0 0 1
    outer loop
      vertex 31.9405 26.1995 2.4
      vertex 31.9415 -19.0998 2.4
      vertex 32.2389 26.3062 2.4
    endloop
  endfacet
  facet normal 0 0 1
    outer loop
      vertex 31.9405 26.1995 2.4
      vertex 31.9405 -19.0995 2.4
      vertex 31.9415 -19.0998 2.4
    endloop
  endfacet
  facet normal 0 0 1
    outer loop
      vertex 31.9405 26.1995 2.4
      vertex 31.9395 -19.0992 2.4
      vertex 31.9405 -19.0995 2.4
    endloop
  endfacet
  facet normal -0 0 1
    outer loop
      vertex 31.6331 26.1225 2.4
      vertex 31.9395 -19.0992 2.4
      vertex 31.9405 26.1995 2.4
    endloop
  endfacet
  facet normal -0 0 1
    outer loop
      vertex 31.6321 26.1222 2.4
      vertex 31.9395 -19.0992 2.4
      vertex 31.6331 26.1225 2.4
    endloop
  endfacet
  facet normal 0 0 1
    outer loop
      vertex 31.6321 26.1222 2.4
      vertex 31.6321 -19.0222 2.4
      vertex 31.9395 -19.0992 2.4
    endloop
  endfacet
  facet normal 0 0 1
    outer loop
      vertex 31.6321 26.1222 2.4
      vertex 31.631 -19.022 2.4
      vertex 31.6321 -19.0222 2.4
    endloop
  endfacet
  facet normal -0 0 1
    outer loop
      vertex 31.3186 26.0757 2.4
      vertex 31.631 -19.022 2.4
      vertex 31.6321 26.1222 2.4
    endloop
  endfacet
  facet normal -0 0 1
    outer loop
      vertex 31.3176 26.0755 2.4
      vertex 31.631 -19.022 2.4
      vertex 31.3186 26.0757 2.4
    endloop
  endfacet
  facet normal 0 0 1
    outer loop
      vertex 31.3176 26.0755 2.4
      vertex 31.3176 -18.9755 2.4
      vertex 31.631 -19.022 2.4
    endloop
  endfacet
  facet normal -0 0 1
    outer loop
      vertex 31.3165 26.0755 2.4
      vertex 31.3176 -18.9755 2.4
      vertex 31.3176 26.0755 2.4
    endloop
  endfacet
  facet normal 0 0 1
    outer loop
      vertex 31.3165 26.0755 2.4
      vertex 31.0011 -18.96 2.4
      vertex 31.3176 -18.9755 2.4
    endloop
  endfacet
  facet normal -0 0 1
    outer loop
      vertex 31 26.0599 2.4
      vertex 31.0011 -18.96 2.4
      vertex 31.3165 26.0755 2.4
    endloop
  endfacet
  facet normal 0 0 1
    outer loop
      vertex 31 26.0599 2.4
      vertex 31 -18.9599 2.4
      vertex 31.0011 -18.96 2.4
    endloop
  endfacet
  facet normal 0 0 1
    outer loop
      vertex 31 26.0599 2.4
      vertex 30.9989 -18.96 2.4
      vertex 31 -18.9599 2.4
    endloop
  endfacet
  facet normal 0 0 1
    outer loop
      vertex 30.6835 26.0755 2.4
      vertex 30.9989 -18.96 2.4
      vertex 31 26.0599 2.4
    endloop
  endfacet
  facet normal -0 0 1
    outer loop
      vertex 30.6824 26.0755 2.4
      vertex 30.9989 -18.96 2.4
      vertex 30.6835 26.0755 2.4
    endloop
  endfacet
  facet normal 0 0 1
    outer loop
      vertex 30.6824 26.0755 2.4
      vertex 30.6824 -18.9755 2.4
      vertex 30.9989 -18.96 2.4
    endloop
  endfacet
  facet normal 0 0 1
    outer loop
      vertex 30.6814 26.0757 2.4
      vertex 30.6824 -18.9755 2.4
      vertex 30.6824 26.0755 2.4
    endloop
  endfacet
  facet normal 0 0 1
    outer loop
      vertex 30.6814 26.0757 2.4
      vertex 30.369 -19.022 2.4
      vertex 30.6824 -18.9755 2.4
    endloop
  endfacet
  facet normal 0 0 1
    outer loop
      vertex 30.3679 26.1222 2.4
      vertex 30.369 -19.022 2.4
      vertex 30.6814 26.0757 2.4
    endloop
  endfacet
  facet normal 0 0 1
    outer loop
      vertex 30.3679 26.1222 2.4
      vertex 30.3679 -19.0222 2.4
      vertex 30.369 -19.022 2.4
    endloop
  endfacet
  facet normal 0 0 1
    outer loop
      vertex 30.3669 26.1225 2.4
      vertex 30.3679 -19.0222 2.4
      vertex 30.3679 26.1222 2.4
    endloop
  endfacet
  facet normal 0 0 1
    outer loop
      vertex 30.3669 26.1225 2.4
      vertex 30.0605 -19.0992 2.4
      vertex 30.3679 -19.0222 2.4
    endloop
  endfacet
  facet normal 0 0 1
    outer loop
      vertex 30.0595 26.1995 2.4
      vertex 30.0605 -19.0992 2.4
      vertex 30.3669 26.1225 2.4
    endloop
  endfacet
  facet normal 0 0 1
    outer loop
      vertex 30.0595 26.1995 2.4
      vertex 30.0595 -19.0995 2.4
      vertex 30.0605 -19.0992 2.4
    endloop
  endfacet
  facet normal 0 0 1
    outer loop
      vertex 30.0595 26.1995 2.4
      vertex 30.0585 -19.0998 2.4
      vertex 30.0595 -19.0995 2.4
    endloop
  endfacet
  facet normal 0 0 1
    outer loop
      vertex 29.7611 26.3062 2.4
      vertex 30.0585 -19.0998 2.4
      vertex 30.0595 26.1995 2.4
    endloop
  endfacet
  facet normal 0 0 1
    outer loop
      vertex 29.7601 26.3066 2.4
      vertex 30.0585 -19.0998 2.4
      vertex 29.7611 26.3062 2.4
    endloop
  endfacet
  facet normal 0 0 1
    outer loop
      vertex 29.7601 26.3066 2.4
      vertex 29.7601 -19.2066 2.4
      vertex 30.0585 -19.0998 2.4
    endloop
  endfacet
  facet normal 0 0 1
    outer loop
      vertex 29.7591 26.307 2.4
      vertex 29.7601 -19.2066 2.4
      vertex 29.7601 26.3066 2.4
    endloop
  endfacet
  facet normal 0 0 1
    outer loop
      vertex 29.7591 26.307 2.4
      vertex 29.7591 -19.207 2.4
      vertex 29.7601 -19.2066 2.4
    endloop
  endfacet
  facet normal 0 0 1
    outer loop
      vertex 29.4726 26.4425 2.4
      vertex 29.7591 -19.207 2.4
      vertex 29.7591 26.307 2.4
    endloop
  endfacet
  facet normal 0 0 1
    outer loop
      vertex 29.4726 26.4425 2.4
      vertex 29.4726 -19.3425 2.4
      vertex 29.7591 -19.207 2.4
    endloop
  endfacet
  facet normal 0 0 1
    outer loop
      vertex 29.2008 26.6054 2.4
      vertex 29.4726 -19.3425 2.4
      vertex 29.4726 26.4425 2.4
    endloop
  endfacet
  facet normal 0 0 1
    outer loop
      vertex 29.2008 26.6054 2.4
      vertex 29.2008 -19.5054 2.4
      vertex 29.4726 -19.3425 2.4
    endloop
  endfacet
  facet normal 0 0 1
    outer loop
      vertex 29.1999 26.606 2.4
      vertex 29.2008 -19.5054 2.4
      vertex 29.2008 26.6054 2.4
    endloop
  endfacet
  facet normal 0 0 1
    outer loop
      vertex 29.1999 26.606 2.4
      vertex 29.1999 -19.506 2.4
      vertex 29.2008 -19.5054 2.4
    endloop
  endfacet
  facet normal 0 0 1
    outer loop
      vertex 29.1991 26.6066 2.4
      vertex 29.1999 -19.506 2.4
      vertex 29.1999 26.606 2.4
    endloop
  endfacet
  facet normal 0 0 1
    outer loop
      vertex 29.1991 26.6066 2.4
      vertex 29.1991 -19.5066 2.4
      vertex 29.1999 -19.506 2.4
    endloop
  endfacet
  facet normal 0 0 1
    outer loop
      vertex 28.9445 26.7954 2.4
      vertex 29.1991 -19.5066 2.4
      vertex 29.1991 26.6066 2.4
    endloop
  endfacet
  facet normal 0 0 1
    outer loop
      vertex 28.9445 26.7954 2.4
      vertex 28.9445 -19.6954 2.4
      vertex 29.1991 -19.5066 2.4
    endloop
  endfacet
  facet normal 0 0 1
    outer loop
      vertex 28.7097 27.0082 2.4
      vertex 28.9445 -19.6954 2.4
      vertex 28.9445 26.7954 2.4
    endloop
  endfacet
  facet normal 0 0 1
    outer loop
      vertex 28.7097 27.0082 2.4
      vertex 28.7097 -19.9082 2.4
      vertex 28.9445 -19.6954 2.4
    endloop
  endfacet
  facet normal 0 0 1
    outer loop
      vertex 28.7089 27.0089 2.4
      vertex 28.7097 -19.9082 2.4
      vertex 28.7097 27.0082 2.4
    endloop
  endfacet
  facet normal 0 0 1
    outer loop
      vertex 28.7089 27.0089 2.4
      vertex 28.7089 -19.9089 2.4
      vertex 28.7097 -19.9082 2.4
    endloop
  endfacet
  facet normal 0 0 1
    outer loop
      vertex 28.7082 27.0097 2.4
      vertex 28.7089 -19.9089 2.4
      vertex 28.7089 27.0089 2.4
    endloop
  endfacet
  facet normal 0 0 1
    outer loop
      vertex 28.7082 27.0097 2.4
      vertex 28.7082 -19.9097 2.4
      vertex 28.7089 -19.9089 2.4
    endloop
  endfacet
  facet normal 0 0 1
    outer loop
      vertex 28.4954 27.2445 2.4
      vertex 28.7082 -19.9097 2.4
      vertex 28.7082 27.0097 2.4
    endloop
  endfacet
  facet normal 0 0 1
    outer loop
      vertex 28.4954 27.2445 2.4
      vertex 28.4954 -20.1445 2.4
      vertex 28.7082 -19.9097 2.4
    endloop
  endfacet
  facet normal 0 0 1
    outer loop
      vertex 27.8998 28.3585 2.4
      vertex -27.8995 28.3595 2.4
      vertex 28.0066 28.0601 2.4
    endloop
  endfacet
  facet normal -0 0 1
    outer loop
      vertex -27.8998 28.3585 2.4
      vertex 28.0066 28.0601 2.4
      vertex -27.8995 28.3595 2.4
    endloop
  endfacet
  facet normal 0 0 1
    outer loop
      vertex 27.8995 28.3595 2.4
      vertex -27.8995 28.3595 2.4
      vertex 27.8998 28.3585 2.4
    endloop
  endfacet
  facet normal 0 0 1
    outer loop
      vertex -28.0066 28.0601 2.4
      vertex 28.0066 28.0601 2.4
      vertex -27.8998 28.3585 2.4
    endloop
  endfacet
  facet normal 0 0 1
    outer loop
      vertex -27.8995 28.3595 2.4
      vertex 27.8995 28.3595 2.4
      vertex -27.8992 28.3605 2.4
    endloop
  endfacet
  facet normal 0 0 1
    outer loop
      vertex 28.4954 -20.1445 2.4
      vertex -27.7599 -22.2 2.4
      vertex 28.3066 -20.3991 2.4
    endloop
  endfacet
  facet normal -0 0 1
    outer loop
      vertex -27.8992 28.3605 2.4
      vertex 27.8995 28.3595 2.4
      vertex -27.8222 28.6679 2.4
    endloop
  endfacet
  facet normal 0 0 1
    outer loop
      vertex 28.3066 -20.3991 2.4
      vertex -27.7599 -22.2 2.4
      vertex 28.306 -20.3999 2.4
    endloop
  endfacet
  facet normal 0 0 1
    outer loop
      vertex 28.306 -20.3999 2.4
      vertex -27.7599 -22.2 2.4
      vertex 28.3054 -20.4008 2.4
    endloop
  endfacet
  facet normal 0 0 1
    outer loop
      vertex 27.8992 28.3605 2.4
      vertex -27.8222 28.6679 2.4
      vertex 27.8995 28.3595 2.4
    endloop
  endfacet
  facet normal 0 0 1
    outer loop
      vertex 27.8222 28.6679 2.4
      vertex -27.8222 28.6679 2.4
      vertex 27.8992 28.3605 2.4
    endloop
  endfacet
  facet normal 0 0 1
    outer loop
      vertex 28.3054 -20.4008 2.4
      vertex -27.7599 -22.2 2.4
      vertex 28.1425 -20.6726 2.4
    endloop
  endfacet
  facet normal 0 0 1
    outer loop
      vertex -27.8222 28.6679 2.4
      vertex 27.8222 28.6679 2.4
      vertex -27.7757 28.9814 2.4
    endloop
  endfacet
  facet normal 0 0 1
    outer loop
      vertex 28.1425 -20.6726 2.4
      vertex -27.7599 -22.2 2.4
      vertex 28.1421 -20.6736 2.4
    endloop
  endfacet
  facet normal -0 0 1
    outer loop
      vertex -27.7757 28.9814 2.4
      vertex 27.8222 28.6679 2.4
      vertex -27.7755 28.9824 2.4
    endloop
  endfacet
  facet normal 0 0 1
    outer loop
      vertex 28.1421 -20.6736 2.4
      vertex -27.7599 -22.2 2.4
      vertex 28.0066 -20.9601 2.4
    endloop
  endfacet
  facet normal 0 0 1
    outer loop
      vertex 27.7757 28.9814 2.4
      vertex -27.7755 28.9824 2.4
      vertex 27.8222 28.6679 2.4
    endloop
  endfacet
  facet normal 0 0 1
    outer loop
      vertex 28.0066 -20.9601 2.4
      vertex -27.7599 -22.2 2.4
      vertex 27.8998 -21.2585 2.4
    endloop
  endfacet
  facet normal 0 0 1
    outer loop
      vertex 27.7755 28.9824 2.4
      vertex -27.7755 28.9824 2.4
      vertex 27.7757 28.9814 2.4
    endloop
  endfacet
  facet normal 0 0 1
    outer loop
      vertex 27.8998 -21.2585 2.4
      vertex -27.7599 -22.2 2.4
      vertex 27.8995 -21.2595 2.4
    endloop
  endfacet
  facet normal 0 0 1
    outer loop
      vertex -27.7755 28.9824 2.4
      vertex 27.7755 28.9824 2.4
      vertex -27.7755 28.9835 2.4
    endloop
  endfacet
  facet normal 0 0 1
    outer loop
      vertex 27.8995 -21.2595 2.4
      vertex -27.7599 -22.2 2.4
      vertex 27.8992 -21.2605 2.4
    endloop
  endfacet
  facet normal -0 0 1
    outer loop
      vertex -27.7755 28.9835 2.4
      vertex 27.7755 28.9824 2.4
      vertex -27.7599 29.3 2.4
    endloop
  endfacet
  facet normal 0 0 1
    outer loop
      vertex 27.8992 -21.2605 2.4
      vertex -27.7599 -22.2 2.4
      vertex 27.8222 -21.5679 2.4
    endloop
  endfacet
  facet normal 0 0 1
    outer loop
      vertex -27.7599 29.3 2.4
      vertex 27.7755 28.9824 2.4
      vertex 27.7755 28.9835 2.4
    endloop
  endfacet
  facet normal 0 0 1
    outer loop
      vertex 27.8222 -21.5679 2.4
      vertex -27.7599 -22.2 2.4
      vertex 27.7757 -21.8814 2.4
    endloop
  endfacet
  facet normal -0 0 1
    outer loop
      vertex -27.7599 29.3 2.4
      vertex 27.7755 28.9835 2.4
      vertex 27.7599 29.3 2.4
    endloop
  endfacet
  facet normal 0 0 1
    outer loop
      vertex 27.7757 -21.8814 2.4
      vertex -27.7599 -22.2 2.4
      vertex 27.7755 -21.8824 2.4
    endloop
  endfacet
  facet normal 0 0 1
    outer loop
      vertex 34.2245 28.9835 2.4
      vertex 37.4 35.7 2.4
      vertex 34.2401 29.3 2.4
    endloop
  endfacet
  facet normal 0 0 1
    outer loop
      vertex 37.4 35.7 2.4
      vertex 34.2245 29.6165 2.4
      vertex 34.2401 29.3 2.4
    endloop
  endfacet
  facet normal 0 0 1
    outer loop
      vertex 37.4 35.7 2.4
      vertex 34.2245 29.6176 2.4
      vertex 34.2245 29.6165 2.4
    endloop
  endfacet
  facet normal 0 0 1
    outer loop
      vertex 37.4 35.7 2.4
      vertex 34.2243 29.6186 2.4
      vertex 34.2245 29.6176 2.4
    endloop
  endfacet
  facet normal 0 0 1
    outer loop
      vertex 37.4 35.7 2.4
      vertex 34.1778 29.9321 2.4
      vertex 34.2243 29.6186 2.4
    endloop
  endfacet
  facet normal 0 0 1
    outer loop
      vertex 37.4 35.7 2.4
      vertex 34.1008 30.2395 2.4
      vertex 34.1778 29.9321 2.4
    endloop
  endfacet
  facet normal 0 0 1
    outer loop
      vertex 37.4 35.7 2.4
      vertex 34.1005 30.2405 2.4
      vertex 34.1008 30.2395 2.4
    endloop
  endfacet
  facet normal 0 0 1
    outer loop
      vertex 37.4 35.7 2.4
      vertex 34.1002 30.2415 2.4
      vertex 34.1005 30.2405 2.4
    endloop
  endfacet
  facet normal 0 0 1
    outer loop
      vertex 37.4 35.7 2.4
      vertex 33.9934 30.5399 2.4
      vertex 34.1002 30.2415 2.4
    endloop
  endfacet
  facet normal 0 0 1
    outer loop
      vertex 37.4 35.7 2.4
      vertex 33.8579 30.8264 2.4
      vertex 33.9934 30.5399 2.4
    endloop
  endfacet
  facet normal 0 0 1
    outer loop
      vertex 37.4 35.7 2.4
      vertex 33.8575 30.8274 2.4
      vertex 33.8579 30.8264 2.4
    endloop
  endfacet
  facet normal 0 0 1
    outer loop
      vertex 37.4 35.7 2.4
      vertex 33.6946 31.0992 2.4
      vertex 33.8575 30.8274 2.4
    endloop
  endfacet
  facet normal 0 0 1
    outer loop
      vertex 37.4 35.7 2.4
      vertex 33.694 31.1001 2.4
      vertex 33.6946 31.0992 2.4
    endloop
  endfacet
  facet normal 0 0 1
    outer loop
      vertex 37.4 35.7 2.4
      vertex 33.6934 31.1009 2.4
      vertex 33.694 31.1001 2.4
    endloop
  endfacet
  facet normal 0 0 1
    outer loop
      vertex 37.4 35.7 2.4
      vertex 33.5046 31.3555 2.4
      vertex 33.6934 31.1009 2.4
    endloop
  endfacet
  facet normal 0 0 1
    outer loop
      vertex 37.4 35.7 2.4
      vertex 33.2918 31.5903 2.4
      vertex 33.5046 31.3555 2.4
    endloop
  endfacet
  facet normal 0 0 1
    outer loop
      vertex 37.4 35.7 2.4
      vertex 33.2911 31.5911 2.4
      vertex 33.2918 31.5903 2.4
    endloop
  endfacet
  facet normal 0 0 1
    outer loop
      vertex 37.4 35.7 2.4
      vertex 33.2903 31.5918 2.4
      vertex 33.2911 31.5911 2.4
    endloop
  endfacet
  facet normal 0 0 1
    outer loop
      vertex 37.4 35.7 2.4
      vertex 33.0555 31.8046 2.4
      vertex 33.2903 31.5918 2.4
    endloop
  endfacet
  facet normal 0 0 1
    outer loop
      vertex 37.4 35.7 2.4
      vertex 32.8009 31.9934 2.4
      vertex 33.0555 31.8046 2.4
    endloop
  endfacet
  facet normal 0 0 1
    outer loop
      vertex 37.4 35.7 2.4
      vertex 32.8001 31.994 2.4
      vertex 32.8009 31.9934 2.4
    endloop
  endfacet
  facet normal 0 0 1
    outer loop
      vertex 37.4 35.7 2.4
      vertex 32.7992 31.9946 2.4
      vertex 32.8001 31.994 2.4
    endloop
  endfacet
  facet normal 0 0 1
    outer loop
      vertex 37.4 35.7 2.4
      vertex 32.5274 32.1575 2.4
      vertex 32.7992 31.9946 2.4
    endloop
  endfacet
  facet normal 0 0 1
    outer loop
      vertex 37.4 35.7 2.4
      vertex 32.2409 32.293 2.4
      vertex 32.5274 32.1575 2.4
    endloop
  endfacet
  facet normal 0 0 1
    outer loop
      vertex 37.4 35.7 2.4
      vertex 32.2399 32.2934 2.4
      vertex 32.2409 32.293 2.4
    endloop
  endfacet
  facet normal 0 0 1
    outer loop
      vertex 37.4 35.7 2.4
      vertex 31.9415 32.4002 2.4
      vertex 32.2399 32.2934 2.4
    endloop
  endfacet
  facet normal 0 0 1
    outer loop
      vertex 37.4 35.7 2.4
      vertex 31.9405 32.4005 2.4
      vertex 31.9415 32.4002 2.4
    endloop
  endfacet
  facet normal 0 0 1
    outer loop
      vertex 37.4 35.7 2.4
      vertex 31.9395 32.4008 2.4
      vertex 31.9405 32.4005 2.4
    endloop
  endfacet
  facet normal 0 0 1
    outer loop
      vertex 37.4 35.7 2.4
      vertex 31.6321 32.4778 2.4
      vertex 31.9395 32.4008 2.4
    endloop
  endfacet
  facet normal 0 0 1
    outer loop
      vertex 37.4 35.7 2.4
      vertex 31.631 32.478 2.4
      vertex 31.6321 32.4778 2.4
    endloop
  endfacet
  facet normal 0 0 1
    outer loop
      vertex 37.4 35.7 2.4
      vertex 31.3176 32.5245 2.4
      vertex 31.631 32.478 2.4
    endloop
  endfacet
  facet normal 0 0 1
    outer loop
      vertex 37.4 35.7 2.4
      vertex 31.0011 32.54 2.4
      vertex 31.3176 32.5245 2.4
    endloop
  endfacet
  facet normal 0 0 1
    outer loop
      vertex 37.4 35.7 2.4
      vertex 31 32.5401 2.4
      vertex 31.0011 32.54 2.4
    endloop
  endfacet
  facet normal 0 0 1
    outer loop
      vertex 37.4 35.7 2.4
      vertex 30.9989 32.54 2.4
      vertex 31 32.5401 2.4
    endloop
  endfacet
  facet normal 0 0 1
    outer loop
      vertex 37.4 35.7 2.4
      vertex 30.6824 32.5245 2.4
      vertex 30.9989 32.54 2.4
    endloop
  endfacet
  facet normal 0 0 1
    outer loop
      vertex 37.4 35.7 2.4
      vertex 30.369 32.478 2.4
      vertex 30.6824 32.5245 2.4
    endloop
  endfacet
  facet normal 0 0 1
    outer loop
      vertex 37.4 35.7 2.4
      vertex 30.3679 32.4778 2.4
      vertex 30.369 32.478 2.4
    endloop
  endfacet
  facet normal 0 0 1
    outer loop
      vertex 37.4 35.7 2.4
      vertex 30.0605 32.4008 2.4
      vertex 30.3679 32.4778 2.4
    endloop
  endfacet
  facet normal 0 0 1
    outer loop
      vertex 37.4 35.7 2.4
      vertex 30.0595 32.4005 2.4
      vertex 30.0605 32.4008 2.4
    endloop
  endfacet
  facet normal 0 0 1
    outer loop
      vertex 37.4 35.7 2.4
      vertex 30.0585 32.4002 2.4
      vertex 30.0595 32.4005 2.4
    endloop
  endfacet
  facet normal 0 0 1
    outer loop
      vertex 37.4 35.7 2.4
      vertex 29.7601 32.2934 2.4
      vertex 30.0585 32.4002 2.4
    endloop
  endfacet
  facet normal 0 0 -1
    outer loop
      vertex 29.7601 32.2934 2.4
      vertex 29.4726 32.1575 2.4
      vertex 29.7591 32.293 2.4
    endloop
  endfacet
  facet normal 0 0 -1
    outer loop
      vertex 29.4726 32.1575 2.4
      vertex 29.1999 31.994 2.4
      vertex 29.2008 31.9946 2.4
    endloop
  endfacet
  facet normal 0 0 -1
    outer loop
      vertex 28.306 31.1001 2.4
      vertex 28.1425 30.8274 2.4
      vertex 28.3054 31.0992 2.4
    endloop
  endfacet
  facet normal 0 0 1
    outer loop
      vertex 27.7755 -21.8824 2.4
      vertex -27.7599 -22.2 2.4
      vertex 27.7755 -21.8835 2.4
    endloop
  endfacet
  facet normal 0 0 1
    outer loop
      vertex 27.7755 29.6165 2.4
      vertex -27.7599 29.3 2.4
      vertex 27.7599 29.3 2.4
    endloop
  endfacet
  facet normal 0 0 1
    outer loop
      vertex 27.7755 29.6176 2.4
      vertex -27.7599 29.3 2.4
      vertex 27.7755 29.6165 2.4
    endloop
  endfacet
  facet normal 0 0 1
    outer loop
      vertex -27.7755 29.6176 2.4
      vertex 27.7755 29.6176 2.4
      vertex 27.7757 29.6186 2.4
    endloop
  endfacet
  facet normal 0 0 1
    outer loop
      vertex -27.7755 29.6176 2.4
      vertex 27.7757 29.6186 2.4
      vertex 27.8222 29.9321 2.4
    endloop
  endfacet
  facet normal 0 0 1
    outer loop
      vertex -27.8222 29.9321 2.4
      vertex 27.8222 29.9321 2.4
      vertex 27.8992 30.2395 2.4
    endloop
  endfacet
  facet normal 0 0 1
    outer loop
      vertex -27.8222 29.9321 2.4
      vertex 27.8992 30.2395 2.4
      vertex 27.8995 30.2405 2.4
    endloop
  endfacet
  facet normal 0 0 1
    outer loop
      vertex -27.8995 30.2405 2.4
      vertex 27.8995 30.2405 2.4
      vertex 27.8998 30.2415 2.4
    endloop
  endfacet
  facet normal 0 0 1
    outer loop
      vertex -27.8995 30.2405 2.4
      vertex 27.8998 30.2415 2.4
      vertex 28.0066 30.5399 2.4
    endloop
  endfacet
  facet normal 0 0 1
    outer loop
      vertex -28.0066 30.5399 2.4
      vertex 28.0066 30.5399 2.4
      vertex 28.1421 30.8264 2.4
    endloop
  endfacet
  facet normal 0 0 1
    outer loop
      vertex -28.0066 30.5399 2.4
      vertex 28.1421 30.8264 2.4
      vertex 28.1425 30.8274 2.4
    endloop
  endfacet
  facet normal 0 0 1
    outer loop
      vertex -28.1425 30.8274 2.4
      vertex 28.1425 30.8274 2.4
      vertex 28.306 31.1001 2.4
    endloop
  endfacet
  facet normal 0 0 1
    outer loop
      vertex -28.306 31.1001 2.4
      vertex 28.306 31.1001 2.4
      vertex 28.3066 31.1009 2.4
    endloop
  endfacet
  facet normal 0 0 1
    outer loop
      vertex -28.306 31.1001 2.4
      vertex 28.3066 31.1009 2.4
      vertex 28.4954 31.3555 2.4
    endloop
  endfacet
  facet normal 0 0 1
    outer loop
      vertex -28.4954 31.3555 2.4
      vertex 28.4954 31.3555 2.4
      vertex 28.7082 31.5903 2.4
    endloop
  endfacet
  facet normal 0 0 1
    outer loop
      vertex -28.4954 31.3555 2.4
      vertex 28.7082 31.5903 2.4
      vertex 28.7089 31.5911 2.4
    endloop
  endfacet
  facet normal 0 0 1
    outer loop
      vertex -28.7089 31.5911 2.4
      vertex 28.7089 31.5911 2.4
      vertex 28.7097 31.5918 2.4
    endloop
  endfacet
  facet normal 0 0 1
    outer loop
      vertex -28.7089 31.5911 2.4
      vertex 28.7097 31.5918 2.4
      vertex 28.9445 31.8046 2.4
    endloop
  endfacet
  facet normal 0 0 1
    outer loop
      vertex -28.9445 31.8046 2.4
      vertex 28.9445 31.8046 2.4
      vertex 29.1991 31.9934 2.4
    endloop
  endfacet
  facet normal 0 0 1
    outer loop
      vertex -28.9445 31.8046 2.4
      vertex 29.1991 31.9934 2.4
      vertex 29.1999 31.994 2.4
    endloop
  endfacet
  facet normal 0 0 1
    outer loop
      vertex -29.1999 31.994 2.4
      vertex 29.1999 31.994 2.4
      vertex 29.4726 32.1575 2.4
    endloop
  endfacet
  facet normal 0 0 1
    outer loop
      vertex -29.4726 32.1575 2.4
      vertex 29.4726 32.1575 2.4
      vertex 29.7601 32.2934 2.4
    endloop
  endfacet
  facet normal 0 0 1
    outer loop
      vertex -29.7601 32.2934 2.4
      vertex 29.7601 32.2934 2.4
      vertex 37.4 35.7 2.4
    endloop
  endfacet
  facet normal 0 0 1
    outer loop
      vertex 27.7755 29.6176 2.4
      vertex -27.7755 29.6165 2.4
      vertex -27.7599 29.3 2.4
    endloop
  endfacet
  facet normal 0 0 1
    outer loop
      vertex 27.7755 29.6176 2.4
      vertex -27.7755 29.6176 2.4
      vertex -27.7755 29.6165 2.4
    endloop
  endfacet
  facet normal 0 0 1
    outer loop
      vertex 27.8222 29.9321 2.4
      vertex -27.7757 29.6186 2.4
      vertex -27.7755 29.6176 2.4
    endloop
  endfacet
  facet normal 0 0 1
    outer loop
      vertex 27.8222 29.9321 2.4
      vertex -27.8222 29.9321 2.4
      vertex -27.7757 29.6186 2.4
    endloop
  endfacet
  facet normal 0 0 1
    outer loop
      vertex 27.8995 30.2405 2.4
      vertex -27.8992 30.2395 2.4
      vertex -27.8222 29.9321 2.4
    endloop
  endfacet
  facet normal 0 0 1
    outer loop
      vertex 27.8995 30.2405 2.4
      vertex -27.8995 30.2405 2.4
      vertex -27.8992 30.2395 2.4
    endloop
  endfacet
  facet normal 0 0 1
    outer loop
      vertex 28.0066 30.5399 2.4
      vertex -27.8998 30.2415 2.4
      vertex -27.8995 30.2405 2.4
    endloop
  endfacet
  facet normal 0 0 1
    outer loop
      vertex 28.0066 30.5399 2.4
      vertex -28.0066 30.5399 2.4
      vertex -27.8998 30.2415 2.4
    endloop
  endfacet
  facet normal 0 0 1
    outer loop
      vertex 28.1425 30.8274 2.4
      vertex -28.1421 30.8264 2.4
      vertex -28.0066 30.5399 2.4
    endloop
  endfacet
  facet normal 0 0 1
    outer loop
      vertex 28.1425 30.8274 2.4
      vertex -28.1425 30.8274 2.4
      vertex -28.1421 30.8264 2.4
    endloop
  endfacet
  facet normal 0 0 1
    outer loop
      vertex 28.306 31.1001 2.4
      vertex -28.3054 31.0992 2.4
      vertex -28.1425 30.8274 2.4
    endloop
  endfacet
  facet normal 0 0 1
    outer loop
      vertex 28.306 31.1001 2.4
      vertex -28.306 31.1001 2.4
      vertex -28.3054 31.0992 2.4
    endloop
  endfacet
  facet normal 0 0 1
    outer loop
      vertex 28.4954 31.3555 2.4
      vertex -28.3066 31.1009 2.4
      vertex -28.306 31.1001 2.4
    endloop
  endfacet
  facet normal 0 0 1
    outer loop
      vertex 28.4954 31.3555 2.4
      vertex -28.4954 31.3555 2.4
      vertex -28.3066 31.1009 2.4
    endloop
  endfacet
  facet normal 0 0 1
    outer loop
      vertex 28.7089 31.5911 2.4
      vertex -28.7082 31.5903 2.4
      vertex -28.4954 31.3555 2.4
    endloop
  endfacet
  facet normal 0 0 1
    outer loop
      vertex 28.7089 31.5911 2.4
      vertex -28.7089 31.5911 2.4
      vertex -28.7082 31.5903 2.4
    endloop
  endfacet
  facet normal 0 0 1
    outer loop
      vertex 28.9445 31.8046 2.4
      vertex -28.7097 31.5918 2.4
      vertex -28.7089 31.5911 2.4
    endloop
  endfacet
  facet normal 0 0 1
    outer loop
      vertex 28.9445 31.8046 2.4
      vertex -28.9445 31.8046 2.4
      vertex -28.7097 31.5918 2.4
    endloop
  endfacet
  facet normal 0 0 1
    outer loop
      vertex 29.1999 31.994 2.4
      vertex -29.1991 31.9934 2.4
      vertex -28.9445 31.8046 2.4
    endloop
  endfacet
  facet normal 0 0 1
    outer loop
      vertex 29.1999 31.994 2.4
      vertex -29.1999 31.994 2.4
      vertex -29.1991 31.9934 2.4
    endloop
  endfacet
  facet normal 0 0 1
    outer loop
      vertex 29.4726 32.1575 2.4
      vertex -29.2008 31.9946 2.4
      vertex -29.1999 31.994 2.4
    endloop
  endfacet
  facet normal 0 0 1
    outer loop
      vertex 29.4726 32.1575 2.4
      vertex -29.4726 32.1575 2.4
      vertex -29.2008 31.9946 2.4
    endloop
  endfacet
  facet normal 0 0 1
    outer loop
      vertex 29.7601 32.2934 2.4
      vertex -29.7591 32.293 2.4
      vertex -29.4726 32.1575 2.4
    endloop
  endfacet
  facet normal 0 0 1
    outer loop
      vertex 29.7601 32.2934 2.4
      vertex -29.7601 32.2934 2.4
      vertex -29.7591 32.293 2.4
    endloop
  endfacet
  facet normal -0 0 1
    outer loop
      vertex -37.4 35.7 2.4
      vertex -29.7601 32.2934 2.4
      vertex 37.4 35.7 2.4
    endloop
  endfacet
  facet normal 0 0 1
    outer loop
      vertex -29.7601 32.2934 2.4
      vertex -37.4 35.7 2.4
      vertex -30.0585 32.4002 2.4
    endloop
  endfacet
  facet normal 0 0 1
    outer loop
      vertex -30.0585 32.4002 2.4
      vertex -37.4 35.7 2.4
      vertex -30.0595 32.4005 2.4
    endloop
  endfacet
  facet normal 0 0 1
    outer loop
      vertex -30.0595 32.4005 2.4
      vertex -37.4 35.7 2.4
      vertex -30.0605 32.4008 2.4
    endloop
  endfacet
  facet normal 0 0 1
    outer loop
      vertex -30.0605 32.4008 2.4
      vertex -37.4 35.7 2.4
      vertex -30.3679 32.4778 2.4
    endloop
  endfacet
  facet normal 0 0 1
    outer loop
      vertex -30.3679 32.4778 2.4
      vertex -37.4 35.7 2.4
      vertex -30.369 32.478 2.4
    endloop
  endfacet
  facet normal 0 0 1
    outer loop
      vertex -30.369 32.478 2.4
      vertex -37.4 35.7 2.4
      vertex -30.6824 32.5245 2.4
    endloop
  endfacet
  facet normal 0 0 1
    outer loop
      vertex -30.6824 32.5245 2.4
      vertex -37.4 35.7 2.4
      vertex -30.9989 32.54 2.4
    endloop
  endfacet
  facet normal 0 0 1
    outer loop
      vertex -37.4 35.7 2.4
      vertex -31.631 32.478 2.4
      vertex -31.3176 32.5245 2.4
    endloop
  endfacet
  facet normal 0 0 1
    outer loop
      vertex -37.4 35.7 2.4
      vertex -31.9395 32.4008 2.4
      vertex -31.6321 32.4778 2.4
    endloop
  endfacet
  facet normal 0 0 1
    outer loop
      vertex -37.4 35.7 2.4
      vertex -32.7992 31.9946 2.4
      vertex -32.5274 32.1575 2.4
    endloop
  endfacet
  facet normal 0 0 1
    outer loop
      vertex -37.4 35.7 2.4
      vertex -32.8009 31.9934 2.4
      vertex -32.8001 31.994 2.4
    endloop
  endfacet
  facet normal 0 0 1
    outer loop
      vertex -37.4 35.7 2.4
      vertex -33.6946 31.0992 2.4
      vertex -33.694 31.1001 2.4
    endloop
  endfacet
  facet normal 0 0 1
    outer loop
      vertex -37.4 35.7 2.4
      vertex -34.1008 30.2395 2.4
      vertex -34.1005 30.2405 2.4
    endloop
  endfacet
  facet normal 0 0 1
    outer loop
      vertex -34.2245 -21.8824 2.4
      vertex -37.4 -35.7 2.4
      vertex -34.2245 -21.8835 2.4
    endloop
  endfacet
  facet normal 0 0 1
    outer loop
      vertex -34.2245 29.6165 2.4
      vertex -37.4 35.7 2.4
      vertex -34.2401 29.3 2.4
    endloop
  endfacet
  facet normal 0 0 1
    outer loop
      vertex -34.2245 29.6176 2.4
      vertex -37.4 35.7 2.4
      vertex -34.2245 29.6165 2.4
    endloop
  endfacet
  facet normal 0 0 1
    outer loop
      vertex -34.2243 29.6186 2.4
      vertex -37.4 35.7 2.4
      vertex -34.2245 29.6176 2.4
    endloop
  endfacet
  facet normal 0 0 1
    outer loop
      vertex -34.1778 29.9321 2.4
      vertex -37.4 35.7 2.4
      vertex -34.2243 29.6186 2.4
    endloop
  endfacet
  facet normal 0 0 1
    outer loop
      vertex -34.1008 30.2395 2.4
      vertex -37.4 35.7 2.4
      vertex -34.1778 29.9321 2.4
    endloop
  endfacet
  facet normal 0 0 1
    outer loop
      vertex -34.1002 30.2415 2.4
      vertex -37.4 35.7 2.4
      vertex -34.1005 30.2405 2.4
    endloop
  endfacet
  facet normal 0 0 1
    outer loop
      vertex -33.9934 30.5399 2.4
      vertex -37.4 35.7 2.4
      vertex -34.1002 30.2415 2.4
    endloop
  endfacet
  facet normal 0 0 1
    outer loop
      vertex -33.8579 30.8264 2.4
      vertex -37.4 35.7 2.4
      vertex -33.9934 30.5399 2.4
    endloop
  endfacet
  facet normal 0 0 1
    outer loop
      vertex -33.8575 30.8274 2.4
      vertex -37.4 35.7 2.4
      vertex -33.8579 30.8264 2.4
    endloop
  endfacet
  facet normal 0 0 1
    outer loop
      vertex -33.6946 31.0992 2.4
      vertex -37.4 35.7 2.4
      vertex -33.8575 30.8274 2.4
    endloop
  endfacet
  facet normal 0 0 1
    outer loop
      vertex -33.6934 31.1009 2.4
      vertex -37.4 35.7 2.4
      vertex -33.694 31.1001 2.4
    endloop
  endfacet
  facet normal 0 0 1
    outer loop
      vertex -33.5046 31.3555 2.4
      vertex -37.4 35.7 2.4
      vertex -33.6934 31.1009 2.4
    endloop
  endfacet
  facet normal 0 0 1
    outer loop
      vertex -33.2918 31.5903 2.4
      vertex -37.4 35.7 2.4
      vertex -33.5046 31.3555 2.4
    endloop
  endfacet
  facet normal 0 0 1
    outer loop
      vertex -33.2911 31.5911 2.4
      vertex -37.4 35.7 2.4
      vertex -33.2918 31.5903 2.4
    endloop
  endfacet
  facet normal 0 0 1
    outer loop
      vertex -33.2903 31.5918 2.4
      vertex -37.4 35.7 2.4
      vertex -33.2911 31.5911 2.4
    endloop
  endfacet
  facet normal 0 0 1
    outer loop
      vertex -33.0555 31.8046 2.4
      vertex -37.4 35.7 2.4
      vertex -33.2903 31.5918 2.4
    endloop
  endfacet
  facet normal 0 0 1
    outer loop
      vertex -32.8009 31.9934 2.4
      vertex -37.4 35.7 2.4
      vertex -33.0555 31.8046 2.4
    endloop
  endfacet
  facet normal 0 0 1
    outer loop
      vertex -32.7992 31.9946 2.4
      vertex -37.4 35.7 2.4
      vertex -32.8001 31.994 2.4
    endloop
  endfacet
  facet normal 0 0 1
    outer loop
      vertex -32.2409 32.293 2.4
      vertex -37.4 35.7 2.4
      vertex -32.5274 32.1575 2.4
    endloop
  endfacet
  facet normal 0 0 1
    outer loop
      vertex -32.2399 32.2934 2.4
      vertex -37.4 35.7 2.4
      vertex -32.2409 32.293 2.4
    endloop
  endfacet
  facet normal 0 0 1
    outer loop
      vertex -31.9415 32.4002 2.4
      vertex -37.4 35.7 2.4
      vertex -32.2399 32.2934 2.4
    endloop
  endfacet
  facet normal 0 0 1
    outer loop
      vertex -31.9405 32.4005 2.4
      vertex -37.4 35.7 2.4
      vertex -31.9415 32.4002 2.4
    endloop
  endfacet
  facet normal 0 0 1
    outer loop
      vertex -31.9395 32.4008 2.4
      vertex -37.4 35.7 2.4
      vertex -31.9405 32.4005 2.4
    endloop
  endfacet
  facet normal 0 0 1
    outer loop
      vertex -31.631 32.478 2.4
      vertex -37.4 35.7 2.4
      vertex -31.6321 32.4778 2.4
    endloop
  endfacet
  facet normal 0 0 1
    outer loop
      vertex -31.0011 32.54 2.4
      vertex -37.4 35.7 2.4
      vertex -31.3176 32.5245 2.4
    endloop
  endfacet
  facet normal 0 0 1
    outer loop
      vertex -31 32.5401 2.4
      vertex -37.4 35.7 2.4
      vertex -31.0011 32.54 2.4
    endloop
  endfacet
  facet normal 0 0 1
    outer loop
      vertex -30.9989 32.54 2.4
      vertex -37.4 35.7 2.4
      vertex -31 32.5401 2.4
    endloop
  endfacet
  facet normal 0 0 1
    outer loop
      vertex 37.4 35.7 2.4
      vertex 34.2401 -22.2 2.4
      vertex 37.4 -35.7 2.4
    endloop
  endfacet
  facet normal -0 0 1
    outer loop
      vertex 34.2245 -22.5165 2.4
      vertex 37.4 -35.7 2.4
      vertex 34.2401 -22.2 2.4
    endloop
  endfacet
  facet normal -0 0 1
    outer loop
      vertex 34.2245 -22.5176 2.4
      vertex 37.4 -35.7 2.4
      vertex 34.2245 -22.5165 2.4
    endloop
  endfacet
  facet normal -0 0 1
    outer loop
      vertex 34.2243 -22.5186 2.4
      vertex 37.4 -35.7 2.4
      vertex 34.2245 -22.5176 2.4
    endloop
  endfacet
  facet normal -0 0 1
    outer loop
      vertex 34.1778 -22.8321 2.4
      vertex 37.4 -35.7 2.4
      vertex 34.2243 -22.5186 2.4
    endloop
  endfacet
  facet normal -0 0 1
    outer loop
      vertex 34.1008 -23.1395 2.4
      vertex 37.4 -35.7 2.4
      vertex 34.1778 -22.8321 2.4
    endloop
  endfacet
  facet normal -0 0 1
    outer loop
      vertex 34.1005 -23.1405 2.4
      vertex 37.4 -35.7 2.4
      vertex 34.1008 -23.1395 2.4
    endloop
  endfacet
  facet normal -0 0 1
    outer loop
      vertex 34.1002 -23.1415 2.4
      vertex 37.4 -35.7 2.4
      vertex 34.1005 -23.1405 2.4
    endloop
  endfacet
  facet normal -0 0 1
    outer loop
      vertex 33.9934 -23.4399 2.4
      vertex 37.4 -35.7 2.4
      vertex 34.1002 -23.1415 2.4
    endloop
  endfacet
  facet normal -0 0 1
    outer loop
      vertex 33.993 -23.4409 2.4
      vertex 37.4 -35.7 2.4
      vertex 33.9934 -23.4399 2.4
    endloop
  endfacet
  facet normal -0 0 1
    outer loop
      vertex 33.8575 -23.7274 2.4
      vertex 37.4 -35.7 2.4
      vertex 33.993 -23.4409 2.4
    endloop
  endfacet
  facet normal -0 0 1
    outer loop
      vertex 33.6946 -23.9992 2.4
      vertex 37.4 -35.7 2.4
      vertex 33.8575 -23.7274 2.4
    endloop
  endfacet
  facet normal -0 0 1
    outer loop
      vertex 33.694 -24.0001 2.4
      vertex 37.4 -35.7 2.4
      vertex 33.6946 -23.9992 2.4
    endloop
  endfacet
  facet normal -0 0 1
    outer loop
      vertex 33.6934 -24.0009 2.4
      vertex 37.4 -35.7 2.4
      vertex 33.694 -24.0001 2.4
    endloop
  endfacet
  facet normal -0 0 1
    outer loop
      vertex 33.5046 -24.2555 2.4
      vertex 37.4 -35.7 2.4
      vertex 33.6934 -24.0009 2.4
    endloop
  endfacet
  facet normal -0 0 1
    outer loop
      vertex 33.2918 -24.4903 2.4
      vertex 37.4 -35.7 2.4
      vertex 33.5046 -24.2555 2.4
    endloop
  endfacet
  facet normal -0 0 1
    outer loop
      vertex 33.2911 -24.4911 2.4
      vertex 37.4 -35.7 2.4
      vertex 33.2918 -24.4903 2.4
    endloop
  endfacet
  facet normal -0 0 1
    outer loop
      vertex 33.2903 -24.4918 2.4
      vertex 37.4 -35.7 2.4
      vertex 33.2911 -24.4911 2.4
    endloop
  endfacet
  facet normal -0 0 1
    outer loop
      vertex 33.0555 -24.7046 2.4
      vertex 37.4 -35.7 2.4
      vertex 33.2903 -24.4918 2.4
    endloop
  endfacet
  facet normal -0 0 1
    outer loop
      vertex 32.8009 -24.8934 2.4
      vertex 37.4 -35.7 2.4
      vertex 33.0555 -24.7046 2.4
    endloop
  endfacet
  facet normal -0 0 1
    outer loop
      vertex 32.8001 -24.894 2.4
      vertex 37.4 -35.7 2.4
      vertex 32.8009 -24.8934 2.4
    endloop
  endfacet
  facet normal -0 0 1
    outer loop
      vertex 32.7992 -24.8946 2.4
      vertex 37.4 -35.7 2.4
      vertex 32.8001 -24.894 2.4
    endloop
  endfacet
  facet normal -0 0 1
    outer loop
      vertex 32.5274 -25.0575 2.4
      vertex 37.4 -35.7 2.4
      vertex 32.7992 -24.8946 2.4
    endloop
  endfacet
  facet normal -0 0 1
    outer loop
      vertex 32.2409 -25.193 2.4
      vertex 37.4 -35.7 2.4
      vertex 32.5274 -25.0575 2.4
    endloop
  endfacet
  facet normal -0 0 1
    outer loop
      vertex 32.2399 -25.1934 2.4
      vertex 37.4 -35.7 2.4
      vertex 32.2409 -25.193 2.4
    endloop
  endfacet
  facet normal -0 0 1
    outer loop
      vertex 32.2389 -25.1938 2.4
      vertex 37.4 -35.7 2.4
      vertex 32.2399 -25.1934 2.4
    endloop
  endfacet
  facet normal -0 0 1
    outer loop
      vertex 31.9405 -25.3005 2.4
      vertex 37.4 -35.7 2.4
      vertex 32.2389 -25.1938 2.4
    endloop
  endfacet
  facet normal -0 0 1
    outer loop
      vertex 31.6331 -25.3775 2.4
      vertex 37.4 -35.7 2.4
      vertex 31.9405 -25.3005 2.4
    endloop
  endfacet
  facet normal -0 0 1
    outer loop
      vertex 31.6321 -25.3778 2.4
      vertex 37.4 -35.7 2.4
      vertex 31.6331 -25.3775 2.4
    endloop
  endfacet
  facet normal -0 0 1
    outer loop
      vertex 31.3186 -25.4243 2.4
      vertex 37.4 -35.7 2.4
      vertex 31.6321 -25.3778 2.4
    endloop
  endfacet
  facet normal -0 0 1
    outer loop
      vertex 31.3176 -25.4245 2.4
      vertex 37.4 -35.7 2.4
      vertex 31.3186 -25.4243 2.4
    endloop
  endfacet
  facet normal -0 0 1
    outer loop
      vertex 31.3165 -25.4245 2.4
      vertex 37.4 -35.7 2.4
      vertex 31.3176 -25.4245 2.4
    endloop
  endfacet
  facet normal -0 0 1
    outer loop
      vertex 31 -25.4401 2.4
      vertex 37.4 -35.7 2.4
      vertex 31.3165 -25.4245 2.4
    endloop
  endfacet
  facet normal 0 0 1
    outer loop
      vertex 30.6835 -25.4245 2.4
      vertex 37.4 -35.7 2.4
      vertex 31 -25.4401 2.4
    endloop
  endfacet
  facet normal -0 0 1
    outer loop
      vertex 30.6824 -25.4245 2.4
      vertex 37.4 -35.7 2.4
      vertex 30.6835 -25.4245 2.4
    endloop
  endfacet
  facet normal 0 0 1
    outer loop
      vertex 30.6814 -25.4243 2.4
      vertex 37.4 -35.7 2.4
      vertex 30.6824 -25.4245 2.4
    endloop
  endfacet
  facet normal 0 0 1
    outer loop
      vertex 30.3679 -25.3778 2.4
      vertex 37.4 -35.7 2.4
      vertex 30.6814 -25.4243 2.4
    endloop
  endfacet
  facet normal 0 0 1
    outer loop
      vertex 30.3669 -25.3775 2.4
      vertex 37.4 -35.7 2.4
      vertex 30.3679 -25.3778 2.4
    endloop
  endfacet
  facet normal 0 0 1
    outer loop
      vertex 30.0595 -25.3005 2.4
      vertex 37.4 -35.7 2.4
      vertex 30.3669 -25.3775 2.4
    endloop
  endfacet
  facet normal 0 0 1
    outer loop
      vertex 29.7611 -25.1938 2.4
      vertex 37.4 -35.7 2.4
      vertex 30.0595 -25.3005 2.4
    endloop
  endfacet
  facet normal 0 0 1
    outer loop
      vertex 29.7601 -25.1934 2.4
      vertex 37.4 -35.7 2.4
      vertex 29.7611 -25.1938 2.4
    endloop
  endfacet
  facet normal 0 0 1
    outer loop
      vertex 29.7591 -25.193 2.4
      vertex 37.4 -35.7 2.4
      vertex 29.7601 -25.1934 2.4
    endloop
  endfacet
  facet normal 0 0 1
    outer loop
      vertex 29.4726 -25.0575 2.4
      vertex 37.4 -35.7 2.4
      vertex 29.7591 -25.193 2.4
    endloop
  endfacet
  facet normal 0 0 1
    outer loop
      vertex 29.2008 -24.8946 2.4
      vertex 37.4 -35.7 2.4
      vertex 29.4726 -25.0575 2.4
    endloop
  endfacet
  facet normal 0 0 1
    outer loop
      vertex 29.1999 -24.894 2.4
      vertex 37.4 -35.7 2.4
      vertex 29.2008 -24.8946 2.4
    endloop
  endfacet
  facet normal 0 0 1
    outer loop
      vertex 29.1991 -24.8934 2.4
      vertex 37.4 -35.7 2.4
      vertex 29.1999 -24.894 2.4
    endloop
  endfacet
  facet normal 0 0 1
    outer loop
      vertex 28.9445 -24.7046 2.4
      vertex 37.4 -35.7 2.4
      vertex 29.1991 -24.8934 2.4
    endloop
  endfacet
  facet normal 0 0 1
    outer loop
      vertex 28.7097 -24.4918 2.4
      vertex 37.4 -35.7 2.4
      vertex 28.9445 -24.7046 2.4
    endloop
  endfacet
  facet normal 0 0 1
    outer loop
      vertex 28.7089 -24.4911 2.4
      vertex 37.4 -35.7 2.4
      vertex 28.7097 -24.4918 2.4
    endloop
  endfacet
  facet normal 0 0 1
    outer loop
      vertex -28.7089 -24.4911 2.4
      vertex 28.7089 -24.4911 2.4
      vertex 28.7082 -24.4903 2.4
    endloop
  endfacet
  facet normal 0 0 1
    outer loop
      vertex -28.7089 -24.4911 2.4
      vertex 28.7082 -24.4903 2.4
      vertex 28.4954 -24.2555 2.4
    endloop
  endfacet
  facet normal 0 0 -1
    outer loop
      vertex 28.1425 -23.7274 2.4
      vertex 28.306 -24.0001 2.4
      vertex 28.3054 -23.9992 2.4
    endloop
  endfacet
  facet normal 0 0 -1
    outer loop
      vertex 28.0066 -23.4399 2.4
      vertex 28.1425 -23.7274 2.4
      vertex 28.007 -23.4409 2.4
    endloop
  endfacet
  facet normal 0 0 1
    outer loop
      vertex 27.7755 -21.8835 2.4
      vertex -27.7599 -22.2 2.4
      vertex 27.7599 -22.2 2.4
    endloop
  endfacet
  facet normal 0 0 1
    outer loop
      vertex 27.7599 -22.2 2.4
      vertex -27.7599 -22.2 2.4
      vertex 27.7755 -22.5165 2.4
    endloop
  endfacet
  facet normal 0 0 1
    outer loop
      vertex 27.7755 -22.5165 2.4
      vertex -27.7599 -22.2 2.4
      vertex 27.7755 -22.5176 2.4
    endloop
  endfacet
  facet normal -0 0 1
    outer loop
      vertex -27.7755 -22.5165 2.4
      vertex 27.7755 -22.5176 2.4
      vertex -27.7599 -22.2 2.4
    endloop
  endfacet
  facet normal 0 0 1
    outer loop
      vertex -27.7755 -22.5176 2.4
      vertex 27.7755 -22.5176 2.4
      vertex -27.7755 -22.5165 2.4
    endloop
  endfacet
  facet normal 0 0 1
    outer loop
      vertex 27.7755 -22.5176 2.4
      vertex -27.7755 -22.5176 2.4
      vertex 27.7757 -22.5186 2.4
    endloop
  endfacet
  facet normal 0 0 1
    outer loop
      vertex 27.7757 -22.5186 2.4
      vertex -27.7755 -22.5176 2.4
      vertex 27.8222 -22.8321 2.4
    endloop
  endfacet
  facet normal -0 0 1
    outer loop
      vertex -27.7757 -22.5186 2.4
      vertex 27.8222 -22.8321 2.4
      vertex -27.7755 -22.5176 2.4
    endloop
  endfacet
  facet normal 0 0 1
    outer loop
      vertex -27.8222 -22.8321 2.4
      vertex 27.8222 -22.8321 2.4
      vertex -27.7757 -22.5186 2.4
    endloop
  endfacet
  facet normal 0 0 1
    outer loop
      vertex 27.8222 -22.8321 2.4
      vertex -27.8222 -22.8321 2.4
      vertex 27.8992 -23.1395 2.4
    endloop
  endfacet
  facet normal 0 0 1
    outer loop
      vertex 27.8992 -23.1395 2.4
      vertex -27.8222 -22.8321 2.4
      vertex 27.8995 -23.1405 2.4
    endloop
  endfacet
  facet normal -0 0 1
    outer loop
      vertex -27.8992 -23.1395 2.4
      vertex 27.8995 -23.1405 2.4
      vertex -27.8222 -22.8321 2.4
    endloop
  endfacet
  facet normal 0 0 1
    outer loop
      vertex -27.8995 -23.1405 2.4
      vertex 27.8995 -23.1405 2.4
      vertex -27.8992 -23.1395 2.4
    endloop
  endfacet
  facet normal 0 0 1
    outer loop
      vertex 27.8995 -23.1405 2.4
      vertex -27.8995 -23.1405 2.4
      vertex 27.8998 -23.1415 2.4
    endloop
  endfacet
  facet normal 0 0 1
    outer loop
      vertex 27.8998 -23.1415 2.4
      vertex -27.8995 -23.1405 2.4
      vertex 28.0066 -23.4399 2.4
    endloop
  endfacet
  facet normal -0 0 1
    outer loop
      vertex -27.8998 -23.1415 2.4
      vertex 28.0066 -23.4399 2.4
      vertex -27.8995 -23.1405 2.4
    endloop
  endfacet
  facet normal 0 0 1
    outer loop
      vertex -28.0066 -23.4399 2.4
      vertex 28.0066 -23.4399 2.4
      vertex -27.8998 -23.1415 2.4
    endloop
  endfacet
  facet normal 0 0 1
    outer loop
      vertex 28.0066 -23.4399 2.4
      vertex -28.0066 -23.4399 2.4
      vertex 28.1425 -23.7274 2.4
    endloop
  endfacet
  facet normal -0 0 1
    outer loop
      vertex -28.007 -23.4409 2.4
      vertex 28.1425 -23.7274 2.4
      vertex -28.0066 -23.4399 2.4
    endloop
  endfacet
  facet normal 0 0 1
    outer loop
      vertex -28.1425 -23.7274 2.4
      vertex 28.1425 -23.7274 2.4
      vertex -28.007 -23.4409 2.4
    endloop
  endfacet
  facet normal 0 0 1
    outer loop
      vertex 28.1425 -23.7274 2.4
      vertex -28.1425 -23.7274 2.4
      vertex 28.306 -24.0001 2.4
    endloop
  endfacet
  facet normal -0 0 1
    outer loop
      vertex -28.3054 -23.9992 2.4
      vertex 28.306 -24.0001 2.4
      vertex -28.1425 -23.7274 2.4
    endloop
  endfacet
  facet normal 0 0 1
    outer loop
      vertex -28.306 -24.0001 2.4
      vertex 28.306 -24.0001 2.4
      vertex -28.3054 -23.9992 2.4
    endloop
  endfacet
  facet normal 0 0 1
    outer loop
      vertex 28.306 -24.0001 2.4
      vertex -28.306 -24.0001 2.4
      vertex 28.3066 -24.0009 2.4
    endloop
  endfacet
  facet normal 0 0 1
    outer loop
      vertex 28.3066 -24.0009 2.4
      vertex -28.306 -24.0001 2.4
      vertex 28.4954 -24.2555 2.4
    endloop
  endfacet
  facet normal -0 0 1
    outer loop
      vertex -28.3066 -24.0009 2.4
      vertex 28.4954 -24.2555 2.4
      vertex -28.306 -24.0001 2.4
    endloop
  endfacet
  facet normal 0 0 1
    outer loop
      vertex -28.4954 -24.2555 2.4
      vertex 28.4954 -24.2555 2.4
      vertex -28.3066 -24.0009 2.4
    endloop
  endfacet
  facet normal 0 0 1
    outer loop
      vertex -28.7082 -24.4903 2.4
      vertex 28.4954 -24.2555 2.4
      vertex -28.4954 -24.2555 2.4
    endloop
  endfacet
  facet normal 0 0 1
    outer loop
      vertex -28.7089 -24.4911 2.4
      vertex 28.4954 -24.2555 2.4
      vertex -28.7082 -24.4903 2.4
    endloop
  endfacet
  facet normal 0 0 1
    outer loop
      vertex 28.7089 -24.4911 2.4
      vertex -28.7089 -24.4911 2.4
      vertex 37.4 -35.7 2.4
    endloop
  endfacet
  facet normal -0 0 1
    outer loop
      vertex -28.7097 -24.4918 2.4
      vertex 37.4 -35.7 2.4
      vertex -28.7089 -24.4911 2.4
    endloop
  endfacet
  facet normal 0 0 1
    outer loop
      vertex -37.4 -35.7 2.4
      vertex -28.7097 -24.4918 2.4
      vertex -28.9445 -24.7046 2.4
    endloop
  endfacet
  facet normal 0 0 1
    outer loop
      vertex -37.4 -35.7 2.4
      vertex -28.9445 -24.7046 2.4
      vertex -29.1991 -24.8934 2.4
    endloop
  endfacet
  facet normal 0 0 1
    outer loop
      vertex -37.4 -35.7 2.4
      vertex -29.1991 -24.8934 2.4
      vertex -29.1999 -24.894 2.4
    endloop
  endfacet
  facet normal 0 0 1
    outer loop
      vertex -37.4 -35.7 2.4
      vertex -29.1999 -24.894 2.4
      vertex -29.2008 -24.8946 2.4
    endloop
  endfacet
  facet normal 0 0 1
    outer loop
      vertex -37.4 -35.7 2.4
      vertex -29.2008 -24.8946 2.4
      vertex -29.4726 -25.0575 2.4
    endloop
  endfacet
  facet normal 0 0 1
    outer loop
      vertex -37.4 -35.7 2.4
      vertex -29.4726 -25.0575 2.4
      vertex -29.7591 -25.193 2.4
    endloop
  endfacet
  facet normal 0 0 1
    outer loop
      vertex -37.4 -35.7 2.4
      vertex -29.7591 -25.193 2.4
      vertex -29.7601 -25.1934 2.4
    endloop
  endfacet
  facet normal 0 0 1
    outer loop
      vertex -37.4 -35.7 2.4
      vertex -29.7601 -25.1934 2.4
      vertex -29.7611 -25.1938 2.4
    endloop
  endfacet
  facet normal 0 0 1
    outer loop
      vertex -37.4 -35.7 2.4
      vertex -29.7611 -25.1938 2.4
      vertex -30.0595 -25.3005 2.4
    endloop
  endfacet
  facet normal 0 0 1
    outer loop
      vertex -37.4 -35.7 2.4
      vertex -30.0595 -25.3005 2.4
      vertex -30.3669 -25.3775 2.4
    endloop
  endfacet
  facet normal 0 0 1
    outer loop
      vertex -37.4 -35.7 2.4
      vertex -30.3669 -25.3775 2.4
      vertex -30.3679 -25.3778 2.4
    endloop
  endfacet
  facet normal 0 0 1
    outer loop
      vertex -37.4 -35.7 2.4
      vertex -30.3679 -25.3778 2.4
      vertex -30.6814 -25.4243 2.4
    endloop
  endfacet
  facet normal 0 0 1
    outer loop
      vertex -37.4 -35.7 2.4
      vertex -30.6814 -25.4243 2.4
      vertex -30.6824 -25.4245 2.4
    endloop
  endfacet
  facet normal 0 0 1
    outer loop
      vertex -37.4 -35.7 2.4
      vertex -30.6824 -25.4245 2.4
      vertex -30.6835 -25.4245 2.4
    endloop
  endfacet
  facet normal 0 0 1
    outer loop
      vertex -37.4 -35.7 2.4
      vertex -30.6835 -25.4245 2.4
      vertex -31 -25.4401 2.4
    endloop
  endfacet
  facet normal 0 0 1
    outer loop
      vertex -37.4 -35.7 2.4
      vertex -31 -25.4401 2.4
      vertex -31.3165 -25.4245 2.4
    endloop
  endfacet
  facet normal 0 0 1
    outer loop
      vertex -37.4 -35.7 2.4
      vertex -31.3165 -25.4245 2.4
      vertex -31.3176 -25.4245 2.4
    endloop
  endfacet
  facet normal 0 0 1
    outer loop
      vertex -37.4 -35.7 2.4
      vertex -31.3176 -25.4245 2.4
      vertex -31.3186 -25.4243 2.4
    endloop
  endfacet
  facet normal 0 0 1
    outer loop
      vertex -37.4 -35.7 2.4
      vertex -31.3186 -25.4243 2.4
      vertex -31.6321 -25.3778 2.4
    endloop
  endfacet
  facet normal 0 0 1
    outer loop
      vertex -37.4 -35.7 2.4
      vertex -32.7992 -24.8946 2.4
      vertex -32.8001 -24.894 2.4
    endloop
  endfacet
  facet normal 0 0 1
    outer loop
      vertex -37.4 -35.7 2.4
      vertex -32.8009 -24.8934 2.4
      vertex -33.0555 -24.7046 2.4
    endloop
  endfacet
  facet normal 0 0 1
    outer loop
      vertex -37.4 -35.7 2.4
      vertex -33.6946 -23.9992 2.4
      vertex -33.8575 -23.7274 2.4
    endloop
  endfacet
  facet normal 0 0 1
    outer loop
      vertex -37.4 -35.7 2.4
      vertex -33.993 -23.4409 2.4
      vertex -33.9934 -23.4399 2.4
    endloop
  endfacet
  facet normal 0 0 1
    outer loop
      vertex -37.4 -35.7 2.4
      vertex -34.1008 -23.1395 2.4
      vertex -34.1778 -22.8321 2.4
    endloop
  endfacet
  facet normal 0 0 1
    outer loop
      vertex -34.2245 -21.8835 2.4
      vertex -37.4 -35.7 2.4
      vertex -34.2401 -22.2 2.4
    endloop
  endfacet
  facet normal 0 0 1
    outer loop
      vertex -34.2401 -22.2 2.4
      vertex -37.4 -35.7 2.4
      vertex -34.2245 -22.5165 2.4
    endloop
  endfacet
  facet normal 0 0 1
    outer loop
      vertex -28.7097 -24.4918 2.4
      vertex -37.4 -35.7 2.4
      vertex 37.4 -35.7 2.4
    endloop
  endfacet
  facet normal 0 0 1
    outer loop
      vertex -31.6331 -25.3775 2.4
      vertex -37.4 -35.7 2.4
      vertex -31.6321 -25.3778 2.4
    endloop
  endfacet
  facet normal 0 0 1
    outer loop
      vertex -31.9405 -25.3005 2.4
      vertex -37.4 -35.7 2.4
      vertex -31.6331 -25.3775 2.4
    endloop
  endfacet
  facet normal 0 0 1
    outer loop
      vertex -32.2389 -25.1938 2.4
      vertex -37.4 -35.7 2.4
      vertex -31.9405 -25.3005 2.4
    endloop
  endfacet
  facet normal 0 0 1
    outer loop
      vertex -32.2399 -25.1934 2.4
      vertex -37.4 -35.7 2.4
      vertex -32.2389 -25.1938 2.4
    endloop
  endfacet
  facet normal 0 0 1
    outer loop
      vertex -32.2409 -25.193 2.4
      vertex -37.4 -35.7 2.4
      vertex -32.2399 -25.1934 2.4
    endloop
  endfacet
  facet normal 0 0 1
    outer loop
      vertex -32.5274 -25.0575 2.4
      vertex -37.4 -35.7 2.4
      vertex -32.2409 -25.193 2.4
    endloop
  endfacet
  facet normal 0 0 1
    outer loop
      vertex -32.7992 -24.8946 2.4
      vertex -37.4 -35.7 2.4
      vertex -32.5274 -25.0575 2.4
    endloop
  endfacet
  facet normal 0 0 1
    outer loop
      vertex -32.8009 -24.8934 2.4
      vertex -37.4 -35.7 2.4
      vertex -32.8001 -24.894 2.4
    endloop
  endfacet
  facet normal 0 0 1
    outer loop
      vertex -33.2903 -24.4918 2.4
      vertex -37.4 -35.7 2.4
      vertex -33.0555 -24.7046 2.4
    endloop
  endfacet
  facet normal 0 0 1
    outer loop
      vertex -33.2911 -24.4911 2.4
      vertex -37.4 -35.7 2.4
      vertex -33.2903 -24.4918 2.4
    endloop
  endfacet
  facet normal 0 0 1
    outer loop
      vertex -33.2918 -24.4903 2.4
      vertex -37.4 -35.7 2.4
      vertex -33.2911 -24.4911 2.4
    endloop
  endfacet
  facet normal 0 0 1
    outer loop
      vertex -33.5046 -24.2555 2.4
      vertex -37.4 -35.7 2.4
      vertex -33.2918 -24.4903 2.4
    endloop
  endfacet
  facet normal 0 0 1
    outer loop
      vertex -33.6934 -24.0009 2.4
      vertex -37.4 -35.7 2.4
      vertex -33.5046 -24.2555 2.4
    endloop
  endfacet
  facet normal 0 0 1
    outer loop
      vertex -33.694 -24.0001 2.4
      vertex -37.4 -35.7 2.4
      vertex -33.6934 -24.0009 2.4
    endloop
  endfacet
  facet normal 0 0 1
    outer loop
      vertex -33.6946 -23.9992 2.4
      vertex -37.4 -35.7 2.4
      vertex -33.694 -24.0001 2.4
    endloop
  endfacet
  facet normal 0 0 1
    outer loop
      vertex -33.993 -23.4409 2.4
      vertex -37.4 -35.7 2.4
      vertex -33.8575 -23.7274 2.4
    endloop
  endfacet
  facet normal 0 0 1
    outer loop
      vertex -34.1002 -23.1415 2.4
      vertex -37.4 -35.7 2.4
      vertex -33.9934 -23.4399 2.4
    endloop
  endfacet
  facet normal 0 0 1
    outer loop
      vertex -34.1005 -23.1405 2.4
      vertex -37.4 -35.7 2.4
      vertex -34.1002 -23.1415 2.4
    endloop
  endfacet
  facet normal 0 0 1
    outer loop
      vertex -34.1008 -23.1395 2.4
      vertex -37.4 -35.7 2.4
      vertex -34.1005 -23.1405 2.4
    endloop
  endfacet
  facet normal 0 0 1
    outer loop
      vertex -34.2243 -22.5186 2.4
      vertex -37.4 -35.7 2.4
      vertex -34.1778 -22.8321 2.4
    endloop
  endfacet
  facet normal 0 0 1
    outer loop
      vertex -34.2245 -22.5176 2.4
      vertex -37.4 -35.7 2.4
      vertex -34.2243 -22.5186 2.4
    endloop
  endfacet
  facet normal 0 0 1
    outer loop
      vertex -34.2245 -22.5165 2.4
      vertex -37.4 -35.7 2.4
      vertex -34.2245 -22.5176 2.4
    endloop
  endfacet
  facet normal 1 -0 0
    outer loop
      vertex 37.4 -35.7 2.4
      vertex 37.4 35.7 0
      vertex 37.4 35.7 2.4
    endloop
  endfacet
  facet normal 1 0 0
    outer loop
      vertex 37.4 35.7 0
      vertex 37.4 -35.7 2.4
      vertex 37.4 -35.7 0
    endloop
  endfacet
  facet normal 0 0 -1
    outer loop
      vertex -29.5007 -21.3986 0
      vertex 29.5007 -21.3986 0
      vertex -29.4294 -21.5494 0
    endloop
  endfacet
  facet normal 0 0 -1
    outer loop
      vertex 29.6859 28.2215 0
      vertex -29.3082 29.1334 0
      vertex -29.3 29.3 0
    endloop
  endfacet
  facet normal 0 0 -1
    outer loop
      vertex 29.5007 -21.3986 0
      vertex -29.5007 -21.3986 0
      vertex 29.5865 -21.2555 0
    endloop
  endfacet
  facet normal 0 0 -1
    outer loop
      vertex 29.6859 28.2215 0
      vertex -29.3327 28.9683 0
      vertex -29.3082 29.1334 0
    endloop
  endfacet
  facet normal 0 0 -1
    outer loop
      vertex -29.5865 -21.2555 0
      vertex 29.5865 -21.2555 0
      vertex -29.5007 -21.3986 0
    endloop
  endfacet
  facet normal 0 0 -1
    outer loop
      vertex 29.6859 28.2215 0
      vertex -29.3732 28.8065 0
      vertex -29.3327 28.9683 0
    endloop
  endfacet
  facet normal 0 0 -1
    outer loop
      vertex 29.5865 -21.2555 0
      vertex -29.5865 -21.2555 0
      vertex 29.6859 -21.1215 0
    endloop
  endfacet
  facet normal 0 0 -1
    outer loop
      vertex 29.6859 28.2215 0
      vertex -29.4294 28.6494 0
      vertex -29.3732 28.8065 0
    endloop
  endfacet
  facet normal 0 0 -1
    outer loop
      vertex -29.6859 -21.1215 0
      vertex 29.6859 -21.1215 0
      vertex -29.5865 -21.2555 0
    endloop
  endfacet
  facet normal 0 0 -1
    outer loop
      vertex 29.6859 28.2215 0
      vertex -29.5007 28.4986 0
      vertex -29.4294 28.6494 0
    endloop
  endfacet
  facet normal 0 0 -1
    outer loop
      vertex 29.6859 -21.1215 0
      vertex -29.6859 -21.1215 0
      vertex 29.6859 28.2215 0
    endloop
  endfacet
  facet normal 0 0 -1
    outer loop
      vertex 29.6859 28.2215 0
      vertex -29.5865 28.3555 0
      vertex -29.5007 28.4986 0
    endloop
  endfacet
  facet normal 0 0 -1
    outer loop
      vertex -29.6859 28.2215 0
      vertex 29.6859 28.2215 0
      vertex -29.6859 -21.1215 0
    endloop
  endfacet
  facet normal 0 0 -1
    outer loop
      vertex 29.6859 28.2215 0
      vertex -29.6859 28.2215 0
      vertex -29.5865 28.3555 0
    endloop
  endfacet
  facet normal 0 0 -1
    outer loop
      vertex -29.7979 -20.9979 0
      vertex -29.6859 28.2215 0
      vertex -29.6859 -21.1215 0
    endloop
  endfacet
  facet normal 0 0 -1
    outer loop
      vertex -29.7979 -20.9979 0
      vertex -29.7979 28.0979 0
      vertex -29.6859 28.2215 0
    endloop
  endfacet
  facet normal 0 0 -1
    outer loop
      vertex -29.9215 -20.8859 0
      vertex -29.7979 28.0979 0
      vertex -29.7979 -20.9979 0
    endloop
  endfacet
  facet normal 0 0 -1
    outer loop
      vertex -29.9215 -20.8859 0
      vertex -29.9215 27.9859 0
      vertex -29.7979 28.0979 0
    endloop
  endfacet
  facet normal 0 0 -1
    outer loop
      vertex -30.0555 -20.7865 0
      vertex -29.9215 27.9859 0
      vertex -29.9215 -20.8859 0
    endloop
  endfacet
  facet normal 0 0 -1
    outer loop
      vertex -30.0555 -20.7865 0
      vertex -30.0555 27.8865 0
      vertex -29.9215 27.9859 0
    endloop
  endfacet
  facet normal 0 0 -1
    outer loop
      vertex -30.1986 -20.7007 0
      vertex -30.0555 27.8865 0
      vertex -30.0555 -20.7865 0
    endloop
  endfacet
  facet normal 0 0 -1
    outer loop
      vertex -30.1986 -20.7007 0
      vertex -30.1986 27.8007 0
      vertex -30.0555 27.8865 0
    endloop
  endfacet
  facet normal 0 0 -1
    outer loop
      vertex -30.3494 -20.6294 0
      vertex -30.1986 27.8007 0
      vertex -30.1986 -20.7007 0
    endloop
  endfacet
  facet normal 0 0 -1
    outer loop
      vertex -30.3494 -20.6294 0
      vertex -30.3494 27.7294 0
      vertex -30.1986 27.8007 0
    endloop
  endfacet
  facet normal 0 0 -1
    outer loop
      vertex -30.5065 -20.5732 0
      vertex -30.3494 27.7294 0
      vertex -30.3494 -20.6294 0
    endloop
  endfacet
  facet normal 0 0 -1
    outer loop
      vertex -30.5065 -20.5732 0
      vertex -30.5065 27.6732 0
      vertex -30.3494 27.7294 0
    endloop
  endfacet
  facet normal 0 0 -1
    outer loop
      vertex -30.6683 -20.5327 0
      vertex -30.5065 27.6732 0
      vertex -30.5065 -20.5732 0
    endloop
  endfacet
  facet normal 0 0 -1
    outer loop
      vertex -30.6683 -20.5327 0
      vertex -30.6683 27.6327 0
      vertex -30.5065 27.6732 0
    endloop
  endfacet
  facet normal 0 0 -1
    outer loop
      vertex -30.8334 -20.5082 0
      vertex -30.6683 27.6327 0
      vertex -30.6683 -20.5327 0
    endloop
  endfacet
  facet normal 0 0 -1
    outer loop
      vertex -30.8334 -20.5082 0
      vertex -30.8334 27.6082 0
      vertex -30.6683 27.6327 0
    endloop
  endfacet
  facet normal 0 0 -1
    outer loop
      vertex -31 -20.5 0
      vertex -30.8334 27.6082 0
      vertex -30.8334 -20.5082 0
    endloop
  endfacet
  facet normal 0 0 -1
    outer loop
      vertex -31 -20.5 0
      vertex -31 27.6 0
      vertex -30.8334 27.6082 0
    endloop
  endfacet
  facet normal 0 0 -1
    outer loop
      vertex -31.1666 -20.5082 0
      vertex -31 27.6 0
      vertex -31 -20.5 0
    endloop
  endfacet
  facet normal 0 0 -1
    outer loop
      vertex -31.1666 -20.5082 0
      vertex -31.1666 27.6082 0
      vertex -31 27.6 0
    endloop
  endfacet
  facet normal 0 0 -1
    outer loop
      vertex -31.3317 -20.5327 0
      vertex -31.1666 27.6082 0
      vertex -31.1666 -20.5082 0
    endloop
  endfacet
  facet normal 0 0 -1
    outer loop
      vertex -31.3317 -20.5327 0
      vertex -31.3317 27.6327 0
      vertex -31.1666 27.6082 0
    endloop
  endfacet
  facet normal 0 0 -1
    outer loop
      vertex -31.4935 -20.5732 0
      vertex -31.3317 27.6327 0
      vertex -31.3317 -20.5327 0
    endloop
  endfacet
  facet normal 0 0 -1
    outer loop
      vertex -31.4935 -20.5732 0
      vertex -31.4935 27.6732 0
      vertex -31.3317 27.6327 0
    endloop
  endfacet
  facet normal 0 0 -1
    outer loop
      vertex -31.6506 -20.6294 0
      vertex -31.4935 27.6732 0
      vertex -31.4935 -20.5732 0
    endloop
  endfacet
  facet normal 0 0 -1
    outer loop
      vertex -31.6506 -20.6294 0
      vertex -31.6506 27.7294 0
      vertex -31.4935 27.6732 0
    endloop
  endfacet
  facet normal 0 0 -1
    outer loop
      vertex -31.8014 -20.7007 0
      vertex -31.6506 27.7294 0
      vertex -31.6506 -20.6294 0
    endloop
  endfacet
  facet normal 0 0 -1
    outer loop
      vertex -31.8014 -20.7007 0
      vertex -31.8014 27.8007 0
      vertex -31.6506 27.7294 0
    endloop
  endfacet
  facet normal 0 0 -1
    outer loop
      vertex -31.9445 -20.7865 0
      vertex -31.8014 27.8007 0
      vertex -31.8014 -20.7007 0
    endloop
  endfacet
  facet normal 0 0 -1
    outer loop
      vertex -31.9445 -20.7865 0
      vertex -31.9445 27.8865 0
      vertex -31.8014 27.8007 0
    endloop
  endfacet
  facet normal 0 0 -1
    outer loop
      vertex -32.0785 -20.8859 0
      vertex -31.9445 27.8865 0
      vertex -31.9445 -20.7865 0
    endloop
  endfacet
  facet normal 0 0 -1
    outer loop
      vertex -32.0785 -20.8859 0
      vertex -32.0785 27.9859 0
      vertex -31.9445 27.8865 0
    endloop
  endfacet
  facet normal 0 0 -1
    outer loop
      vertex -32.2021 -20.9979 0
      vertex -32.0785 27.9859 0
      vertex -32.0785 -20.8859 0
    endloop
  endfacet
  facet normal 0 0 -1
    outer loop
      vertex -32.2021 -20.9979 0
      vertex -32.2021 28.0979 0
      vertex -32.0785 27.9859 0
    endloop
  endfacet
  facet normal 0 0 -1
    outer loop
      vertex -32.3141 -21.1215 0
      vertex -32.2021 28.0979 0
      vertex -32.2021 -20.9979 0
    endloop
  endfacet
  facet normal 0 0 -1
    outer loop
      vertex -32.3141 -21.1215 0
      vertex -32.3141 28.2215 0
      vertex -32.2021 28.0979 0
    endloop
  endfacet
  facet normal 0 0 -1
    outer loop
      vertex -32.4135 -21.2555 0
      vertex -32.3141 28.2215 0
      vertex -32.3141 -21.1215 0
    endloop
  endfacet
  facet normal 0 0 -1
    outer loop
      vertex -32.4135 -21.2555 0
      vertex -32.4135 28.3555 0
      vertex -32.3141 28.2215 0
    endloop
  endfacet
  facet normal 0 0 -1
    outer loop
      vertex -32.4993 -21.3986 0
      vertex -32.4135 28.3555 0
      vertex -32.4135 -21.2555 0
    endloop
  endfacet
  facet normal 0 0 -1
    outer loop
      vertex -32.4993 -21.3986 0
      vertex -32.4993 28.4986 0
      vertex -32.4135 28.3555 0
    endloop
  endfacet
  facet normal 0 0 -1
    outer loop
      vertex -37.4 35.7 0
      vertex -32.4993 -21.3986 0
      vertex -32.5706 -21.5494 0
    endloop
  endfacet
  facet normal 0 0 -1
    outer loop
      vertex -32.4993 -21.3986 0
      vertex -37.4 35.7 0
      vertex -32.4993 28.4986 0
    endloop
  endfacet
  facet normal 0 0 -1
    outer loop
      vertex -37.4 35.7 0
      vertex -32.5706 -21.5494 0
      vertex -32.6268 -21.7065 0
    endloop
  endfacet
  facet normal 0 0 -1
    outer loop
      vertex -32.4993 28.4986 0
      vertex -37.4 35.7 0
      vertex -32.5706 28.6494 0
    endloop
  endfacet
  facet normal 0 0 -1
    outer loop
      vertex -37.4 35.7 0
      vertex -32.6268 -21.7065 0
      vertex -32.6673 -21.8683 0
    endloop
  endfacet
  facet normal 0 0 -1
    outer loop
      vertex -32.5706 28.6494 0
      vertex -37.4 35.7 0
      vertex -32.6268 28.8065 0
    endloop
  endfacet
  facet normal 0 0 -1
    outer loop
      vertex -37.4 -35.7 0
      vertex -32.6673 -21.8683 0
      vertex -32.6918 -22.0334 0
    endloop
  endfacet
  facet normal 0 0 -1
    outer loop
      vertex -32.6268 28.8065 0
      vertex -37.4 35.7 0
      vertex -32.6673 28.9683 0
    endloop
  endfacet
  facet normal 0 0 -1
    outer loop
      vertex -37.4 -35.7 0
      vertex -32.6918 -22.0334 0
      vertex -32.7 -22.2 0
    endloop
  endfacet
  facet normal 0 0 -1
    outer loop
      vertex -32.6673 28.9683 0
      vertex -37.4 35.7 0
      vertex -32.6918 29.1334 0
    endloop
  endfacet
  facet normal 0 0 -1
    outer loop
      vertex 37.4 -35.7 0
      vertex 32.6673 -21.8683 0
      vertex 37.4 35.7 0
    endloop
  endfacet
  facet normal 0 0 -1
    outer loop
      vertex 37.4 35.7 0
      vertex 32.6918 29.1334 0
      vertex 32.7 29.3 0
    endloop
  endfacet
  facet normal 0 0 -1
    outer loop
      vertex 32.6268 -21.7065 0
      vertex 37.4 35.7 0
      vertex 32.6673 -21.8683 0
    endloop
  endfacet
  facet normal 0 0 -1
    outer loop
      vertex 37.4 35.7 0
      vertex 32.6673 28.9683 0
      vertex 32.6918 29.1334 0
    endloop
  endfacet
  facet normal 0 0 -1
    outer loop
      vertex 32.5706 -21.5494 0
      vertex 37.4 35.7 0
      vertex 32.6268 -21.7065 0
    endloop
  endfacet
  facet normal 0 0 -1
    outer loop
      vertex 37.4 35.7 0
      vertex 32.6268 28.8065 0
      vertex 32.6673 28.9683 0
    endloop
  endfacet
  facet normal 0 0 -1
    outer loop
      vertex 32.4993 -21.3986 0
      vertex 37.4 35.7 0
      vertex 32.5706 -21.5494 0
    endloop
  endfacet
  facet normal 0 0 -1
    outer loop
      vertex 37.4 35.7 0
      vertex 32.5706 28.6494 0
      vertex 32.6268 28.8065 0
    endloop
  endfacet
  facet normal 0 0 -1
    outer loop
      vertex 32.4993 28.4986 0
      vertex 37.4 35.7 0
      vertex 32.4993 -21.3986 0
    endloop
  endfacet
  facet normal 0 0 -1
    outer loop
      vertex 37.4 35.7 0
      vertex 32.4993 28.4986 0
      vertex 32.5706 28.6494 0
    endloop
  endfacet
  facet normal 0 0 -1
    outer loop
      vertex 32.4135 -21.2555 0
      vertex 32.4993 28.4986 0
      vertex 32.4993 -21.3986 0
    endloop
  endfacet
  facet normal 0 0 -1
    outer loop
      vertex 32.4135 -21.2555 0
      vertex 32.4135 28.3555 0
      vertex 32.4993 28.4986 0
    endloop
  endfacet
  facet normal 0 0 -1
    outer loop
      vertex 32.3141 -21.1215 0
      vertex 32.4135 28.3555 0
      vertex 32.4135 -21.2555 0
    endloop
  endfacet
  facet normal 0 0 -1
    outer loop
      vertex 32.3141 -21.1215 0
      vertex 32.3141 28.2215 0
      vertex 32.4135 28.3555 0
    endloop
  endfacet
  facet normal 0 0 -1
    outer loop
      vertex 32.2021 -20.9979 0
      vertex 32.3141 28.2215 0
      vertex 32.3141 -21.1215 0
    endloop
  endfacet
  facet normal 0 0 -1
    outer loop
      vertex 32.2021 -20.9979 0
      vertex 32.2021 28.0979 0
      vertex 32.3141 28.2215 0
    endloop
  endfacet
  facet normal 0 0 -1
    outer loop
      vertex 32.0785 -20.8859 0
      vertex 32.2021 28.0979 0
      vertex 32.2021 -20.9979 0
    endloop
  endfacet
  facet normal 0 0 -1
    outer loop
      vertex 32.0785 -20.8859 0
      vertex 32.0785 27.9859 0
      vertex 32.2021 28.0979 0
    endloop
  endfacet
  facet normal 0 0 -1
    outer loop
      vertex 31.9445 -20.7865 0
      vertex 32.0785 27.9859 0
      vertex 32.0785 -20.8859 0
    endloop
  endfacet
  facet normal 0 0 -1
    outer loop
      vertex 31.9445 -20.7865 0
      vertex 31.9445 27.8865 0
      vertex 32.0785 27.9859 0
    endloop
  endfacet
  facet normal 0 0 -1
    outer loop
      vertex 31.8014 -20.7007 0
      vertex 31.9445 27.8865 0
      vertex 31.9445 -20.7865 0
    endloop
  endfacet
  facet normal 0 0 -1
    outer loop
      vertex 31.8014 -20.7007 0
      vertex 31.8014 27.8007 0
      vertex 31.9445 27.8865 0
    endloop
  endfacet
  facet normal 0 0 -1
    outer loop
      vertex 31.6506 -20.6294 0
      vertex 31.8014 27.8007 0
      vertex 31.8014 -20.7007 0
    endloop
  endfacet
  facet normal 0 0 -1
    outer loop
      vertex 31.6506 -20.6294 0
      vertex 31.6506 27.7294 0
      vertex 31.8014 27.8007 0
    endloop
  endfacet
  facet normal 0 0 -1
    outer loop
      vertex 31.4935 -20.5732 0
      vertex 31.6506 27.7294 0
      vertex 31.6506 -20.6294 0
    endloop
  endfacet
  facet normal 0 0 -1
    outer loop
      vertex 31.4935 -20.5732 0
      vertex 31.4935 27.6732 0
      vertex 31.6506 27.7294 0
    endloop
  endfacet
  facet normal 0 0 -1
    outer loop
      vertex 31.3317 -20.5327 0
      vertex 31.4935 27.6732 0
      vertex 31.4935 -20.5732 0
    endloop
  endfacet
  facet normal 0 0 -1
    outer loop
      vertex 31.3317 -20.5327 0
      vertex 31.3317 27.6327 0
      vertex 31.4935 27.6732 0
    endloop
  endfacet
  facet normal 0 0 -1
    outer loop
      vertex 31.1666 -20.5082 0
      vertex 31.3317 27.6327 0
      vertex 31.3317 -20.5327 0
    endloop
  endfacet
  facet normal 0 0 -1
    outer loop
      vertex 31.1666 -20.5082 0
      vertex 31.1666 27.6082 0
      vertex 31.3317 27.6327 0
    endloop
  endfacet
  facet normal 0 0 -1
    outer loop
      vertex 31 -20.5 0
      vertex 31.1666 27.6082 0
      vertex 31.1666 -20.5082 0
    endloop
  endfacet
  facet normal 0 0 -1
    outer loop
      vertex 31 -20.5 0
      vertex 31 27.6 0
      vertex 31.1666 27.6082 0
    endloop
  endfacet
  facet normal 0 0 -1
    outer loop
      vertex 30.8334 -20.5082 0
      vertex 31 27.6 0
      vertex 31 -20.5 0
    endloop
  endfacet
  facet normal 0 0 -1
    outer loop
      vertex 30.8334 -20.5082 0
      vertex 30.8334 27.6082 0
      vertex 31 27.6 0
    endloop
  endfacet
  facet normal 0 0 -1
    outer loop
      vertex 30.6683 -20.5327 0
      vertex 30.8334 27.6082 0
      vertex 30.8334 -20.5082 0
    endloop
  endfacet
  facet normal 0 0 -1
    outer loop
      vertex 30.6683 -20.5327 0
      vertex 30.6683 27.6327 0
      vertex 30.8334 27.6082 0
    endloop
  endfacet
  facet normal 0 0 -1
    outer loop
      vertex 30.5065 -20.5732 0
      vertex 30.6683 27.6327 0
      vertex 30.6683 -20.5327 0
    endloop
  endfacet
  facet normal 0 0 -1
    outer loop
      vertex 30.5065 -20.5732 0
      vertex 30.5065 27.6732 0
      vertex 30.6683 27.6327 0
    endloop
  endfacet
  facet normal 0 0 -1
    outer loop
      vertex 30.3494 -20.6294 0
      vertex 30.5065 27.6732 0
      vertex 30.5065 -20.5732 0
    endloop
  endfacet
  facet normal 0 0 -1
    outer loop
      vertex 30.3494 -20.6294 0
      vertex 30.3494 27.7294 0
      vertex 30.5065 27.6732 0
    endloop
  endfacet
  facet normal 0 0 -1
    outer loop
      vertex 30.1986 -20.7007 0
      vertex 30.3494 27.7294 0
      vertex 30.3494 -20.6294 0
    endloop
  endfacet
  facet normal 0 0 -1
    outer loop
      vertex 30.1986 -20.7007 0
      vertex 30.1986 27.8007 0
      vertex 30.3494 27.7294 0
    endloop
  endfacet
  facet normal 0 0 -1
    outer loop
      vertex 30.0555 -20.7865 0
      vertex 30.1986 27.8007 0
      vertex 30.1986 -20.7007 0
    endloop
  endfacet
  facet normal 0 0 -1
    outer loop
      vertex 30.0555 -20.7865 0
      vertex 30.0555 27.8865 0
      vertex 30.1986 27.8007 0
    endloop
  endfacet
  facet normal 0 0 -1
    outer loop
      vertex 29.9215 -20.8859 0
      vertex 30.0555 27.8865 0
      vertex 30.0555 -20.7865 0
    endloop
  endfacet
  facet normal 0 0 -1
    outer loop
      vertex 29.9215 -20.8859 0
      vertex 29.9215 27.9859 0
      vertex 30.0555 27.8865 0
    endloop
  endfacet
  facet normal 0 0 -1
    outer loop
      vertex 29.7979 -20.9979 0
      vertex 29.9215 27.9859 0
      vertex 29.9215 -20.8859 0
    endloop
  endfacet
  facet normal 0 0 -1
    outer loop
      vertex 29.7979 -20.9979 0
      vertex 29.7979 28.0979 0
      vertex 29.9215 27.9859 0
    endloop
  endfacet
  facet normal 0 0 -1
    outer loop
      vertex 29.6859 -21.1215 0
      vertex 29.7979 28.0979 0
      vertex 29.7979 -20.9979 0
    endloop
  endfacet
  facet normal 0 0 -1
    outer loop
      vertex 29.6859 -21.1215 0
      vertex 29.6859 28.2215 0
      vertex 29.7979 28.0979 0
    endloop
  endfacet
  facet normal 0 0 -1
    outer loop
      vertex 29.3732 -21.7065 0
      vertex -29.3732 -21.7065 0
      vertex 29.4294 -21.5494 0
    endloop
  endfacet
  facet normal 0 0 -1
    outer loop
      vertex -29.4294 -21.5494 0
      vertex 29.4294 -21.5494 0
      vertex -29.3732 -21.7065 0
    endloop
  endfacet
  facet normal 0 0 -1
    outer loop
      vertex -29.3732 -21.7065 0
      vertex 29.3732 -21.7065 0
      vertex -29.3327 -21.8683 0
    endloop
  endfacet
  facet normal 0 0 -1
    outer loop
      vertex 29.4294 -21.5494 0
      vertex -29.4294 -21.5494 0
      vertex 29.5007 -21.3986 0
    endloop
  endfacet
  facet normal 0 0 -1
    outer loop
      vertex 29.3327 -21.8683 0
      vertex -29.3327 -21.8683 0
      vertex 29.3732 -21.7065 0
    endloop
  endfacet
  facet normal 0 0 -1
    outer loop
      vertex 29.6859 28.2215 0
      vertex -29.3 29.3 0
      vertex 29.5865 28.3555 0
    endloop
  endfacet
  facet normal 0 0 -1
    outer loop
      vertex -29.3327 -21.8683 0
      vertex 29.3327 -21.8683 0
      vertex -29.3082 -22.0334 0
    endloop
  endfacet
  facet normal 0 0 -1
    outer loop
      vertex 29.5865 28.3555 0
      vertex -29.3 29.3 0
      vertex 29.5007 28.4986 0
    endloop
  endfacet
  facet normal 0 0 -1
    outer loop
      vertex 29.3082 -22.0334 0
      vertex -29.3082 -22.0334 0
      vertex 29.3327 -21.8683 0
    endloop
  endfacet
  facet normal 0 0 -1
    outer loop
      vertex 29.5007 28.4986 0
      vertex -29.3 29.3 0
      vertex 29.4294 28.6494 0
    endloop
  endfacet
  facet normal 0 0 -1
    outer loop
      vertex -29.3082 -22.0334 0
      vertex 29.3082 -22.0334 0
      vertex -29.3 -22.2 0
    endloop
  endfacet
  facet normal 0 0 -1
    outer loop
      vertex 29.4294 28.6494 0
      vertex -29.3 29.3 0
      vertex 29.3732 28.8065 0
    endloop
  endfacet
  facet normal 0 0 -1
    outer loop
      vertex -29.3 -22.2 0
      vertex 29.3082 -22.0334 0
      vertex 29.3 -22.2 0
    endloop
  endfacet
  facet normal 0 0 -1
    outer loop
      vertex 29.3732 28.8065 0
      vertex -29.3 29.3 0
      vertex 29.3327 28.9683 0
    endloop
  endfacet
  facet normal 0 0 -1
    outer loop
      vertex 32.6918 -22.0334 0
      vertex 37.4 -35.7 0
      vertex 32.7 -22.2 0
    endloop
  endfacet
  facet normal 0 0 -1
    outer loop
      vertex 37.4 -35.7 0
      vertex 32.6918 -22.3666 0
      vertex 32.7 -22.2 0
    endloop
  endfacet
  facet normal 0 0 -1
    outer loop
      vertex 37.4 -35.7 0
      vertex 32.6673 -22.5317 0
      vertex 32.6918 -22.3666 0
    endloop
  endfacet
  facet normal 0 0 -1
    outer loop
      vertex 37.4 -35.7 0
      vertex 32.6268 -22.6935 0
      vertex 32.6673 -22.5317 0
    endloop
  endfacet
  facet normal 0 0 -1
    outer loop
      vertex 37.4 -35.7 0
      vertex 32.5706 -22.8506 0
      vertex 32.6268 -22.6935 0
    endloop
  endfacet
  facet normal 0 0 -1
    outer loop
      vertex 37.4 -35.7 0
      vertex 32.4993 -23.0014 0
      vertex 32.5706 -22.8506 0
    endloop
  endfacet
  facet normal 0 0 -1
    outer loop
      vertex 37.4 -35.7 0
      vertex 32.4135 -23.1445 0
      vertex 32.4993 -23.0014 0
    endloop
  endfacet
  facet normal 0 0 -1
    outer loop
      vertex 37.4 -35.7 0
      vertex 32.3141 -23.2785 0
      vertex 32.4135 -23.1445 0
    endloop
  endfacet
  facet normal 0 0 -1
    outer loop
      vertex 37.4 -35.7 0
      vertex 32.2021 -23.4021 0
      vertex 32.3141 -23.2785 0
    endloop
  endfacet
  facet normal 0 0 -1
    outer loop
      vertex 37.4 -35.7 0
      vertex 32.0785 -23.5141 0
      vertex 32.2021 -23.4021 0
    endloop
  endfacet
  facet normal 0 0 -1
    outer loop
      vertex 37.4 -35.7 0
      vertex 31.9445 -23.6135 0
      vertex 32.0785 -23.5141 0
    endloop
  endfacet
  facet normal 0 0 -1
    outer loop
      vertex 37.4 -35.7 0
      vertex 31.8014 -23.6993 0
      vertex 31.9445 -23.6135 0
    endloop
  endfacet
  facet normal 0 0 -1
    outer loop
      vertex 37.4 -35.7 0
      vertex 31.6506 -23.7706 0
      vertex 31.8014 -23.6993 0
    endloop
  endfacet
  facet normal 0 0 -1
    outer loop
      vertex 37.4 -35.7 0
      vertex 31.4935 -23.8268 0
      vertex 31.6506 -23.7706 0
    endloop
  endfacet
  facet normal 0 0 -1
    outer loop
      vertex 37.4 -35.7 0
      vertex 31.3317 -23.8673 0
      vertex 31.4935 -23.8268 0
    endloop
  endfacet
  facet normal 0 0 -1
    outer loop
      vertex 37.4 -35.7 0
      vertex 31.1666 -23.8918 0
      vertex 31.3317 -23.8673 0
    endloop
  endfacet
  facet normal 0 0 -1
    outer loop
      vertex 37.4 -35.7 0
      vertex 31 -23.9 0
      vertex 31.1666 -23.8918 0
    endloop
  endfacet
  facet normal 0 0 -1
    outer loop
      vertex 37.4 -35.7 0
      vertex 30.8334 -23.8918 0
      vertex 31 -23.9 0
    endloop
  endfacet
  facet normal 0 0 -1
    outer loop
      vertex 37.4 -35.7 0
      vertex 30.6683 -23.8673 0
      vertex 30.8334 -23.8918 0
    endloop
  endfacet
  facet normal 0 0 -1
    outer loop
      vertex 37.4 -35.7 0
      vertex 30.5065 -23.8268 0
      vertex 30.6683 -23.8673 0
    endloop
  endfacet
  facet normal 0 0 -1
    outer loop
      vertex 37.4 -35.7 0
      vertex 30.3494 -23.7706 0
      vertex 30.5065 -23.8268 0
    endloop
  endfacet
  facet normal 0 0 -1
    outer loop
      vertex 37.4 -35.7 0
      vertex 30.1986 -23.6993 0
      vertex 30.3494 -23.7706 0
    endloop
  endfacet
  facet normal 0 0 -1
    outer loop
      vertex 37.4 -35.7 0
      vertex 30.0555 -23.6135 0
      vertex 30.1986 -23.6993 0
    endloop
  endfacet
  facet normal 0 0 -1
    outer loop
      vertex 37.4 -35.7 0
      vertex 29.9215 -23.5141 0
      vertex 30.0555 -23.6135 0
    endloop
  endfacet
  facet normal 0 0 -1
    outer loop
      vertex 37.4 -35.7 0
      vertex 29.7979 -23.4021 0
      vertex 29.9215 -23.5141 0
    endloop
  endfacet
  facet normal 0 0 -1
    outer loop
      vertex 37.4 -35.7 0
      vertex 29.6859 -23.2785 0
      vertex 29.7979 -23.4021 0
    endloop
  endfacet
  facet normal 0 0 -1
    outer loop
      vertex -29.6859 -23.2785 0
      vertex 29.6859 -23.2785 0
      vertex 37.4 -35.7 0
    endloop
  endfacet
  facet normal 0 0 -1
    outer loop
      vertex 29.3327 28.9683 0
      vertex -29.3 29.3 0
      vertex 29.3082 29.1334 0
    endloop
  endfacet
  facet normal 0 0 -1
    outer loop
      vertex 29.3082 -22.3666 0
      vertex -29.3 -22.2 0
      vertex 29.3 -22.2 0
    endloop
  endfacet
  facet normal 0 0 -1
    outer loop
      vertex -29.3082 -22.3666 0
      vertex 29.3082 -22.3666 0
      vertex 29.3327 -22.5317 0
    endloop
  endfacet
  facet normal 0 0 -1
    outer loop
      vertex -29.3327 -22.5317 0
      vertex 29.3327 -22.5317 0
      vertex 29.3732 -22.6935 0
    endloop
  endfacet
  facet normal 0 0 -1
    outer loop
      vertex -29.3732 -22.6935 0
      vertex 29.3732 -22.6935 0
      vertex 29.4294 -22.8506 0
    endloop
  endfacet
  facet normal 0 0 -1
    outer loop
      vertex -29.4294 -22.8506 0
      vertex 29.4294 -22.8506 0
      vertex 29.5007 -23.0014 0
    endloop
  endfacet
  facet normal 0 0 -1
    outer loop
      vertex -29.5007 -23.0014 0
      vertex 29.5007 -23.0014 0
      vertex 29.5865 -23.1445 0
    endloop
  endfacet
  facet normal 0 0 -1
    outer loop
      vertex 29.6859 -23.2785 0
      vertex -29.6859 -23.2785 0
      vertex 29.5865 -23.1445 0
    endloop
  endfacet
  facet normal 0 0 -1
    outer loop
      vertex 29.3082 -22.3666 0
      vertex -29.3082 -22.3666 0
      vertex -29.3 -22.2 0
    endloop
  endfacet
  facet normal 0 0 -1
    outer loop
      vertex 29.3327 -22.5317 0
      vertex -29.3327 -22.5317 0
      vertex -29.3082 -22.3666 0
    endloop
  endfacet
  facet normal 0 0 -1
    outer loop
      vertex 29.3732 -22.6935 0
      vertex -29.3732 -22.6935 0
      vertex -29.3327 -22.5317 0
    endloop
  endfacet
  facet normal 0 0 -1
    outer loop
      vertex 29.4294 -22.8506 0
      vertex -29.4294 -22.8506 0
      vertex -29.3732 -22.6935 0
    endloop
  endfacet
  facet normal 0 0 -1
    outer loop
      vertex 29.5007 -23.0014 0
      vertex -29.5007 -23.0014 0
      vertex -29.4294 -22.8506 0
    endloop
  endfacet
  facet normal 0 0 -1
    outer loop
      vertex 29.5865 -23.1445 0
      vertex -29.5865 -23.1445 0
      vertex -29.5007 -23.0014 0
    endloop
  endfacet
  facet normal -0 0 -1
    outer loop
      vertex 29.5865 -23.1445 0
      vertex -29.6859 -23.2785 0
      vertex -29.5865 -23.1445 0
    endloop
  endfacet
  facet normal 0 0 -1
    outer loop
      vertex 37.4 -35.7 0
      vertex -29.7979 -23.4021 0
      vertex -29.6859 -23.2785 0
    endloop
  endfacet
  facet normal 0 0 -1
    outer loop
      vertex -37.4 -35.7 0
      vertex -29.7979 -23.4021 0
      vertex 37.4 -35.7 0
    endloop
  endfacet
  facet normal 0 0 -1
    outer loop
      vertex -29.7979 -23.4021 0
      vertex -37.4 -35.7 0
      vertex -29.9215 -23.5141 0
    endloop
  endfacet
  facet normal 0 0 -1
    outer loop
      vertex -29.9215 -23.5141 0
      vertex -37.4 -35.7 0
      vertex -30.0555 -23.6135 0
    endloop
  endfacet
  facet normal 0 0 -1
    outer loop
      vertex -30.0555 -23.6135 0
      vertex -37.4 -35.7 0
      vertex -30.1986 -23.6993 0
    endloop
  endfacet
  facet normal 0 0 -1
    outer loop
      vertex -30.1986 -23.6993 0
      vertex -37.4 -35.7 0
      vertex -30.3494 -23.7706 0
    endloop
  endfacet
  facet normal 0 0 -1
    outer loop
      vertex -30.3494 -23.7706 0
      vertex -37.4 -35.7 0
      vertex -30.5065 -23.8268 0
    endloop
  endfacet
  facet normal 0 0 -1
    outer loop
      vertex -30.5065 -23.8268 0
      vertex -37.4 -35.7 0
      vertex -30.6683 -23.8673 0
    endloop
  endfacet
  facet normal 0 0 -1
    outer loop
      vertex -30.6683 -23.8673 0
      vertex -37.4 -35.7 0
      vertex -30.8334 -23.8918 0
    endloop
  endfacet
  facet normal 0 0 -1
    outer loop
      vertex -30.8334 -23.8918 0
      vertex -37.4 -35.7 0
      vertex -31 -23.9 0
    endloop
  endfacet
  facet normal -0 0 -1
    outer loop
      vertex -31 -23.9 0
      vertex -37.4 -35.7 0
      vertex -31.1666 -23.8918 0
    endloop
  endfacet
  facet normal -0 0 -1
    outer loop
      vertex -32.6673 -21.8683 0
      vertex -37.4 -35.7 0
      vertex -37.4 35.7 0
    endloop
  endfacet
  facet normal -0 0 -1
    outer loop
      vertex -32.6918 -22.3666 0
      vertex -37.4 -35.7 0
      vertex -32.7 -22.2 0
    endloop
  endfacet
  facet normal -0 0 -1
    outer loop
      vertex -32.6673 -22.5317 0
      vertex -37.4 -35.7 0
      vertex -32.6918 -22.3666 0
    endloop
  endfacet
  facet normal -0 0 -1
    outer loop
      vertex -32.6268 -22.6935 0
      vertex -37.4 -35.7 0
      vertex -32.6673 -22.5317 0
    endloop
  endfacet
  facet normal -0 0 -1
    outer loop
      vertex -32.5706 -22.8506 0
      vertex -37.4 -35.7 0
      vertex -32.6268 -22.6935 0
    endloop
  endfacet
  facet normal -0 0 -1
    outer loop
      vertex -32.4993 -23.0014 0
      vertex -37.4 -35.7 0
      vertex -32.5706 -22.8506 0
    endloop
  endfacet
  facet normal -0 0 -1
    outer loop
      vertex -32.4135 -23.1445 0
      vertex -37.4 -35.7 0
      vertex -32.4993 -23.0014 0
    endloop
  endfacet
  facet normal -0 0 -1
    outer loop
      vertex -32.3141 -23.2785 0
      vertex -37.4 -35.7 0
      vertex -32.4135 -23.1445 0
    endloop
  endfacet
  facet normal -0 0 -1
    outer loop
      vertex -32.2021 -23.4021 0
      vertex -37.4 -35.7 0
      vertex -32.3141 -23.2785 0
    endloop
  endfacet
  facet normal -0 0 -1
    outer loop
      vertex -32.0785 -23.5141 0
      vertex -37.4 -35.7 0
      vertex -32.2021 -23.4021 0
    endloop
  endfacet
  facet normal -0 0 -1
    outer loop
      vertex -31.9445 -23.6135 0
      vertex -37.4 -35.7 0
      vertex -32.0785 -23.5141 0
    endloop
  endfacet
  facet normal -0 0 -1
    outer loop
      vertex -31.8014 -23.6993 0
      vertex -37.4 -35.7 0
      vertex -31.9445 -23.6135 0
    endloop
  endfacet
  facet normal -0 0 -1
    outer loop
      vertex -31.6506 -23.7706 0
      vertex -37.4 -35.7 0
      vertex -31.8014 -23.6993 0
    endloop
  endfacet
  facet normal -0 0 -1
    outer loop
      vertex -31.4935 -23.8268 0
      vertex -37.4 -35.7 0
      vertex -31.6506 -23.7706 0
    endloop
  endfacet
  facet normal -0 0 -1
    outer loop
      vertex -31.3317 -23.8673 0
      vertex -37.4 -35.7 0
      vertex -31.4935 -23.8268 0
    endloop
  endfacet
  facet normal -0 0 -1
    outer loop
      vertex -31.1666 -23.8918 0
      vertex -37.4 -35.7 0
      vertex -31.3317 -23.8673 0
    endloop
  endfacet
  facet normal 0 0 -1
    outer loop
      vertex 32.6673 -21.8683 0
      vertex 37.4 -35.7 0
      vertex 32.6918 -22.0334 0
    endloop
  endfacet
  facet normal 0 0 -1
    outer loop
      vertex 32.6918 29.4666 0
      vertex 37.4 35.7 0
      vertex 32.7 29.3 0
    endloop
  endfacet
  facet normal 0 0 -1
    outer loop
      vertex 32.6673 29.6317 0
      vertex 37.4 35.7 0
      vertex 32.6918 29.4666 0
    endloop
  endfacet
  facet normal 0 0 -1
    outer loop
      vertex 32.6268 29.7935 0
      vertex 37.4 35.7 0
      vertex 32.6673 29.6317 0
    endloop
  endfacet
  facet normal 0 0 -1
    outer loop
      vertex 32.5706 29.9506 0
      vertex 37.4 35.7 0
      vertex 32.6268 29.7935 0
    endloop
  endfacet
  facet normal 0 0 -1
    outer loop
      vertex 32.4993 30.1014 0
      vertex 37.4 35.7 0
      vertex 32.5706 29.9506 0
    endloop
  endfacet
  facet normal 0 0 -1
    outer loop
      vertex 32.4135 30.2445 0
      vertex 37.4 35.7 0
      vertex 32.4993 30.1014 0
    endloop
  endfacet
  facet normal 0 0 -1
    outer loop
      vertex 32.3141 30.3785 0
      vertex 37.4 35.7 0
      vertex 32.4135 30.2445 0
    endloop
  endfacet
  facet normal 0 0 -1
    outer loop
      vertex 32.2021 30.5021 0
      vertex 37.4 35.7 0
      vertex 32.3141 30.3785 0
    endloop
  endfacet
  facet normal 0 0 -1
    outer loop
      vertex 32.0785 30.6141 0
      vertex 37.4 35.7 0
      vertex 32.2021 30.5021 0
    endloop
  endfacet
  facet normal 0 0 -1
    outer loop
      vertex 31.9445 30.7135 0
      vertex 37.4 35.7 0
      vertex 32.0785 30.6141 0
    endloop
  endfacet
  facet normal 0 0 -1
    outer loop
      vertex 31.8014 30.7993 0
      vertex 37.4 35.7 0
      vertex 31.9445 30.7135 0
    endloop
  endfacet
  facet normal 0 0 -1
    outer loop
      vertex 31.6506 30.8706 0
      vertex 37.4 35.7 0
      vertex 31.8014 30.7993 0
    endloop
  endfacet
  facet normal 0 0 -1
    outer loop
      vertex 31.4935 30.9268 0
      vertex 37.4 35.7 0
      vertex 31.6506 30.8706 0
    endloop
  endfacet
  facet normal 0 0 -1
    outer loop
      vertex 31.3317 30.9673 0
      vertex 37.4 35.7 0
      vertex 31.4935 30.9268 0
    endloop
  endfacet
  facet normal 0 0 -1
    outer loop
      vertex 31.1666 30.9918 0
      vertex 37.4 35.7 0
      vertex 31.3317 30.9673 0
    endloop
  endfacet
  facet normal 0 0 -1
    outer loop
      vertex 31 31 0
      vertex 37.4 35.7 0
      vertex 31.1666 30.9918 0
    endloop
  endfacet
  facet normal 0 0 -1
    outer loop
      vertex 30.8334 30.9918 0
      vertex 37.4 35.7 0
      vertex 31 31 0
    endloop
  endfacet
  facet normal 0 0 -1
    outer loop
      vertex 30.6683 30.9673 0
      vertex 37.4 35.7 0
      vertex 30.8334 30.9918 0
    endloop
  endfacet
  facet normal 0 0 -1
    outer loop
      vertex 30.5065 30.9268 0
      vertex 37.4 35.7 0
      vertex 30.6683 30.9673 0
    endloop
  endfacet
  facet normal 0 0 -1
    outer loop
      vertex 30.3494 30.8706 0
      vertex 37.4 35.7 0
      vertex 30.5065 30.9268 0
    endloop
  endfacet
  facet normal 0 0 -1
    outer loop
      vertex 30.1986 30.7993 0
      vertex 37.4 35.7 0
      vertex 30.3494 30.8706 0
    endloop
  endfacet
  facet normal 0 0 -1
    outer loop
      vertex -30.1986 30.7993 0
      vertex 30.1986 30.7993 0
      vertex 30.0555 30.7135 0
    endloop
  endfacet
  facet normal 0 0 -1
    outer loop
      vertex 29.3082 29.1334 0
      vertex -29.3 29.3 0
      vertex 29.3 29.3 0
    endloop
  endfacet
  facet normal 0 0 -1
    outer loop
      vertex 29.3 29.3 0
      vertex -29.3 29.3 0
      vertex 29.3082 29.4666 0
    endloop
  endfacet
  facet normal 0 0 -1
    outer loop
      vertex -29.3082 29.4666 0
      vertex 29.3082 29.4666 0
      vertex -29.3 29.3 0
    endloop
  endfacet
  facet normal 0 0 -1
    outer loop
      vertex 29.3082 29.4666 0
      vertex -29.3082 29.4666 0
      vertex 29.3327 29.6317 0
    endloop
  endfacet
  facet normal 0 0 -1
    outer loop
      vertex -29.3327 29.6317 0
      vertex 29.3327 29.6317 0
      vertex -29.3082 29.4666 0
    endloop
  endfacet
  facet normal 0 0 -1
    outer loop
      vertex 29.3327 29.6317 0
      vertex -29.3327 29.6317 0
      vertex 29.3732 29.7935 0
    endloop
  endfacet
  facet normal 0 0 -1
    outer loop
      vertex -29.3732 29.7935 0
      vertex 29.3732 29.7935 0
      vertex -29.3327 29.6317 0
    endloop
  endfacet
  facet normal 0 0 -1
    outer loop
      vertex 29.3732 29.7935 0
      vertex -29.3732 29.7935 0
      vertex 29.4294 29.9506 0
    endloop
  endfacet
  facet normal 0 0 -1
    outer loop
      vertex -29.4294 29.9506 0
      vertex 29.4294 29.9506 0
      vertex -29.3732 29.7935 0
    endloop
  endfacet
  facet normal 0 0 -1
    outer loop
      vertex 29.4294 29.9506 0
      vertex -29.4294 29.9506 0
      vertex 29.5007 30.1014 0
    endloop
  endfacet
  facet normal 0 0 -1
    outer loop
      vertex -29.5007 30.1014 0
      vertex 29.5007 30.1014 0
      vertex -29.4294 29.9506 0
    endloop
  endfacet
  facet normal 0 0 -1
    outer loop
      vertex 29.5007 30.1014 0
      vertex -29.5007 30.1014 0
      vertex 29.5865 30.2445 0
    endloop
  endfacet
  facet normal 0 0 -1
    outer loop
      vertex -29.5865 30.2445 0
      vertex 29.5865 30.2445 0
      vertex -29.5007 30.1014 0
    endloop
  endfacet
  facet normal 0 0 -1
    outer loop
      vertex 29.5865 30.2445 0
      vertex -29.5865 30.2445 0
      vertex 29.6859 30.3785 0
    endloop
  endfacet
  facet normal 0 0 -1
    outer loop
      vertex -29.6859 30.3785 0
      vertex 29.6859 30.3785 0
      vertex -29.5865 30.2445 0
    endloop
  endfacet
  facet normal 0 0 -1
    outer loop
      vertex 29.6859 30.3785 0
      vertex -29.6859 30.3785 0
      vertex 29.7979 30.5021 0
    endloop
  endfacet
  facet normal 0 0 -1
    outer loop
      vertex -29.7979 30.5021 0
      vertex 29.7979 30.5021 0
      vertex -29.6859 30.3785 0
    endloop
  endfacet
  facet normal 0 0 -1
    outer loop
      vertex 29.7979 30.5021 0
      vertex -29.7979 30.5021 0
      vertex 29.9215 30.6141 0
    endloop
  endfacet
  facet normal 0 0 -1
    outer loop
      vertex -29.9215 30.6141 0
      vertex 29.9215 30.6141 0
      vertex -29.7979 30.5021 0
    endloop
  endfacet
  facet normal 0 0 -1
    outer loop
      vertex 29.9215 30.6141 0
      vertex -29.9215 30.6141 0
      vertex 30.0555 30.7135 0
    endloop
  endfacet
  facet normal 0 0 -1
    outer loop
      vertex -30.0555 30.7135 0
      vertex 30.0555 30.7135 0
      vertex -29.9215 30.6141 0
    endloop
  endfacet
  facet normal 0 0 -1
    outer loop
      vertex -30.1986 30.7993 0
      vertex 30.0555 30.7135 0
      vertex -30.0555 30.7135 0
    endloop
  endfacet
  facet normal 0 0 -1
    outer loop
      vertex 30.1986 30.7993 0
      vertex -30.1986 30.7993 0
      vertex 37.4 35.7 0
    endloop
  endfacet
  facet normal 0 0 -1
    outer loop
      vertex -37.4 35.7 0
      vertex -30.1986 30.7993 0
      vertex -30.3494 30.8706 0
    endloop
  endfacet
  facet normal 0 0 -1
    outer loop
      vertex -37.4 35.7 0
      vertex -30.3494 30.8706 0
      vertex -30.5065 30.9268 0
    endloop
  endfacet
  facet normal 0 0 -1
    outer loop
      vertex -37.4 35.7 0
      vertex -30.5065 30.9268 0
      vertex -30.6683 30.9673 0
    endloop
  endfacet
  facet normal 0 0 -1
    outer loop
      vertex -37.4 35.7 0
      vertex -30.6683 30.9673 0
      vertex -30.8334 30.9918 0
    endloop
  endfacet
  facet normal 0 0 -1
    outer loop
      vertex -37.4 35.7 0
      vertex -30.8334 30.9918 0
      vertex -31 31 0
    endloop
  endfacet
  facet normal 0 0 -1
    outer loop
      vertex -37.4 35.7 0
      vertex -31 31 0
      vertex -31.1666 30.9918 0
    endloop
  endfacet
  facet normal 0 0 -1
    outer loop
      vertex -32.6918 29.1334 0
      vertex -37.4 35.7 0
      vertex -32.7 29.3 0
    endloop
  endfacet
  facet normal 0 0 -1
    outer loop
      vertex -30.1986 30.7993 0
      vertex -37.4 35.7 0
      vertex 37.4 35.7 0
    endloop
  endfacet
  facet normal 0 0 -1
    outer loop
      vertex -31.3317 30.9673 0
      vertex -37.4 35.7 0
      vertex -31.1666 30.9918 0
    endloop
  endfacet
  facet normal 0 0 -1
    outer loop
      vertex -31.4935 30.9268 0
      vertex -37.4 35.7 0
      vertex -31.3317 30.9673 0
    endloop
  endfacet
  facet normal 0 0 -1
    outer loop
      vertex -31.6506 30.8706 0
      vertex -37.4 35.7 0
      vertex -31.4935 30.9268 0
    endloop
  endfacet
  facet normal 0 0 -1
    outer loop
      vertex -31.8014 30.7993 0
      vertex -37.4 35.7 0
      vertex -31.6506 30.8706 0
    endloop
  endfacet
  facet normal 0 0 -1
    outer loop
      vertex -31.9445 30.7135 0
      vertex -37.4 35.7 0
      vertex -31.8014 30.7993 0
    endloop
  endfacet
  facet normal 0 0 -1
    outer loop
      vertex -32.0785 30.6141 0
      vertex -37.4 35.7 0
      vertex -31.9445 30.7135 0
    endloop
  endfacet
  facet normal 0 0 -1
    outer loop
      vertex -32.2021 30.5021 0
      vertex -37.4 35.7 0
      vertex -32.0785 30.6141 0
    endloop
  endfacet
  facet normal 0 0 -1
    outer loop
      vertex -32.3141 30.3785 0
      vertex -37.4 35.7 0
      vertex -32.2021 30.5021 0
    endloop
  endfacet
  facet normal 0 0 -1
    outer loop
      vertex -32.4135 30.2445 0
      vertex -37.4 35.7 0
      vertex -32.3141 30.3785 0
    endloop
  endfacet
  facet normal 0 0 -1
    outer loop
      vertex -32.4993 30.1014 0
      vertex -37.4 35.7 0
      vertex -32.4135 30.2445 0
    endloop
  endfacet
  facet normal 0 0 -1
    outer loop
      vertex -32.5706 29.9506 0
      vertex -37.4 35.7 0
      vertex -32.4993 30.1014 0
    endloop
  endfacet
  facet normal 0 0 -1
    outer loop
      vertex -32.6268 29.7935 0
      vertex -37.4 35.7 0
      vertex -32.5706 29.9506 0
    endloop
  endfacet
  facet normal 0 0 -1
    outer loop
      vertex -32.6673 29.6317 0
      vertex -37.4 35.7 0
      vertex -32.6268 29.7935 0
    endloop
  endfacet
  facet normal 0 0 -1
    outer loop
      vertex -32.6918 29.4666 0
      vertex -37.4 35.7 0
      vertex -32.6673 29.6317 0
    endloop
  endfacet
  facet normal 0 0 -1
    outer loop
      vertex -32.7 29.3 0
      vertex -37.4 35.7 0
      vertex -32.6918 29.4666 0
    endloop
  endfacet
  facet normal 0 -1 0
    outer loop
      vertex -37.4 -35.7 0
      vertex 37.4 -35.7 2.4
      vertex -37.4 -35.7 2.4
    endloop
  endfacet
  facet normal 0 -1 -0
    outer loop
      vertex 37.4 -35.7 2.4
      vertex -37.4 -35.7 0
      vertex 37.4 -35.7 0
    endloop
  endfacet
  facet normal 0 1 -0
    outer loop
      vertex 37.4 35.7 0
      vertex -37.4 35.7 2.4
      vertex 37.4 35.7 2.4
    endloop
  endfacet
  facet normal 0 1 0
    outer loop
      vertex -37.4 35.7 2.4
      vertex 37.4 35.7 0
      vertex -37.4 35.7 0
    endloop
  endfacet
endsolid OpenSCAD_Model
